date,Ticker
2026-06-17,AAON
2026-06-17,ABCL
2026-06-17,ABSI
2026-06-17,ABX
2026-06-17,ACHV
2026-06-17,ACLS
2026-06-17,ADAM
2026-06-17,ADEA
2026-06-17,ADI
2026-06-17,ADPT
2026-06-17,AEHR
2026-06-17,ALGM
2026-06-17,ALGT
2026-06-17,AMKR
2026-06-17,ANET
2026-06-17,APH
2026-06-17,APLD
2026-06-17,ARQT
2026-06-17,ARWR
2026-06-17,ASH
2026-06-17,ATEN
2026-06-17,AUPH
2026-06-17,AVT
2026-06-17,AXGN
2026-06-17,BBY
2026-06-17,BEAM
2026-06-17,BFLY
2026-06-17,BGC
2026-06-17,BIIB
2026-06-17,BLMN
2026-06-17,BTDR
2026-06-17,BTX
2026-06-17,BZH
2026-06-17,CALY
2026-06-17,CARR
2026-06-17,CASY
2026-06-17,CAT
2026-06-17,CDNA
2026-06-17,CDNS
2026-06-17,CECO
2026-06-17,CEVA
2026-06-17,CGNX
2026-06-17,CHRW
2026-06-17,CIFR
2026-06-17,CLSK
2026-06-17,CLYM
2026-06-17,CMI
2026-06-17,CMP
2026-06-17,CMPS
2026-06-17,CNK
2026-06-17,COLB
2026-06-17,CORZ
2026-06-17,CPAY
2026-06-17,CRDO
2026-06-17,CRI
2026-06-17,CRL
2026-06-17,CROX
2026-06-17,CYTK
2026-06-17,DAL
2026-06-17,DAVE
2026-06-17,DD
2026-06-17,DFTX
2026-06-17,DIOD
2026-06-17,DNLI
2026-06-17,DRS
2026-06-17,EBC
2026-06-17,EMR
2026-06-17,ENTG
2026-06-17,ESTA
2026-06-17,EW
2026-06-17,EWTX
2026-06-17,EXEL
2026-06-17,FCEL
2026-06-17,FCX
2026-06-17,FLG
2026-06-17,FLNC
2026-06-17,FLYW
2026-06-17,FTAI
2026-06-17,FTDR
2026-06-17,FTV
2026-06-17,FUL
2026-06-17,FULT
2026-06-17,GFS
2026-06-17,GIII
2026-06-17,GLXY
2026-06-17,GNRC
2026-06-17,GRRR
2026-06-17,GVA
2026-06-17,HAE
2026-06-17,HAPN
2026-06-17,HCSG
2026-06-17,HGV
2026-06-17,HLIT
2026-06-17,HON
2026-06-17,HRI
2026-06-17,HUBG
2026-06-17,HUT
2026-06-17,HWM
2026-06-17,ICHR
2026-06-17,IFF
2026-06-17,ILMN
2026-06-17,IMVT
2026-06-17,INDV
2026-06-17,INOD
2026-06-17,INSW
2026-06-17,INTC
2026-06-17,IRM
2026-06-17,IVZ
2026-06-17,JBL
2026-06-17,JCI
2026-06-17,KEYS
2026-06-17,KLIC
2026-06-17,KNSA
2026-06-17,KSS
2026-06-17,KTB
2026-06-17,KYIV
2026-06-17,LAUR
2026-06-17,LIND
2026-06-17,LIVN
2026-06-17,LLY
2026-06-17,LNTH
2026-06-17,LUV
2026-06-17,LYTS
2026-06-17,LYV
2026-06-17,MBX
2026-06-17,MCHP
2026-06-17,MD
2026-06-17,MEI
2026-06-17,MIDD
2026-06-17,MITK
2026-06-17,MRX
2026-06-17,MTSI
2026-06-17,NBIX
2026-06-17,NTRA
2026-06-17,NUAI
2026-06-17,NUE
2026-06-17,NUVB
2026-06-17,NVAX
2026-06-17,NVCR
2026-06-17,OPLN
2026-06-17,OSW
2026-06-17,OUST
2026-06-17,PAYS
2026-06-17,PDM
2026-06-17,PENG
2026-06-17,PII
2026-06-17,PKG
2026-06-17,POWI
2026-06-17,POWL
2026-06-17,PPG
2026-06-17,PSNL
2026-06-17,PTCT
2026-06-17,PTGX
2026-06-17,PUBM
2026-06-17,PWR
2026-06-17,RIOT
2026-06-17,RIVN
2026-06-17,RL
2026-06-17,RLAY
2026-06-17,ROIV
2026-06-17,ROK
2026-06-17,ROKU
2026-06-17,ROST
2026-06-17,RVMD
2026-06-17,SBLK
2026-06-17,SEI
2026-06-17,SIRI
2026-06-17,SKY
2026-06-17,SLS
2026-06-17,SPHR
2026-06-17,SRTA
2026-06-17,STGW
2026-06-17,STRL
2026-06-17,SWK
2026-06-17,SYNA
2026-06-17,TDAY
2026-06-17,TER
2026-06-17,TIGO
2026-06-17,TILE
2026-06-17,TNL
2026-06-17,TPR
2026-06-17,TRN
2026-06-17,TRVI
2026-06-17,TSEM
2026-06-17,TTI
2026-06-17,TTMI
2026-06-17,TXN
2026-06-17,UAL
2026-06-17,UMAC
2026-06-17,UMBF
2026-06-17,URI
2026-06-17,VCTR
2026-06-17,VELO
2026-06-17,VICR
2026-06-17,VISN
2026-06-17,VRTX
2026-06-17,VSTS
2026-06-17,WAB
2026-06-17,WEST
2026-06-17,WSBC
2026-06-17,WSC
2026-06-17,WST
2026-06-17,WULF
2026-06-17,YETI
2026-06-17,ZVRA
2026-06-18,AAON
2026-06-18,ABCL
2026-06-18,ABX
2026-06-18,ACLS
2026-06-18,ADAM
2026-06-18,ADEA
2026-06-18,ADI
2026-06-18,ADPT
2026-06-18,AEHR
2026-06-18,AEVA
2026-06-18,ALGT
2026-06-18,AMKR
2026-06-18,AMN
2026-06-18,ANET
2026-06-18,AOSL
2026-06-18,APH
2026-06-18,APLD
2026-06-18,ARQT
2026-06-18,ARWR
2026-06-18,ATEN
2026-06-18,ATKR
2026-06-18,AUPH
2026-06-18,AVBP
2026-06-18,AVT
2026-06-18,AXGN
2026-06-18,BC
2026-06-18,BEAM
2026-06-18,BEN
2026-06-18,BGC
2026-06-18,BIIB
2026-06-18,BLFS
2026-06-18,BLMN
2026-06-18,BTDR
2026-06-18,BZH
2026-06-18,CADL
2026-06-18,CARR
2026-06-18,CASY
2026-06-18,CAT
2026-06-18,CDNS
2026-06-18,CGNX
2026-06-18,CHRW
2026-06-18,CLSK
2026-06-18,CLYM
2026-06-18,CMI
2026-06-18,CMP
2026-06-18,CMPS
2026-06-18,COHR
2026-06-18,COLM
2026-06-18,CRI
2026-06-18,CRL
2026-06-18,CRNC
2026-06-18,CROX
2026-06-18,CRSR
2026-06-18,CUZ
2026-06-18,CYRX
2026-06-18,CYTK
2026-06-18,DAL
2026-06-18,DAVE
2026-06-18,DD
2026-06-18,DECK
2026-06-18,DFTX
2026-06-18,DHC
2026-06-18,DIOD
2026-06-18,DNLI
2026-06-18,DOV
2026-06-18,DRTS
2026-06-18,EBC
2026-06-18,EMR
2026-06-18,ENTG
2026-06-18,ESTA
2026-06-18,EW
2026-06-18,EWTX
2026-06-18,EXEL
2026-06-18,FCEL
2026-06-18,FCX
2026-06-18,FLEX
2026-06-18,FLG
2026-06-18,FLNC
2026-06-18,FLYW
2026-06-18,FNKO
2026-06-18,FTAI
2026-06-18,FUL
2026-06-18,FULT
2026-06-18,GFS
2026-06-18,GIII
2026-06-18,GLW
2026-06-18,GLXY
2026-06-18,GNRC
2026-06-18,GOOG
2026-06-18,GVA
2026-06-18,HAPN
2026-06-18,HCSG
2026-06-18,HGV
2026-06-18,HLIT
2026-06-18,HNRG
2026-06-18,HON
2026-06-18,HRI
2026-06-18,HUBG
2026-06-18,HUT
2026-06-18,HWM
2026-06-18,IFF
2026-06-18,ILMN
2026-06-18,IMVT
2026-06-18,INDV
2026-06-18,INSW
2026-06-18,IREN
2026-06-18,IRM
2026-06-18,IVZ
2026-06-18,JBL
2026-06-18,JBLU
2026-06-18,JCI
2026-06-18,KEYS
2026-06-18,KNSA
2026-06-18,KSS
2026-06-18,KTB
2026-06-18,KYIV
2026-06-18,LAUR
2026-06-18,LIVN
2026-06-18,LLY
2026-06-18,LNTH
2026-06-18,LPTH
2026-06-18,LSCC
2026-06-18,LYTS
2026-06-18,LYV
2026-06-18,MCHP
2026-06-18,MD
2026-06-18,MGTX
2026-06-18,MIRM
2026-06-18,MITK
2026-06-18,MPWR
2026-06-18,MRAM
2026-06-18,MRCY
2026-06-18,MTSI
2026-06-18,MXL
2026-06-18,NEO
2026-06-18,NRIX
2026-06-18,NTLA
2026-06-18,NTRA
2026-06-18,NUAI
2026-06-18,NUVB
2026-06-18,NVTS
2026-06-18,NXPI
2026-06-18,ON
2026-06-18,OPLN
2026-06-18,ORKA
2026-06-18,OUST
2026-06-18,PAYS
2026-06-18,PDM
2026-06-18,PII
2026-06-18,PKG
2026-06-18,POWI
2026-06-18,POWL
2026-06-18,PPG
2026-06-18,PTCT
2026-06-18,PTGX
2026-06-18,PUBM
2026-06-18,QBTS
2026-06-18,QCOM
2026-06-18,QRVO
2026-06-18,RIOT
2026-06-18,RIVN
2026-06-18,RL
2026-06-18,RLAY
2026-06-18,ROIV
2026-06-18,ROK
2026-06-18,ROKU
2026-06-18,RTX
2026-06-18,RVMD
2026-06-18,RVTY
2026-06-18,SEI
2026-06-18,SHLS
2026-06-18,SHOO
2026-06-18,SIRI
2026-06-18,SITM
2026-06-18,SKY
2026-06-18,SLS
2026-06-18,SMTC
2026-06-18,SPHR
2026-06-18,SRTA
2026-06-18,STGW
2026-06-18,STRL
2026-06-18,SWK
2026-06-18,SYNA
2026-06-18,TDAY
2026-06-18,TER
2026-06-18,TGT
2026-06-18,TILE
2026-06-18,TNGX
2026-06-18,TPR
2026-06-18,TRN
2026-06-18,TSEM
2026-06-18,TTI
2026-06-18,TXN
2026-06-18,UAL
2026-06-18,UMAC
2026-06-18,UMBF
2026-06-18,UNFI
2026-06-18,UTI
2026-06-18,VICR
2026-06-18,VISN
2026-06-18,VRTX
2026-06-18,VSTS
2026-06-18,WSBC
2026-06-18,WST
2026-06-18,WT
2026-06-18,WULF
2026-06-18,YETI
2026-06-18,ZD
2026-06-18,ZVRA
2026-06-22,AAON
2026-06-22,ABBV
2026-06-22,ABCL
2026-06-22,ABX
2026-06-22,ACLS
2026-06-22,ADEA
2026-06-22,ADI
2026-06-22,ADPT
2026-06-22,AEHR
2026-06-22,AEVA
2026-06-22,ALGT
2026-06-22,ALHC
2026-06-22,AMGN
2026-06-22,AMN
2026-06-22,ANET
2026-06-22,AOSL
2026-06-22,APLD
2026-06-22,ARWR
2026-06-22,ATKR
2026-06-22,AUPH
2026-06-22,AUR
2026-06-22,AVBP
2026-06-22,AVNT
2026-06-22,AVT
2026-06-22,AXGN
2026-06-22,AXSM
2026-06-22,BC
2026-06-22,BEAM
2026-06-22,BGC
2026-06-22,BIIB
2026-06-22,BLMN
2026-06-22,BLZE
2026-06-22,BRUN
2026-06-22,BTDR
2026-06-22,BZH
2026-06-22,CADL
2026-06-22,CARR
2026-06-22,CASY
2026-06-22,CDNA
2026-06-22,CDNS
2026-06-22,CGEM
2026-06-22,CGNX
2026-06-22,CHRW
2026-06-22,CIFR
2026-06-22,CLSK
2026-06-22,CLYM
2026-06-22,CMI
2026-06-22,CMPS
2026-06-22,COHR
2026-06-22,COLM
2026-06-22,CORZ
2026-06-22,CRI
2026-06-22,CRL
2026-06-22,CROX
2026-06-22,CRSR
2026-06-22,CRWD
2026-06-22,CYRX
2026-06-22,CYTK
2026-06-22,DAVE
2026-06-22,DD
2026-06-22,DE
2026-06-22,DHC
2026-06-22,DIOD
2026-06-22,DOC
2026-06-22,DRTS
2026-06-22,DYN
2026-06-22,EMR
2026-06-22,ESTA
2026-06-22,ETN
2026-06-22,EWTX
2026-06-22,FCEL
2026-06-22,FCX
2026-06-22,FDX
2026-06-22,FFIV
2026-06-22,FLG
2026-06-22,FLNC
2026-06-22,FLYW
2026-06-22,FNKO
2026-06-22,FORM
2026-06-22,FTAI
2026-06-22,FTRE
2026-06-22,FUL
2026-06-22,GGAL
2026-06-22,GIII
2026-06-22,GLW
2026-06-22,GLXY
2026-06-22,GNRC
2026-06-22,HAE
2026-06-22,HAPN
2026-06-22,HCSG
2026-06-22,HGV
2026-06-22,HLIT
2026-06-22,HNRG
2026-06-22,HON
2026-06-22,HRI
2026-06-22,HUBG
2026-06-22,HUT
2026-06-22,HWM
2026-06-22,IDYA
2026-06-22,IFF
2026-06-22,ILMN
2026-06-22,INCY
2026-06-22,INDV
2026-06-22,INSW
2026-06-22,IRM
2026-06-22,IVZ
2026-06-22,JBL
2026-06-22,JCI
2026-06-22,KEYS
2026-06-22,KNSA
2026-06-22,KSS
2026-06-22,KTB
2026-06-22,KURA
2026-06-22,KYIV
2026-06-22,LAUR
2026-06-22,LINC
2026-06-22,LIVN
2026-06-22,LLY
2026-06-22,LSCC
2026-06-22,LYTS
2026-06-22,LYV
2026-06-22,MCHP
2026-06-22,MD
2026-06-22,MGM
2026-06-22,MGTX
2026-06-22,MIDD
2026-06-22,MIRM
2026-06-22,MITK
2026-06-22,MMM
2026-06-22,MRCY
2026-06-22,MRNA
2026-06-22,MTSI
2026-06-22,MXL
2026-06-22,NBIX
2026-06-22,NEO
2026-06-22,NESR
2026-06-22,NRIX
2026-06-22,NTCT
2026-06-22,NTLA
2026-06-22,NTRA
2026-06-22,NUAI
2026-06-22,NUVB
2026-06-22,NVTS
2026-06-22,NXPI
2026-06-22,NXT
2026-06-22,ON
2026-06-22,OPLN
2026-06-22,OSW
2026-06-22,OUST
2026-06-22,OUT
2026-06-22,PAYS
2026-06-22,PBI
2026-06-22,PDM
2026-06-22,PII
2026-06-22,PKG
2026-06-22,POWI
2026-06-22,POWL
2026-06-22,PPG
2026-06-22,PSNL
2026-06-22,PTCT
2026-06-22,PTGX
2026-06-22,PUBM
2026-06-22,PWR
2026-06-22,QCOM
2026-06-22,QMCO
2026-06-22,QRVO
2026-06-22,RIOT
2026-06-22,RL
2026-06-22,RLAY
2026-06-22,ROIV
2026-06-22,ROK
2026-06-22,ROKU
2026-06-22,ROST
2026-06-22,RTX
2026-06-22,RVMD
2026-06-22,SANM
2026-06-22,SBLK
2026-06-22,SEI
2026-06-22,SHLS
2026-06-22,SIRI
2026-06-22,SITM
2026-06-22,SKY
2026-06-22,SLS
2026-06-22,SPHR
2026-06-22,STGW
2026-06-22,STLN
2026-06-22,SVRA
2026-06-22,SWK
2026-06-22,SWKS
2026-06-22,SYNA
2026-06-22,TER
2026-06-22,TGT
2026-06-22,TILE
2026-06-22,TLN
2026-06-22,TNGX
2026-06-22,TNL
2026-06-22,TPR
2026-06-22,TRGP
2026-06-22,TRN
2026-06-22,TTI
2026-06-22,UAL
2026-06-22,UMBF
2026-06-22,UNFI
2026-06-22,UPS
2026-06-22,UTI
2026-06-22,VELO
2026-06-22,VIAV
2026-06-22,VISN
2026-06-22,VRTX
2026-06-22,VSTS
2026-06-22,WAT
2026-06-22,WSBC
2026-06-22,WT
2026-06-22,WTTR
2026-06-22,WULF
2026-06-22,XNCR
2026-06-22,YETI
2026-06-22,ZD
2026-06-22,ZVRA
2026-06-23,ABCL
2026-06-23,ABSI
2026-06-23,ABX
2026-06-23,ACLS
2026-06-23,ADAM
2026-06-23,ADPT
2026-06-23,AIP
2026-06-23,ALGM
2026-06-23,ALHC
2026-06-23,AMBQ
2026-06-23,AMCX
2026-06-23,AMD
2026-06-23,AMGN
2026-06-23,AMKR
2026-06-23,AMN
2026-06-23,ANET
2026-06-23,AOSL
2026-06-23,APH
2026-06-23,APLD
2026-06-23,ARKO
2026-06-23,ARM
2026-06-23,ARQT
2026-06-23,ARWR
2026-06-23,ASH
2026-06-23,ASML
2026-06-23,AUPH
2026-06-23,AVT
2026-06-23,AXGN
2026-06-23,AXSM
2026-06-23,BCAX
2026-06-23,BEAM
2026-06-23,BEN
2026-06-23,BIIB
2026-06-23,BLMN
2026-06-23,BRKR
2026-06-23,BRUN
2026-06-23,BTDR
2026-06-23,BZH
2026-06-23,CADL
2026-06-23,CALY
2026-06-23,CARR
2026-06-23,CASY
2026-06-23,CAT
2026-06-23,CDNA
2026-06-23,CECO
2026-06-23,CEVA
2026-06-23,CGEM
2026-06-23,CIFR
2026-06-23,CLSK
2026-06-23,CLYM
2026-06-23,CMI
2026-06-23,CMPS
2026-06-23,CORZ
2026-06-23,CRDO
2026-06-23,CRI
2026-06-23,CRL
2026-06-23,CROX
2026-06-23,CRWD
2026-06-23,CYRX
2026-06-23,CYTK
2026-06-23,DAVE
2026-06-23,DE
2026-06-23,DHC
2026-06-23,DIOD
2026-06-23,DOV
2026-06-23,DRTS
2026-06-23,DYN
2026-06-23,EBAY
2026-06-23,ELVN
2026-06-23,ENTG
2026-06-23,ESTA
2026-06-23,EW
2026-06-23,EWTX
2026-06-23,FCEL
2026-06-23,FDMT
2026-06-23,FFIV
2026-06-23,FLEX
2026-06-23,FLG
2026-06-23,FLYW
2026-06-23,FNKO
2026-06-23,FORM
2026-06-23,FROG
2026-06-23,FTAI
2026-06-23,FTRE
2026-06-23,FUL
2026-06-23,GFS
2026-06-23,GGAL
2026-06-23,GIII
2026-06-23,GLW
2026-06-23,GLXY
2026-06-23,GNRC
2026-06-23,GRRR
2026-06-23,GS
2026-06-23,GVA
2026-06-23,HAE
2026-06-23,HAPN
2026-06-23,HCSG
2026-06-23,HGV
2026-06-23,HLIT
2026-06-23,HRI
2026-06-23,HUT
2026-06-23,HWM
2026-06-23,IBKR
2026-06-23,ICHR
2026-06-23,IDYA
2026-06-23,ILMN
2026-06-23,ILPT
2026-06-23,INCY
2026-06-23,INDV
2026-06-23,INTC
2026-06-23,IRM
2026-06-23,JAZZ
2026-06-23,JBL
2026-06-23,KEYS
2026-06-23,KLAC
2026-06-23,KN
2026-06-23,KSS
2026-06-23,KTB
2026-06-23,KURA
2026-06-23,KYIV
2026-06-23,KYMR
2026-06-23,LAUR
2026-06-23,LIVN
2026-06-23,LLY
2026-06-23,LRCX
2026-06-23,LSCC
2026-06-23,LYTS
2026-06-23,LYV
2026-06-23,MD
2026-06-23,MGTX
2026-06-23,MIDD
2026-06-23,MIRM
2026-06-23,MITK
2026-06-23,MMM
2026-06-23,MRCY
2026-06-23,MRK
2026-06-23,MRNA
2026-06-23,MRTN
2026-06-23,MRVL
2026-06-23,MTSI
2026-06-23,MXL
2026-06-23,NBIS
2026-06-23,NBIX
2026-06-23,NESR
2026-06-23,NRIX
2026-06-23,NTAP
2026-06-23,NTCT
2026-06-23,NTLA
2026-06-23,NTRA
2026-06-23,NUAI
2026-06-23,OPLN
2026-06-23,OUST
2026-06-23,OUT
2026-06-23,PAYS
2026-06-23,PBI
2026-06-23,PDFS
2026-06-23,PDM
2026-06-23,PENN
2026-06-23,PH
2026-06-23,PII
2026-06-23,PKG
2026-06-23,POWI
2026-06-23,POWL
2026-06-23,PPG
2026-06-23,PSNL
2026-06-23,PTCT
2026-06-23,PUBM
2026-06-23,QBTS
2026-06-23,QMCO
2026-06-23,QRVO
2026-06-23,QTTB
2026-06-23,RCUS
2026-06-23,REAL
2026-06-23,RIOT
2026-06-23,RL
2026-06-23,RLAY
2026-06-23,ROIV
2026-06-23,ROKU
2026-06-23,RTX
2026-06-23,RVMD
2026-06-23,RVTY
2026-06-23,SBLK
2026-06-23,SEI
2026-06-23,SIRI
2026-06-23,SITM
2026-06-23,SKY
2026-06-23,SLDB
2026-06-23,SMTC
2026-06-23,SPHR
2026-06-23,STGW
2026-06-23,STLN
2026-06-23,STRL
2026-06-23,SVRA
2026-06-23,SWBI
2026-06-23,SWK
2026-06-23,TDAY
2026-06-23,TER
2026-06-23,TGT
2026-06-23,TIGO
2026-06-23,TILE
2026-06-23,TKO
2026-06-23,TLN
2026-06-23,TNGX
2026-06-23,TNL
2026-06-23,TPR
2026-06-23,TRGP
2026-06-23,TRN
2026-06-23,TRS
2026-06-23,TSEM
2026-06-23,TXG
2026-06-23,TXN
2026-06-23,UCTT
2026-06-23,UMBF
2026-06-23,UNFI
2026-06-23,URI
2026-06-23,UTI
2026-06-23,VCEL
2026-06-23,VECO
2026-06-23,VICR
2026-06-23,VISN
2026-06-23,VVX
2026-06-23,WAB
2026-06-23,WEST
2026-06-23,WSC
2026-06-23,WT
2026-06-23,WTTR
2026-06-23,WULF
2026-06-23,XMAX
2026-06-23,XNCR
2026-06-23,YETI
2026-06-23,ZD
2026-06-23,ZVRA
2026-06-24,A
2026-06-24,ABCL
2026-06-24,ABNB
2026-06-24,ACHV
2026-06-24,ACLS
2026-06-24,ADAM
2026-06-24,AIP
2026-06-24,ALGM
2026-06-24,ALHC
2026-06-24,AMBQ
2026-06-24,AMCX
2026-06-24,AMD
2026-06-24,AMKR
2026-06-24,APH
2026-06-24,ARKO
2026-06-24,ARWR
2026-06-24,ASH
2026-06-24,AVBP
2026-06-24,AVNT
2026-06-24,BC
2026-06-24,BCAX
2026-06-24,BCRX
2026-06-24,BEAM
2026-06-24,BEN
2026-06-24,BIIB
2026-06-24,BKD
2026-06-24,BLFS
2026-06-24,BLMN
2026-06-24,BRUN
2026-06-24,BTDR
2026-06-24,CADL
2026-06-24,CARR
2026-06-24,CAT
2026-06-24,CECO
2026-06-24,CEVA
2026-06-24,CGEM
2026-06-24,CIFR
2026-06-24,CLYM
2026-06-24,CMI
2026-06-24,CMPS
2026-06-24,CNC
2026-06-24,CNK
2026-06-24,COHR
2026-06-24,COHU
2026-06-24,CORZ
2026-06-24,CRDO
2026-06-24,CRI
2026-06-24,CRL
2026-06-24,CROX
2026-06-24,CRWD
2026-06-24,CSCO
2026-06-24,CYTK
2026-06-24,DAVE
2026-06-24,DE
2026-06-24,DHC
2026-06-24,DIOD
2026-06-24,DOV
2026-06-24,DRTS
2026-06-24,DYN
2026-06-24,EBAY
2026-06-24,ELVN
2026-06-24,ENTG
2026-06-24,ERAS
2026-06-24,ESTA
2026-06-24,EW
2026-06-24,EXEL
2026-06-24,FCEL
2026-06-24,FDMT
2026-06-24,FLEX
2026-06-24,FLG
2026-06-24,FLYW
2026-06-24,FNKO
2026-06-24,FORM
2026-06-24,FTAI
2026-06-24,FTRE
2026-06-24,FUL
2026-06-24,GFS
2026-06-24,GIII
2026-06-24,GLW
2026-06-24,GNRC
2026-06-24,GS
2026-06-24,GVA
2026-06-24,HAE
2026-06-24,HAPN
2026-06-24,HCSG
2026-06-24,HELE
2026-06-24,HGV
2026-06-24,HLIT
2026-06-24,HON
2026-06-24,HRI
2026-06-24,HWM
2026-06-24,IBKR
2026-06-24,ICHR
2026-06-24,IFF
2026-06-24,ILPT
2026-06-24,INCY
2026-06-24,INSW
2026-06-24,INTC
2026-06-24,IRM
2026-06-24,JAZZ
2026-06-24,JBL
2026-06-24,KEEL
2026-06-24,KEYS
2026-06-24,KLAC
2026-06-24,KLIC
2026-06-24,KN
2026-06-24,KNSA
2026-06-24,KTB
2026-06-24,KURA
2026-06-24,KYIV
2026-06-24,LAUR
2026-06-24,LINC
2026-06-24,LLY
2026-06-24,LNTH
2026-06-24,LRCX
2026-06-24,LSCC
2026-06-24,LYTS
2026-06-24,LYV
2026-06-24,MD
2026-06-24,MEI
2026-06-24,MGTX
2026-06-24,MIDD
2026-06-24,MIRM
2026-06-24,MITK
2026-06-24,MKSI
2026-06-24,MMM
2026-06-24,MRK
2026-06-24,MRNA
2026-06-24,MRVL
2026-06-24,MRX
2026-06-24,MS
2026-06-24,MTSI
2026-06-24,NBIS
2026-06-24,NBIX
2026-06-24,NESR
2026-06-24,NRIX
2026-06-24,NTLA
2026-06-24,NUAI
2026-06-24,OSW
2026-06-24,OUT
2026-06-24,PAYS
2026-06-24,PBI
2026-06-24,PDM
2026-06-24,PENG
2026-06-24,PENN
2026-06-24,PH
2026-06-24,PII
2026-06-24,PKG
2026-06-24,POWI
2026-06-24,POWL
2026-06-24,PPG
2026-06-24,PUBM
2026-06-24,QMCO
2026-06-24,RCUS
2026-06-24,REAL
2026-06-24,RGEN
2026-06-24,RIOT
2026-06-24,RL
2026-06-24,ROK
2026-06-24,ROKU
2026-06-24,RPRX
2026-06-24,RTX
2026-06-24,RVMD
2026-06-24,RVTY
2026-06-24,SANM
2026-06-24,SEI
2026-06-24,SIRI
2026-06-24,SMG
2026-06-24,SMTC
2026-06-24,SNDK
2026-06-24,SON
2026-06-24,SPHR
2026-06-24,STGW
2026-06-24,STLN
2026-06-24,STRL
2026-06-24,STT
2026-06-24,STX
2026-06-24,SVRA
2026-06-24,SWBI
2026-06-24,SYRE
2026-06-24,TDAY
2026-06-24,TER
2026-06-24,TGT
2026-06-24,TIGO
2026-06-24,TKO
2026-06-24,TLN
2026-06-24,TNGX
2026-06-24,TNL
2026-06-24,TPR
2026-06-24,TRGP
2026-06-24,TRN
2026-06-24,TRS
2026-06-24,TSEM
2026-06-24,TT
2026-06-24,TTMI
2026-06-24,UCTT
2026-06-24,UMBF
2026-06-24,UNFI
2026-06-24,UPS
2026-06-24,VECO
2026-06-24,VICR
2026-06-24,VISN
2026-06-24,VTRS
2026-06-24,WAB
2026-06-24,WAT
2026-06-24,WDC
2026-06-24,WTTR
2026-06-24,WULF
2026-06-24,XMAX
2026-06-24,XNCR
2026-06-24,YETI
2026-06-24,ZD
2026-06-24,ZVRA
2026-06-25,A
2026-06-25,AAON
2026-06-25,ABNB
2026-06-25,ACHV
2026-06-25,ACLS
2026-06-25,ADAM
2026-06-25,ADI
2026-06-25,AEIS
2026-06-25,ALGM
2026-06-25,AMBQ
2026-06-25,AMD
2026-06-25,AMKR
2026-06-25,AMLX
2026-06-25,ANET
2026-06-25,AOSL
2026-06-25,APH
2026-06-25,AROC
2026-06-25,ARQT
2026-06-25,ARWR
2026-06-25,ASH
2026-06-25,ASML
2026-06-25,ATKR
2026-06-25,AUPH
2026-06-25,AVBP
2026-06-25,AVT
2026-06-25,AVTX
2026-06-25,AXGN
2026-06-25,BC
2026-06-25,BCAX
2026-06-25,BCRX
2026-06-25,BEAM
2026-06-25,BEN
2026-06-25,BGC
2026-06-25,BIIB
2026-06-25,BKD
2026-06-25,BLFS
2026-06-25,BLMN
2026-06-25,BRUN
2026-06-25,BTX
2026-06-25,BZH
2026-06-25,CADL
2026-06-25,CECO
2026-06-25,CGEM
2026-06-25,CGNX
2026-06-25,CIFR
2026-06-25,CLMT
2026-06-25,CLYM
2026-06-25,CMI
2026-06-25,CNK
2026-06-25,COHR
2026-06-25,COLD
2026-06-25,CRDO
2026-06-25,CRI
2026-06-25,CRWD
2026-06-25,CSCO
2026-06-25,CYTK
2026-06-25,DAVE
2026-06-25,DE
2026-06-25,DHC
2026-06-25,DIOD
2026-06-25,DK
2026-06-25,DOV
2026-06-25,DRTS
2026-06-25,DYN
2026-06-25,ELVN
2026-06-25,EMR
2026-06-25,ENTG
2026-06-25,ERAS
2026-06-25,ETN
2026-06-25,EW
2026-06-25,EWTX
2026-06-25,EXEL
2026-06-25,EXPE
2026-06-25,FDMT
2026-06-25,FDX
2026-06-25,FLYW
2026-06-25,FNKO
2026-06-25,FORM
2026-06-25,FROG
2026-06-25,FTAI
2026-06-25,GFS
2026-06-25,GLW
2026-06-25,GNRC
2026-06-25,GS
2026-06-25,HAPN
2026-06-25,HCSG
2026-06-25,HELE
2026-06-25,HGV
2026-06-25,HLIT
2026-06-25,HON
2026-06-25,HPE
2026-06-25,HRI
2026-06-25,HTLD
2026-06-25,HUBB
2026-06-25,HUBG
2026-06-25,HUT
2026-06-25,HWM
2026-06-25,IBKR
2026-06-25,ICHR
2026-06-25,ILPT
2026-06-25,INCY
2026-06-25,INDV
2026-06-25,INTC
2026-06-25,IONS
2026-06-25,IRM
2026-06-25,JBHT
2026-06-25,JBL
2026-06-25,JCI
2026-06-25,KEEL
2026-06-25,KEYS
2026-06-25,KN
2026-06-25,KNSA
2026-06-25,KTB
2026-06-25,KURA
2026-06-25,KYIV
2026-06-25,LAUR
2026-06-25,LINC
2026-06-25,LINE
2026-06-25,LLY
2026-06-25,LSCC
2026-06-25,LYTS
2026-06-25,LYV
2026-06-25,LZB
2026-06-25,MD
2026-06-25,MGM
2026-06-25,MGTX
2026-06-25,MIDD
2026-06-25,MITK
2026-06-25,MPC
2026-06-25,MRK
2026-06-25,MRNA
2026-06-25,MRTN
2026-06-25,MRVL
2026-06-25,MRX
2026-06-25,MS
2026-06-25,MTSI
2026-06-25,MXL
2026-06-25,NBIS
2026-06-25,NBIX
2026-06-25,NEOG
2026-06-25,NESR
2026-06-25,NTCT
2026-06-25,NTLA
2026-06-25,NUAI
2026-06-25,NUE
2026-06-25,NUVB
2026-06-25,ON
2026-06-25,OSW
2026-06-25,OUST
2026-06-25,OUT
2026-06-25,PACK
2026-06-25,PAYS
2026-06-25,PBI
2026-06-25,PCAR
2026-06-25,PDM
2026-06-25,PENG
2026-06-25,PENN
2026-06-25,PH
2026-06-25,PII
2026-06-25,PKG
2026-06-25,PM
2026-06-25,POWI
2026-06-25,POWL
2026-06-25,PPG
2026-06-25,PRVA
2026-06-25,PUBM
2026-06-25,PWR
2026-06-25,QMCO
2026-06-25,QTTB
2026-06-25,REAL
2026-06-25,RGEN
2026-06-25,RIOT
2026-06-25,RL
2026-06-25,RLAY
2026-06-25,ROK
2026-06-25,ROKU
2026-06-25,RPRX
2026-06-25,RTX
2026-06-25,RXO
2026-06-25,RXT
2026-06-25,SANM
2026-06-25,SBCF
2026-06-25,SEI
2026-06-25,SKY
2026-06-25,SLDB
2026-06-25,SMG
2026-06-25,SMTC
2026-06-25,SOLV
2026-06-25,SON
2026-06-25,SPHR
2026-06-25,SRRK
2026-06-25,STAA
2026-06-25,STGW
2026-06-25,STLN
2026-06-25,STRL
2026-06-25,SVRA
2026-06-25,SWBI
2026-06-25,SYRE
2026-06-25,TDAY
2026-06-25,TER
2026-06-25,TGT
2026-06-25,TIGO
2026-06-25,TKO
2026-06-25,TLN
2026-06-25,TNGX
2026-06-25,TNL
2026-06-25,TPR
2026-06-25,TRGP
2026-06-25,TRN
2026-06-25,TRS
2026-06-25,TSEM
2026-06-25,TT
2026-06-25,TTI
2026-06-25,TTMI
2026-06-25,TXN
2026-06-25,UMBF
2026-06-25,UPS
2026-06-25,UTI
2026-06-25,VECO
2026-06-25,VIAV
2026-06-25,VICR
2026-06-25,VISN
2026-06-25,VLO
2026-06-25,VSH
2026-06-25,VTRS
2026-06-25,WAB
2026-06-25,WAT
2026-06-25,WELL
2026-06-25,WERN
2026-06-25,WTTR
2026-06-25,WYFI
2026-06-25,XMAX
2026-06-25,XNCR
2026-06-25,YETI
2026-06-25,ZD
2026-06-25,ZVRA
2026-06-26,A
2026-06-26,ABNB
2026-06-26,ABX
2026-06-26,ACHV
2026-06-26,ACLS
2026-06-26,ACRS
2026-06-26,ADEA
2026-06-26,ALGM
2026-06-26,ALGN
2026-06-26,ALMS
2026-06-26,ALOY
2026-06-26,AMBQ
2026-06-26,AMCX
2026-06-26,AMD
2026-06-26,AMLX
2026-06-26,APH
2026-06-26,ARKO
2026-06-26,ARWR
2026-06-26,ASH
2026-06-26,ASML
2026-06-26,ASND
2026-06-26,AUPH
2026-06-26,AVBP
2026-06-26,AVR
2026-06-26,AVTX
2026-06-26,AXGN
2026-06-26,AXSM
2026-06-26,BAND
2026-06-26,BC
2026-06-26,BCRX
2026-06-26,BEAM
2026-06-26,BEN
2026-06-26,BIIB
2026-06-26,BLFS
2026-06-26,BLMN
2026-06-26,BRUN
2026-06-26,BTDR
2026-06-26,C
2026-06-26,CADL
2026-06-26,CARR
2026-06-26,CAT
2026-06-26,CECO
2026-06-26,CGEM
2026-06-26,CGNX
2026-06-26,CIFR
2026-06-26,CLDX
2026-06-26,CLMT
2026-06-26,CLYM
2026-06-26,CMP
2026-06-26,CNK
2026-06-26,COGT
2026-06-26,COHU
2026-06-26,CRI
2026-06-26,CRNC
2026-06-26,CROX
2026-06-26,CRWD
2026-06-26,CYTK
2026-06-26,DE
2026-06-26,DHC
2026-06-26,DK
2026-06-26,DOV
2026-06-26,DRTS
2026-06-26,DYN
2026-06-26,ELV
2026-06-26,ELVN
2026-06-26,ENTG
2026-06-26,ERAS
2026-06-26,EW
2026-06-26,EWTX
2026-06-26,EXEL
2026-06-26,EXPE
2026-06-26,FCEL
2026-06-26,FDMT
2026-06-26,FFIV
2026-06-26,FHI
2026-06-26,FLYW
2026-06-26,FNKO
2026-06-26,FTAI
2026-06-26,FUL
2026-06-26,GIII
2026-06-26,GLUE
2026-06-26,GLW
2026-06-26,GNRC
2026-06-26,GPCR
2026-06-26,GRRR
2026-06-26,HELE
2026-06-26,HGV
2026-06-26,HLIT
2026-06-26,HON
2026-06-26,HRI
2026-06-26,HTLD
2026-06-26,HUBB
2026-06-26,HUBG
2026-06-26,HUT
2026-06-26,HWM
2026-06-26,IBM
2026-06-26,ICHR
2026-06-26,IFF
2026-06-26,ILPT
2026-06-26,INCY
2026-06-26,INDV
2026-06-26,INTC
2026-06-26,INVA
2026-06-26,IONS
2026-06-26,IRM
2026-06-26,JAZZ
2026-06-26,JBHT
2026-06-26,KEEL
2026-06-26,KLAC
2026-06-26,KLIC
2026-06-26,KN
2026-06-26,KNSA
2026-06-26,KTB
2026-06-26,KURA
2026-06-26,KYIV
2026-06-26,LAUR
2026-06-26,LINC
2026-06-26,LINE
2026-06-26,LRCX
2026-06-26,LYTS
2026-06-26,LYV
2026-06-26,LZB
2026-06-26,MD
2026-06-26,MKSI
2026-06-26,MMM
2026-06-26,MPC
2026-06-26,MRCY
2026-06-26,MRTN
2026-06-26,MRX
2026-06-26,MXL
2026-06-26,NBIX
2026-06-26,NEOG
2026-06-26,NESR
2026-06-26,NPKI
2026-06-26,NTCT
2026-06-26,NTLA
2026-06-26,NUAI
2026-06-26,NUVB
2026-06-26,NVST
2026-06-26,OII
2026-06-26,OSW
2026-06-26,OUST
2026-06-26,OUT
2026-06-26,PACK
2026-06-26,PCAR
2026-06-26,PDFS
2026-06-26,PENG
2026-06-26,PH
2026-06-26,PII
2026-06-26,PKG
2026-06-26,PM
2026-06-26,PPG
2026-06-26,PRVA
2026-06-26,REAL
2026-06-26,RIOT
2026-06-26,RL
2026-06-26,ROK
2026-06-26,ROKU
2026-06-26,RPRX
2026-06-26,RTX
2026-06-26,RXO
2026-06-26,RXT
2026-06-26,SBCF
2026-06-26,SEI
2026-06-26,SHOO
2026-06-26,SIMO
2026-06-26,SIRI
2026-06-26,SLDB
2026-06-26,SMG
2026-06-26,SNDA
2026-06-26,SNEX
2026-06-26,SOLV
2026-06-26,SON
2026-06-26,SRRK
2026-06-26,STGW
2026-06-26,STLN
2026-06-26,STT
2026-06-26,SVRA
2026-06-26,SYRE
2026-06-26,TDAY
2026-06-26,TDC
2026-06-26,TER
2026-06-26,TGT
2026-06-26,TIGO
2026-06-26,TKO
2026-06-26,TLN
2026-06-26,TNGX
2026-06-26,TPR
2026-06-26,TRGP
2026-06-26,TRN
2026-06-26,TRS
2026-06-26,TT
2026-06-26,TTI
2026-06-26,UPS
2026-06-26,UTI
2026-06-26,VECO
2026-06-26,VERA
2026-06-26,VICR
2026-06-26,VISN
2026-06-26,VLO
2026-06-26,VTRS
2026-06-26,WAB
2026-06-26,WAT
2026-06-26,WELL
2026-06-26,WERN
2026-06-26,WEST
2026-06-26,WSC
2026-06-26,WTTR
2026-06-26,WYFI
2026-06-26,XMAX
2026-06-26,ZD
2026-06-29,A
2026-06-29,ABNB
2026-06-29,ABX
2026-06-29,ACHV
2026-06-29,ACLS
2026-06-29,ACRS
2026-06-29,ADAM
2026-06-29,ADEA
2026-06-29,AEVA
2026-06-29,ALGN
2026-06-29,ALMS
2026-06-29,ALTO
2026-06-29,AMBQ
2026-06-29,AMCX
2026-06-29,AMD
2026-06-29,AMKR
2026-06-29,AMN
2026-06-29,ANET
2026-06-29,AOSL
2026-06-29,APH
2026-06-29,ARKO
2026-06-29,AROC
2026-06-29,ARQT
2026-06-29,ARWR
2026-06-29,ASH
2026-06-29,ASML
2026-06-29,ASND
2026-06-29,AUPH
2026-06-29,AVBP
2026-06-29,AVR
2026-06-29,AVTX
2026-06-29,AXGN
2026-06-29,AXSM
2026-06-29,BAND
2026-06-29,BC
2026-06-29,BCRX
2026-06-29,BEAM
2026-06-29,BEN
2026-06-29,BHE
2026-06-29,BIIB
2026-06-29,BKU
2026-06-29,BLFS
2026-06-29,BLMN
2026-06-29,BRUN
2026-06-29,CARR
2026-06-29,CAT
2026-06-29,CBT
2026-06-29,CGEM
2026-06-29,CGNX
2026-06-29,CHRW
2026-06-29,CLMT
2026-06-29,CLYM
2026-06-29,CMI
2026-06-29,CMP
2026-06-29,CNC
2026-06-29,CNK
2026-06-29,COGT
2026-06-29,COHR
2026-06-29,CRI
2026-06-29,CRNC
2026-06-29,CROX
2026-06-29,CRSR
2026-06-29,DE
2026-06-29,DHC
2026-06-29,DK
2026-06-29,DNTH
2026-06-29,DOV
2026-06-29,DRTS
2026-06-29,DYN
2026-06-29,EBAY
2026-06-29,ELVN
2026-06-29,ENTG
2026-06-29,ESTA
2026-06-29,ETN
2026-06-29,EW
2026-06-29,EWTX
2026-06-29,EXEL
2026-06-29,EXPE
2026-06-29,FDX
2026-06-29,FFIV
2026-06-29,FLEX
2026-06-29,FLG
2026-06-29,FLYW
2026-06-29,FNKO
2026-06-29,FORM
2026-06-29,FTAI
2026-06-29,FTRE
2026-06-29,GGAL
2026-06-29,GNRC
2026-06-29,GRRR
2026-06-29,HAE
2026-06-29,HELE
2026-06-29,HGV
2026-06-29,HLIT
2026-06-29,HRI
2026-06-29,HTLD
2026-06-29,HUBB
2026-06-29,HUBG
2026-06-29,HUT
2026-06-29,HWM
2026-06-29,IBM
2026-06-29,IBRX
2026-06-29,IFF
2026-06-29,ILPT
2026-06-29,IMMX
2026-06-29,INDV
2026-06-29,INTC
2026-06-29,INVA
2026-06-29,IONS
2026-06-29,IRDM
2026-06-29,IRM
2026-06-29,IRON
2026-06-29,JAZZ
2026-06-29,JBHT
2026-06-29,JBL
2026-06-29,KEEL
2026-06-29,KN
2026-06-29,KTB
2026-06-29,KURA
2026-06-29,LAUR
2026-06-29,LINC
2026-06-29,LINE
2026-06-29,LSCC
2026-06-29,LYTS
2026-06-29,LYV
2026-06-29,LZB
2026-06-29,MD
2026-06-29,MDB
2026-06-29,MMM
2026-06-29,MPC
2026-06-29,MRCY
2026-06-29,MRTN
2026-06-29,MRVL
2026-06-29,MXL
2026-06-29,NBIS
2026-06-29,NESR
2026-06-29,NOVT
2026-06-29,NPKI
2026-06-29,NTCT
2026-06-29,NTLA
2026-06-29,NUAI
2026-06-29,NUVB
2026-06-29,NVST
2026-06-29,OII
2026-06-29,OSW
2026-06-29,OUT
2026-06-29,PACK
2026-06-29,PBI
2026-06-29,PCAR
2026-06-29,PDM
2026-06-29,PENG
2026-06-29,PH
2026-06-29,PII
2026-06-29,PKG
2026-06-29,PM
2026-06-29,PPG
2026-06-29,PPLI
2026-06-29,PRVA
2026-06-29,PTCT
2026-06-29,PWR
2026-06-29,REAL
2026-06-29,RIOT
2026-06-29,RIVN
2026-06-29,RL
2026-06-29,ROK
2026-06-29,ROKU
2026-06-29,RVTY
2026-06-29,RXO
2026-06-29,RXT
2026-06-29,SBCF
2026-06-29,SEI
2026-06-29,SIMO
2026-06-29,SIRI
2026-06-29,SITM
2026-06-29,SKY
2026-06-29,SMG
2026-06-29,SNDA
2026-06-29,SNDK
2026-06-29,SOLV
2026-06-29,SON
2026-06-29,SRRK
2026-06-29,STGW
2026-06-29,STT
2026-06-29,STX
2026-06-29,SVRA
2026-06-29,SWBI
2026-06-29,SYRE
2026-06-29,TDAY
2026-06-29,TDC
2026-06-29,TER
2026-06-29,TGT
2026-06-29,TIGO
2026-06-29,TKO
2026-06-29,TLN
2026-06-29,TPR
2026-06-29,TRGP
2026-06-29,TRN
2026-06-29,TRS
2026-06-29,TSHA
2026-06-29,TT
2026-06-29,TTI
2026-06-29,UA
2026-06-29,UAA
2026-06-29,UMBF
2026-06-29,UPS
2026-06-29,UTI
2026-06-29,VERA
2026-06-29,VICR
2026-06-29,VISN
2026-06-29,VLO
2026-06-29,VSEC
2026-06-29,VTRS
2026-06-29,WAT
2026-06-29,WDC
2026-06-29,WELL
2026-06-29,WERN
2026-06-29,WMB
2026-06-29,WSC
2026-06-29,WTTR
2026-06-29,WWD
2026-06-29,WYFI
2026-06-29,XENE
2026-06-29,XMAX
2026-06-29,YETI
2026-06-30,A
2026-06-30,ABNB
2026-06-30,ABX
2026-06-30,ACHC
2026-06-30,ACLS
2026-06-30,ACRS
2026-06-30,ADAM
2026-06-30,ADEA
2026-06-30,AEIS
2026-06-30,AEVA
2026-06-30,ALMS
2026-06-30,ALTO
2026-06-30,AMCX
2026-06-30,AMKR
2026-06-30,AMLX
2026-06-30,AMN
2026-06-30,ANET
2026-06-30,AOSL
2026-06-30,ARKO
2026-06-30,AROC
2026-06-30,ARQT
2026-06-30,ARWR
2026-06-30,ASH
2026-06-30,ASND
2026-06-30,ATRO
2026-06-30,AUPH
2026-06-30,AVBP
2026-06-30,AVR
2026-06-30,AVT
2026-06-30,AVTX
2026-06-30,AXGN
2026-06-30,AXSM
2026-06-30,BAND
2026-06-30,BBIO
2026-06-30,BC
2026-06-30,BCRX
2026-06-30,BEAM
2026-06-30,BEN
2026-06-30,BHE
2026-06-30,BIIB
2026-06-30,BKU
2026-06-30,BLFS
2026-06-30,BLMN
2026-06-30,BTX
2026-06-30,BZH
2026-06-30,C
2026-06-30,CARR
2026-06-30,CBT
2026-06-30,CEVA
2026-06-30,CGEM
2026-06-30,CGNX
2026-06-30,CGON
2026-06-30,CHRW
2026-06-30,CLDX
2026-06-30,CLMT
2026-06-30,CLYM
2026-06-30,CMI
2026-06-30,CMP
2026-06-30,CMPS
2026-06-30,CNC
2026-06-30,COGT
2026-06-30,COHR
2026-06-30,COLD
2026-06-30,CRDO
2026-06-30,CRI
2026-06-30,CRNC
2026-06-30,CRSR
2026-06-30,CYRX
2026-06-30,DCTH
2026-06-30,DE
2026-06-30,DHC
2026-06-30,DIOD
2026-06-30,DK
2026-06-30,DLTR
2026-06-30,DNTH
2026-06-30,DSGN
2026-06-30,DYN
2026-06-30,EBAY
2026-06-30,ELVN
2026-06-30,ENTG
2026-06-30,ESTA
2026-06-30,ETN
2026-06-30,EW
2026-06-30,EWTX
2026-06-30,EXEL
2026-06-30,EXPE
2026-06-30,EYPT
2026-06-30,EZPW
2026-06-30,FLEX
2026-06-30,FLYW
2026-06-30,FNKO
2026-06-30,FORM
2026-06-30,FTAI
2026-06-30,FTRE
2026-06-30,GEV
2026-06-30,GFS
2026-06-30,GIII
2026-06-30,GNRC
2026-06-30,GRRR
2026-06-30,HAE
2026-06-30,HELE
2026-06-30,HGV
2026-06-30,HLIT
2026-06-30,HTLD
2026-06-30,HUBB
2026-06-30,HUBG
2026-06-30,HWM
2026-06-30,IBM
2026-06-30,IBRX
2026-06-30,IFF
2026-06-30,ILPT
2026-06-30,IMMX
2026-06-30,INCY
2026-06-30,INDV
2026-06-30,INTC
2026-06-30,IONS
2026-06-30,IRDM
2026-06-30,JAZZ
2026-06-30,JBHT
2026-06-30,JBL
2026-06-30,JCI
2026-06-30,KDP
2026-06-30,KEYS
2026-06-30,KN
2026-06-30,KSS
2026-06-30,KTB
2026-06-30,KURA
2026-06-30,LAUR
2026-06-30,LINC
2026-06-30,LINE
2026-06-30,LMND
2026-06-30,LPTH
2026-06-30,LSCC
2026-06-30,LYTS
2026-06-30,LYV
2026-06-30,LZB
2026-06-30,MAMA
2026-06-30,MD
2026-06-30,MDB
2026-06-30,MGM
2026-06-30,MIDD
2026-06-30,MIRM
2026-06-30,MMM
2026-06-30,MPC
2026-06-30,MRTN
2026-06-30,MRX
2026-06-30,MTSI
2026-06-30,NBIS
2026-06-30,NBIX
2026-06-30,NOVT
2026-06-30,NPKI
2026-06-30,NTCT
2026-06-30,NTLA
2026-06-30,NUAI
2026-06-30,NUVB
2026-06-30,NVAX
2026-06-30,NVST
2026-06-30,OII
2026-06-30,OSW
2026-06-30,OUT
2026-06-30,PACK
2026-06-30,PBI
2026-06-30,PCAR
2026-06-30,PDM
2026-06-30,PENN
2026-06-30,PKG
2026-06-30,PM
2026-06-30,POWI
2026-06-30,PPG
2026-06-30,PPLI
2026-06-30,PRVA
2026-06-30,PTCT
2026-06-30,PWR
2026-06-30,QTTB
2026-06-30,RIOT
2026-06-30,RIVN
2026-06-30,RL
2026-06-30,ROK
2026-06-30,ROKU
2026-06-30,RPRX
2026-06-30,RVTY
2026-06-30,RXO
2026-06-30,RXT
2026-06-30,SANM
2026-06-30,SBCF
2026-06-30,SEDG
2026-06-30,SEI
2026-06-30,SIMO
2026-06-30,SIRI
2026-06-30,SITM
2026-06-30,SJM
2026-06-30,SKY
2026-06-30,SMG
2026-06-30,SMTC
2026-06-30,SNDA
2026-06-30,SOLV
2026-06-30,SRRK
2026-06-30,STGW
2026-06-30,STLN
2026-06-30,STX
2026-06-30,SVRA
2026-06-30,SXT
2026-06-30,SYRE
2026-06-30,TBLA
2026-06-30,TDAY
2026-06-30,TDC
2026-06-30,TER
2026-06-30,TIGO
2026-06-30,TNGX
2026-06-30,TPR
2026-06-30,TRGP
2026-06-30,TSHA
2026-06-30,TT
2026-06-30,TTI
2026-06-30,UA
2026-06-30,UAA
2026-06-30,UMAC
2026-06-30,UMBF
2026-06-30,UPS
2026-06-30,UTI
2026-06-30,VECO
2026-06-30,VERA
2026-06-30,VICR
2026-06-30,VIR
2026-06-30,VISN
2026-06-30,VLO
2026-06-30,WAB
2026-06-30,WAT
2026-06-30,WDC
2026-06-30,WELL
2026-06-30,WERN
2026-06-30,WMB
2026-06-30,WSC
2026-06-30,WTTR
2026-06-30,WWD
2026-06-30,WYFI
2026-06-30,XENE
2026-06-30,XMAX
2026-06-30,YETI
2026-07-01,A
2026-07-01,ABNB
2026-07-01,ACHV
2026-07-01,ACLS
2026-07-01,ACRS
2026-07-01,ADAM
2026-07-01,ADEA
2026-07-01,AEIS
2026-07-01,AEVA
2026-07-01,AIP
2026-07-01,ALGM
2026-07-01,ALGN
2026-07-01,ALMS
2026-07-01,ALOY
2026-07-01,ALTO
2026-07-01,AMCX
2026-07-01,AMD
2026-07-01,AMLX
2026-07-01,ANAB
2026-07-01,ANET
2026-07-01,APP
2026-07-01,ARKO
2026-07-01,AROC
2026-07-01,ARQT
2026-07-01,ARWR
2026-07-01,ASML
2026-07-01,ASND
2026-07-01,AVBP
2026-07-01,AVR
2026-07-01,AVTX
2026-07-01,AXGN
2026-07-01,BAND
2026-07-01,BBIO
2026-07-01,BCRX
2026-07-01,BEAM
2026-07-01,BEN
2026-07-01,BHE
2026-07-01,BIIB
2026-07-01,BLFS
2026-07-01,BLMN
2026-07-01,BRUN
2026-07-01,BTX
2026-07-01,BZH
2026-07-01,CADL
2026-07-01,CARR
2026-07-01,CAT
2026-07-01,CEVA
2026-07-01,CGEM
2026-07-01,CGNX
2026-07-01,CGON
2026-07-01,CHRW
2026-07-01,CLDX
2026-07-01,CLMT
2026-07-01,CLYM
2026-07-01,CMP
2026-07-01,CMPS
2026-07-01,COGT
2026-07-01,COKE
2026-07-01,CRDO
2026-07-01,CRI
2026-07-01,CRNC
2026-07-01,CROX
2026-07-01,CRSR
2026-07-01,CYRX
2026-07-01,DCTH
2026-07-01,DE
2026-07-01,DHC
2026-07-01,DK
2026-07-01,DNTH
2026-07-01,DSGN
2026-07-01,DYN
2026-07-01,EBAY
2026-07-01,ELV
2026-07-01,ELVN
2026-07-01,ENTG
2026-07-01,ETN
2026-07-01,EW
2026-07-01,EWTX
2026-07-01,EXEL
2026-07-01,EXPE
2026-07-01,EZPW
2026-07-01,FLEX
2026-07-01,FNKO
2026-07-01,FORM
2026-07-01,FTAI
2026-07-01,FTRE
2026-07-01,GEV
2026-07-01,GIII
2026-07-01,GLW
2026-07-01,GVA
2026-07-01,HAE
2026-07-01,HELE
2026-07-01,HLIT
2026-07-01,HTLD
2026-07-01,HUBG
2026-07-01,IBKR
2026-07-01,IBM
2026-07-01,IBRX
2026-07-01,IFF
2026-07-01,ILPT
2026-07-01,IMMX
2026-07-01,INCY
2026-07-01,INDV
2026-07-01,INTC
2026-07-01,IONS
2026-07-01,IRDM
2026-07-01,IRON
2026-07-01,JAZZ
2026-07-01,JBHT
2026-07-01,JBL
2026-07-01,JCI
2026-07-01,KLAC
2026-07-01,KN
2026-07-01,KTB
2026-07-01,KURA
2026-07-01,LAUR
2026-07-01,LINC
2026-07-01,LINE
2026-07-01,LMND
2026-07-01,LPTH
2026-07-01,LRCX
2026-07-01,LSCC
2026-07-01,LYTS
2026-07-01,LYV
2026-07-01,LZB
2026-07-01,MAMA
2026-07-01,MDB
2026-07-01,MGM
2026-07-01,MIDD
2026-07-01,MMM
2026-07-01,MPC
2026-07-01,MRK
2026-07-01,MRTN
2026-07-01,MRVL
2026-07-01,MRX
2026-07-01,MXL
2026-07-01,NBIX
2026-07-01,NEOG
2026-07-01,NESR
2026-07-01,NOVT
2026-07-01,NTAP
2026-07-01,NTCT
2026-07-01,NTLA
2026-07-01,NUVB
2026-07-01,NVAX
2026-07-01,NVST
2026-07-01,OII
2026-07-01,OPLN
2026-07-01,OSW
2026-07-01,OUT
2026-07-01,PBI
2026-07-01,PCAR
2026-07-01,PCVX
2026-07-01,PDFS
2026-07-01,PDM
2026-07-01,PENG
2026-07-01,PENN
2026-07-01,PGEN
2026-07-01,PKG
2026-07-01,PPG
2026-07-01,PPLI
2026-07-01,PTCT
2026-07-01,QTTB
2026-07-01,RCUS
2026-07-01,REAL
2026-07-01,RGEN
2026-07-01,RIVN
2026-07-01,RL
2026-07-01,RLAY
2026-07-01,ROK
2026-07-01,ROKU
2026-07-01,RUSHA
2026-07-01,RVTY
2026-07-01,RXO
2026-07-01,RXT
2026-07-01,SBCF
2026-07-01,SHLS
2026-07-01,SIMO
2026-07-01,SIRI
2026-07-01,SITM
2026-07-01,SJM
2026-07-01,SKY
2026-07-01,SLDE
2026-07-01,SMG
2026-07-01,SNDA
2026-07-01,SNDK
2026-07-01,SOLV
2026-07-01,SRRK
2026-07-01,STGW
2026-07-01,STLN
2026-07-01,SVRA
2026-07-01,SWK
2026-07-01,SXT
2026-07-01,SYRE
2026-07-01,TBLA
2026-07-01,TDC
2026-07-01,TER
2026-07-01,TH
2026-07-01,TIGO
2026-07-01,TNL
2026-07-01,TRS
2026-07-01,TRVI
2026-07-01,TSHA
2026-07-01,TT
2026-07-01,TXRH
2026-07-01,UA
2026-07-01,UAA
2026-07-01,UMAC
2026-07-01,UPS
2026-07-01,URI
2026-07-01,VCTR
2026-07-01,VERA
2026-07-01,VICR
2026-07-01,VIR
2026-07-01,VKTX
2026-07-01,VLO
2026-07-01,VSAT
2026-07-01,VTRS
2026-07-01,WAT
2026-07-01,WERN
2026-07-01,WTTR
2026-07-01,WWD
2026-07-01,WYFI
2026-07-01,XENE
2026-07-01,XMAX
2026-07-01,YETI
2026-07-01,ZD
2026-07-02,A
2026-07-02,AAPL
2026-07-02,ABNB
2026-07-02,ACHV
2026-07-02,ACRS
2026-07-02,ADAM
2026-07-02,ALAB
2026-07-02,ALGN
2026-07-02,ALMS
2026-07-02,ALTO
2026-07-02,AMAT
2026-07-02,AMBQ
2026-07-02,AMCX
2026-07-02,AMLX
2026-07-02,ANAB
2026-07-02,APH
2026-07-02,ARKO
2026-07-02,ARQT
2026-07-02,ARWR
2026-07-02,AVBP
2026-07-02,AVTX
2026-07-02,AXGN
2026-07-02,AXSM
2026-07-02,BAND
2026-07-02,BATRK
2026-07-02,BBIO
2026-07-02,BCRX
2026-07-02,BEAM
2026-07-02,BEN
2026-07-02,BFH
2026-07-02,BIIB
2026-07-02,BKU
2026-07-02,BLFS
2026-07-02,BLMN
2026-07-02,BZH
2026-07-02,C
2026-07-02,CADL
2026-07-02,CALY
2026-07-02,CGEM
2026-07-02,CGNX
2026-07-02,CGON
2026-07-02,CHRW
2026-07-02,CLMT
2026-07-02,CLYM
2026-07-02,CMPS
2026-07-02,COGT
2026-07-02,COKE
2026-07-02,CPAY
2026-07-02,CRNC
2026-07-02,CROX
2026-07-02,CYRX
2026-07-02,DCTH
2026-07-02,DE
2026-07-02,DHC
2026-07-02,DK
2026-07-02,DMRA
2026-07-02,DNTH
2026-07-02,DSGN
2026-07-02,EBAY
2026-07-02,ELV
2026-07-02,ELVN
2026-07-02,EWTX
2026-07-02,EXEL
2026-07-02,EXPE
2026-07-02,EZPW
2026-07-02,FCEL
2026-07-02,FFIV
2026-07-02,FNKO
2026-07-02,FTRE
2026-07-02,GEV
2026-07-02,HAE
2026-07-02,HAPN
2026-07-02,HELE
2026-07-02,HGV
2026-07-02,HUBG
2026-07-02,HWM
2026-07-02,IBKR
2026-07-02,IBM
2026-07-02,IBRX
2026-07-02,ICHR
2026-07-02,ILPT
2026-07-02,IMMX
2026-07-02,INDV
2026-07-02,INSW
2026-07-02,IONS
2026-07-02,IRDM
2026-07-02,IRON
2026-07-02,JAZZ
2026-07-02,JBHT
2026-07-02,JBLU
2026-07-02,KLIC
2026-07-02,KSS
2026-07-02,KURA
2026-07-02,KYIV
2026-07-02,LAUR
2026-07-02,LINC
2026-07-02,LIND
2026-07-02,LINE
2026-07-02,LYTS
2026-07-02,LZB
2026-07-02,MAMA
2026-07-02,MDB
2026-07-02,MEI
2026-07-02,MGM
2026-07-02,MMM
2026-07-02,MPC
2026-07-02,MRTN
2026-07-02,MRX
2026-07-02,MS
2026-07-02,MSGE
2026-07-02,NEOG
2026-07-02,NESR
2026-07-02,NOVT
2026-07-02,NTLA
2026-07-02,NUVB
2026-07-02,NVAX
2026-07-02,NVST
2026-07-02,OCFC
2026-07-02,OII
2026-07-02,OPLN
2026-07-02,ORKA
2026-07-02,OUST
2026-07-02,OUT
2026-07-02,PAYS
2026-07-02,PCAR
2026-07-02,PCVX
2026-07-02,PDM
2026-07-02,PH
2026-07-02,PM
2026-07-02,PPLI
2026-07-02,PTCT
2026-07-02,QTTB
2026-07-02,RCUS
2026-07-02,RELY
2026-07-02,RGEN
2026-07-02,RIVN
2026-07-02,RL
2026-07-02,ROK
2026-07-02,ROKU
2026-07-02,RUSHA
2026-07-02,RXO
2026-07-02,SBCF
2026-07-02,SIRI
2026-07-02,SKY
2026-07-02,SMG
2026-07-02,SNDA
2026-07-02,SNDX
2026-07-02,SOLV
2026-07-02,SPHR
2026-07-02,SRRK
2026-07-02,STGW
2026-07-02,STLN
2026-07-02,SXT
2026-07-02,SYRE
2026-07-02,TBLA
2026-07-02,TDC
2026-07-02,TIGO
2026-07-02,TNGX
2026-07-02,TSHA
2026-07-02,TT
2026-07-02,UA
2026-07-02,UAA
2026-07-02,UMBF
2026-07-02,UPS
2026-07-02,URI
2026-07-02,VERA
2026-07-02,VIR
2026-07-02,VKTX
2026-07-02,VLO
2026-07-02,VSAT
2026-07-02,VTRS
2026-07-02,WAT
2026-07-02,WERN
2026-07-02,WSM
2026-07-02,WWD
2026-07-02,XENE
2026-07-02,XMAX
2026-07-02,XMTR
2026-07-02,XNCR
2026-07-02,YETI
2026-07-02,ZURA
2026-07-06,A
2026-07-06,AAPL
2026-07-06,ABNB
2026-07-06,ABVX
2026-07-06,ACHV
2026-07-06,ACRS
2026-07-06,ADAM
2026-07-06,ADUR
2026-07-06,AEVA
2026-07-06,ALGN
2026-07-06,ALMS
2026-07-06,ALTO
2026-07-06,AMBQ
2026-07-06,AMCX
2026-07-06,AMD
2026-07-06,AMLX
2026-07-06,ANAB
2026-07-06,ANET
2026-07-06,APH
2026-07-06,ARKO
2026-07-06,ARQT
2026-07-06,ARWR
2026-07-06,ASML
2026-07-06,ASND
2026-07-06,AVBP
2026-07-06,AVNT
2026-07-06,AVTX
2026-07-06,AXGN
2026-07-06,AXSM
2026-07-06,BAND
2026-07-06,BATRK
2026-07-06,BBIO
2026-07-06,BCRX
2026-07-06,BEAM
2026-07-06,BEN
2026-07-06,BFH
2026-07-06,BIIB
2026-07-06,BKD
2026-07-06,BLFS
2026-07-06,BZH
2026-07-06,CADL
2026-07-06,CALY
2026-07-06,CEVA
2026-07-06,CGEM
2026-07-06,CGNX
2026-07-06,CGON
2026-07-06,CHRW
2026-07-06,CLMT
2026-07-06,CLYM
2026-07-06,CNC
2026-07-06,COGT
2026-07-06,COKE
2026-07-06,CPAY
2026-07-06,CRDO
2026-07-06,CRNC
2026-07-06,CROX
2026-07-06,DE
2026-07-06,DELL
2026-07-06,DHC
2026-07-06,DK
2026-07-06,DLTR
2026-07-06,DMRA
2026-07-06,DNTH
2026-07-06,DRS
2026-07-06,DSGN
2026-07-06,EBAY
2026-07-06,ELV
2026-07-06,ELVN
2026-07-06,ETN
2026-07-06,EWTX
2026-07-06,EXEL
2026-07-06,EXPE
2026-07-06,EXTR
2026-07-06,EYPT
2026-07-06,EZPW
2026-07-06,FCEL
2026-07-06,FFIV
2026-07-06,FHI
2026-07-06,FLG
2026-07-06,FNKO
2026-07-06,FTRE
2026-07-06,GEV
2026-07-06,GGAL
2026-07-06,GIII
2026-07-06,GLUE
2026-07-06,GS
2026-07-06,GVA
2026-07-06,HAE
2026-07-06,HAPN
2026-07-06,HCSG
2026-07-06,HELE
2026-07-06,HRTG
2026-07-06,HUBG
2026-07-06,HWM
2026-07-06,IBKR
2026-07-06,IBRX
2026-07-06,ICHR
2026-07-06,IFF
2026-07-06,IMMX
2026-07-06,INDV
2026-07-06,INN
2026-07-06,INSW
2026-07-06,IONS
2026-07-06,IRDM
2026-07-06,IRON
2026-07-06,JAZZ
2026-07-06,JBLU
2026-07-06,KDP
2026-07-06,KURA
2026-07-06,LINC
2026-07-06,LIND
2026-07-06,LINE
2026-07-06,LMT
2026-07-06,LYTS
2026-07-06,LYV
2026-07-06,LZB
2026-07-06,MAMA
2026-07-06,MDB
2026-07-06,MEC
2026-07-06,MEI
2026-07-06,MGM
2026-07-06,MPC
2026-07-06,MRK
2026-07-06,MRX
2026-07-06,MS
2026-07-06,MXL
2026-07-06,NAMS
2026-07-06,NEOG
2026-07-06,NESR
2026-07-06,NOVT
2026-07-06,NTAP
2026-07-06,NTCT
2026-07-06,NTLA
2026-07-06,NUVB
2026-07-06,NVAX
2026-07-06,NVST
2026-07-06,OII
2026-07-06,OPLN
2026-07-06,ORKA
2026-07-06,OSW
2026-07-06,OUST
2026-07-06,OUT
2026-07-06,PCAR
2026-07-06,PCVX
2026-07-06,PDM
2026-07-06,PENG
2026-07-06,PENN
2026-07-06,PM
2026-07-06,PPG
2026-07-06,PPLI
2026-07-06,QTTB
2026-07-06,RCUS
2026-07-06,RELY
2026-07-06,RGEN
2026-07-06,RL
2026-07-06,ROK
2026-07-06,ROKU
2026-07-06,RUSHA
2026-07-06,RXO
2026-07-06,RXT
2026-07-06,SBCF
2026-07-06,SBUX
2026-07-06,SHLS
2026-07-06,SIMO
2026-07-06,SIRI
2026-07-06,SJM
2026-07-06,SKY
2026-07-06,SLDE
2026-07-06,SMG
2026-07-06,SNDA
2026-07-06,SNDX
2026-07-06,SOLV
2026-07-06,SRRK
2026-07-06,STGW
2026-07-06,STLN
2026-07-06,STOK
2026-07-06,SVRA
2026-07-06,SWBI
2026-07-06,SXT
2026-07-06,SYRE
2026-07-06,TDAY
2026-07-06,TDC
2026-07-06,TIGO
2026-07-06,TNGX
2026-07-06,TNL
2026-07-06,TPR
2026-07-06,TRN
2026-07-06,TSHA
2026-07-06,TT
2026-07-06,TXN
2026-07-06,TXRH
2026-07-06,TXT
2026-07-06,UA
2026-07-06,UAA
2026-07-06,UMBF
2026-07-06,URI
2026-07-06,VERA
2026-07-06,VIR
2026-07-06,VLO
2026-07-06,VSAT
2026-07-06,VSTS
2026-07-06,VTRS
2026-07-06,WAT
2026-07-06,WERN
2026-07-06,WSM
2026-07-06,WWD
2026-07-06,WYFI
2026-07-06,XENE
2026-07-06,XMAX
2026-07-06,XMTR
2026-07-06,XNCR
2026-07-06,ZURA
2026-07-07,A
2026-07-07,AAPL
2026-07-07,ABNB
2026-07-07,ABVX
2026-07-07,ACHV
2026-07-07,ADAM
2026-07-07,ADUR
2026-07-07,ALGN
2026-07-07,ALTO
2026-07-07,AMCX
2026-07-07,AMLX
2026-07-07,AMN
2026-07-07,ANAB
2026-07-07,ANET
2026-07-07,ANNX
2026-07-07,ARKO
2026-07-07,AROC
2026-07-07,ARTV
2026-07-07,ARWR
2026-07-07,ASH
2026-07-07,ASND
2026-07-07,AVBP
2026-07-07,AVNT
2026-07-07,AVR
2026-07-07,AVTX
2026-07-07,AXGN
2026-07-07,AXSM
2026-07-07,BAND
2026-07-07,BBIO
2026-07-07,BEAM
2026-07-07,BEN
2026-07-07,BFH
2026-07-07,BFLY
2026-07-07,BIIB
2026-07-07,BKD
2026-07-07,BLFS
2026-07-07,BRKR
2026-07-07,BZH
2026-07-07,C
2026-07-07,CADL
2026-07-07,CALY
2026-07-07,CGEM
2026-07-07,CGON
2026-07-07,CHRW
2026-07-07,CLMT
2026-07-07,CLPT
2026-07-07,CLYM
2026-07-07,CMPS
2026-07-07,CNC
2026-07-07,COGT
2026-07-07,COLM
2026-07-07,CPAY
2026-07-07,CROX
2026-07-07,CRVS
2026-07-07,CYTK
2026-07-07,DAL
2026-07-07,DE
2026-07-07,DELL
2026-07-07,DHC
2026-07-07,DK
2026-07-07,DMRA
2026-07-07,DNTH
2026-07-07,DRS
2026-07-07,DSGN
2026-07-07,EBAY
2026-07-07,ELV
2026-07-07,ELVN
2026-07-07,EWTX
2026-07-07,EXPE
2026-07-07,EZPW
2026-07-07,FCEL
2026-07-07,FFIV
2026-07-07,FHI
2026-07-07,FLG
2026-07-07,FTRE
2026-07-07,GEV
2026-07-07,GGAL
2026-07-07,GIII
2026-07-07,GOLD
2026-07-07,GS
2026-07-07,HAE
2026-07-07,HAPN
2026-07-07,HCSG
2026-07-07,HELE
2026-07-07,HRTG
2026-07-07,HUBG
2026-07-07,HWM
2026-07-07,IBKR
2026-07-07,IBRX
2026-07-07,IFF
2026-07-07,INDV
2026-07-07,INSW
2026-07-07,IQMX
2026-07-07,IRDM
2026-07-07,IRON
2026-07-07,JAZZ
2026-07-07,JBLU
2026-07-07,KYIV
2026-07-07,LIND
2026-07-07,LINE
2026-07-07,LUV
2026-07-07,LYV
2026-07-07,MAMA
2026-07-07,MAS
2026-07-07,MDB
2026-07-07,MEI
2026-07-07,MIDD
2026-07-07,MITK
2026-07-07,MPC
2026-07-07,MRCY
2026-07-07,MRK
2026-07-07,MRX
2026-07-07,MS
2026-07-07,NAMS
2026-07-07,NEOG
2026-07-07,NESR
2026-07-07,NTAP
2026-07-07,NTCT
2026-07-07,NTLA
2026-07-07,NUVB
2026-07-07,NVAX
2026-07-07,NVST
2026-07-07,OII
2026-07-07,OPLN
2026-07-07,ORKA
2026-07-07,OSW
2026-07-07,OUT
2026-07-07,PCAR
2026-07-07,PCVX
2026-07-07,PDM
2026-07-07,PGEN
2026-07-07,PH
2026-07-07,PKG
2026-07-07,PM
2026-07-07,PPG
2026-07-07,PPLI
2026-07-07,RCUS
2026-07-07,RELY
2026-07-07,RGEN
2026-07-07,ROKU
2026-07-07,RUSHA
2026-07-07,RVTY
2026-07-07,RXO
2026-07-07,RXT
2026-07-07,SBCF
2026-07-07,SBUX
2026-07-07,SIRI
2026-07-07,SJM
2026-07-07,SKY
2026-07-07,SLDE
2026-07-07,SMG
2026-07-07,SNDA
2026-07-07,SNDX
2026-07-07,SRRK
2026-07-07,STGW
2026-07-07,STOK
2026-07-07,STTK
2026-07-07,SVRA
2026-07-07,SWBI
2026-07-07,SWK
2026-07-07,SXT
2026-07-07,SYRE
2026-07-07,TARS
2026-07-07,TBLA
2026-07-07,TDAY
2026-07-07,TDC
2026-07-07,TIGO
2026-07-07,TILE
2026-07-07,TNGX
2026-07-07,TNL
2026-07-07,TPR
2026-07-07,TRGP
2026-07-07,TSHA
2026-07-07,TWST
2026-07-07,TXRH
2026-07-07,TXT
2026-07-07,UA
2026-07-07,UAA
2026-07-07,VCTR
2026-07-07,VERA
2026-07-07,VIR
2026-07-07,VLO
2026-07-07,VSAT
2026-07-07,VSEC
2026-07-07,VSTS
2026-07-07,VTRS
2026-07-07,WAT
2026-07-07,WERN
2026-07-07,WMB
2026-07-07,WRBY
2026-07-07,XMAX
2026-07-07,XMTR
2026-07-07,YETI
2026-07-07,ZURA
2026-07-08,AAL
2026-07-08,AAPL
2026-07-08,ABCL
2026-07-08,ABNB
2026-07-08,ABVX
2026-07-08,ACHC
2026-07-08,ACHV
2026-07-08,ACRS
2026-07-08,ADUR
2026-07-08,ALGT
2026-07-08,ALTO
2026-07-08,AMBQ
2026-07-08,AMCX
2026-07-08,AMLX
2026-07-08,AMN
2026-07-08,ANAB
2026-07-08,ANET
2026-07-08,ANNX
2026-07-08,ARKO
2026-07-08,AROC
2026-07-08,ARTV
2026-07-08,ARWR
2026-07-08,AVBP
2026-07-08,AVR
2026-07-08,AVTX
2026-07-08,AXSM
2026-07-08,BALL
2026-07-08,BAND
2026-07-08,BATRK
2026-07-08,BEAM
2026-07-08,BEN
2026-07-08,BFLY
2026-07-08,BKD
2026-07-08,BLFS
2026-07-08,BMY
2026-07-08,CADL
2026-07-08,CAKE
2026-07-08,CALY
2026-07-08,CDNA
2026-07-08,CEVA
2026-07-08,CGEM
2026-07-08,CGON
2026-07-08,CHRW
2026-07-08,CLMT
2026-07-08,CLPT
2026-07-08,CLYM
2026-07-08,CMPS
2026-07-08,CNC
2026-07-08,COGT
2026-07-08,COLD
2026-07-08,CRDO
2026-07-08,CRVS
2026-07-08,CYRX
2026-07-08,CYTK
2026-07-08,DCTH
2026-07-08,DMRA
2026-07-08,DNTH
2026-07-08,DRS
2026-07-08,DSGN
2026-07-08,EBAY
2026-07-08,ELV
2026-07-08,ELVN
2026-07-08,ESTA
2026-07-08,EW
2026-07-08,EXEL
2026-07-08,EXPE
2026-07-08,EXTR
2026-07-08,FFIV
2026-07-08,FLYW
2026-07-08,FTRE
2026-07-08,GEV
2026-07-08,GIII
2026-07-08,GLUE
2026-07-08,HAE
2026-07-08,HCSG
2026-07-08,HUBG
2026-07-08,HWM
2026-07-08,IBKR
2026-07-08,IBRX
2026-07-08,IFF
2026-07-08,IMMX
2026-07-08,IMNM
2026-07-08,INDV
2026-07-08,INSW
2026-07-08,IONS
2026-07-08,IRDM
2026-07-08,IRON
2026-07-08,JAZZ
2026-07-08,JBLU
2026-07-08,KTB
2026-07-08,KYIV
2026-07-08,KYTX
2026-07-08,LINC
2026-07-08,LIND
2026-07-08,LINE
2026-07-08,LMND
2026-07-08,LNTH
2026-07-08,LUV
2026-07-08,LYV
2026-07-08,MAMA
2026-07-08,MDB
2026-07-08,MEI
2026-07-08,MITK
2026-07-08,MPC
2026-07-08,MRK
2026-07-08,MRVI
2026-07-08,MRX
2026-07-08,MS
2026-07-08,NAMS
2026-07-08,NEOG
2026-07-08,NESR
2026-07-08,NTAP
2026-07-08,NTCT
2026-07-08,NTLA
2026-07-08,NUVB
2026-07-08,NVAX
2026-07-08,OII
2026-07-08,OPLN
2026-07-08,ORKA
2026-07-08,OUT
2026-07-08,PBI
2026-07-08,PCAR
2026-07-08,PCVX
2026-07-08,PDM
2026-07-08,PGEN
2026-07-08,PM
2026-07-08,PPLI
2026-07-08,PRG
2026-07-08,PSX
2026-07-08,RCUS
2026-07-08,RELY
2026-07-08,RIVN
2026-07-08,ROKU
2026-07-08,RRR
2026-07-08,RUSHA
2026-07-08,RVTY
2026-07-08,RXO
2026-07-08,RXT
2026-07-08,RYAAY
2026-07-08,SBUX
2026-07-08,SHC
2026-07-08,SIMO
2026-07-08,SIRI
2026-07-08,SJM
2026-07-08,SLDE
2026-07-08,SNDA
2026-07-08,SON
2026-07-08,SRRK
2026-07-08,STGW
2026-07-08,STLN
2026-07-08,STOK
2026-07-08,STTK
2026-07-08,SWBI
2026-07-08,SYRE
2026-07-08,TBLA
2026-07-08,TDAY
2026-07-08,TDC
2026-07-08,TGT
2026-07-08,TIGO
2026-07-08,TNGX
2026-07-08,TRGP
2026-07-08,TSHA
2026-07-08,TWST
2026-07-08,TXN
2026-07-08,UA
2026-07-08,UAA
2026-07-08,UAL
2026-07-08,ULCC
2026-07-08,UMBF
2026-07-08,VCTR
2026-07-08,VERA
2026-07-08,VIR
2026-07-08,VLO
2026-07-08,VRTX
2026-07-08,VSAT
2026-07-08,VSTS
2026-07-08,VTRS
2026-07-08,WERN
2026-07-08,WMB
2026-07-08,WRBY
2026-07-08,WTTR
2026-07-08,WYFI
2026-07-08,ZD
2026-07-08,ZURA
2026-07-08,ZYME
2026-07-09,A
2026-07-09,AAPL
2026-07-09,ABCL
2026-07-09,ABNB
2026-07-09,ABUS
2026-07-09,ABVX
2026-07-09,ACHV
2026-07-09,ACMR
2026-07-09,ADAM
2026-07-09,ADUR
2026-07-09,ALAB
2026-07-09,ALGM
2026-07-09,ALGN
2026-07-09,ALTO
2026-07-09,AMAT
2026-07-09,AMBQ
2026-07-09,AMCR
2026-07-09,AMCX
2026-07-09,AMD
2026-07-09,AMLX
2026-07-09,ANAB
2026-07-09,ANET
2026-07-09,ANNX
2026-07-09,APH
2026-07-09,ARKO
2026-07-09,AROC
2026-07-09,ARTV
2026-07-09,ARWR
2026-07-09,ASH
2026-07-09,ASML
2026-07-09,AUPH
2026-07-09,AVBP
2026-07-09,AVTX
2026-07-09,AXP
2026-07-09,AXSM
2026-07-09,BALL
2026-07-09,BCRX
2026-07-09,BEAM
2026-07-09,BEN
2026-07-09,BKD
2026-07-09,BLFS
2026-07-09,BRKR
2026-07-09,C
2026-07-09,CADL
2026-07-09,CALY
2026-07-09,CDNS
2026-07-09,CEVA
2026-07-09,CGEM
2026-07-09,CGON
2026-07-09,CHRW
2026-07-09,CLMT
2026-07-09,CLPT
2026-07-09,CLYM
2026-07-09,CMPS
2026-07-09,CNC
2026-07-09,COLD
2026-07-09,CPAY
2026-07-09,CRDO
2026-07-09,CROX
2026-07-09,CSCO
2026-07-09,CYRX
2026-07-09,CYTK
2026-07-09,DAL
2026-07-09,DHC
2026-07-09,DLTR
2026-07-09,DMRA
2026-07-09,DNTH
2026-07-09,DSGN
2026-07-09,EBAY
2026-07-09,ELV
2026-07-09,ESTA
2026-07-09,EW
2026-07-09,EXPE
2026-07-09,EYPT
2026-07-09,EZPW
2026-07-09,FHI
2026-07-09,FLYW
2026-07-09,FTDR
2026-07-09,FTRE
2026-07-09,GE
2026-07-09,GEV
2026-07-09,GIII
2026-07-09,GILD
2026-07-09,GRAL
2026-07-09,GS
2026-07-09,HAE
2026-07-09,HAPN
2026-07-09,HCSG
2026-07-09,HELE
2026-07-09,HPE
2026-07-09,HRI
2026-07-09,HROW
2026-07-09,HUBG
2026-07-09,HWM
2026-07-09,IART
2026-07-09,IBKR
2026-07-09,IBM
2026-07-09,IBRX
2026-07-09,ICHR
2026-07-09,IFF
2026-07-09,ILPT
2026-07-09,IMMX
2026-07-09,IMNM
2026-07-09,INDV
2026-07-09,INSW
2026-07-09,IQMX
2026-07-09,IRDM
2026-07-09,IRON
2026-07-09,IVZ
2026-07-09,JAZZ
2026-07-09,JBHT
2026-07-09,JBLU
2026-07-09,KTB
2026-07-09,KYIV
2026-07-09,KYTX
2026-07-09,LINC
2026-07-09,LIND
2026-07-09,LINE
2026-07-09,LIVN
2026-07-09,LLY
2026-07-09,LMND
2026-07-09,LNTH
2026-07-09,LSTR
2026-07-09,LUV
2026-07-09,LYV
2026-07-09,LZB
2026-07-09,MAMA
2026-07-09,MDB
2026-07-09,MEI
2026-07-09,MITK
2026-07-09,MPC
2026-07-09,MRCY
2026-07-09,MRK
2026-07-09,MRTN
2026-07-09,MS
2026-07-09,MXL
2026-07-09,NAMS
2026-07-09,NEOG
2026-07-09,NESR
2026-07-09,NTCT
2026-07-09,NUVB
2026-07-09,NVAX
2026-07-09,ODFL
2026-07-09,OII
2026-07-09,OPLN
2026-07-09,OUST
2026-07-09,OUT
2026-07-09,PBI
2026-07-09,PCAR
2026-07-09,PCVX
2026-07-09,PDM
2026-07-09,PGEN
2026-07-09,PH
2026-07-09,PK
2026-07-09,PM
2026-07-09,PPLI
2026-07-09,PRAX
2026-07-09,PSX
2026-07-09,QTTB
2026-07-09,RCUS
2026-07-09,RELY
2026-07-09,RGEN
2026-07-09,RIVN
2026-07-09,ROKU
2026-07-09,RRR
2026-07-09,RUSHA
2026-07-09,RVTY
2026-07-09,RXO
2026-07-09,RYAAY
2026-07-09,SBCF
2026-07-09,SBGI
2026-07-09,SBUX
2026-07-09,SHLS
2026-07-09,SIMO
2026-07-09,SIRI
2026-07-09,SKY
2026-07-09,SLDE
2026-07-09,SNDA
2026-07-09,SON
2026-07-09,STGW
2026-07-09,STLN
2026-07-09,STOK
2026-07-09,STTK
2026-07-09,SVRA
2026-07-09,SWBI
2026-07-09,TBLA
2026-07-09,TDAY
2026-07-09,TDC
2026-07-09,TGT
2026-07-09,TIGO
2026-07-09,TNGX
2026-07-09,TRGP
2026-07-09,TRN
2026-07-09,TRVI
2026-07-09,TSHA
2026-07-09,TXN
2026-07-09,TXRH
2026-07-09,UA
2026-07-09,UAA
2026-07-09,UMBF
2026-07-09,UPS
2026-07-09,URI
2026-07-09,VAC
2026-07-09,VCTR
2026-07-09,VERA
2026-07-09,VIR
2026-07-09,VISN
2026-07-09,VLO
2026-07-09,VRTX
2026-07-09,VSEC
2026-07-09,VTRS
2026-07-09,WAT
2026-07-09,WERN
2026-07-09,WLY
2026-07-09,WRBY
2026-07-09,WTTR
2026-07-09,WYFI
2026-07-09,XMAX
2026-07-09,XMTR
2026-07-09,YETI
2026-07-09,ZURA
2026-07-09,ZVRA
2026-07-09,ZYME
2026-07-10,A
2026-07-10,AAL
2026-07-10,AAPL
2026-07-10,ABCL
2026-07-10,ABNB
2026-07-10,ABVX
2026-07-10,ABX
2026-07-10,ACHV
2026-07-10,ACMR
2026-07-10,ACRS
2026-07-10,ADAM
2026-07-10,ADUR
2026-07-10,ALAB
2026-07-10,ALGN
2026-07-10,ALGT
2026-07-10,ALMS
2026-07-10,ALTO
2026-07-10,AMAT
2026-07-10,AMBQ
2026-07-10,AMCR
2026-07-10,AMCX
2026-07-10,AMD
2026-07-10,AMLX
2026-07-10,AMN
2026-07-10,ANAB
2026-07-10,ANET
2026-07-10,ANNX
2026-07-10,APPS
2026-07-10,ARKO
2026-07-10,AROC
2026-07-10,ARQT
2026-07-10,ARTV
2026-07-10,ASH
2026-07-10,ASND
2026-07-10,AVBP
2026-07-10,AVR
2026-07-10,AVTX
2026-07-10,BALL
2026-07-10,BCRX
2026-07-10,BEN
2026-07-10,BLFS
2026-07-10,BLMN
2026-07-10,BMRN
2026-07-10,BRKR
2026-07-10,CADL
2026-07-10,CALY
2026-07-10,CART
2026-07-10,CBT
2026-07-10,CDNS
2026-07-10,CEVA
2026-07-10,CGEM
2026-07-10,CGNX
2026-07-10,CGON
2026-07-10,CHEF
2026-07-10,CHRW
2026-07-10,CLPT
2026-07-10,CLYM
2026-07-10,CMPS
2026-07-10,CNC
2026-07-10,COGT
2026-07-10,COLD
2026-07-10,CPAY
2026-07-10,CRDO
2026-07-10,CROX
2026-07-10,CRSR
2026-07-10,CRVS
2026-07-10,CRWD
2026-07-10,CSCO
2026-07-10,CYRX
2026-07-10,CYTK
2026-07-10,DCTH
2026-07-10,DDOG
2026-07-10,DELL
2026-07-10,DMRA
2026-07-10,DNTH
2026-07-10,DRI
2026-07-10,DRTS
2026-07-10,DSGN
2026-07-10,EBAY
2026-07-10,ELV
2026-07-10,ELVN
2026-07-10,ESTA
2026-07-10,ETN
2026-07-10,EW
2026-07-10,EXEL
2026-07-10,EXPE
2026-07-10,EYPT
2026-07-10,EZPW
2026-07-10,FDMT
2026-07-10,FFIV
2026-07-10,FHI
2026-07-10,FLYW
2026-07-10,FNKO
2026-07-10,FROG
2026-07-10,FTDR
2026-07-10,FTRE
2026-07-10,GE
2026-07-10,GEV
2026-07-10,GGAL
2026-07-10,GIII
2026-07-10,GILD
2026-07-10,GLUE
2026-07-10,GRMN
2026-07-10,GS
2026-07-10,HAE
2026-07-10,HAPN
2026-07-10,HCSG
2026-07-10,HPE
2026-07-10,HRI
2026-07-10,HROW
2026-07-10,HUBG
2026-07-10,HWM
2026-07-10,IBKR
2026-07-10,IBM
2026-07-10,ICHR
2026-07-10,IDYA
2026-07-10,ILPT
2026-07-10,IMMX
2026-07-10,IMNM
2026-07-10,INDV
2026-07-10,INSW
2026-07-10,IQMX
2026-07-10,IRDM
2026-07-10,IRON
2026-07-10,IVZ
2026-07-10,JAZZ
2026-07-10,JBHT
2026-07-10,JBLU
2026-07-10,JCI
2026-07-10,KDP
2026-07-10,KNSA
2026-07-10,KOD
2026-07-10,KTB
2026-07-10,KURA
2026-07-10,KYIV
2026-07-10,LINC
2026-07-10,LIND
2026-07-10,LINE
2026-07-10,LIVN
2026-07-10,LLY
2026-07-10,LMND
2026-07-10,LNTH
2026-07-10,LSTR
2026-07-10,LUV
2026-07-10,LYV
2026-07-10,LZB
2026-07-10,MAMA
2026-07-10,MAS
2026-07-10,MD
2026-07-10,MEI
2026-07-10,MGM
2026-07-10,MIDD
2026-07-10,MIRM
2026-07-10,MITK
2026-07-10,MPC
2026-07-10,MRK
2026-07-10,MRNA
2026-07-10,MRX
2026-07-10,MS
2026-07-10,MSCI
2026-07-10,NAMS
2026-07-10,NEOG
2026-07-10,NESR
2026-07-10,NOVT
2026-07-10,NTAP
2026-07-10,NTCT
2026-07-10,NUVB
2026-07-10,NVAX
2026-07-10,ODFL
2026-07-10,OII
2026-07-10,OMCL
2026-07-10,OPLN
2026-07-10,ORKA
2026-07-10,OUT
2026-07-10,PACK
2026-07-10,PARR
2026-07-10,PBI
2026-07-10,PCAR
2026-07-10,PCVX
2026-07-10,PDM
2026-07-10,PEB
2026-07-10,PENG
2026-07-10,PGEN
2026-07-10,PK
2026-07-10,PM
2026-07-10,PPLI
2026-07-10,PRAA
2026-07-10,PRAX
2026-07-10,PRG
2026-07-10,PSX
2026-07-10,PTCT
2026-07-10,RCUS
2026-07-10,RELY
2026-07-10,RGEN
2026-07-10,RIVN
2026-07-10,RL
2026-07-10,ROK
2026-07-10,ROKU
2026-07-10,RRR
2026-07-10,RUSHA
2026-07-10,RVTY
2026-07-10,RYAAY
2026-07-10,RYTM
2026-07-10,SAIC
2026-07-10,SBCF
2026-07-10,SBUX
2026-07-10,SIMO
2026-07-10,SIRI
2026-07-10,SMG
2026-07-10,SNDA
2026-07-10,SNDK
2026-07-10,SNDX
2026-07-10,SON
2026-07-10,SRRK
2026-07-10,STGW
2026-07-10,STLN
2026-07-10,STTK
2026-07-10,SVRA
2026-07-10,SWBI
2026-07-10,SWK
2026-07-10,TBLA
2026-07-10,TDAY
2026-07-10,TGT
2026-07-10,TIGO
2026-07-10,TILE
2026-07-10,TMO
2026-07-10,TNGX
2026-07-10,TRGP
2026-07-10,TRN
2026-07-10,TRVI
2026-07-10,TT
2026-07-10,TVTX
2026-07-10,TWST
2026-07-10,TXN
2026-07-10,TXRH
2026-07-10,UA
2026-07-10,UAA
2026-07-10,UAL
2026-07-10,UMBF
2026-07-10,UPS
2026-07-10,URI
2026-07-10,VAC
2026-07-10,VCTR
2026-07-10,VERA
2026-07-10,VIR
2026-07-10,VISN
2026-07-10,VKTX
2026-07-10,VLO
2026-07-10,VMC
2026-07-10,VSAT
2026-07-10,VTRS
2026-07-10,WAT
2026-07-10,WERN
2026-07-10,WLY
2026-07-10,WRBY
2026-07-10,WTTR
2026-07-10,WYFI
2026-07-10,XMTR
2026-07-10,YETI
2026-07-10,ZD
2026-07-10,ZURA
2026-07-10,ZYME
2026-07-13,A
2026-07-13,AAPL
2026-07-13,ABBV
2026-07-13,ABNB
2026-07-13,ABVX
2026-07-13,ABX
2026-07-13,ACHC
2026-07-13,ACHV
2026-07-13,ACRS
2026-07-13,ADUR
2026-07-13,ALGN
2026-07-13,ALGT
2026-07-13,ALMS
2026-07-13,ALTO
2026-07-13,AMCR
2026-07-13,AMCX
2026-07-13,AMD
2026-07-13,AMLX
2026-07-13,AMN
2026-07-13,ANAB
2026-07-13,ANET
2026-07-13,ANNX
2026-07-13,APD
2026-07-13,ARKO
2026-07-13,ARQT
2026-07-13,ASH
2026-07-13,ASND
2026-07-13,AVBP
2026-07-13,AVTX
2026-07-13,BALL
2026-07-13,BAND
2026-07-13,BATRK
2026-07-13,BCAX
2026-07-13,BCRX
2026-07-13,BDX
2026-07-13,BIIB
2026-07-13,BLFS
2026-07-13,BLMN
2026-07-13,BMRN
2026-07-13,BRKR
2026-07-13,CADL
2026-07-13,CALY
2026-07-13,CART
2026-07-13,CBT
2026-07-13,CGEM
2026-07-13,CGON
2026-07-13,CHRW
2026-07-13,CLMT
2026-07-13,CLYM
2026-07-13,CMPS
2026-07-13,CNC
2026-07-13,COLD
2026-07-13,COLM
2026-07-13,CPAY
2026-07-13,CROX
2026-07-13,CRSR
2026-07-13,CRVS
2026-07-13,CRWD
2026-07-13,CSCO
2026-07-13,CYRX
2026-07-13,CYTK
2026-07-13,DCTH
2026-07-13,DDOG
2026-07-13,DELL
2026-07-13,DG
2026-07-13,DMRA
2026-07-13,DNTH
2026-07-13,DRTS
2026-07-13,EBAY
2026-07-13,ELV
2026-07-13,ELVN
2026-07-13,ESTA
2026-07-13,EW
2026-07-13,EWTX
2026-07-13,EXEL
2026-07-13,EXPE
2026-07-13,EXTR
2026-07-13,EYPT
2026-07-13,FFIV
2026-07-13,FHI
2026-07-13,FLYW
2026-07-13,FNKO
2026-07-13,FROG
2026-07-13,FTDR
2026-07-13,FTRE
2026-07-13,GGAL
2026-07-13,GIII
2026-07-13,GILD
2026-07-13,GPCR
2026-07-13,GRMN
2026-07-13,GS
2026-07-13,HAE
2026-07-13,HAPN
2026-07-13,HCSG
2026-07-13,HELE
2026-07-13,HPE
2026-07-13,HRI
2026-07-13,HROW
2026-07-13,HUBG
2026-07-13,HWM
2026-07-13,IART
2026-07-13,IBKR
2026-07-13,IBM
2026-07-13,IDYA
2026-07-13,IMMX
2026-07-13,IMNM
2026-07-13,INCY
2026-07-13,INDV
2026-07-13,INN
2026-07-13,INSW
2026-07-13,IRON
2026-07-13,IVZ
2026-07-13,JBHT
2026-07-13,JCI
2026-07-13,KNSA
2026-07-13,KOD
2026-07-13,KTB
2026-07-13,KURA
2026-07-13,KYIV
2026-07-13,KYMR
2026-07-13,LINC
2026-07-13,LIND
2026-07-13,LINE
2026-07-13,LIVN
2026-07-13,LLY
2026-07-13,LMND
2026-07-13,LNTH
2026-07-13,LSTR
2026-07-13,LYV
2026-07-13,MAMA
2026-07-13,MD
2026-07-13,MEI
2026-07-13,MGM
2026-07-13,MIDD
2026-07-13,MIRM
2026-07-13,MITK
2026-07-13,MRK
2026-07-13,MRTN
2026-07-13,MRX
2026-07-13,MS
2026-07-13,MSCI
2026-07-13,NBIX
2026-07-13,NEOG
2026-07-13,NESR
2026-07-13,NRIX
2026-07-13,NTAP
2026-07-13,NTCT
2026-07-13,NUVB
2026-07-13,NVST
2026-07-13,ODFL
2026-07-13,OII
2026-07-13,OKE
2026-07-13,OMC
2026-07-13,OMCL
2026-07-13,ORKA
2026-07-13,OUT
2026-07-13,PACK
2026-07-13,PBI
2026-07-13,PCAR
2026-07-13,PCVX
2026-07-13,PDM
2026-07-13,PEB
2026-07-13,PENG
2026-07-13,PK
2026-07-13,PPLI
2026-07-13,PRAA
2026-07-13,QURE
2026-07-13,RELY
2026-07-13,RGEN
2026-07-13,RIVN
2026-07-13,RLAY
2026-07-13,ROIV
2026-07-13,RRR
2026-07-13,RUSHA
2026-07-13,RVMD
2026-07-13,RVTY
2026-07-13,RXO
2026-07-13,RYAAY
2026-07-13,RYTM
2026-07-13,SAIC
2026-07-13,SBCF
2026-07-13,SIRI
2026-07-13,SLDB
2026-07-13,SNDA
2026-07-13,SNDX
2026-07-13,SOLV
2026-07-13,SRRK
2026-07-13,STGW
2026-07-13,STTK
2026-07-13,SWBI
2026-07-13,SYRE
2026-07-13,TBLA
2026-07-13,TDAY
2026-07-13,TDC
2026-07-13,TGT
2026-07-13,TIGO
2026-07-13,TMO
2026-07-13,TRGP
2026-07-13,TRN
2026-07-13,TROW
2026-07-13,TT
2026-07-13,TVTX
2026-07-13,TWST
2026-07-13,TXRH
2026-07-13,UA
2026-07-13,UAA
2026-07-13,URI
2026-07-13,UTI
2026-07-13,VAC
2026-07-13,VCTR
2026-07-13,VERA
2026-07-13,VKTX
2026-07-13,VTRS
2026-07-13,WAT
2026-07-13,WERN
2026-07-13,WLY
2026-07-13,WMB
2026-07-13,WTTR
2026-07-13,WYFI
2026-07-13,XMTR
2026-07-13,XNCR
2026-07-13,ZD
2026-07-13,ZURA
2026-07-14,A
2026-07-14,AAPL
2026-07-14,ABBV
2026-07-14,ABNB
2026-07-14,ABVX
2026-07-14,ABX
2026-07-14,ACHV
2026-07-14,ACRS
2026-07-14,ADAM
2026-07-14,ADUR
2026-07-14,ALGN
2026-07-14,ALMS
2026-07-14,ALTO
2026-07-14,AMAT
2026-07-14,AMBQ
2026-07-14,AMCR
2026-07-14,AMD
2026-07-14,AMLX
2026-07-14,AMN
2026-07-14,ANET
2026-07-14,ANRO
2026-07-14,APD
2026-07-14,AROC
2026-07-14,ARQT
2026-07-14,ARTV
2026-07-14,ASH
2026-07-14,ASND
2026-07-14,AVTX
2026-07-14,BALL
2026-07-14,BAND
2026-07-14,BATRK
2026-07-14,BCAX
2026-07-14,BEN
2026-07-14,BFLY
2026-07-14,BIOA
2026-07-14,BLFS
2026-07-14,BLMN
2026-07-14,BMRN
2026-07-14,BMY
2026-07-14,BRKR
2026-07-14,BTSG
2026-07-14,BVS
2026-07-14,CADL
2026-07-14,CART
2026-07-14,CBT
2026-07-14,CGEM
2026-07-14,CGON
2026-07-14,CHRW
2026-07-14,CLDX
2026-07-14,CLMT
2026-07-14,CLYM
2026-07-14,CMPS
2026-07-14,CNC
2026-07-14,COGT
2026-07-14,COLD
2026-07-14,CPAY
2026-07-14,CROX
2026-07-14,CRSR
2026-07-14,CRVS
2026-07-14,CSCO
2026-07-14,CYRX
2026-07-14,CYTK
2026-07-14,DCTH
2026-07-14,DDOG
2026-07-14,DMRA
2026-07-14,DNTH
2026-07-14,DRTS
2026-07-14,EBAY
2026-07-14,ELV
2026-07-14,ELVN
2026-07-14,ESTA
2026-07-14,ETN
2026-07-14,EVC
2026-07-14,EXEL
2026-07-14,EXPE
2026-07-14,EXTR
2026-07-14,FDMT
2026-07-14,FFIV
2026-07-14,FHI
2026-07-14,FLYW
2026-07-14,FNKO
2026-07-14,FROG
2026-07-14,FTDR
2026-07-14,FTRE
2026-07-14,GEO
2026-07-14,GIII
2026-07-14,GILD
2026-07-14,GLUE
2026-07-14,GPCR
2026-07-14,GPRE
2026-07-14,GRMN
2026-07-14,HAE
2026-07-14,HAPN
2026-07-14,HCSG
2026-07-14,HPE
2026-07-14,HRI
2026-07-14,HTLD
2026-07-14,HUBG
2026-07-14,HWM
2026-07-14,IART
2026-07-14,IBKR
2026-07-14,ICHR
2026-07-14,IDYA
2026-07-14,ILPT
2026-07-14,IMMX
2026-07-14,IMNM
2026-07-14,IMVT
2026-07-14,INCY
2026-07-14,INDV
2026-07-14,INN
2026-07-14,INSW
2026-07-14,IQMX
2026-07-14,IRON
2026-07-14,IVZ
2026-07-14,JAZZ
2026-07-14,JBHT
2026-07-14,JCI
2026-07-14,KNSA
2026-07-14,KOD
2026-07-14,KTB
2026-07-14,KURA
2026-07-14,KYIV
2026-07-14,KYMR
2026-07-14,LINC
2026-07-14,LIND
2026-07-14,LINE
2026-07-14,LMND
2026-07-14,LQDA
2026-07-14,LYV
2026-07-14,MAMA
2026-07-14,MAS
2026-07-14,MDB
2026-07-14,MEC
2026-07-14,MGTX
2026-07-14,MIRM
2026-07-14,MITK
2026-07-14,MRNA
2026-07-14,MRTN
2026-07-14,MRX
2026-07-14,MS
2026-07-14,MSCI
2026-07-14,NBIX
2026-07-14,NEOG
2026-07-14,NESR
2026-07-14,NTCT
2026-07-14,NUVB
2026-07-14,NVST
2026-07-14,ODFL
2026-07-14,OII
2026-07-14,OKE
2026-07-14,OMC
2026-07-14,OMCL
2026-07-14,OPLN
2026-07-14,ORKA
2026-07-14,OUT
2026-07-14,PACK
2026-07-14,PBI
2026-07-14,PCAR
2026-07-14,PCVX
2026-07-14,PDM
2026-07-14,PENG
2026-07-14,PPLI
2026-07-14,PRAA
2026-07-14,PRAX
2026-07-14,QURE
2026-07-14,RARE
2026-07-14,RELY
2026-07-14,RGEN
2026-07-14,RGNX
2026-07-14,RIVN
2026-07-14,RLAY
2026-07-14,ROIV
2026-07-14,ROK
2026-07-14,RRR
2026-07-14,RUSHA
2026-07-14,RVTY
2026-07-14,RXO
2026-07-14,RYAAY
2026-07-14,RYTM
2026-07-14,SAIC
2026-07-14,SBCF
2026-07-14,SGMT
2026-07-14,SHC
2026-07-14,SHLS
2026-07-14,SIBN
2026-07-14,SIMO
2026-07-14,SIRI
2026-07-14,SLDB
2026-07-14,SLDE
2026-07-14,SNDA
2026-07-14,SNDX
2026-07-14,SRRK
2026-07-14,STGW
2026-07-14,SYRE
2026-07-14,TBLA
2026-07-14,TDAY
2026-07-14,TGT
2026-07-14,TIGO
2026-07-14,TNGX
2026-07-14,TRGP
2026-07-14,TRN
2026-07-14,TROW
2026-07-14,TRVI
2026-07-14,TT
2026-07-14,TVTX
2026-07-14,TWST
2026-07-14,TXN
2026-07-14,TXRH
2026-07-14,UA
2026-07-14,UAA
2026-07-14,UTI
2026-07-14,VAC
2026-07-14,VCYT
2026-07-14,VERA
2026-07-14,VKTX
2026-07-14,VTRS
2026-07-14,WAT
2026-07-14,WERN
2026-07-14,WLY
2026-07-14,WMB
2026-07-14,WT
2026-07-14,WTTR
2026-07-14,XMTR
2026-07-14,XNCR
2026-07-14,ZD
2026-07-14,ZURA
2026-07-15,A
2026-07-15,AAPL
2026-07-15,ABBV
2026-07-15,ABNB
2026-07-15,ABVX
2026-07-15,ABX
2026-07-15,ACHV
2026-07-15,ACRS
2026-07-15,ALGN
2026-07-15,ALGT
2026-07-15,ALMS
2026-07-15,AMCR
2026-07-15,AMCX
2026-07-15,AMD
2026-07-15,AMLX
2026-07-15,AMN
2026-07-15,ANET
2026-07-15,ANNX
2026-07-15,ANRO
2026-07-15,APD
2026-07-15,ARQT
2026-07-15,ARTV
2026-07-15,ASML
2026-07-15,ASND
2026-07-15,ASTH
2026-07-15,ATEN
2026-07-15,AVTX
2026-07-15,AYA
2026-07-15,BALL
2026-07-15,BAND
2026-07-15,BCAX
2026-07-15,BDX
2026-07-15,BEN
2026-07-15,BHVN
2026-07-15,BIOA
2026-07-15,BLFS
2026-07-15,BLMN
2026-07-15,BMRN
2026-07-15,BMY
2026-07-15,BRKR
2026-07-15,BTSG
2026-07-15,CADL
2026-07-15,CART
2026-07-15,CBT
2026-07-15,CGEM
2026-07-15,CGON
2026-07-15,CHRW
2026-07-15,CLDX
2026-07-15,CLMT
2026-07-15,CLYM
2026-07-15,CMPS
2026-07-15,CNC
2026-07-15,COGT
2026-07-15,COLD
2026-07-15,CPAY
2026-07-15,CROX
2026-07-15,CRSR
2026-07-15,CRVS
2026-07-15,CYRX
2026-07-15,CYTK
2026-07-15,DCTH
2026-07-15,DDOG
2026-07-15,DG
2026-07-15,DMRA
2026-07-15,DNTH
2026-07-15,DRTS
2026-07-15,EBAY
2026-07-15,ESTA
2026-07-15,ETN
2026-07-15,EWTX
2026-07-15,EXEL
2026-07-15,EXPE
2026-07-15,FDMT
2026-07-15,FFIV
2026-07-15,FHI
2026-07-15,FLYW
2026-07-15,FNKO
2026-07-15,FROG
2026-07-15,FTDR
2026-07-15,FTRE
2026-07-15,GE
2026-07-15,GEO
2026-07-15,GGAL
2026-07-15,GIII
2026-07-15,GILD
2026-07-15,GLUE
2026-07-15,GPRE
2026-07-15,GRAL
2026-07-15,HAE
2026-07-15,HAPN
2026-07-15,HCSG
2026-07-15,HELE
2026-07-15,HPE
2026-07-15,HRI
2026-07-15,HRL
2026-07-15,HROW
2026-07-15,HUBG
2026-07-15,HWM
2026-07-15,IART
2026-07-15,IBKR
2026-07-15,ICHR
2026-07-15,IDYA
2026-07-15,ILMN
2026-07-15,ILPT
2026-07-15,IMMX
2026-07-15,IMNM
2026-07-15,INCY
2026-07-15,INDV
2026-07-15,INN
2026-07-15,INSW
2026-07-15,IQMX
2026-07-15,IRON
2026-07-15,IVZ
2026-07-15,JAZZ
2026-07-15,JBIO
2026-07-15,JCI
2026-07-15,KNF
2026-07-15,KNSA
2026-07-15,KOD
2026-07-15,KSS
2026-07-15,KTB
2026-07-15,KURA
2026-07-15,KYIV
2026-07-15,LIND
2026-07-15,LINE
2026-07-15,LQDA
2026-07-15,LUV
2026-07-15,LZB
2026-07-15,MAS
2026-07-15,MD
2026-07-15,MEC
2026-07-15,MEI
2026-07-15,MGM
2026-07-15,MGTX
2026-07-15,MIRM
2026-07-15,MITK
2026-07-15,MRK
2026-07-15,MRNA
2026-07-15,MRX
2026-07-15,MS
2026-07-15,MSCI
2026-07-15,NBIX
2026-07-15,NEOG
2026-07-15,NESR
2026-07-15,NKTR
2026-07-15,NTAP
2026-07-15,NUVB
2026-07-15,NVST
2026-07-15,ODFL
2026-07-15,OII
2026-07-15,OKE
2026-07-15,OMC
2026-07-15,OMCL
2026-07-15,OPLN
2026-07-15,ORKA
2026-07-15,OUT
2026-07-15,PACK
2026-07-15,PAYS
2026-07-15,PBI
2026-07-15,PCAR
2026-07-15,PCVX
2026-07-15,PDM
2026-07-15,PENG
2026-07-15,PENN
2026-07-15,PII
2026-07-15,PM
2026-07-15,PPLI
2026-07-15,PRAA
2026-07-15,PRAX
2026-07-15,PSX
2026-07-15,QTTB
2026-07-15,QURE
2026-07-15,RARE
2026-07-15,RDN
2026-07-15,RGNX
2026-07-15,RIVN
2026-07-15,ROIV
2026-07-15,RRR
2026-07-15,RUSHA
2026-07-15,RVMD
2026-07-15,RVTY
2026-07-15,RXO
2026-07-15,RYTM
2026-07-15,SAIC
2026-07-15,SBGI
2026-07-15,SBUX
2026-07-15,SGMT
2026-07-15,SHC
2026-07-15,SHLS
2026-07-15,SHOO
2026-07-15,SIBN
2026-07-15,SIRI
2026-07-15,SKWD
2026-07-15,SKY
2026-07-15,SLDB
2026-07-15,SLDE
2026-07-15,SLS
2026-07-15,SMG
2026-07-15,SNDX
2026-07-15,SOLV
2026-07-15,SRRK
2026-07-15,STGW
2026-07-15,STLN
2026-07-15,STTK
2026-07-15,SWK
2026-07-15,TBLA
2026-07-15,TDAY
2026-07-15,TGT
2026-07-15,TIGO
2026-07-15,TILE
2026-07-15,TNGX
2026-07-15,TNL
2026-07-15,TRGP
2026-07-15,TRN
2026-07-15,TRVI
2026-07-15,TT
2026-07-15,TVTX
2026-07-15,TWST
2026-07-15,TXRH
2026-07-15,UA
2026-07-15,UAA
2026-07-15,VAC
2026-07-15,VERA
2026-07-15,VKTX
2026-07-15,VLO
2026-07-15,VTRS
2026-07-15,WAT
2026-07-15,WERN
2026-07-15,WLY
2026-07-15,WRBY
2026-07-15,WSC
2026-07-15,WSM
2026-07-15,WT
2026-07-15,WTTR
2026-07-15,XMTR
2026-07-15,XNCR
2026-07-15,ZD
2026-07-15,ZURA
2026-07-16,A
2026-07-16,ABNB
2026-07-16,ABVX
2026-07-16,ACAD
2026-07-16,ACRS
2026-07-16,ALGN
2026-07-16,ALL
2026-07-16,ALMS
2026-07-16,AMCX
2026-07-16,AMN
2026-07-16,ANNX
2026-07-16,ANRO
2026-07-16,APD
2026-07-16,ARKO
2026-07-16,ARQT
2026-07-16,ASND
2026-07-16,ATEN
2026-07-16,AVNT
2026-07-16,BALL
2026-07-16,BAND
2026-07-16,BBIO
2026-07-16,BCAX
2026-07-16,BDX
2026-07-16,BEN
2026-07-16,BIIB
2026-07-16,BKD
2026-07-16,BLMN
2026-07-16,BMRN
2026-07-16,BMY
2026-07-16,BRKR
2026-07-16,BTSG
2026-07-16,CBT
2026-07-16,CGON
2026-07-16,COGT
2026-07-16,COLD
2026-07-16,COLM
2026-07-16,COO
2026-07-16,CPAY
2026-07-16,CRSR
2026-07-16,CRWD
2026-07-16,CWST
2026-07-16,CYRX
2026-07-16,DCTH
2026-07-16,DDOG
2026-07-16,DE
2026-07-16,DHC
2026-07-16,DMRA
2026-07-16,DNTH
2026-07-16,DRTS
2026-07-16,DYN
2026-07-16,ELVN
2026-07-16,ESTA
2026-07-16,EXEL
2026-07-16,EXPE
2026-07-16,FHB
2026-07-16,FHI
2026-07-16,FLYW
2026-07-16,FNKO
2026-07-16,FSLY
2026-07-16,FTDR
2026-07-16,FTNT
2026-07-16,FTRE
2026-07-16,GEO
2026-07-16,GH
2026-07-16,GIII
2026-07-16,GILD
2026-07-16,GLUE
2026-07-16,GPRE
2026-07-16,GRMN
2026-07-16,GS
2026-07-16,HAE
2026-07-16,HAPN
2026-07-16,HCSG
2026-07-16,HELE
2026-07-16,HGV
2026-07-16,HRI
2026-07-16,HROW
2026-07-16,HTLD
2026-07-16,HUM
2026-07-16,IDYA
2026-07-16,IFF
2026-07-16,ILPT
2026-07-16,IMNM
2026-07-16,IMVT
2026-07-16,INCY
2026-07-16,INDV
2026-07-16,INN
2026-07-16,INSW
2026-07-16,IVZ
2026-07-16,JAZZ
2026-07-16,JBHT
2026-07-16,JBLU
2026-07-16,KDP
2026-07-16,KNF
2026-07-16,KNSA
2026-07-16,KOD
2026-07-16,KSS
2026-07-16,LINE
2026-07-16,LIVN
2026-07-16,LLY
2026-07-16,LNTH
2026-07-16,LQDA
2026-07-16,LUV
2026-07-16,LYV
2026-07-16,LZB
2026-07-16,MAS
2026-07-16,MCK
2026-07-16,MD
2026-07-16,MGM
2026-07-16,MIDD
2026-07-16,MITK
2026-07-16,MRK
2026-07-16,MRTN
2026-07-16,MSCI
2026-07-16,MTCH
2026-07-16,MTH
2026-07-16,NBIX
2026-07-16,NEOG
2026-07-16,NESR
2026-07-16,NRIX
2026-07-16,NTRA
2026-07-16,NVST
2026-07-16,ODFL
2026-07-16,OII
2026-07-16,OKE
2026-07-16,OMC
2026-07-16,OMCL
2026-07-16,OPLN
2026-07-16,ORKA
2026-07-16,OUT
2026-07-16,PACK
2026-07-16,PAYS
2026-07-16,PBI
2026-07-16,PCAR
2026-07-16,PCVX
2026-07-16,PENN
2026-07-16,PII
2026-07-16,PKG
2026-07-16,PM
2026-07-16,PPG
2026-07-16,PPLI
2026-07-16,PRAA
2026-07-16,QTTB
2026-07-16,RDN
2026-07-16,RIVN
2026-07-16,RL
2026-07-16,RLAY
2026-07-16,ROK
2026-07-16,RVTY
2026-07-16,RXO
2026-07-16,RYAAY
2026-07-16,SAIC
2026-07-16,SBCF
2026-07-16,SBGI
2026-07-16,SBUX
2026-07-16,SGMT
2026-07-16,SHLS
2026-07-16,SHOO
2026-07-16,SIBN
2026-07-16,SIRI
2026-07-16,SJM
2026-07-16,SKY
2026-07-16,SLDE
2026-07-16,SNDA
2026-07-16,SNDX
2026-07-16,SOLV
2026-07-16,SON
2026-07-16,STGW
2026-07-16,STTK
2026-07-16,SW
2026-07-16,SWBI
2026-07-16,SWK
2026-07-16,SYRE
2026-07-16,TBLA
2026-07-16,TDAY
2026-07-16,TGT
2026-07-16,TGTX
2026-07-16,TIGO
2026-07-16,TILE
2026-07-16,TNL
2026-07-16,TPR
2026-07-16,TRGP
2026-07-16,TRN
2026-07-16,TWST
2026-07-16,TXRH
2026-07-16,TYRA
2026-07-16,UNH
2026-07-16,VAC
2026-07-16,VRTX
2026-07-16,VTRS
2026-07-16,WAT
2026-07-16,WERN
2026-07-16,WLY
2026-07-16,WMB
2026-07-16,WSC
2026-07-16,WSM
2026-07-16,WT
2026-07-16,WTTR
2026-07-16,XMTR
2026-07-16,XNCR
2026-07-16,XYZ
2026-07-16,YETI
2026-07-16,ZURA
2026-07-17,ABEO
2026-07-17,ABNB
2026-07-17,ABVX
2026-07-17,ACAD
2026-07-17,ACHV
2026-07-17,ACRS
2026-07-17,AHCO
2026-07-17,ALMS
2026-07-17,ALTO
2026-07-17,AMCR
2026-07-17,AMCX
2026-07-17,AMLX
2026-07-17,AMN
2026-07-17,ANNX
2026-07-17,ANRO
2026-07-17,APD
2026-07-17,ARKO
2026-07-17,ARTV
2026-07-17,ASND
2026-07-17,ATEN
2026-07-17,AVBP
2026-07-17,AVNT
2026-07-17,AVTX
2026-07-17,BALL
2026-07-17,BAND
2026-07-17,BATRK
2026-07-17,BBIO
2026-07-17,BCAX
2026-07-17,BDX
2026-07-17,BHVN
2026-07-17,BIIB
2026-07-17,BIOA
2026-07-17,BKD
2026-07-17,BLFS
2026-07-17,BLMN
2026-07-17,BMRN
2026-07-17,BMY
2026-07-17,BNY
2026-07-17,BTSG
2026-07-17,BV
2026-07-17,CADL
2026-07-17,CBT
2026-07-17,CGEM
2026-07-17,CGON
2026-07-17,CHEF
2026-07-17,CINF
2026-07-17,CNC
2026-07-17,COGT
2026-07-17,COLD
2026-07-17,CPAY
2026-07-17,CRSR
2026-07-17,CRVS
2026-07-17,CRWD
2026-07-17,CWST
2026-07-17,CYRX
2026-07-17,DCTH
2026-07-17,DDOG
2026-07-17,DE
2026-07-17,DG
2026-07-17,DHC
2026-07-17,DLTR
2026-07-17,DMRA
2026-07-17,DNTH
2026-07-17,DRTS
2026-07-17,DYN
2026-07-17,ELVN
2026-07-17,ESTA
2026-07-17,EXEL
2026-07-17,EXPE
2026-07-17,FHB
2026-07-17,FHI
2026-07-17,FLG
2026-07-17,FLYW
2026-07-17,FNKO
2026-07-17,FROG
2026-07-17,FSLY
2026-07-17,FTDR
2026-07-17,FTNT
2026-07-17,FTRE
2026-07-17,GEO
2026-07-17,GH
2026-07-17,GIII
2026-07-17,GILD
2026-07-17,GLUE
2026-07-17,GRMN
2026-07-17,HAE
2026-07-17,HELE
2026-07-17,HRI
2026-07-17,HRL
2026-07-17,HTLD
2026-07-17,HUM
2026-07-17,HWM
2026-07-17,IART
2026-07-17,IDYA
2026-07-17,IFF
2026-07-17,ILMN
2026-07-17,ILPT
2026-07-17,IMMX
2026-07-17,IMNM
2026-07-17,INCY
2026-07-17,INDV
2026-07-17,INN
2026-07-17,INSW
2026-07-17,IOVA
2026-07-17,IQV
2026-07-17,IRON
2026-07-17,IVZ
2026-07-17,JAZZ
2026-07-17,JBHT
2026-07-17,KNSA
2026-07-17,KOD
2026-07-17,KSS
2026-07-17,KTB
2026-07-17,LINE
2026-07-17,LLY
2026-07-17,LMND
2026-07-17,LNTH
2026-07-17,LQDA
2026-07-17,LYV
2026-07-17,LZB
2026-07-17,MAS
2026-07-17,MCK
2026-07-17,MD
2026-07-17,MGTX
2026-07-17,MIRM
2026-07-17,MITK
2026-07-17,MMM
2026-07-17,MRK
2026-07-17,MRTN
2026-07-17,MSCI
2026-07-17,MSGE
2026-07-17,MTCH
2026-07-17,NBIX
2026-07-17,NEOG
2026-07-17,NESR
2026-07-17,NKTR
2026-07-17,NRIX
2026-07-17,NTAP
2026-07-17,NTRA
2026-07-17,NUVB
2026-07-17,NVST
2026-07-17,ODFL
2026-07-17,OII
2026-07-17,OKE
2026-07-17,OMC
2026-07-17,OMCL
2026-07-17,OUT
2026-07-17,PAYS
2026-07-17,PBI
2026-07-17,PCAR
2026-07-17,PCVX
2026-07-17,PH
2026-07-17,PII
2026-07-17,PKG
2026-07-17,PM
2026-07-17,PRAA
2026-07-17,PRVA
2026-07-17,QTTB
2026-07-17,RDN
2026-07-17,RELY
2026-07-17,RGEN
2026-07-17,RIVN
2026-07-17,ROIV
2026-07-17,RRR
2026-07-17,RUSHA
2026-07-17,RVMD
2026-07-17,RVTY
2026-07-17,RXO
2026-07-17,SAIC
2026-07-17,SBCF
2026-07-17,SBUX
2026-07-17,SEZL
2026-07-17,SGMT
2026-07-17,SHC
2026-07-17,SHLS
2026-07-17,SHOO
2026-07-17,SIBN
2026-07-17,SIRI
2026-07-17,SJM
2026-07-17,SKY
2026-07-17,SLDE
2026-07-17,SLS
2026-07-17,SMG
2026-07-17,SNDA
2026-07-17,SNDX
2026-07-17,SOLV
2026-07-17,SON
2026-07-17,STGW
2026-07-17,STT
2026-07-17,STTK
2026-07-17,SW
2026-07-17,SWK
2026-07-17,SYRE
2026-07-17,TBLA
2026-07-17,TDAY
2026-07-17,TGT
2026-07-17,TGTX
2026-07-17,TIGO
2026-07-17,TMO
2026-07-17,TPC
2026-07-17,TRN
2026-07-17,TROW
2026-07-17,TRVI
2026-07-17,TVTX
2026-07-17,TWST
2026-07-17,TXRH
2026-07-17,TYRA
2026-07-17,UNH
2026-07-17,VAC
2026-07-17,VCYT
2026-07-17,VKTX
2026-07-17,VRTX
2026-07-17,VTRS
2026-07-17,WERN
2026-07-17,WLY
2026-07-17,WSC
2026-07-17,WSM
2026-07-17,WT
2026-07-17,WTTR
2026-07-17,XMTR
2026-07-17,XYZ
2026-07-17,YETI
2026-07-17,ZNTL
2026-07-17,ZURA
2026-07-20,AAPL
2026-07-20,ABNB
2026-07-20,ABVX
2026-07-20,ACAD
2026-07-20,ACHV
2026-07-20,ACRS
2026-07-20,AHCO
2026-07-20,ALHC
2026-07-20,ALMS
2026-07-20,ALTO
2026-07-20,AMCR
2026-07-20,AMCX
2026-07-20,AMLX
2026-07-20,AMN
2026-07-20,APD
2026-07-20,ARQT
2026-07-20,ASH
2026-07-20,ATEN
2026-07-20,AVO
2026-07-20,AVTX
2026-07-20,BAND
2026-07-20,BBIO
2026-07-20,BDX
2026-07-20,BFH
2026-07-20,BHVN
2026-07-20,BKD
2026-07-20,BLFS
2026-07-20,BLMN
2026-07-20,BMRN
2026-07-20,BMY
2026-07-20,BTSG
2026-07-20,BV
2026-07-20,BVS
2026-07-20,CADL
2026-07-20,CALY
2026-07-20,CART
2026-07-20,CASY
2026-07-20,CBT
2026-07-20,CF
2026-07-20,CGEM
2026-07-20,CGON
2026-07-20,CHEF
2026-07-20,CINF
2026-07-20,CNC
2026-07-20,CNK
2026-07-20,COGT
2026-07-20,COKE
2026-07-20,CPAY
2026-07-20,CRL
2026-07-20,CROX
2026-07-20,CRSR
2026-07-20,CRWD
2026-07-20,DDOG
2026-07-20,DG
2026-07-20,DHC
2026-07-20,DLTR
2026-07-20,DNTH
2026-07-20,DRTS
2026-07-20,DYN
2026-07-20,EBAY
2026-07-20,ELVN
2026-07-20,EOG
2026-07-20,EXEL
2026-07-20,EXPE
2026-07-20,FFIV
2026-07-20,FITB
2026-07-20,FLYW
2026-07-20,FNKO
2026-07-20,FROG
2026-07-20,FSLY
2026-07-20,FTDR
2026-07-20,FTNT
2026-07-20,FTRE
2026-07-20,GCT
2026-07-20,GEV
2026-07-20,GIII
2026-07-20,GILD
2026-07-20,GLUE
2026-07-20,GPRE
2026-07-20,GRMN
2026-07-20,HAE
2026-07-20,HCSG
2026-07-20,HELE
2026-07-20,HRI
2026-07-20,HRL
2026-07-20,HTLD
2026-07-20,HUM
2026-07-20,HWM
2026-07-20,IART
2026-07-20,ILMN
2026-07-20,IMNM
2026-07-20,IMVT
2026-07-20,INCY
2026-07-20,INN
2026-07-20,INSW
2026-07-20,IOVA
2026-07-20,IQV
2026-07-20,IVZ
2026-07-20,JAZZ
2026-07-20,JBHT
2026-07-20,KFY
2026-07-20,KNSA
2026-07-20,KOD
2026-07-20,KSS
2026-07-20,KTB
2026-07-20,KYMR
2026-07-20,LIND
2026-07-20,LMND
2026-07-20,LQDA
2026-07-20,LYV
2026-07-20,LZB
2026-07-20,MCK
2026-07-20,MD
2026-07-20,MRK
2026-07-20,MRTN
2026-07-20,MSCI
2026-07-20,MSGE
2026-07-20,MTCH
2026-07-20,MTN
2026-07-20,NBIX
2026-07-20,NEOG
2026-07-20,NRIX
2026-07-20,NUVB
2026-07-20,NVST
2026-07-20,ODFL
2026-07-20,OII
2026-07-20,OMC
2026-07-20,OMCL
2026-07-20,PBI
2026-07-20,PCAR
2026-07-20,PDM
2026-07-20,PENN
2026-07-20,PH
2026-07-20,PII
2026-07-20,PM
2026-07-20,PRG
2026-07-20,PTGX
2026-07-20,PUBM
2026-07-20,QTTB
2026-07-20,RCUS
2026-07-20,RDN
2026-07-20,RELY
2026-07-20,REPL
2026-07-20,RGEN
2026-07-20,RIVN
2026-07-20,RLAY
2026-07-20,RRR
2026-07-20,RUSHA
2026-07-20,RVMD
2026-07-20,RXO
2026-07-20,SAIC
2026-07-20,SBCF
2026-07-20,SBUX
2026-07-20,SEZL
2026-07-20,SHOO
2026-07-20,SIBN
2026-07-20,SIRI
2026-07-20,SJM
2026-07-20,SLDE
2026-07-20,SLGN
2026-07-20,SLS
2026-07-20,SMG
2026-07-20,SNDA
2026-07-20,SNDX
2026-07-20,SOLV
2026-07-20,SON
2026-07-20,STGW
2026-07-20,STT
2026-07-20,STTK
2026-07-20,SYRE
2026-07-20,TBLA
2026-07-20,TDAY
2026-07-20,TGT
2026-07-20,TIGO
2026-07-20,TPC
2026-07-20,TRN
2026-07-20,TXRH
2026-07-20,UNH
2026-07-20,UPS
2026-07-20,VCYT
2026-07-20,VTRS
2026-07-20,WERN
2026-07-20,WFC
2026-07-20,WLY
2026-07-20,WSM
2026-07-20,WT
2026-07-20,WTTR
2026-07-20,WU
2026-07-20,XENE
2026-07-20,XMTR
2026-07-20,XYZ
2026-07-20,YETI
2026-07-20,ZNTL
2026-07-20,ZURA
2026-07-21,A
2026-07-21,AAPL
2026-07-21,ABEO
2026-07-21,ABVX
2026-07-21,ACAD
2026-07-21,ACHV
2026-07-21,ACMR
2026-07-21,ACRS
2026-07-21,AHCO
2026-07-21,ALHC
2026-07-21,ALMS
2026-07-21,AMCR
2026-07-21,AMCX
2026-07-21,AMD
2026-07-21,AMLX
2026-07-21,AMN
2026-07-21,ANET
2026-07-21,ANRO
2026-07-21,APD
2026-07-21,APH
2026-07-21,ARKO
2026-07-21,AROC
2026-07-21,ARQT
2026-07-21,ARTV
2026-07-21,ASH
2026-07-21,ASML
2026-07-21,ASTH
2026-07-21,ATEN
2026-07-21,AVNT
2026-07-21,AVTX
2026-07-21,AYA
2026-07-21,BAND
2026-07-21,BBIO
2026-07-21,BCAX
2026-07-21,BDX
2026-07-21,BFH
2026-07-21,BGC
2026-07-21,BHVN
2026-07-21,BIIB
2026-07-21,BIOA
2026-07-21,BKD
2026-07-21,BLFS
2026-07-21,BLMN
2026-07-21,BMRN
2026-07-21,BMY
2026-07-21,BRKR
2026-07-21,BTSG
2026-07-21,BVS
2026-07-21,CADL
2026-07-21,CASY
2026-07-21,CBT
2026-07-21,CF
2026-07-21,CFG
2026-07-21,CGEM
2026-07-21,CGON
2026-07-21,CLYM
2026-07-21,CNC
2026-07-21,CNK
2026-07-21,COGT
2026-07-21,COKE
2026-07-21,CPAY
2026-07-21,CRL
2026-07-21,CROX
2026-07-21,CRSR
2026-07-21,CRVS
2026-07-21,CYRX
2026-07-21,DCTH
2026-07-21,DDOG
2026-07-21,DG
2026-07-21,DHC
2026-07-21,DLTR
2026-07-21,DMRA
2026-07-21,DNTH
2026-07-21,DRTS
2026-07-21,DYN
2026-07-21,EBAY
2026-07-21,EXEL
2026-07-21,EXPE
2026-07-21,FNKO
2026-07-21,FSLY
2026-07-21,FTNT
2026-07-21,FTRE
2026-07-21,GCT
2026-07-21,GEV
2026-07-21,GGAL
2026-07-21,GH
2026-07-21,GIII
2026-07-21,GLUE
2026-07-21,GPRE
2026-07-21,GRPN
2026-07-21,GS
2026-07-21,HAE
2026-07-21,HCSG
2026-07-21,HPE
2026-07-21,HRI
2026-07-21,HRMY
2026-07-21,HTLD
2026-07-21,HUM
2026-07-21,HWM
2026-07-21,IART
2026-07-21,IBKR
2026-07-21,IBRX
2026-07-21,ICHR
2026-07-21,IDYA
2026-07-21,ILPT
2026-07-21,IMNM
2026-07-21,IMVT
2026-07-21,INCY
2026-07-21,INDV
2026-07-21,INSW
2026-07-21,IQMX
2026-07-21,IQV
2026-07-21,IRON
2026-07-21,IVZ
2026-07-21,JAZZ
2026-07-21,JBHT
2026-07-21,KFY
2026-07-21,KNSA
2026-07-21,KOD
2026-07-21,KSS
2026-07-21,KTB
2026-07-21,KURA
2026-07-21,KYMR
2026-07-21,LLY
2026-07-21,LMND
2026-07-21,LNTH
2026-07-21,LQDA
2026-07-21,LUV
2026-07-21,MD
2026-07-21,MEI
2026-07-21,MGTX
2026-07-21,MMM
2026-07-21,MRK
2026-07-21,MRTN
2026-07-21,MRX
2026-07-21,MSGE
2026-07-21,MTCH
2026-07-21,MTN
2026-07-21,NBIX
2026-07-21,NEOG
2026-07-21,NESR
2026-07-21,NKTR
2026-07-21,NTAP
2026-07-21,NTRA
2026-07-21,NUVB
2026-07-21,NVST
2026-07-21,ODFL
2026-07-21,OII
2026-07-21,OKE
2026-07-21,OKTA
2026-07-21,OPLN
2026-07-21,PANW
2026-07-21,PBI
2026-07-21,PCVX
2026-07-21,PDM
2026-07-21,PENN
2026-07-21,PGEN
2026-07-21,PH
2026-07-21,PII
2026-07-21,PM
2026-07-21,PRAX
2026-07-21,PRG
2026-07-21,QTTB
2026-07-21,RCUS
2026-07-21,RDN
2026-07-21,RELY
2026-07-21,REPL
2026-07-21,RIVN
2026-07-21,RLAY
2026-07-21,ROIV
2026-07-21,ROST
2026-07-21,RRR
2026-07-21,RUSHA
2026-07-21,RVMD
2026-07-21,RVTY
2026-07-21,RXO
2026-07-21,RYTM
2026-07-21,SBUX
2026-07-21,SCHW
2026-07-21,SFBS
2026-07-21,SHOO
2026-07-21,SIBN
2026-07-21,SIRI
2026-07-21,SJM
2026-07-21,SKY
2026-07-21,SLDE
2026-07-21,SLGN
2026-07-21,SLS
2026-07-21,SMG
2026-07-21,SNDA
2026-07-21,SNDX
2026-07-21,SOLV
2026-07-21,SON
2026-07-21,STT
2026-07-21,STTK
2026-07-21,SVRA
2026-07-21,SWBI
2026-07-21,SWK
2026-07-21,SYRE
2026-07-21,TDAY
2026-07-21,TGT
2026-07-21,TIGO
2026-07-21,TPC
2026-07-21,TRN
2026-07-21,TRVI
2026-07-21,TVTX
2026-07-21,TWST
2026-07-21,TXRH
2026-07-21,TYRA
2026-07-21,UCTT
2026-07-21,UNH
2026-07-21,UPS
2026-07-21,VCTR
2026-07-21,VCYT
2026-07-21,VISN
2026-07-21,VKTX
2026-07-21,VOD
2026-07-21,VSAT
2026-07-21,VTRS
2026-07-21,WFC
2026-07-21,WLY
2026-07-21,WT
2026-07-21,WTTR
2026-07-21,WU
2026-07-21,WWD
2026-07-21,XMAX
2026-07-21,XMTR
2026-07-21,XYZ
2026-07-21,YETI
2026-07-21,ZD
2026-07-21,ZNTL
2026-07-21,ZURA
2026-07-22,A
2026-07-22,ABVX
2026-07-22,ACHV
2026-07-22,ACRS
2026-07-22,ADPT
2026-07-22,AHCO
2026-07-22,ALMS
2026-07-22,AMCR
2026-07-22,AMCX
2026-07-22,AMD
2026-07-22,AMLX
2026-07-22,AMN
2026-07-22,ANET
2026-07-22,ANRO
2026-07-22,APD
2026-07-22,APH
2026-07-22,ARKO
2026-07-22,AROC
2026-07-22,ARQT
2026-07-22,ARTV
2026-07-22,ARWR
2026-07-22,ASH
2026-07-22,ASML
2026-07-22,AVNT
2026-07-22,AYA
2026-07-22,BBIO
2026-07-22,BCAX
2026-07-22,BDX
2026-07-22,BFH
2026-07-22,BGC
2026-07-22,BLMN
2026-07-22,BMY
2026-07-22,BRKR
2026-07-22,BTSG
2026-07-22,BV
2026-07-22,BVS
2026-07-22,CADL
2026-07-22,CASY
2026-07-22,CBT
2026-07-22,CF
2026-07-22,CGEM
2026-07-22,CNC
2026-07-22,CNK
2026-07-22,COGT
2026-07-22,COKE
2026-07-22,CORT
2026-07-22,CPAY
2026-07-22,CROX
2026-07-22,CRSR
2026-07-22,CYRX
2026-07-22,CYTK
2026-07-22,DE
2026-07-22,DELL
2026-07-22,DHC
2026-07-22,DMRA
2026-07-22,DNTH
2026-07-22,DRTS
2026-07-22,DVA
2026-07-22,DYN
2026-07-22,ELVN
2026-07-22,ESTA
2026-07-22,ETN
2026-07-22,EVER
2026-07-22,FA
2026-07-22,FNKO
2026-07-22,FSLY
2026-07-22,FTRE
2026-07-22,GGAL
2026-07-22,GIII
2026-07-22,GLUE
2026-07-22,GPRE
2026-07-22,GS
2026-07-22,HAE
2026-07-22,HALO
2026-07-22,HELE
2026-07-22,HPE
2026-07-22,HRI
2026-07-22,HTLD
2026-07-22,HUM
2026-07-22,HWM
2026-07-22,IART
2026-07-22,IBKR
2026-07-22,ICHR
2026-07-22,ILMN
2026-07-22,ILPT
2026-07-22,IMNM
2026-07-22,IMVT
2026-07-22,INCY
2026-07-22,INDV
2026-07-22,INSW
2026-07-22,IOVA
2026-07-22,IVZ
2026-07-22,JAZZ
2026-07-22,JBHT
2026-07-22,JCI
2026-07-22,KFY
2026-07-22,KNSA
2026-07-22,KOD
2026-07-22,KSS
2026-07-22,KTB
2026-07-22,KYMR
2026-07-22,LIND
2026-07-22,MAS
2026-07-22,MD
2026-07-22,MEI
2026-07-22,MMM
2026-07-22,MRK
2026-07-22,MRX
2026-07-22,MS
2026-07-22,MSGE
2026-07-22,MTN
2026-07-22,NBIX
2026-07-22,NEOG
2026-07-22,NESR
2026-07-22,NKTR
2026-07-22,NTAP
2026-07-22,NTRA
2026-07-22,NUVB
2026-07-22,NVST
2026-07-22,NWL
2026-07-22,ODFL
2026-07-22,OMC
2026-07-22,PACK
2026-07-22,PANW
2026-07-22,PAYS
2026-07-22,PBI
2026-07-22,PDM
2026-07-22,PENN
2026-07-22,PGEN
2026-07-22,PII
2026-07-22,PLD
2026-07-22,PM
2026-07-22,PPG
2026-07-22,PRG
2026-07-22,PTGX
2026-07-22,QTTB
2026-07-22,RCUS
2026-07-22,RDN
2026-07-22,REPL
2026-07-22,RIVN
2026-07-22,RL
2026-07-22,RLAY
2026-07-22,ROIV
2026-07-22,RUSHA
2026-07-22,RVMD
2026-07-22,RVTY
2026-07-22,RXO
2026-07-22,SAIC
2026-07-22,SEZL
2026-07-22,SFBS
2026-07-22,SHOO
2026-07-22,SJM
2026-07-22,SKWD
2026-07-22,SLGN
2026-07-22,SMG
2026-07-22,SNDA
2026-07-22,SON
2026-07-22,STTK
2026-07-22,SW
2026-07-22,SWK
2026-07-22,SYRE
2026-07-22,TDAY
2026-07-22,TGT
2026-07-22,TIGO
2026-07-22,TNL
2026-07-22,TPC
2026-07-22,TPR
2026-07-22,TRN
2026-07-22,TVTX
2026-07-22,TWST
2026-07-22,TXRH
2026-07-22,UNH
2026-07-22,UPS
2026-07-22,VCTR
2026-07-22,VCYT
2026-07-22,VKTX
2026-07-22,VOD
2026-07-22,VSAT
2026-07-22,VTRS
2026-07-22,VVV
2026-07-22,WAB
2026-07-22,WAT
2026-07-22,WERN
2026-07-22,WFC
2026-07-22,WLY
2026-07-22,WMB
2026-07-22,WT
2026-07-22,WTTR
2026-07-22,WU
2026-07-22,WWD
2026-07-22,XMTR
2026-07-22,YETI
2026-07-22,ZD
2026-07-22,ZURA
2026-07-23,A
2026-07-23,ABVX
2026-07-23,ACHV
2026-07-23,ACRS
2026-07-23,ALMS
2026-07-23,AMD
2026-07-23,AMLX
2026-07-23,AMN
2026-07-23,AMP
2026-07-23,ANET
2026-07-23,ANRO
2026-07-23,APH
2026-07-23,ARKO
2026-07-23,AROC
2026-07-23,ARQT
2026-07-23,ARTV
2026-07-23,ARWR
2026-07-23,ASH
2026-07-23,ASML
2026-07-23,AVT
2026-07-23,AYA
2026-07-23,BBIO
2026-07-23,BCAX
2026-07-23,BFH
2026-07-23,BGC
2026-07-23,BLFS
2026-07-23,BMRN
2026-07-23,BMY
2026-07-23,BRKR
2026-07-23,BTSG
2026-07-23,BV
2026-07-23,BVS
2026-07-23,CADL
2026-07-23,CARR
2026-07-23,CASY
2026-07-23,CBT
2026-07-23,CF
2026-07-23,CGON
2026-07-23,CNK
2026-07-23,COGT
2026-07-23,CPAY
2026-07-23,CROX
2026-07-23,CRSR
2026-07-23,CYRX
2026-07-23,CYTK
2026-07-23,DE
2026-07-23,DELL
2026-07-23,DHC
2026-07-23,DMRA
2026-07-23,DNTH
2026-07-23,DRTS
2026-07-23,DYN
2026-07-23,ELVN
2026-07-23,ESTA
2026-07-23,ETN
2026-07-23,EXEL
2026-07-23,FNKO
2026-07-23,GBX
2026-07-23,GLUE
2026-07-23,GPRE
2026-07-23,GRPN
2026-07-23,GS
2026-07-23,HAE
2026-07-23,HALO
2026-07-23,HPE
2026-07-23,HRI
2026-07-23,HRMY
2026-07-23,HUBG
2026-07-23,HUM
2026-07-23,HWM
2026-07-23,IART
2026-07-23,ICHR
2026-07-23,IDYA
2026-07-23,ILPT
2026-07-23,IMVT
2026-07-23,INCY
2026-07-23,INDV
2026-07-23,INN
2026-07-23,INSW
2026-07-23,IOVA
2026-07-23,IQV
2026-07-23,IRON
2026-07-23,IVZ
2026-07-23,JAZZ
2026-07-23,JBHT
2026-07-23,JCI
2026-07-23,KFY
2026-07-23,KNSA
2026-07-23,KOD
2026-07-23,KSS
2026-07-23,KYMR
2026-07-23,LIND
2026-07-23,LLY
2026-07-23,LMT
2026-07-23,LPG
2026-07-23,MCHB
2026-07-23,MD
2026-07-23,MEI
2026-07-23,MMM
2026-07-23,MRK
2026-07-23,MRX
2026-07-23,MSGE
2026-07-23,MTN
2026-07-23,NBIX
2026-07-23,NESR
2026-07-23,NKTR
2026-07-23,NTAP
2026-07-23,NTRA
2026-07-23,NUVB
2026-07-23,ODFL
2026-07-23,PBI
2026-07-23,PDM
2026-07-23,PEB
2026-07-23,PGEN
2026-07-23,PGNY
2026-07-23,PII
2026-07-23,PK
2026-07-23,PKG
2026-07-23,PM
2026-07-23,PRAX
2026-07-23,PTGX
2026-07-23,QTTB
2026-07-23,RCUS
2026-07-23,RDN
2026-07-23,REPL
2026-07-23,RHI
2026-07-23,RLAY
2026-07-23,ROIV
2026-07-23,RUSHA
2026-07-23,RVLV
2026-07-23,RVMD
2026-07-23,RVTY
2026-07-23,RXO
2026-07-23,SAIC
2026-07-23,SEIC
2026-07-23,SFBS
2026-07-23,SIGI
2026-07-23,SJM
2026-07-23,SKWD
2026-07-23,SLGN
2026-07-23,SLS
2026-07-23,SMG
2026-07-23,SNDA
2026-07-23,SON
2026-07-23,STT
2026-07-23,STTK
2026-07-23,SYRE
2026-07-23,TGTX
2026-07-23,TIGO
2026-07-23,TPC
2026-07-23,TRN
2026-07-23,TT
2026-07-23,TVTX
2026-07-23,TWST
2026-07-23,TXRH
2026-07-23,TXT
2026-07-23,UNH
2026-07-23,UPS
2026-07-23,VCTR
2026-07-23,VCYT
2026-07-23,VOD
2026-07-23,VSAT
2026-07-23,VSTS
2026-07-23,VTRS
2026-07-23,WAT
2026-07-23,WMB
2026-07-23,WSC
2026-07-23,WST
2026-07-23,WT
2026-07-23,WTTR
2026-07-23,WWD
2026-07-23,XENE
2026-07-23,YETI
2026-07-23,ZD
2026-07-23,ZURA
2026-07-24,A
2026-07-24,ADPT
2026-07-24,AHCO
2026-07-24,ALMS
2026-07-24,AMCR
2026-07-24,AMLX
2026-07-24,ANET
2026-07-24,ANRO
2026-07-24,ARKO
2026-07-24,ARQT
2026-07-24,ARTV
2026-07-24,ARWR
2026-07-24,AVAH
2026-07-24,AVNT
2026-07-24,AVT
2026-07-24,AVTX
2026-07-24,AYA
2026-07-24,BDX
2026-07-24,BFH
2026-07-24,BGC
2026-07-24,BIIB
2026-07-24,BKD
2026-07-24,BLFS
2026-07-24,BRKR
2026-07-24,BTSG
2026-07-24,BVS
2026-07-24,CARR
2026-07-24,CASY
2026-07-24,CBT
2026-07-24,CF
2026-07-24,CLMT
2026-07-24,CLYM
2026-07-24,CNK
2026-07-24,COGT
2026-07-24,COKE
2026-07-24,CPAY
2026-07-24,CRL
2026-07-24,CROX
2026-07-24,CRSR
2026-07-24,DAVE
2026-07-24,DE
2026-07-24,DELL
2026-07-24,DHC
2026-07-24,DLO
2026-07-24,DNTH
2026-07-24,DRS
2026-07-24,DRTS
2026-07-24,DYN
2026-07-24,ELVN
2026-07-24,EMR
2026-07-24,ERAS
2026-07-24,ESTA
2026-07-24,EVER
2026-07-24,EWTX
2026-07-24,EXEL
2026-07-24,FANG
2026-07-24,FNKO
2026-07-24,FSLY
2026-07-24,GBX
2026-07-24,GE
2026-07-24,GEO
2026-07-24,GIII
2026-07-24,GPRE
2026-07-24,GRPN
2026-07-24,HAE
2026-07-24,HELE
2026-07-24,HPE
2026-07-24,HQY
2026-07-24,HRI
2026-07-24,HRMY
2026-07-24,HUBG
2026-07-24,HWM
2026-07-24,IART
2026-07-24,ILMN
2026-07-24,ILPT
2026-07-24,IMNM
2026-07-24,IMVT
2026-07-24,INCY
2026-07-24,INDV
2026-07-24,INSW
2026-07-24,IQV
2026-07-24,IVZ
2026-07-24,JAZZ
2026-07-24,JBHT
2026-07-24,JCI
2026-07-24,KFY
2026-07-24,KNSA
2026-07-24,KOD
2026-07-24,KRNY
2026-07-24,KSS
2026-07-24,KYMR
2026-07-24,LIND
2026-07-24,LLY
2026-07-24,LMT
2026-07-24,LPG
2026-07-24,LQDA
2026-07-24,LZB
2026-07-24,MAMA
2026-07-24,MAS
2026-07-24,MCK
2026-07-24,MD
2026-07-24,MIDD
2026-07-24,MMM
2026-07-24,MRK
2026-07-24,MRX
2026-07-24,MSGE
2026-07-24,MTN
2026-07-24,NBIX
2026-07-24,NKTR
2026-07-24,NRIX
2026-07-24,NTAP
2026-07-24,NUVB
2026-07-24,NVST
2026-07-24,ODFL
2026-07-24,OMC
2026-07-24,PAYS
2026-07-24,PBI
2026-07-24,PDM
2026-07-24,PEB
2026-07-24,PGEN
2026-07-24,PII
2026-07-24,PK
2026-07-24,PM
2026-07-24,PRAX
2026-07-24,PTGX
2026-07-24,QTTB
2026-07-24,RDN
2026-07-24,RNST
2026-07-24,ROIV
2026-07-24,RRR
2026-07-24,RUSHA
2026-07-24,RVLV
2026-07-24,RVMD
2026-07-24,RVTY
2026-07-24,SAIC
2026-07-24,SBLK
2026-07-24,SEIC
2026-07-24,SFBS
2026-07-24,SHOO
2026-07-24,SIGI
2026-07-24,SJM
2026-07-24,SLDE
2026-07-24,SLGN
2026-07-24,SMG
2026-07-24,SNDA
2026-07-24,SOLV
2026-07-24,SON
2026-07-24,STGW
2026-07-24,STTK
2026-07-24,SW
2026-07-24,SWK
2026-07-24,SYRE
2026-07-24,TDW
2026-07-24,TGT
2026-07-24,TGTX
2026-07-24,TIGO
2026-07-24,TPC
2026-07-24,TRN
2026-07-24,TRVI
2026-07-24,TT
2026-07-24,TVTX
2026-07-24,TXRH
2026-07-24,TXT
2026-07-24,UA
2026-07-24,UAA
2026-07-24,UPS
2026-07-24,URI
2026-07-24,VCTR
2026-07-24,VOD
2026-07-24,VSTS
2026-07-24,VTRS
2026-07-24,VVV
2026-07-24,WAT
2026-07-24,WLY
2026-07-24,WSM
2026-07-24,WT
2026-07-24,WTTR
2026-07-24,WWD
2026-07-24,XENE
2026-07-24,XERS
2026-07-24,YETI
2026-07-24,ZURA
2026-07-27,A
2026-07-27,ABNB
2026-07-27,ACAD
2026-07-27,ACHC
2026-07-27,ACHV
2026-07-27,AHCO
2026-07-27,ALKS
2026-07-27,AMCR
2026-07-27,AMCX
2026-07-27,AMLX
2026-07-27,AMN
2026-07-27,ANRO
2026-07-27,ARKO
2026-07-27,ARQT
2026-07-27,ARTV
2026-07-27,ARWR
2026-07-27,ATMU
2026-07-27,AURA
2026-07-27,AVT
2026-07-27,AVTX
2026-07-27,AYA
2026-07-27,BCAX
2026-07-27,BCRX
2026-07-27,BDX
2026-07-27,BEN
2026-07-27,BFH
2026-07-27,BFLY
2026-07-27,BGC
2026-07-27,BKD
2026-07-27,BLFS
2026-07-27,BLMN
2026-07-27,BRKR
2026-07-27,BTSG
2026-07-27,BV
2026-07-27,CADL
2026-07-27,CARR
2026-07-27,CASY
2026-07-27,CBRL
2026-07-27,CBT
2026-07-27,CF
2026-07-27,CGEM
2026-07-27,CGON
2026-07-27,CHEF
2026-07-27,CLMT
2026-07-27,CNK
2026-07-27,COGT
2026-07-27,COKE
2026-07-27,CORT
2026-07-27,CPAY
2026-07-27,CRL
2026-07-27,CROX
2026-07-27,CRSR
2026-07-27,DAL
2026-07-27,DAVE
2026-07-27,DDOG
2026-07-27,DE
2026-07-27,DELL
2026-07-27,DG
2026-07-27,DHC
2026-07-27,DLO
2026-07-27,DLTR
2026-07-27,DMRA
2026-07-27,DNTH
2026-07-27,DRS
2026-07-27,DXCM
2026-07-27,EBAY
2026-07-27,ELVN
2026-07-27,EMR
2026-07-27,EOG
2026-07-27,ERAS
2026-07-27,ESTA
2026-07-27,EVC
2026-07-27,EVER
2026-07-27,EWTX
2026-07-27,EXEL
2026-07-27,EXPE
2026-07-27,FA
2026-07-27,FANG
2026-07-27,FFIV
2026-07-27,FNKO
2026-07-27,FSLY
2026-07-27,FTRE
2026-07-27,GBX
2026-07-27,GCT
2026-07-27,GE
2026-07-27,GEO
2026-07-27,GIII
2026-07-27,GM
2026-07-27,GRPN
2026-07-27,HAE
2026-07-27,HALO
2026-07-27,HELE
2026-07-27,HON
2026-07-27,HOS
2026-07-27,HPE
2026-07-27,HQY
2026-07-27,HRI
2026-07-27,HRMY
2026-07-27,HWM
2026-07-27,IART
2026-07-27,IDYA
2026-07-27,ILMN
2026-07-27,ILPT
2026-07-27,IMNM
2026-07-27,IMVT
2026-07-27,INCY
2026-07-27,INN
2026-07-27,INSW
2026-07-27,IVZ
2026-07-27,JAZZ
2026-07-27,JCI
2026-07-27,KHC
2026-07-27,KMT
2026-07-27,KNSA
2026-07-27,KOD
2026-07-27,KRNY
2026-07-27,KSS
2026-07-27,KTB
2026-07-27,KYMR
2026-07-27,LAUR
2026-07-27,LIND
2026-07-27,LIVN
2026-07-27,LLY
2026-07-27,LMT
2026-07-27,LNTH
2026-07-27,LPG
2026-07-27,LQDA
2026-07-27,LZB
2026-07-27,MAMA
2026-07-27,MAS
2026-07-27,MD
2026-07-27,MIDD
2026-07-27,MRK
2026-07-27,MRX
2026-07-27,MSGE
2026-07-27,MTCH
2026-07-27,MTN
2026-07-27,NBIX
2026-07-27,NKTR
2026-07-27,NRIX
2026-07-27,NTAP
2026-07-27,NUVB
2026-07-27,NVST
2026-07-27,OMC
2026-07-27,OPLN
2026-07-27,ORKA
2026-07-27,OSW
2026-07-27,PAYS
2026-07-27,PBI
2026-07-27,PDM
2026-07-27,PEB
2026-07-27,PENN
2026-07-27,PGEN
2026-07-27,PII
2026-07-27,PK
2026-07-27,PKG
2026-07-27,PM
2026-07-27,PPG
2026-07-27,PRAA
2026-07-27,PTGX
2026-07-27,QTTB
2026-07-27,RNST
2026-07-27,ROIV
2026-07-27,ROK
2026-07-27,RRR
2026-07-27,RUSHA
2026-07-27,RVMD
2026-07-27,RYTM
2026-07-27,SAIC
2026-07-27,SBLK
2026-07-27,SGMT
2026-07-27,SHOO
2026-07-27,SIBN
2026-07-27,SIRI
2026-07-27,SJM
2026-07-27,SKY
2026-07-27,SLDE
2026-07-27,SLGN
2026-07-27,SMG
2026-07-27,SNDA
2026-07-27,SOLV
2026-07-27,STGW
2026-07-27,STTK
2026-07-27,SWK
2026-07-27,SXT
2026-07-27,SYRE
2026-07-27,TDW
2026-07-27,TGT
2026-07-27,TGTX
2026-07-27,TIGO
2026-07-27,TILE
2026-07-27,TNL
2026-07-27,TPC
2026-07-27,TPR
2026-07-27,TRMD
2026-07-27,TRN
2026-07-27,TRVI
2026-07-27,TT
2026-07-27,TVTX
2026-07-27,TXRH
2026-07-27,UA
2026-07-27,UAA
2026-07-27,UPS
2026-07-27,URI
2026-07-27,VCEL
2026-07-27,VOD
2026-07-27,VSAT
2026-07-27,VSTS
2026-07-27,VTRS
2026-07-27,VVV
2026-07-27,VVX
2026-07-27,WLY
2026-07-27,WSC
2026-07-27,WSM
2026-07-27,WT
2026-07-27,WWD
2026-07-27,XENE
2026-07-27,XYZ
2026-07-27,YETI
2026-07-27,ZD
2026-07-27,ZURA
2026-07-28,A
2026-07-28,ABNB
2026-07-28,ABX
2026-07-28,ACAD
2026-07-28,ACHC
2026-07-28,ACHV
2026-07-28,ADPT
2026-07-28,AHCO
2026-07-28,ALGN
2026-07-28,AMCX
2026-07-28,AMLX
2026-07-28,AMN
2026-07-28,ANRO
2026-07-28,ARKO
2026-07-28,ARQT
2026-07-28,ARTV
2026-07-28,ARWR
2026-07-28,ASH
2026-07-28,ATMU
2026-07-28,AURA
2026-07-28,AVNT
2026-07-28,AVO
2026-07-28,AVTX
2026-07-28,BANC
2026-07-28,BCRX
2026-07-28,BEN
2026-07-28,BFH
2026-07-28,BFLY
2026-07-28,BGC
2026-07-28,BIIB
2026-07-28,BKD
2026-07-28,BLMN
2026-07-28,BMRN
2026-07-28,BRKR
2026-07-28,BTSG
2026-07-28,CART
2026-07-28,CASY
2026-07-28,CBT
2026-07-28,CF
2026-07-28,CGEM
2026-07-28,CGON
2026-07-28,CHEF
2026-07-28,CHH
2026-07-28,CINF
2026-07-28,CLMT
2026-07-28,COGT
2026-07-28,COKE
2026-07-28,COP
2026-07-28,CORT
2026-07-28,CPAY
2026-07-28,CROX
2026-07-28,CRSR
2026-07-28,DAL
2026-07-28,DAVE
2026-07-28,DE
2026-07-28,DG
2026-07-28,DHC
2026-07-28,DLO
2026-07-28,DLTR
2026-07-28,DMRA
2026-07-28,DNLI
2026-07-28,DNTH
2026-07-28,DRS
2026-07-28,DXCM
2026-07-28,EBAY
2026-07-28,ELVN
2026-07-28,EMR
2026-07-28,EOG
2026-07-28,ESTA
2026-07-28,EWTX
2026-07-28,EXEL
2026-07-28,FA
2026-07-28,FNKO
2026-07-28,FRPT
2026-07-28,FSLY
2026-07-28,FTDR
2026-07-28,GBX
2026-07-28,GCT
2026-07-28,GE
2026-07-28,GEO
2026-07-28,GIII
2026-07-28,GILD
2026-07-28,GLBE
2026-07-28,HCSG
2026-07-28,HELE
2026-07-28,HON
2026-07-28,HRMY
2026-07-28,HWM
2026-07-28,IART
2026-07-28,IDYA
2026-07-28,IFF
2026-07-28,ILMN
2026-07-28,ILPT
2026-07-28,IMNM
2026-07-28,IMVT
2026-07-28,INDV
2026-07-28,INN
2026-07-28,INSW
2026-07-28,IVZ
2026-07-28,JAZZ
2026-07-28,JBLU
2026-07-28,KMT
2026-07-28,KRNY
2026-07-28,KSS
2026-07-28,KTB
2026-07-28,LAUR
2026-07-28,LIVN
2026-07-28,LLY
2026-07-28,LMT
2026-07-28,LPG
2026-07-28,LQDA
2026-07-28,LZB
2026-07-28,MAMA
2026-07-28,MAS
2026-07-28,MD
2026-07-28,MIDD
2026-07-28,MRK
2026-07-28,MRX
2026-07-28,MTCH
2026-07-28,NBIX
2026-07-28,NKTR
2026-07-28,NTAP
2026-07-28,NUVB
2026-07-28,NVST
2026-07-28,NWL
2026-07-28,OII
2026-07-28,OMCL
2026-07-28,OPLN
2026-07-28,ORKA
2026-07-28,OSW
2026-07-28,OUT
2026-07-28,PAYS
2026-07-28,PCG
2026-07-28,PDM
2026-07-28,PEB
2026-07-28,PENN
2026-07-28,PGEN
2026-07-28,PGNY
2026-07-28,PII
2026-07-28,PK
2026-07-28,PKG
2026-07-28,PM
2026-07-28,PPG
2026-07-28,PRAA
2026-07-28,PRG
2026-07-28,PTGX
2026-07-28,PUBM
2026-07-28,QNST
2026-07-28,QTTB
2026-07-28,RELY
2026-07-28,RGEN
2026-07-28,RHI
2026-07-28,ROK
2026-07-28,RRR
2026-07-28,RUSHA
2026-07-28,RVMD
2026-07-28,RVTY
2026-07-28,RYTM
2026-07-28,SAIC
2026-07-28,SBLK
2026-07-28,SHC
2026-07-28,SHOO
2026-07-28,SIBN
2026-07-28,SIRI
2026-07-28,SKY
2026-07-28,SLDE
2026-07-28,SMG
2026-07-28,SNDA
2026-07-28,SOLV
2026-07-28,STGW
2026-07-28,STT
2026-07-28,STTK
2026-07-28,SWK
2026-07-28,SXC
2026-07-28,SXT
2026-07-28,SYRE
2026-07-28,TDAY
2026-07-28,TDOC
2026-07-28,TDW
2026-07-28,TGT
2026-07-28,TGTX
2026-07-28,TIGO
2026-07-28,TILE
2026-07-28,TNL
2026-07-28,TPC
2026-07-28,TPR
2026-07-28,TRMD
2026-07-28,TRN
2026-07-28,TRVI
2026-07-28,UA
2026-07-28,UAA
2026-07-28,UAL
2026-07-28,UNH
2026-07-28,URI
2026-07-28,VFC
2026-07-28,VLO
2026-07-28,VRTX
2026-07-28,VSAT
2026-07-28,VSTS
2026-07-28,VTRS
2026-07-28,VVV
2026-07-28,VVX
2026-07-28,WAT
2026-07-28,WSM
2026-07-28,WT
2026-07-28,WWD
2026-07-28,XENE
2026-07-28,XERS
2026-07-28,XYZ
2026-07-28,YETI
2026-07-28,ZD
2026-07-28,ZURA
2026-07-29,A
2026-07-29,ABNB
2026-07-29,ACHV
2026-07-29,ADPT
2026-07-29,AHCO
2026-07-29,ALGN
2026-07-29,AMCR
2026-07-29,AMCX
2026-07-29,AMGN
2026-07-29,AMLX
2026-07-29,AMN
2026-07-29,ANRO
2026-07-29,ARQT
2026-07-29,ARTV
2026-07-29,ARWR
2026-07-29,AVO
2026-07-29,AVTX
2026-07-29,BBIO
2026-07-29,BFH
2026-07-29,BFLY
2026-07-29,BGC
2026-07-29,BIIB
2026-07-29,BLFS
2026-07-29,BLMN
2026-07-29,BMRN
2026-07-29,BRKR
2026-07-29,CART
2026-07-29,CASY
2026-07-29,CBT
2026-07-29,CF
2026-07-29,CHH
2026-07-29,CINF
2026-07-29,CLDX
2026-07-29,CNK
2026-07-29,COGT
2026-07-29,COKE
2026-07-29,CON
2026-07-29,COO
2026-07-29,COP
2026-07-29,CORT
2026-07-29,CPAY
2026-07-29,CROX
2026-07-29,CRSR
2026-07-29,DAL
2026-07-29,DDOG
2026-07-29,DE
2026-07-29,DG
2026-07-29,DLO
2026-07-29,DLTR
2026-07-29,DNTH
2026-07-29,DRS
2026-07-29,DXCM
2026-07-29,DYN
2026-07-29,EBAY
2026-07-29,ELVN
2026-07-29,EMR
2026-07-29,EOG
2026-07-29,ESTA
2026-07-29,EVC
2026-07-29,EXEL
2026-07-29,FANG
2026-07-29,FNKO
2026-07-29,FRPT
2026-07-29,FSLY
2026-07-29,FTDR
2026-07-29,GBX
2026-07-29,GIII
2026-07-29,GILD
2026-07-29,GM
2026-07-29,GRPN
2026-07-29,HELE
2026-07-29,HON
2026-07-29,HRMY
2026-07-29,IEX
2026-07-29,IFF
2026-07-29,ILMN
2026-07-29,IMNM
2026-07-29,INN
2026-07-29,INSW
2026-07-29,JAZZ
2026-07-29,JBLU
2026-07-29,KRNY
2026-07-29,KSS
2026-07-29,KTB
2026-07-29,LAUR
2026-07-29,LFST
2026-07-29,LINE
2026-07-29,LIVN
2026-07-29,LLY
2026-07-29,LMT
2026-07-29,LPG
2026-07-29,LQDA
2026-07-29,LZB
2026-07-29,MAMA
2026-07-29,MCHB
2026-07-29,MD
2026-07-29,MRK
2026-07-29,MRVI
2026-07-29,MTCH
2026-07-29,NBIX
2026-07-29,NKTR
2026-07-29,NRIX
2026-07-29,NTAP
2026-07-29,NUE
2026-07-29,NUVB
2026-07-29,OII
2026-07-29,OMC
2026-07-29,OMER
2026-07-29,OPLN
2026-07-29,ORKA
2026-07-29,OUT
2026-07-29,PAYS
2026-07-29,PDM
2026-07-29,PEB
2026-07-29,PENN
2026-07-29,PGEN
2026-07-29,PGNY
2026-07-29,PKG
2026-07-29,PM
2026-07-29,PRAA
2026-07-29,PTGX
2026-07-29,PUBM
2026-07-29,QNST
2026-07-29,QURE
2026-07-29,RELY
2026-07-29,RGEN
2026-07-29,RNST
2026-07-29,RRR
2026-07-29,RVTY
2026-07-29,RYTM
2026-07-29,SAIC
2026-07-29,SBLK
2026-07-29,SBUX
2026-07-29,SHC
2026-07-29,SHOO
2026-07-29,SIBN
2026-07-29,SIGI
2026-07-29,SMG
2026-07-29,SNDA
2026-07-29,SON
2026-07-29,STGW
2026-07-29,SW
2026-07-29,SWK
2026-07-29,SXC
2026-07-29,SXT
2026-07-29,SYRE
2026-07-29,TBLA
2026-07-29,TDAY
2026-07-29,TDOC
2026-07-29,TGT
2026-07-29,TILE
2026-07-29,TNL
2026-07-29,TPR
2026-07-29,TRMD
2026-07-29,TRN
2026-07-29,TRVI
2026-07-29,UA
2026-07-29,UAA
2026-07-29,URGN
2026-07-29,VCEL
2026-07-29,VCTR
2026-07-29,VLO
2026-07-29,VOD
2026-07-29,VRTX
2026-07-29,VTRS
2026-07-29,VVV
2026-07-29,VVX
2026-07-29,WAB
2026-07-29,WAT
2026-07-29,WSM
2026-07-29,XERS
2026-07-29,XYZ
2026-07-29,YETI
2026-07-29,ZD
2026-07-29,ZURA
2026-07-30,A
2026-07-30,ABEO
2026-07-30,ABNB
2026-07-30,ACGL
2026-07-30,ACHV
2026-07-30,AHCO
2026-07-30,ALMS
2026-07-30,AMCR
2026-07-30,AMGN
2026-07-30,AMN
2026-07-30,ANET
2026-07-30,ANRO
2026-07-30,APD
2026-07-30,APH
2026-07-30,ARKO
2026-07-30,ARQT
2026-07-30,ARTV
2026-07-30,ARWR
2026-07-30,ASH
2026-07-30,AURA
2026-07-30,AVNT
2026-07-30,AVO
2026-07-30,AVTX
2026-07-30,AYA
2026-07-30,BBIO
2026-07-30,BDX
2026-07-30,BEN
2026-07-30,BFH
2026-07-30,BFLY
2026-07-30,BGC
2026-07-30,BIIB
2026-07-30,BIOA
2026-07-30,BLFS
2026-07-30,BLMN
2026-07-30,BMRN
2026-07-30,BRKR
2026-07-30,BTSG
2026-07-30,CADL
2026-07-30,CALY
2026-07-30,CASY
2026-07-30,CF
2026-07-30,CGEM
2026-07-30,CGON
2026-07-30,CHH
2026-07-30,CHRD
2026-07-30,CLDX
2026-07-30,COGT
2026-07-30,COKE
2026-07-30,CON
2026-07-30,COP
2026-07-30,CPAY
2026-07-30,CRL
2026-07-30,CRSR
2026-07-30,CWT
2026-07-30,DAL
2026-07-30,DDOG
2026-07-30,DG
2026-07-30,DLO
2026-07-30,DLR
2026-07-30,DLTR
2026-07-30,DMRA
2026-07-30,DNLI
2026-07-30,DXCM
2026-07-30,EBAY
2026-07-30,ELVN
2026-07-30,EMR
2026-07-30,EOG
2026-07-30,EPC
2026-07-30,ERAS
2026-07-30,ESTA
2026-07-30,EVC
2026-07-30,EWTX
2026-07-30,EXEL
2026-07-30,EXR
2026-07-30,FANG
2026-07-30,FIVE
2026-07-30,FIVN
2026-07-30,FNKO
2026-07-30,FSLY
2026-07-30,FTRE
2026-07-30,GE
2026-07-30,GEO
2026-07-30,GGAL
2026-07-30,GH
2026-07-30,GIII
2026-07-30,GILD
2026-07-30,GLBE
2026-07-30,GLUE
2026-07-30,GM
2026-07-30,GPRE
2026-07-30,GRPN
2026-07-30,HAPN
2026-07-30,HAS
2026-07-30,HELE
2026-07-30,HON
2026-07-30,HPE
2026-07-30,HQY
2026-07-30,HRL
2026-07-30,HRMY
2026-07-30,IDYA
2026-07-30,IEX
2026-07-30,IFF
2026-07-30,IMNM
2026-07-30,IMVT
2026-07-30,INCY
2026-07-30,INN
2026-07-30,INSW
2026-07-30,IRON
2026-07-30,ITW
2026-07-30,IVZ
2026-07-30,JAZZ
2026-07-30,JBLU
2026-07-30,JCI
2026-07-30,KDP
2026-07-30,KHC
2026-07-30,KOD
2026-07-30,KRNY
2026-07-30,KSS
2026-07-30,LAUR
2026-07-30,LIVN
2026-07-30,LMT
2026-07-30,LPG
2026-07-30,LQDA
2026-07-30,LZB
2026-07-30,MAMA
2026-07-30,MAX
2026-07-30,MCHB
2026-07-30,MCK
2026-07-30,MD
2026-07-30,MIAX
2026-07-30,MMM
2026-07-30,MRK
2026-07-30,MRVI
2026-07-30,MRX
2026-07-30,MTCH
2026-07-30,MTN
2026-07-30,NBIX
2026-07-30,NDAQ
2026-07-30,NKTR
2026-07-30,NRIX
2026-07-30,NTAP
2026-07-30,NTRA
2026-07-30,NUE
2026-07-30,NUVB
2026-07-30,NVST
2026-07-30,OII
2026-07-30,OKTA
2026-07-30,OMER
2026-07-30,OPLN
2026-07-30,OXY
2026-07-30,PAYS
2026-07-30,PBI
2026-07-30,PCAR
2026-07-30,PCVX
2026-07-30,PDM
2026-07-30,PGEN
2026-07-30,PGNY
2026-07-30,PK
2026-07-30,PKG
2026-07-30,PM
2026-07-30,PTGX
2026-07-30,QLYS
2026-07-30,QTTB
2026-07-30,RCUS
2026-07-30,RELY
2026-07-30,RGEN
2026-07-30,RHI
2026-07-30,RLAY
2026-07-30,RNST
2026-07-30,ROIV
2026-07-30,ROK
2026-07-30,RRR
2026-07-30,RUSHA
2026-07-30,RVLV
2026-07-30,RVMD
2026-07-30,RVTY
2026-07-30,SAIC
2026-07-30,SBCF
2026-07-30,SBLK
2026-07-30,SBRA
2026-07-30,SBUX
2026-07-30,SGMT
2026-07-30,SHC
2026-07-30,SHOO
2026-07-30,SIBN
2026-07-30,SIRI
2026-07-30,SJM
2026-07-30,SKWD
2026-07-30,SOLV
2026-07-30,SON
2026-07-30,STT
2026-07-30,STTK
2026-07-30,SW
2026-07-30,SWK
2026-07-30,SXT
2026-07-30,SYF
2026-07-30,SYRE
2026-07-30,TDAY
2026-07-30,TGT
2026-07-30,TIGO
2026-07-30,TILE
2026-07-30,TNDM
2026-07-30,TNL
2026-07-30,TPC
2026-07-30,TPR
2026-07-30,TRMD
2026-07-30,TRVI
2026-07-30,TVTX
2026-07-30,TWST
2026-07-30,TYRA
2026-07-30,UAL
2026-07-30,UMBF
2026-07-30,VCYT
2026-07-30,VOD
2026-07-30,VSAT
2026-07-30,VTRS
2026-07-30,VVX
2026-07-30,WAB
2026-07-30,WAT
2026-07-30,WLY
2026-07-30,WSM
2026-07-30,XERS
2026-07-30,XMAX
2026-07-30,XYZ
2026-07-30,ZD
2026-07-30,ZURA
2026-07-31,A
2026-07-31,ABEO
2026-07-31,ABNB
2026-07-31,ACAD
2026-07-31,ACHV
2026-07-31,ADPT
2026-07-31,AHCO
2026-07-31,ALMS
2026-07-31,AMCR
2026-07-31,AMCX
2026-07-31,AMGN
2026-07-31,AMN
2026-07-31,ANET
2026-07-31,ANRO
2026-07-31,APA
2026-07-31,APH
2026-07-31,ARKO
2026-07-31,ARTV
2026-07-31,ARWR
2026-07-31,ASH
2026-07-31,AVAH
2026-07-31,AYA
2026-07-31,BALL
2026-07-31,BBY
2026-07-31,BDX
2026-07-31,BEN
2026-07-31,BFH
2026-07-31,BGC
2026-07-31,BLFS
2026-07-31,BLMN
2026-07-31,BLZE
2026-07-31,BMRN
2026-07-31,BRKR
2026-07-31,CADL
2026-07-31,CALY
2026-07-31,CASY
2026-07-31,CF
2026-07-31,CGON
2026-07-31,CHD
2026-07-31,CHH
2026-07-31,CHRD
2026-07-31,CLDX
2026-07-31,COKE
2026-07-31,CON
2026-07-31,COP
2026-07-31,CPAY
2026-07-31,CRL
2026-07-31,CRSR
2026-07-31,CRWD
2026-07-31,DAL
2026-07-31,DDOG
2026-07-31,DFTX
2026-07-31,DG
2026-07-31,DLO
2026-07-31,DLR
2026-07-31,DLTR
2026-07-31,DMRA
2026-07-31,DNTH
2026-07-31,DRS
2026-07-31,DXCM
2026-07-31,DYN
2026-07-31,EBAY
2026-07-31,ELVN
2026-07-31,EMR
2026-07-31,EOG
2026-07-31,ESTA
2026-07-31,EVC
2026-07-31,FANG
2026-07-31,FIVE
2026-07-31,FIVN
2026-07-31,FNKO
2026-07-31,FSLY
2026-07-31,FTNT
2026-07-31,FTRE
2026-07-31,GE
2026-07-31,GEO
2026-07-31,GH
2026-07-31,GIII
2026-07-31,GLBE
2026-07-31,GM
2026-07-31,GPRE
2026-07-31,GRPN
2026-07-31,HALO
2026-07-31,HAPN
2026-07-31,HAS
2026-07-31,HIW
2026-07-31,HON
2026-07-31,HOS
2026-07-31,HPE
2026-07-31,HQY
2026-07-31,HRI
2026-07-31,HWM
2026-07-31,IEX
2026-07-31,IFF
2026-07-31,IMNM
2026-07-31,INCY
2026-07-31,INN
2026-07-31,IRON
2026-07-31,ITW
2026-07-31,IVZ
2026-07-31,JAZZ
2026-07-31,JBLU
2026-07-31,JCI
2026-07-31,KDP
2026-07-31,KHC
2026-07-31,KOD
2026-07-31,KSS
2026-07-31,LAUR
2026-07-31,LMT
2026-07-31,LQDA
2026-07-31,MAMA
2026-07-31,MCHB
2026-07-31,MCK
2026-07-31,MD
2026-07-31,MIAX
2026-07-31,MMM
2026-07-31,MRK
2026-07-31,MRVI
2026-07-31,MRX
2026-07-31,MTCH
2026-07-31,MTN
2026-07-31,NDAQ
2026-07-31,NEO
2026-07-31,NKTR
2026-07-31,NRIX
2026-07-31,NSP
2026-07-31,NTAP
2026-07-31,NTRA
2026-07-31,NUE
2026-07-31,NUVB
2026-07-31,NVST
2026-07-31,NWL
2026-07-31,OII
2026-07-31,OKE
2026-07-31,OKTA
2026-07-31,OMER
2026-07-31,OXY
2026-07-31,PANL
2026-07-31,PANW
2026-07-31,PAYS
2026-07-31,PCAR
2026-07-31,PDM
2026-07-31,PEB
2026-07-31,PGNY
2026-07-31,PH
2026-07-31,PK
2026-07-31,PKG
2026-07-31,PM
2026-07-31,PRG
2026-07-31,PSA
2026-07-31,PTGX
2026-07-31,QLYS
2026-07-31,QTTB
2026-07-31,RCUS
2026-07-31,RGEN
2026-07-31,RHI
2026-07-31,RLAY
2026-07-31,RLJ
2026-07-31,RNST
2026-07-31,ROK
2026-07-31,RRR
2026-07-31,RUSHA
2026-07-31,RVLV
2026-07-31,RVMD
2026-07-31,RVTY
2026-07-31,RYAM
2026-07-31,SAIC
2026-07-31,SBCF
2026-07-31,SBLK
2026-07-31,SBRA
2026-07-31,SBUX
2026-07-31,SHC
2026-07-31,SHOO
2026-07-31,SIBN
2026-07-31,SJM
2026-07-31,SKWD
2026-07-31,SOLV
2026-07-31,SON
2026-07-31,STT
2026-07-31,STTK
2026-07-31,SW
2026-07-31,SWK
2026-07-31,SXT
2026-07-31,SYF
2026-07-31,SYRE
2026-07-31,TALO
2026-07-31,TDAY
2026-07-31,TDW
2026-07-31,TGT
2026-07-31,TIGO
2026-07-31,TILE
2026-07-31,TNDM
2026-07-31,TNL
2026-07-31,TPC
2026-07-31,TPR
2026-07-31,TRMD
2026-07-31,TRVI
2026-07-31,TWST
2026-07-31,TYRA
2026-07-31,UAL
2026-07-31,URI
2026-07-31,VCEL
2026-07-31,VOD
2026-07-31,VSAT
2026-07-31,VTRS
2026-07-31,VVX
2026-07-31,VZ
2026-07-31,WAB
2026-07-31,WAT
2026-07-31,WLY
2026-07-31,WSM
2026-07-31,WT
2026-07-31,XMAX
2026-07-31,XRAY
2026-07-31,XYZ
2026-07-31,ZD
2026-07-31,ZURA
2026-08-03,A
2026-08-03,ABEO
2026-08-03,ABNB
2026-08-03,ABX
2026-08-03,ACAD
2026-08-03,ACGL
2026-08-03,ACHV
2026-08-03,ACRS
2026-08-03,ADAM
2026-08-03,ADPT
2026-08-03,AHCO
2026-08-03,ALGT
2026-08-03,AMCR
2026-08-03,AMCX
2026-08-03,AMGN
2026-08-03,AMLX
2026-08-03,ANET
2026-08-03,ANRO
2026-08-03,APA
2026-08-03,APH
2026-08-03,ARTV
2026-08-03,ARWR
2026-08-03,ASH
2026-08-03,AURA
2026-08-03,AVAH
2026-08-03,AVNT
2026-08-03,AVO
2026-08-03,AYA
2026-08-03,BBY
2026-08-03,BEN
2026-08-03,BFH
2026-08-03,BFLY
2026-08-03,BLFS
2026-08-03,BLMN
2026-08-03,BLZE
2026-08-03,BMRN
2026-08-03,BRKR
2026-08-03,CADL
2026-08-03,CALY
2026-08-03,CART
2026-08-03,CASY
2026-08-03,CBT
2026-08-03,CFFN
2026-08-03,CHD
2026-08-03,CHRD
2026-08-03,CLBK
2026-08-03,CLDX
2026-08-03,CLMT
2026-08-03,CON
2026-08-03,COP
2026-08-03,CPAY
2026-08-03,CRL
2026-08-03,CROX
2026-08-03,CRSR
2026-08-03,CRWD
2026-08-03,CWST
2026-08-03,DAL
2026-08-03,DAVE
2026-08-03,DDOG
2026-08-03,DE
2026-08-03,DELL
2026-08-03,DG
2026-08-03,DLR
2026-08-03,DLTR
2026-08-03,DNTH
2026-08-03,DVA
2026-08-03,DVN
2026-08-03,DYN
2026-08-03,EMR
2026-08-03,EOG
2026-08-03,EPC
2026-08-03,ESTA
2026-08-03,FA
2026-08-03,FANG
2026-08-03,FIVE
2026-08-03,FSLY
2026-08-03,FTDR
2026-08-03,FTNT
2026-08-03,FTRE
2026-08-03,GBX
2026-08-03,GCMG
2026-08-03,GE
2026-08-03,GEO
2026-08-03,GH
2026-08-03,GIII
2026-08-03,GILD
2026-08-03,GLBE
2026-08-03,GM
2026-08-03,GRPN
2026-08-03,HALO
2026-08-03,HAPN
2026-08-03,HAS
2026-08-03,HELE
2026-08-03,HIW
2026-08-03,HON
2026-08-03,HPE
2026-08-03,HRI
2026-08-03,HRMY
2026-08-03,HWM
2026-08-03,IEX
2026-08-03,IFF
2026-08-03,ILMN
2026-08-03,IMNM
2026-08-03,INCY
2026-08-03,INN
2026-08-03,INSW
2026-08-03,IRON
2026-08-03,IVZ
2026-08-03,JAZZ
2026-08-03,JBLU
2026-08-03,JCI
2026-08-03,KHC
2026-08-03,KSS
2026-08-03,KTB
2026-08-03,LAUR
2026-08-03,LIVN
2026-08-03,LMT
2026-08-03,LPG
2026-08-03,LQDA
2026-08-03,LYV
2026-08-03,LZB
2026-08-03,MAMA
2026-08-03,MD
2026-08-03,MIAX
2026-08-03,MIDD
2026-08-03,MMM
2026-08-03,MPC
2026-08-03,MRK
2026-08-03,MTCH
2026-08-03,MTN
2026-08-03,NDAQ
2026-08-03,NESR
2026-08-03,NKTR
2026-08-03,NRIX
2026-08-03,NTAP
2026-08-03,NTRA
2026-08-03,NUE
2026-08-03,NVST
2026-08-03,OII
2026-08-03,OKTA
2026-08-03,OMER
2026-08-03,OPLN
2026-08-03,ORKA
2026-08-03,OXY
2026-08-03,PANL
2026-08-03,PANW
2026-08-03,PAYS
2026-08-03,PBI
2026-08-03,PCAR
2026-08-03,PDM
2026-08-03,PEB
2026-08-03,PGNY
2026-08-03,PII
2026-08-03,PK
2026-08-03,PKG
2026-08-03,PRG
2026-08-03,PSA
2026-08-03,PSNL
2026-08-03,PSX
2026-08-03,PUBM
2026-08-03,QLYS
2026-08-03,QTTB
2026-08-03,REAL
2026-08-03,RELY
2026-08-03,RGEN
2026-08-03,RHI
2026-08-03,RLAY
2026-08-03,RLJ
2026-08-03,RNST
2026-08-03,ROK
2026-08-03,RRR
2026-08-03,RUSHA
2026-08-03,RVTY
2026-08-03,RYAM
2026-08-03,SAIC
2026-08-03,SBCF
2026-08-03,SBLK
2026-08-03,SEZL
2026-08-03,SHC
2026-08-03,SHOO
2026-08-03,SIBN
2026-08-03,SJM
2026-08-03,SKWD
2026-08-03,SLDE
2026-08-03,SMG
2026-08-03,SON
2026-08-03,STT
2026-08-03,STTK
2026-08-03,SW
2026-08-03,SXT
2026-08-03,SYF
2026-08-03,TALO
2026-08-03,TBLA
2026-08-03,TDAY
2026-08-03,TENB
2026-08-03,TILE
2026-08-03,TNL
2026-08-03,TPC
2026-08-03,TPR
2026-08-03,TRMD
2026-08-03,TRVI
2026-08-03,TSN
2026-08-03,TWST
2026-08-03,TYRA
2026-08-03,UAL
2026-08-03,ULCC
2026-08-03,URI
2026-08-03,VCEL
2026-08-03,VLO
2026-08-03,VOD
2026-08-03,VSAT
2026-08-03,VTRS
2026-08-03,VVX
2026-08-03,VZ
2026-08-03,WAB
2026-08-03,WAT
2026-08-03,WHD
2026-08-03,WLY
2026-08-03,WSM
2026-08-03,WST
2026-08-03,WT
2026-08-03,XMAX
2026-08-03,XYZ
2026-08-03,YETI
2026-08-03,ZD
2026-08-03,ZURA
2026-08-04,A
2026-08-04,AAL
2026-08-04,ABEO
2026-08-04,ABNB
2026-08-04,ABX
2026-08-04,ACHC
2026-08-04,ACHV
2026-08-04,ACIW
2026-08-04,ACRS
2026-08-04,ADAM
2026-08-04,ALGT
2026-08-04,AMCX
2026-08-04,AMGN
2026-08-04,AMRX
2026-08-04,AMZN
2026-08-04,ANET
2026-08-04,ANRO
2026-08-04,APA
2026-08-04,APH
2026-08-04,ARTV
2026-08-04,ARWR
2026-08-04,ASH
2026-08-04,ATMU
2026-08-04,AURA
2026-08-04,AVNT
2026-08-04,AVO
2026-08-04,AVT
2026-08-04,AVTX
2026-08-04,AVY
2026-08-04,AYA
2026-08-04,BALL
2026-08-04,BBIO
2026-08-04,BBY
2026-08-04,BEN
2026-08-04,BFH
2026-08-04,BFLY
2026-08-04,BIIB
2026-08-04,BLMN
2026-08-04,BMRN
2026-08-04,CADL
2026-08-04,CALY
2026-08-04,CART
2026-08-04,CASY
2026-08-04,CGEM
2026-08-04,CGON
2026-08-04,CHD
2026-08-04,CHRD
2026-08-04,CINF
2026-08-04,CL
2026-08-04,CLBK
2026-08-04,CLDX
2026-08-04,CLMT
2026-08-04,CLYM
2026-08-04,COGT
2026-08-04,COP
2026-08-04,CPAY
2026-08-04,CRL
2026-08-04,CROX
2026-08-04,CRSR
2026-08-04,CRVS
2026-08-04,CRWD
2026-08-04,CWT
2026-08-04,DAL
2026-08-04,DDOG
2026-08-04,DE
2026-08-04,DELL
2026-08-04,DG
2026-08-04,DLR
2026-08-04,DLTR
2026-08-04,DMRA
2026-08-04,DNLI
2026-08-04,DNTH
2026-08-04,DRTS
2026-08-04,DSGN
2026-08-04,DVN
2026-08-04,EMR
2026-08-04,EOG
2026-08-04,EPC
2026-08-04,ERAS
2026-08-04,ESTA
2026-08-04,ETN
2026-08-04,EVC
2026-08-04,EWTX
2026-08-04,EXEL
2026-08-04,EXPD
2026-08-04,EXTR
2026-08-04,FA
2026-08-04,FFIV
2026-08-04,FIVE
2026-08-04,FLYW
2026-08-04,FRPT
2026-08-04,FTDR
2026-08-04,FTNT
2026-08-04,GBX
2026-08-04,GCMG
2026-08-04,GE
2026-08-04,GEO
2026-08-04,GH
2026-08-04,GIII
2026-08-04,GILD
2026-08-04,GM
2026-08-04,GPRE
2026-08-04,GRPN
2026-08-04,HAPN
2026-08-04,HAS
2026-08-04,HELE
2026-08-04,HIW
2026-08-04,HON
2026-08-04,HOS
2026-08-04,HPE
2026-08-04,HRI
2026-08-04,HRMY
2026-08-04,HUBG
2026-08-04,HWM
2026-08-04,IDYA
2026-08-04,IFF
2026-08-04,ILMN
2026-08-04,IMNM
2026-08-04,IMVT
2026-08-04,INCY
2026-08-04,INN
2026-08-04,INSW
2026-08-04,IRON
2026-08-04,IVZ
2026-08-04,JAZZ
2026-08-04,JBIO
2026-08-04,JBLU
2026-08-04,JCI
2026-08-04,KHC
2026-08-04,KMT
2026-08-04,KOD
2026-08-04,KSS
2026-08-04,KVUE
2026-08-04,LAUR
2026-08-04,LIVN
2026-08-04,LPG
2026-08-04,LQDA
2026-08-04,LUV
2026-08-04,LYV
2026-08-04,LZB
2026-08-04,MAMA
2026-08-04,MAS
2026-08-04,MCHB
2026-08-04,MCO
2026-08-04,MEI
2026-08-04,MGTX
2026-08-04,MIAX
2026-08-04,MIDD
2026-08-04,MRK
2026-08-04,MTN
2026-08-04,NDAQ
2026-08-04,NESR
2026-08-04,NKTR
2026-08-04,NTRA
2026-08-04,NUE
2026-08-04,NUVB
2026-08-04,NVST
2026-08-04,NWL
2026-08-04,OKTA
2026-08-04,OMC
2026-08-04,OPLN
2026-08-04,OSW
2026-08-04,OXY
2026-08-04,PANL
2026-08-04,PAYS
2026-08-04,PBI
2026-08-04,PCRX
2026-08-04,PDM
2026-08-04,PEB
2026-08-04,PGNY
2026-08-04,PH
2026-08-04,PII
2026-08-04,PK
2026-08-04,PKG
2026-08-04,PRAA
2026-08-04,PRG
2026-08-04,PSA
2026-08-04,PSNL
2026-08-04,PSX
2026-08-04,PTGX
2026-08-04,PUBM
2026-08-04,QTTB
2026-08-04,RCUS
2026-08-04,REAL
2026-08-04,RELY
2026-08-04,REPL
2026-08-04,REYN
2026-08-04,RGEN
2026-08-04,RHI
2026-08-04,RLAY
2026-08-04,RNST
2026-08-04,ROIV
2026-08-04,RVMD
2026-08-04,RVTY
2026-08-04,RYAM
2026-08-04,RYTM
2026-08-04,SAIC
2026-08-04,SBCF
2026-08-04,SBLK
2026-08-04,SBUX
2026-08-04,SEZL
2026-08-04,SHC
2026-08-04,SHOO
2026-08-04,SIBN
2026-08-04,SIGI
2026-08-04,SIRI
2026-08-04,SJM
2026-08-04,SKWD
2026-08-04,SKY
2026-08-04,SLDE
2026-08-04,SLS
2026-08-04,SON
2026-08-04,STT
2026-08-04,STTK
2026-08-04,SW
2026-08-04,SXT
2026-08-04,SYF
2026-08-04,SYRE
2026-08-04,TBLA
2026-08-04,TDAY
2026-08-04,TDW
2026-08-04,TENB
2026-08-04,TGT
2026-08-04,TILE
2026-08-04,TMO
2026-08-04,TNGX
2026-08-04,TNL
2026-08-04,TPC
2026-08-04,TPR
2026-08-04,TRVI
2026-08-04,TWST
2026-08-04,TYRA
2026-08-04,UA
2026-08-04,UAL
2026-08-04,ULCC
2026-08-04,URBN
2026-08-04,URGN
2026-08-04,URI
2026-08-04,VCEL
2026-08-04,VLO
2026-08-04,VOD
2026-08-04,VSAT
2026-08-04,VTRS
2026-08-04,VVV
2026-08-04,VZ
2026-08-04,WAB
2026-08-04,WAT
2026-08-04,WLY
2026-08-04,WRBY
2026-08-04,WST
2026-08-04,XMAX
2026-08-04,XOM
2026-08-04,XYZ
2026-08-04,YETI
2026-08-04,ZD
2026-08-04,ZURA
2026-08-05,A
2026-08-05,AAL
2026-08-05,ABEO
2026-08-05,ABNB
2026-08-05,ABX
2026-08-05,ACHC
2026-08-05,ACHV
2026-08-05,ADAM
2026-08-05,ALGT
2026-08-05,AMCX
2026-08-05,AMRX
2026-08-05,AMZN
2026-08-05,ANET
2026-08-05,ANRO
2026-08-05,APD
2026-08-05,APH
2026-08-05,ARTV
2026-08-05,ARWR
2026-08-05,ASH
2026-08-05,ATMU
2026-08-05,AURA
2026-08-05,AVNT
2026-08-05,AVT
2026-08-05,AVTX
2026-08-05,AVY
2026-08-05,AXGN
2026-08-05,BALL
2026-08-05,BBIO
2026-08-05,BCO
2026-08-05,BEN
2026-08-05,BFH
2026-08-05,BFLY
2026-08-05,BIIB
2026-08-05,BMRN
2026-08-05,BMY
2026-08-05,CADL
2026-08-05,CALY
2026-08-05,CART
2026-08-05,CASY
2026-08-05,CCEP
2026-08-05,CGEM
2026-08-05,CGNX
2026-08-05,CGON
2026-08-05,CHD
2026-08-05,CHEF
2026-08-05,CHH
2026-08-05,CL
2026-08-05,CNC
2026-08-05,COGT
2026-08-05,COKE
2026-08-05,CPAY
2026-08-05,CRGY
2026-08-05,CROX
2026-08-05,CRSR
2026-08-05,CRVS
2026-08-05,CRWD
2026-08-05,CTAS
2026-08-05,CXW
2026-08-05,DAL
2026-08-05,DAVE
2026-08-05,DDOG
2026-08-05,DE
2026-08-05,DELL
2026-08-05,DFTX
2026-08-05,DG
2026-08-05,DHC
2026-08-05,DLO
2026-08-05,DLR
2026-08-05,DLTR
2026-08-05,DMRA
2026-08-05,DNLI
2026-08-05,DNTH
2026-08-05,DRI
2026-08-05,DRTS
2026-08-05,DSGN
2026-08-05,DXCM
2026-08-05,EPC
2026-08-05,ERAS
2026-08-05,ETN
2026-08-05,EVC
2026-08-05,EWTX
2026-08-05,EXEL
2026-08-05,EXPD
2026-08-05,FA
2026-08-05,FAST
2026-08-05,FERG
2026-08-05,FFIV
2026-08-05,FHI
2026-08-05,FIVE
2026-08-05,FLYW
2026-08-05,FTDR
2026-08-05,FTNT
2026-08-05,FTRE
2026-08-05,GBX
2026-08-05,GCMG
2026-08-05,GE
2026-08-05,GEO
2026-08-05,GH
2026-08-05,GIII
2026-08-05,GILD
2026-08-05,GM
2026-08-05,GRAL
2026-08-05,GRPN
2026-08-05,HAE
2026-08-05,HAPN
2026-08-05,HAS
2026-08-05,HELE
2026-08-05,HON
2026-08-05,HPE
2026-08-05,HRI
2026-08-05,HRMY
2026-08-05,HSIC
2026-08-05,HUBG
2026-08-05,HWM
2026-08-05,IDYA
2026-08-05,ILMN
2026-08-05,IMVT
2026-08-05,INCY
2026-08-05,INN
2026-08-05,INSW
2026-08-05,IRON
2026-08-05,IVZ
2026-08-05,JAZZ
2026-08-05,JBIO
2026-08-05,JBLU
2026-08-05,JCI
2026-08-05,KOD
2026-08-05,KSS
2026-08-05,KVUE
2026-08-05,LASR
2026-08-05,LAUR
2026-08-05,LLY
2026-08-05,LMT
2026-08-05,LQDA
2026-08-05,LUV
2026-08-05,LYV
2026-08-05,LZB
2026-08-05,MAMA
2026-08-05,MAS
2026-08-05,MCHB
2026-08-05,MCK
2026-08-05,MCO
2026-08-05,MD
2026-08-05,MEI
2026-08-05,MGTX
2026-08-05,MIAX
2026-08-05,MIDD
2026-08-05,MRK
2026-08-05,MTN
2026-08-05,NDAQ
2026-08-05,NEO
2026-08-05,NESR
2026-08-05,NKTR
2026-08-05,NSP
2026-08-05,NTAP
2026-08-05,NTRA
2026-08-05,NUE
2026-08-05,NUVB
2026-08-05,NVST
2026-08-05,NWL
2026-08-05,OII
2026-08-05,OKTA
2026-08-05,OMC
2026-08-05,OMER
2026-08-05,ORKA
2026-08-05,OSW
2026-08-05,PANW
2026-08-05,PBI
2026-08-05,PCAR
2026-08-05,PCVX
2026-08-05,PDM
2026-08-05,PEB
2026-08-05,PGNY
2026-08-05,PH
2026-08-05,PII
2026-08-05,PK
2026-08-05,PKG
2026-08-05,PRAX
2026-08-05,PRG
2026-08-05,PSA
2026-08-05,PSNL
2026-08-05,PSX
2026-08-05,PTGX
2026-08-05,PUBM
2026-08-05,QTTB
2026-08-05,REAL
2026-08-05,RELY
2026-08-05,REPL
2026-08-05,REYN
2026-08-05,RGEN
2026-08-05,RHI
2026-08-05,RLAY
2026-08-05,RLJ
2026-08-05,ROIV
2026-08-05,RUSHA
2026-08-05,RVLV
2026-08-05,RVMD
2026-08-05,RVTY
2026-08-05,RYAM
2026-08-05,RYTM
2026-08-05,SAIC
2026-08-05,SBLK
2026-08-05,SBRA
2026-08-05,SBUX
2026-08-05,SEZL
2026-08-05,SGMT
2026-08-05,SHC
2026-08-05,SHOO
2026-08-05,SIBN
2026-08-05,SIGI
2026-08-05,SIRI
2026-08-05,SJM
2026-08-05,SKY
2026-08-05,SLDB
2026-08-05,SLDE
2026-08-05,SLS
2026-08-05,SOLV
2026-08-05,SON
2026-08-05,STT
2026-08-05,STTK
2026-08-05,SW
2026-08-05,SXC
2026-08-05,SXT
2026-08-05,SYF
2026-08-05,SYRE
2026-08-05,SYY
2026-08-05,TDAY
2026-08-05,TDW
2026-08-05,TENB
2026-08-05,TGT
2026-08-05,TILE
2026-08-05,TNDM
2026-08-05,TNGX
2026-08-05,TNL
2026-08-05,TPC
2026-08-05,TPR
2026-08-05,TRVI
2026-08-05,TVTX
2026-08-05,UAL
2026-08-05,ULCC
2026-08-05,URBN
2026-08-05,URI
2026-08-05,VCTR
2026-08-05,VLO
2026-08-05,VRSN
2026-08-05,VRTX
2026-08-05,VSAT
2026-08-05,VTRS
2026-08-05,VZ
2026-08-05,WAB
2026-08-05,WAT
2026-08-05,WLY
2026-08-05,WNC
2026-08-05,WRBY
2026-08-05,WSM
2026-08-05,WST
2026-08-05,WT
2026-08-05,WTTR
2026-08-05,XENE
2026-08-05,XMAX
2026-08-05,XOM
2026-08-05,XYZ
2026-08-05,YETI
2026-08-05,ZD
2026-08-05,ZM
2026-08-05,ZURA
2026-08-06,A
2026-08-06,AAL
2026-08-06,ABEO
2026-08-06,ABNB
2026-08-06,ABVX
2026-08-06,ACHV
2026-08-06,ACRS
2026-08-06,ADAM
2026-08-06,ADPT
2026-08-06,ALMS
2026-08-06,AMCX
2026-08-06,AMRX
2026-08-06,AMZN
2026-08-06,ANET
2026-08-06,ANRO
2026-08-06,APA
2026-08-06,APH
2026-08-06,ARTV
2026-08-06,ARWR
2026-08-06,ASH
2026-08-06,ATMU
2026-08-06,AURA
2026-08-06,AVT
2026-08-06,AVTX
2026-08-06,AVY
2026-08-06,AXGN
2026-08-06,BBIO
2026-08-06,BCAX
2026-08-06,BEN
2026-08-06,BFH
2026-08-06,BFLY
2026-08-06,BIIB
2026-08-06,BMRN
2026-08-06,BMY
2026-08-06,CADL
2026-08-06,CARS
2026-08-06,CCEP
2026-08-06,CGEM
2026-08-06,CGNX
2026-08-06,CGON
2026-08-06,CHEF
2026-08-06,CHRD
2026-08-06,CL
2026-08-06,CLMT
2026-08-06,CLYM
2026-08-06,COGT
2026-08-06,COKE
2026-08-06,COP
2026-08-06,CPAY
2026-08-06,CRGY
2026-08-06,CROX
2026-08-06,CRSR
2026-08-06,CRVS
2026-08-06,CRWD
2026-08-06,CTAS
2026-08-06,CXW
2026-08-06,CYTK
2026-08-06,DAL
2026-08-06,DD
2026-08-06,DE
2026-08-06,DELL
2026-08-06,DG
2026-08-06,DLO
2026-08-06,DLR
2026-08-06,DLTR
2026-08-06,DMRA
2026-08-06,DNLI
2026-08-06,DNTH
2026-08-06,DRI
2026-08-06,DRTS
2026-08-06,DSGN
2026-08-06,DXCM
2026-08-06,DYN
2026-08-06,EMR
2026-08-06,EPC
2026-08-06,ETN
2026-08-06,EVC
2026-08-06,EWTX
2026-08-06,EXPD
2026-08-06,FAST
2026-08-06,FERG
2026-08-06,FFIV
2026-08-06,FHI
2026-08-06,FIVN
2026-08-06,FLYW
2026-08-06,FRPT
2026-08-06,FSLY
2026-08-06,FTNT
2026-08-06,GCMG
2026-08-06,GE
2026-08-06,GH
2026-08-06,GIII
2026-08-06,GM
2026-08-06,GPCR
2026-08-06,HAE
2026-08-06,HAPN
2026-08-06,HAS
2026-08-06,HELE
2026-08-06,HON
2026-08-06,HOS
2026-08-06,HPE
2026-08-06,HQY
2026-08-06,HRI
2026-08-06,HRMY
2026-08-06,HSIC
2026-08-06,HWM
2026-08-06,IDYA
2026-08-06,IEX
2026-08-06,IFF
2026-08-06,ILMN
2026-08-06,IMVT
2026-08-06,INSW
2026-08-06,IR
2026-08-06,IRON
2026-08-06,IVZ
2026-08-06,JAZZ
2026-08-06,JBIO
2026-08-06,JBLU
2026-08-06,JCI
2026-08-06,KOD
2026-08-06,LASR
2026-08-06,LFST
2026-08-06,LLY
2026-08-06,LMT
2026-08-06,LPG
2026-08-06,LQDA
2026-08-06,LYV
2026-08-06,LZB
2026-08-06,MAMA
2026-08-06,MCHB
2026-08-06,MCK
2026-08-06,MD
2026-08-06,MDB
2026-08-06,MEI
2026-08-06,MGTX
2026-08-06,MIAX
2026-08-06,MRK
2026-08-06,NDAQ
2026-08-06,NEO
2026-08-06,NEOG
2026-08-06,NESR
2026-08-06,NKTR
2026-08-06,NMIH
2026-08-06,NSP
2026-08-06,NTAP
2026-08-06,NUE
2026-08-06,NVDA
2026-08-06,NVST
2026-08-06,NWL
2026-08-06,OII
2026-08-06,OKTA
2026-08-06,OMC
2026-08-06,OSW
2026-08-06,OXY
2026-08-06,PANL
2026-08-06,PANW
2026-08-06,PBI
2026-08-06,PCAR
2026-08-06,PCVX
2026-08-06,PKG
2026-08-06,PRAA
2026-08-06,PRAX
2026-08-06,PSNL
2026-08-06,PSX
2026-08-06,PUBM
2026-08-06,QTTB
2026-08-06,RCUS
2026-08-06,REAL
2026-08-06,REPL
2026-08-06,REYN
2026-08-06,RGEN
2026-08-06,RHI
2026-08-06,RLAY
2026-08-06,ROIV
2026-08-06,RUSHA
2026-08-06,RVMD
2026-08-06,RVTY
2026-08-06,RYAM
2026-08-06,RYTM
2026-08-06,SAIC
2026-08-06,SBCF
2026-08-06,SBLK
2026-08-06,SBUX
2026-08-06,SEZL
2026-08-06,SGMT
2026-08-06,SHC
2026-08-06,SHOO
2026-08-06,SIBN
2026-08-06,SIGI
2026-08-06,SION
2026-08-06,SJM
2026-08-06,SKY
2026-08-06,SLDB
2026-08-06,SLDE
2026-08-06,SLS
2026-08-06,SNDA
2026-08-06,SOLV
2026-08-06,SON
2026-08-06,STT
2026-08-06,STTK
2026-08-06,SW
2026-08-06,SXC
2026-08-06,SXT
2026-08-06,SYF
2026-08-06,SYRE
2026-08-06,SYY
2026-08-06,TDW
2026-08-06,TENB
2026-08-06,TGT
2026-08-06,TIGO
2026-08-06,TILE
2026-08-06,TNGX
2026-08-06,TNL
2026-08-06,TRMD
2026-08-06,TRVI
2026-08-06,TVTX
2026-08-06,TWST
2026-08-06,TXG
2026-08-06,UAL
2026-08-06,ULCC
2026-08-06,URBN
2026-08-06,URI
2026-08-06,VLO
2026-08-06,VOD
2026-08-06,VRSN
2026-08-06,VRTX
2026-08-06,VSAT
2026-08-06,VVX
2026-08-06,VZ
2026-08-06,WAB
2026-08-06,WAT
2026-08-06,WLY
2026-08-06,WSM
2026-08-06,WST
2026-08-06,WT
2026-08-06,WTTR
2026-08-06,WY
2026-08-06,XENE
2026-08-06,XMAX
2026-08-06,YETI
2026-08-06,ZM
2026-08-06,ZNTL
2026-08-06,ZURA
2026-08-07,A
2026-08-07,AAL
2026-08-07,ABEO
2026-08-07,ABVX
2026-08-07,ACHC
2026-08-07,ACHV
2026-08-07,ACRS
2026-08-07,ADAM
2026-08-07,ALMS
2026-08-07,AMCX
2026-08-07,AMN
2026-08-07,AMRX
2026-08-07,AMZN
2026-08-07,ANET
2026-08-07,ANRO
2026-08-07,APA
2026-08-07,APH
2026-08-07,ARTV
2026-08-07,ARWR
2026-08-07,ASND
2026-08-07,AUR
2026-08-07,AURA
2026-08-07,AVAH
2026-08-07,AVGO
2026-08-07,AVO
2026-08-07,AVT
2026-08-07,AVY
2026-08-07,AXGN
2026-08-07,BALL
2026-08-07,BBIO
2026-08-07,BCAX
2026-08-07,BEN
2026-08-07,BFH
2026-08-07,BFLY
2026-08-07,BIIB
2026-08-07,BKR
2026-08-07,BMRN
2026-08-07,BMY
2026-08-07,CADL
2026-08-07,CARS
2026-08-07,CART
2026-08-07,CGEM
2026-08-07,CGNX
2026-08-07,CGON
2026-08-07,CL
2026-08-07,CLYM
2026-08-07,CNC
2026-08-07,CODI
2026-08-07,COGT
2026-08-07,COKE
2026-08-07,COP
2026-08-07,CPAY
2026-08-07,CRGY
2026-08-07,CROX
2026-08-07,CRVS
2026-08-07,CRWD
2026-08-07,CTAS
2026-08-07,CWT
2026-08-07,CXW
2026-08-07,DAL
2026-08-07,DD
2026-08-07,DE
2026-08-07,DELL
2026-08-07,DFTX
2026-08-07,DG
2026-08-07,DLR
2026-08-07,DLTR
2026-08-07,DMRA
2026-08-07,DNLI
2026-08-07,DNTH
2026-08-07,DRI
2026-08-07,DRTS
2026-08-07,DSGN
2026-08-07,DXCM
2026-08-07,DYN
2026-08-07,EBAY
2026-08-07,EMR
2026-08-07,EPC
2026-08-07,ERAS
2026-08-07,ETN
2026-08-07,EVC
2026-08-07,EVER
2026-08-07,EWTX
2026-08-07,EXPD
2026-08-07,FCX
2026-08-07,FERG
2026-08-07,FHI
2026-08-07,FLYW
2026-08-07,FNKO
2026-08-07,FRPT
2026-08-07,FSLY
2026-08-07,FTNT
2026-08-07,GCMG
2026-08-07,GE
2026-08-07,GEO
2026-08-07,GH
2026-08-07,GILD
2026-08-07,GM
2026-08-07,GPCR
2026-08-07,HAS
2026-08-07,HASI
2026-08-07,HELE
2026-08-07,HON
2026-08-07,HOS
2026-08-07,HPE
2026-08-07,HRI
2026-08-07,HRMY
2026-08-07,HSIC
2026-08-07,HUBB
2026-08-07,HUBG
2026-08-07,HUM
2026-08-07,HWM
2026-08-07,IDYA
2026-08-07,IEX
2026-08-07,IFF
2026-08-07,ILPT
2026-08-07,IMNM
2026-08-07,IMVT
2026-08-07,INCY
2026-08-07,INSW
2026-08-07,IR
2026-08-07,IRON
2026-08-07,IVZ
2026-08-07,JAZZ
2026-08-07,JBIO
2026-08-07,JBLU
2026-08-07,JCI
2026-08-07,KOD
2026-08-07,KSS
2026-08-07,KYMR
2026-08-07,LAUR
2026-08-07,LFST
2026-08-07,LLY
2026-08-07,LMT
2026-08-07,LPG
2026-08-07,LQDA
2026-08-07,LYV
2026-08-07,LZB
2026-08-07,MAS
2026-08-07,MAX
2026-08-07,MCHB
2026-08-07,MCK
2026-08-07,MD
2026-08-07,MDB
2026-08-07,MEI
2026-08-07,MGTX
2026-08-07,MIAX
2026-08-07,MIDD
2026-08-07,MRK
2026-08-07,MTN
2026-08-07,NESR
2026-08-07,NKTR
2026-08-07,NSP
2026-08-07,NTAP
2026-08-07,NUE
2026-08-07,NUVB
2026-08-07,NVDA
2026-08-07,NVST
2026-08-07,NWL
2026-08-07,OII
2026-08-07,OKTA
2026-08-07,OMC
2026-08-07,OXY
2026-08-07,PANW
2026-08-07,PCAR
2026-08-07,PCG
2026-08-07,PCVX
2026-08-07,PII
2026-08-07,PK
2026-08-07,PKG
2026-08-07,PM
2026-08-07,PRAA
2026-08-07,PRAX
2026-08-07,PSNL
2026-08-07,PSX
2026-08-07,QTTB
2026-08-07,RCUS
2026-08-07,REAL
2026-08-07,RELY
2026-08-07,REPL
2026-08-07,REYN
2026-08-07,RLAY
2026-08-07,ROIV
2026-08-07,RUSHA
2026-08-07,RVTY
2026-08-07,RYAM
2026-08-07,RYTM
2026-08-07,SAIC
2026-08-07,SBLK
2026-08-07,SBRA
2026-08-07,SBUX
2026-08-07,SHC
2026-08-07,SHOO
2026-08-07,SIBN
2026-08-07,SIGI
2026-08-07,SION
2026-08-07,SJM
2026-08-07,SKY
2026-08-07,SLDE
2026-08-07,SLS
2026-08-07,SNDA
2026-08-07,SOLV
2026-08-07,SON
2026-08-07,STLD
2026-08-07,STLN
2026-08-07,STOK
2026-08-07,STTK
2026-08-07,SW
2026-08-07,SXC
2026-08-07,SXT
2026-08-07,SYF
2026-08-07,SYRE
2026-08-07,TALO
2026-08-07,TDW
2026-08-07,TENB
2026-08-07,TIGO
2026-08-07,TNL
2026-08-07,TRMD
2026-08-07,TRVI
2026-08-07,TSHA
2026-08-07,TT
2026-08-07,TVTX
2026-08-07,UAL
2026-08-07,ULCC
2026-08-07,URBN
2026-08-07,URI
2026-08-07,VOD
2026-08-07,VRSN
2026-08-07,VRTX
2026-08-07,VSAT
2026-08-07,VVX
2026-08-07,VZ
2026-08-07,WAB
2026-08-07,WAT
2026-08-07,WLY
2026-08-07,WNC
2026-08-07,WST
2026-08-07,WT
2026-08-07,WTTR
2026-08-07,WY
2026-08-07,XMAX
2026-08-07,YETI
2026-08-07,ZD
2026-08-07,ZM
2026-08-10,ABVX
2026-08-10,ACHC
2026-08-10,ACHV
2026-08-10,ACRS
2026-08-10,ADAM
2026-08-10,ALMS
2026-08-10,AMCX
2026-08-10,AMN
2026-08-10,AMZN
2026-08-10,ANET
2026-08-10,ANRO
2026-08-10,APH
2026-08-10,ARTV
2026-08-10,ARWR
2026-08-10,ASND
2026-08-10,AUR
2026-08-10,AURA
2026-08-10,AVAH
2026-08-10,AVGO
2026-08-10,AVO
2026-08-10,AVT
2026-08-10,AVTX
2026-08-10,AVY
2026-08-10,AXGN
2026-08-10,BBIO
2026-08-10,BCAX
2026-08-10,BCRX
2026-08-10,BFH
2026-08-10,BIIB
2026-08-10,BKR
2026-08-10,BMY
2026-08-10,BZH
2026-08-10,CADL
2026-08-10,CARS
2026-08-10,CART
2026-08-10,CASY
2026-08-10,CBRL
2026-08-10,CF
2026-08-10,CGEM
2026-08-10,CGON
2026-08-10,CHEF
2026-08-10,CHRD
2026-08-10,CL
2026-08-10,CLYM
2026-08-10,CMCO
2026-08-10,CNC
2026-08-10,CODI
2026-08-10,COGT
2026-08-10,COKE
2026-08-10,COP
2026-08-10,CPAY
2026-08-10,CRGY
2026-08-10,CROX
2026-08-10,CTAS
2026-08-10,CXW
2026-08-10,DAL
2026-08-10,DD
2026-08-10,DDOG
2026-08-10,DE
2026-08-10,DELL
2026-08-10,DFTX
2026-08-10,DLR
2026-08-10,DLTR
2026-08-10,DMRA
2026-08-10,DNLI
2026-08-10,DNTH
2026-08-10,DRI
2026-08-10,DRTS
2026-08-10,DSGN
2026-08-10,DVN
2026-08-10,EGY
2026-08-10,EMR
2026-08-10,EOG
2026-08-10,EPC
2026-08-10,ETN
2026-08-10,EVC
2026-08-10,EVER
2026-08-10,EWTX
2026-08-10,EXPD
2026-08-10,FANG
2026-08-10,FCX
2026-08-10,FFIV
2026-08-10,FHI
2026-08-10,FLYW
2026-08-10,FNKO
2026-08-10,FRPT
2026-08-10,FTDR
2026-08-10,FTNT
2026-08-10,FTRE
2026-08-10,GCMG
2026-08-10,GE
2026-08-10,GEO
2026-08-10,GH
2026-08-10,GILD
2026-08-10,GLBE
2026-08-10,GM
2026-08-10,GPCR
2026-08-10,GRAL
2026-08-10,HAE
2026-08-10,HAS
2026-08-10,HASI
2026-08-10,HELE
2026-08-10,HON
2026-08-10,HOS
2026-08-10,HPE
2026-08-10,HRI
2026-08-10,HRMY
2026-08-10,HUBB
2026-08-10,HUM
2026-08-10,HWM
2026-08-10,IDYA
2026-08-10,IESC
2026-08-10,IFF
2026-08-10,IMMX
2026-08-10,IMVT
2026-08-10,INCY
2026-08-10,IR
2026-08-10,IRDM
2026-08-10,IRON
2026-08-10,IVZ
2026-08-10,JAZZ
2026-08-10,JBIO
2026-08-10,JCI
2026-08-10,KOD
2026-08-10,KSS
2026-08-10,KYMR
2026-08-10,LLY
2026-08-10,LPG
2026-08-10,LQDA
2026-08-10,LYB
2026-08-10,LYV
2026-08-10,LZB
2026-08-10,MAX
2026-08-10,MBX
2026-08-10,MCHB
2026-08-10,MCK
2026-08-10,MD
2026-08-10,MEI
2026-08-10,MEOH
2026-08-10,MGTX
2026-08-10,MYE
2026-08-10,NEOG
2026-08-10,NKTR
2026-08-10,NMIH
2026-08-10,NSP
2026-08-10,NUE
2026-08-10,NUVB
2026-08-10,NVDA
2026-08-10,NVST
2026-08-10,NWL
2026-08-10,NWS
2026-08-10,OIS
2026-08-10,OKE
2026-08-10,OKTA
2026-08-10,OMC
2026-08-10,OXY
2026-08-10,PCAR
2026-08-10,PCVX
2026-08-10,PKG
2026-08-10,PRAA
2026-08-10,PRAX
2026-08-10,PSNL
2026-08-10,QTTB
2026-08-10,RCUS
2026-08-10,REPL
2026-08-10,REYN
2026-08-10,RLAY
2026-08-10,ROIV
2026-08-10,RUSHA
2026-08-10,RVTY
2026-08-10,RYAM
2026-08-10,RYTM
2026-08-10,SAIC
2026-08-10,SBLK
2026-08-10,SBUX
2026-08-10,SHC
2026-08-10,SHOO
2026-08-10,SIBN
2026-08-10,SJM
2026-08-10,SKWD
2026-08-10,SKY
2026-08-10,SLDE
2026-08-10,SNDA
2026-08-10,SOLV
2026-08-10,SON
2026-08-10,SPHR
2026-08-10,SRRK
2026-08-10,STLD
2026-08-10,STLN
2026-08-10,STOK
2026-08-10,STTK
2026-08-10,SVRA
2026-08-10,SW
2026-08-10,SXC
2026-08-10,SXT
2026-08-10,SYF
2026-08-10,SYRE
2026-08-10,TALO
2026-08-10,TENB
2026-08-10,TIGO
2026-08-10,TILE
2026-08-10,TSHA
2026-08-10,TT
2026-08-10,TVTX
2026-08-10,URBN
2026-08-10,URI
2026-08-10,VAC
2026-08-10,VLO
2026-08-10,VOD
2026-08-10,VRSN
2026-08-10,VRTX
2026-08-10,VSAT
2026-08-10,VVX
2026-08-10,VZ
2026-08-10,WAB
2026-08-10,WAT
2026-08-10,WST
2026-08-10,WT
2026-08-10,WTTR
2026-08-10,WY
2026-08-10,XENE
2026-08-10,XMAX
2026-08-10,XOM
2026-08-10,YETI
2026-08-10,ZD
2026-08-10,ZURA
2026-08-11,ABBV
2026-08-11,ACHV
2026-08-11,ACRS
2026-08-11,AEHR
2026-08-11,ALL
2026-08-11,AMCX
2026-08-11,AMZN
2026-08-11,ANET
2026-08-11,ANRO
2026-08-11,APH
2026-08-11,APPS
2026-08-11,ARTV
2026-08-11,ARWR
2026-08-11,ASH
2026-08-11,ASND
2026-08-11,AUR
2026-08-11,AURA
2026-08-11,AVGO
2026-08-11,AVO
2026-08-11,AVT
2026-08-11,AVTX
2026-08-11,AVY
2026-08-11,AXGN
2026-08-11,BBIO
2026-08-11,BCRX
2026-08-11,BFH
2026-08-11,BJRI
2026-08-11,BKR
2026-08-11,BMY
2026-08-11,BZH
2026-08-11,CADL
2026-08-11,CAH
2026-08-11,CARS
2026-08-11,CART
2026-08-11,CBRL
2026-08-11,CGEM
2026-08-11,CGNT
2026-08-11,CGON
2026-08-11,CHEF
2026-08-11,CHRD
2026-08-11,CLYM
2026-08-11,CMCO
2026-08-11,CNC
2026-08-11,CNK
2026-08-11,CODI
2026-08-11,CON
2026-08-11,COP
2026-08-11,CRGY
2026-08-11,CRVS
2026-08-11,CTAS
2026-08-11,CWT
2026-08-11,CXW
2026-08-11,DAL
2026-08-11,DD
2026-08-11,DE
2026-08-11,DEC
2026-08-11,DELL
2026-08-11,DK
2026-08-11,DLR
2026-08-11,DLTR
2026-08-11,DMRA
2026-08-11,DNLI
2026-08-11,DNTH
2026-08-11,DRI
2026-08-11,DRTS
2026-08-11,DSGN
2026-08-11,DVN
2026-08-11,EGY
2026-08-11,EOG
2026-08-11,EPC
2026-08-11,ERAS
2026-08-11,ETN
2026-08-11,EVER
2026-08-11,EW
2026-08-11,EWTX
2026-08-11,EXPD
2026-08-11,FA
2026-08-11,FANG
2026-08-11,FCX
2026-08-11,FDMT
2026-08-11,FERG
2026-08-11,FFIV
2026-08-11,FHI
2026-08-11,FLYW
2026-08-11,FNKO
2026-08-11,FTDR
2026-08-11,FTNT
2026-08-11,FTRE
2026-08-11,GCMG
2026-08-11,GE
2026-08-11,GEO
2026-08-11,GH
2026-08-11,GILD
2026-08-11,GLBE
2026-08-11,GM
2026-08-11,HAE
2026-08-11,HASI
2026-08-11,HELE
2026-08-11,HOS
2026-08-11,HPE
2026-08-11,HPQ
2026-08-11,HRI
2026-08-11,HRMY
2026-08-11,HUBB
2026-08-11,IDYA
2026-08-11,IESC
2026-08-11,IFF
2026-08-11,ILPT
2026-08-11,IMMX
2026-08-11,IMVT
2026-08-11,INCY
2026-08-11,INVX
2026-08-11,IR
2026-08-11,IRDM
2026-08-11,IRON
2026-08-11,IVZ
2026-08-11,JBIO
2026-08-11,JCI
2026-08-11,KFY
2026-08-11,KOD
2026-08-11,KODK
2026-08-11,KYMR
2026-08-11,LFST
2026-08-11,LLY
2026-08-11,LQDA
2026-08-11,LYB
2026-08-11,LYV
2026-08-11,LZB
2026-08-11,MAX
2026-08-11,MBX
2026-08-11,MCHB
2026-08-11,MCK
2026-08-11,MD
2026-08-11,MEI
2026-08-11,MEOH
2026-08-11,MGTX
2026-08-11,MITK
2026-08-11,MRK
2026-08-11,NKTR
2026-08-11,NMIH
2026-08-11,NSP
2026-08-11,NUE
2026-08-11,NUVB
2026-08-11,NVCR
2026-08-11,NVDA
2026-08-11,NVST
2026-08-11,NWL
2026-08-11,NWS
2026-08-11,NWSA
2026-08-11,OKE
2026-08-11,OKTA
2026-08-11,OMC
2026-08-11,OXY
2026-08-11,PARR
2026-08-11,PCAR
2026-08-11,PCVX
2026-08-11,PKG
2026-08-11,PRAA
2026-08-11,PRAX
2026-08-11,PSNL
2026-08-11,QTTB
2026-08-11,RCUS
2026-08-11,REPL
2026-08-11,REYN
2026-08-11,RHI
2026-08-11,RLAY
2026-08-11,ROIV
2026-08-11,RUSHA
2026-08-11,RVTY
2026-08-11,RYAM
2026-08-11,RYTM
2026-08-11,SAIC
2026-08-11,SBUX
2026-08-11,SHC
2026-08-11,SHOO
2026-08-11,SHW
2026-08-11,SIBN
2026-08-11,SKWD
2026-08-11,SKY
2026-08-11,SLB
2026-08-11,SLDB
2026-08-11,SLDE
2026-08-11,SOLV
2026-08-11,SON
2026-08-11,SPHR
2026-08-11,SRRK
2026-08-11,SRTA
2026-08-11,SSRM
2026-08-11,STLD
2026-08-11,STLN
2026-08-11,STOK
2026-08-11,STTK
2026-08-11,SW
2026-08-11,SXC
2026-08-11,SXT
2026-08-11,SYF
2026-08-11,SYRE
2026-08-11,TALO
2026-08-11,TENB
2026-08-11,TPR
2026-08-11,TSHA
2026-08-11,TT
2026-08-11,TVTX
2026-08-11,UAL
2026-08-11,UMAC
2026-08-11,URBN
2026-08-11,URI
2026-08-11,VAC
2026-08-11,VOD
2026-08-11,VRSN
2026-08-11,VRTX
2026-08-11,VSAT
2026-08-11,VZ
2026-08-11,WAT
2026-08-11,WSM
2026-08-11,WST
2026-08-11,WT
2026-08-11,WTTR
2026-08-11,WY
2026-08-11,XMAX
2026-08-11,ZD
2026-08-11,ZURA
2026-08-12,ABSI
2026-08-12,ACHC
2026-08-12,ACHV
2026-08-12,ACRS
2026-08-12,ALKS
2026-08-12,ALRM
2026-08-12,AMCR
2026-08-12,AMCX
2026-08-12,AMZN
2026-08-12,ANRO
2026-08-12,APA
2026-08-12,APH
2026-08-12,APPS
2026-08-12,ARTV
2026-08-12,ARWR
2026-08-12,ASH
2026-08-12,ASND
2026-08-12,ATRO
2026-08-12,AUR
2026-08-12,AURA
2026-08-12,AVGO
2026-08-12,AVT
2026-08-12,AVTX
2026-08-12,AVY
2026-08-12,AXGN
2026-08-12,BA
2026-08-12,BBIO
2026-08-12,BCRX
2026-08-12,BFH
2026-08-12,BIIB
2026-08-12,BKR
2026-08-12,BMY
2026-08-12,BZH
2026-08-12,CADL
2026-08-12,CAH
2026-08-12,CAL
2026-08-12,CARS
2026-08-12,CART
2026-08-12,CF
2026-08-12,CGEM
2026-08-12,CGNT
2026-08-12,CGON
2026-08-12,CHRD
2026-08-12,CLYM
2026-08-12,CMCO
2026-08-12,CMPS
2026-08-12,CNC
2026-08-12,CNK
2026-08-12,CODI
2026-08-12,COKE
2026-08-12,CRGY
2026-08-12,CRVS
2026-08-12,CSCO
2026-08-12,CTAS
2026-08-12,CWT
2026-08-12,CXW
2026-08-12,DAL
2026-08-12,DBX
2026-08-12,DD
2026-08-12,DE
2026-08-12,DEC
2026-08-12,DELL
2026-08-12,DLR
2026-08-12,DLTR
2026-08-12,DMRA
2026-08-12,DNLI
2026-08-12,DNTH
2026-08-12,DRTS
2026-08-12,DSGN
2026-08-12,DVN
2026-08-12,DYN
2026-08-12,EGY
2026-08-12,ELVN
2026-08-12,EOG
2026-08-12,EPC
2026-08-12,ERAS
2026-08-12,ETN
2026-08-12,EW
2026-08-12,EWTX
2026-08-12,EXPD
2026-08-12,FANG
2026-08-12,FCX
2026-08-12,FDMT
2026-08-12,FERG
2026-08-12,FFIV
2026-08-12,FHI
2026-08-12,FLYW
2026-08-12,FNKO
2026-08-12,FTDR
2026-08-12,FTNT
2026-08-12,GCMG
2026-08-12,GE
2026-08-12,GEO
2026-08-12,GH
2026-08-12,GILD
2026-08-12,GLBE
2026-08-12,GM
2026-08-12,GPCR
2026-08-12,HAPN
2026-08-12,HAS
2026-08-12,HASI
2026-08-12,HELE
2026-08-12,HOS
2026-08-12,HPQ
2026-08-12,HRI
2026-08-12,HRMY
2026-08-12,HUBB
2026-08-12,HUM
2026-08-12,IDYA
2026-08-12,IESC
2026-08-12,IFF
2026-08-12,ILMN
2026-08-12,IMMX
2026-08-12,IMVT
2026-08-12,INCY
2026-08-12,INSW
2026-08-12,INVX
2026-08-12,IRDM
2026-08-12,IRON
2026-08-12,IVZ
2026-08-12,JBIO
2026-08-12,JCI
2026-08-12,KFY
2026-08-12,KOD
2026-08-12,KODK
2026-08-12,KSS
2026-08-12,KYMR
2026-08-12,LLY
2026-08-12,LPG
2026-08-12,LYB
2026-08-12,LYV
2026-08-12,LZB
2026-08-12,MBX
2026-08-12,MCHB
2026-08-12,MCK
2026-08-12,MD
2026-08-12,MDLZ
2026-08-12,MEI
2026-08-12,MEOH
2026-08-12,MGTX
2026-08-12,MITK
2026-08-12,MRK
2026-08-12,MRX
2026-08-12,MTN
2026-08-12,NKTR
2026-08-12,NOVT
2026-08-12,NSP
2026-08-12,NUE
2026-08-12,NUVB
2026-08-12,NVCR
2026-08-12,NVDA
2026-08-12,NVST
2026-08-12,NWL
2026-08-12,NWS
2026-08-12,NWSA
2026-08-12,OIS
2026-08-12,OKE
2026-08-12,OKTA
2026-08-12,OMC
2026-08-12,OXY
2026-08-12,PARR
2026-08-12,PCAR
2026-08-12,PCG
2026-08-12,PCVX
2026-08-12,PK
2026-08-12,PKG
2026-08-12,PRAA
2026-08-12,PSNL
2026-08-12,QTTB
2026-08-12,RCUS
2026-08-12,RELY
2026-08-12,RHI
2026-08-12,RLAY
2026-08-12,ROIV
2026-08-12,RUSHA
2026-08-12,RVTY
2026-08-12,RYTM
2026-08-12,SAIC
2026-08-12,SBLK
2026-08-12,SBUX
2026-08-12,SHC
2026-08-12,SHOO
2026-08-12,SHW
2026-08-12,SIBN
2026-08-12,SJM
2026-08-12,SKY
2026-08-12,SLB
2026-08-12,SLDB
2026-08-12,SLDE
2026-08-12,SLS
2026-08-12,SOLV
2026-08-12,SON
2026-08-12,SPHR
2026-08-12,SRRK
2026-08-12,SRTA
2026-08-12,SSRM
2026-08-12,STLD
2026-08-12,STLN
2026-08-12,STTK
2026-08-12,SW
2026-08-12,SXC
2026-08-12,SXT
2026-08-12,SYRE
2026-08-12,TALO
2026-08-12,TENB
2026-08-12,TIGO
2026-08-12,TPC
2026-08-12,TPR
2026-08-12,TSHA
2026-08-12,TT
2026-08-12,TVTX
2026-08-12,UAL
2026-08-12,UMAC
2026-08-12,URBN
2026-08-12,URI
2026-08-12,VOD
2026-08-12,VRTX
2026-08-12,VSAT
2026-08-12,VZ
2026-08-12,WAT
2026-08-12,WSM
2026-08-12,WST
2026-08-12,WTTR
2026-08-12,WY
2026-08-12,XENE
2026-08-12,XMAX
2026-08-12,XMTR
2026-08-12,ZBIO
2026-08-12,ZD
2026-08-12,ZM
2026-08-12,ZURA
2026-08-13,ABSI
2026-08-13,ACHV
2026-08-13,ACRS
2026-08-13,ADAM
2026-08-13,ADPT
2026-08-13,AEHR
2026-08-13,ALL
2026-08-13,ALRM
2026-08-13,AMCR
2026-08-13,AMCX
2026-08-13,AMN
2026-08-13,AMZN
2026-08-13,ANET
2026-08-13,APA
2026-08-13,APH
2026-08-13,APPS
2026-08-13,ARTV
2026-08-13,ARWR
2026-08-13,ASH
2026-08-13,AUR
2026-08-13,AURA
2026-08-13,AVGO
2026-08-13,AVO
2026-08-13,AVT
2026-08-13,AVTX
2026-08-13,AVY
2026-08-13,AXGN
2026-08-13,BA
2026-08-13,BATRK
2026-08-13,BBY
2026-08-13,BCO
2026-08-13,BCRX
2026-08-13,BEN
2026-08-13,BFH
2026-08-13,BFLY
2026-08-13,BIIB
2026-08-13,BKR
2026-08-13,BLMN
2026-08-13,BMY
2026-08-13,CAL
2026-08-13,CARS
2026-08-13,CART
2026-08-13,CBRL
2026-08-13,CGEM
2026-08-13,CGNT
2026-08-13,CGON
2026-08-13,CHRD
2026-08-13,CLYM
2026-08-13,CMCO
2026-08-13,CMPS
2026-08-13,CNC
2026-08-13,CODI
2026-08-13,COKE
2026-08-13,COP
2026-08-13,CRGY
2026-08-13,CRVS
2026-08-13,CXW
2026-08-13,DAL
2026-08-13,DD
2026-08-13,DE
2026-08-13,DEC
2026-08-13,DELL
2026-08-13,DFTX
2026-08-13,DLR
2026-08-13,DLTR
2026-08-13,DMRA
2026-08-13,DNLI
2026-08-13,DNTH
2026-08-13,DRI
2026-08-13,DRTS
2026-08-13,DSGN
2026-08-13,DVN
2026-08-13,DYN
2026-08-13,EGY
2026-08-13,ELVN
2026-08-13,EOG
2026-08-13,EPC
2026-08-13,ETN
2026-08-13,EW
2026-08-13,EWTX
2026-08-13,FA
2026-08-13,FANG
2026-08-13,FCX
2026-08-13,FDMT
2026-08-13,FERG
2026-08-13,FFIV
2026-08-13,FHI
2026-08-13,FLYW
2026-08-13,FNKO
2026-08-13,FROG
2026-08-13,FTDR
2026-08-13,FTNT
2026-08-13,GCMG
2026-08-13,GEN
2026-08-13,GH
2026-08-13,GILD
2026-08-13,GLBE
2026-08-13,GM
2026-08-13,GPCR
2026-08-13,GSBD
2026-08-13,HAPN
2026-08-13,HASI
2026-08-13,HCC
2026-08-13,HELE
2026-08-13,HOS
2026-08-13,HQY
2026-08-13,HRI
2026-08-13,HRMY
2026-08-13,HUBB
2026-08-13,HUM
2026-08-13,HWM
2026-08-13,IDYA
2026-08-13,IESC
2026-08-13,IFF
2026-08-13,IMMX
2026-08-13,IMNM
2026-08-13,IMVT
2026-08-13,INCY
2026-08-13,INSW
2026-08-13,INVX
2026-08-13,IRDM
2026-08-13,IRON
2026-08-13,JBIO
2026-08-13,JCI
2026-08-13,KEYS
2026-08-13,KODK
2026-08-13,KSS
2026-08-13,KYMR
2026-08-13,LLY
2026-08-13,LPG
2026-08-13,LYB
2026-08-13,LZB
2026-08-13,MAX
2026-08-13,MBX
2026-08-13,MC
2026-08-13,MCK
2026-08-13,MD
2026-08-13,MDLZ
2026-08-13,MEI
2026-08-13,MEOH
2026-08-13,MGTX
2026-08-13,MITK
2026-08-13,MRX
2026-08-13,MYE
2026-08-13,NKTR
2026-08-13,NOVT
2026-08-13,NSP
2026-08-13,NUE
2026-08-13,NVCR
2026-08-13,NVDA
2026-08-13,NVST
2026-08-13,NWL
2026-08-13,NWS
2026-08-13,NWSA
2026-08-13,OKE
2026-08-13,OKTA
2026-08-13,OMC
2026-08-13,OSW
2026-08-13,OXY
2026-08-13,PCAR
2026-08-13,PCG
2026-08-13,PCVX
2026-08-13,PDM
2026-08-13,PGEN
2026-08-13,PH
2026-08-13,PHM
2026-08-13,PK
2026-08-13,PKG
2026-08-13,PM
2026-08-13,PRAA
2026-08-13,PRAX
2026-08-13,PSNL
2026-08-13,PTEN
2026-08-13,QTTB
2026-08-13,RCUS
2026-08-13,RELY
2026-08-13,RLAY
2026-08-13,ROIV
2026-08-13,RUSHA
2026-08-13,RVMD
2026-08-13,RVTY
2026-08-13,RYTM
2026-08-13,SAIC
2026-08-13,SBLK
2026-08-13,SBUX
2026-08-13,SHC
2026-08-13,SHOO
2026-08-13,SHW
2026-08-13,SIBN
2026-08-13,SJM
2026-08-13,SLB
2026-08-13,SLDB
2026-08-13,SLDE
2026-08-13,SLS
2026-08-13,SOLV
2026-08-13,SON
2026-08-13,SPHR
2026-08-13,SRRK
2026-08-13,SRTA
2026-08-13,SSRM
2026-08-13,STLD
2026-08-13,STLN
2026-08-13,STTK
2026-08-13,SW
2026-08-13,SXC
2026-08-13,SXT
2026-08-13,SYRE
2026-08-13,TALO
2026-08-13,TENB
2026-08-13,TPC
2026-08-13,TRMD
2026-08-13,TRVI
2026-08-13,TT
2026-08-13,TVTX
2026-08-13,TXRH
2026-08-13,UAL
2026-08-13,UMAC
2026-08-13,URBN
2026-08-13,URI
2026-08-13,VRSN
2026-08-13,VRTX
2026-08-13,VSAT
2026-08-13,VZ
2026-08-13,WAT
2026-08-13,WLY
2026-08-13,WSM
2026-08-13,WTTR
2026-08-13,WY
2026-08-13,XENE
2026-08-13,XMAX
2026-08-13,XMTR
2026-08-13,XYZ
2026-08-13,ZD
2026-08-13,ZURA
2026-08-14,ABSI
2026-08-14,ACAD
2026-08-14,ACRS
2026-08-14,ADPT
2026-08-14,ALL
2026-08-14,ALRM
2026-08-14,AMCR
2026-08-14,AMLX
2026-08-14,AMN
2026-08-14,AMRX
2026-08-14,AMZN
2026-08-14,ANET
2026-08-14,ANRO
2026-08-14,APH
2026-08-14,APO
2026-08-14,APPS
2026-08-14,ARTV
2026-08-14,ARWR
2026-08-14,ASH
2026-08-14,AUR
2026-08-14,AURA
2026-08-14,AVO
2026-08-14,AVT
2026-08-14,AVTX
2026-08-14,AVY
2026-08-14,AXGN
2026-08-14,BA
2026-08-14,BBY
2026-08-14,BCO
2026-08-14,BCRX
2026-08-14,BFH
2026-08-14,BFLY
2026-08-14,BIIB
2026-08-14,BJRI
2026-08-14,BKR
2026-08-14,BLMN
2026-08-14,BMY
2026-08-14,CAH
2026-08-14,CARS
2026-08-14,CART
2026-08-14,CBRL
2026-08-14,CGEM
2026-08-14,CGNT
2026-08-14,CGON
2026-08-14,CHEF
2026-08-14,CHRD
2026-08-14,CLDX
2026-08-14,CMCO
2026-08-14,CMPS
2026-08-14,CNC
2026-08-14,CNK
2026-08-14,COKE
2026-08-14,CRGY
2026-08-14,CRVS
2026-08-14,CRWD
2026-08-14,CXW
2026-08-14,DAL
2026-08-14,DBX
2026-08-14,DD
2026-08-14,DDOG
2026-08-14,DEC
2026-08-14,DELL
2026-08-14,DK
2026-08-14,DLR
2026-08-14,DLTR
2026-08-14,DMRA
2026-08-14,DNLI
2026-08-14,DNTH
2026-08-14,DRI
2026-08-14,DRTS
2026-08-14,DSGN
2026-08-14,DVN
2026-08-14,DYN
2026-08-14,EGY
2026-08-14,ELVN
2026-08-14,EOG
2026-08-14,EPC
2026-08-14,ERAS
2026-08-14,ETN
2026-08-14,EWTX
2026-08-14,FA
2026-08-14,FANG
2026-08-14,FCX
2026-08-14,FDMT
2026-08-14,FERG
2026-08-14,FHI
2026-08-14,FLOC
2026-08-14,FLYW
2026-08-14,FNKO
2026-08-14,FROG
2026-08-14,FTNT
2026-08-14,GCMG
2026-08-14,GE
2026-08-14,GEN
2026-08-14,GEO
2026-08-14,GILD
2026-08-14,GLBE
2026-08-14,GLNG
2026-08-14,GM
2026-08-14,GPCR
2026-08-14,GSBD
2026-08-14,HAPN
2026-08-14,HASI
2026-08-14,HCC
2026-08-14,HELE
2026-08-14,HOS
2026-08-14,HPE
2026-08-14,HPK
2026-08-14,HQY
2026-08-14,HRI
2026-08-14,HRMY
2026-08-14,HUBB
2026-08-14,HUM
2026-08-14,HWM
2026-08-14,IDYA
2026-08-14,IESC
2026-08-14,IFF
2026-08-14,IMMX
2026-08-14,IMVT
2026-08-14,INCY
2026-08-14,INSW
2026-08-14,INVX
2026-08-14,IRDM
2026-08-14,JBIO
2026-08-14,JCI
2026-08-14,KEYS
2026-08-14,KHC
2026-08-14,KODK
2026-08-14,KOPN
2026-08-14,KSS
2026-08-14,KTB
2026-08-14,KYMR
2026-08-14,LAUR
2026-08-14,LITE
2026-08-14,LIVN
2026-08-14,LPG
2026-08-14,LYB
2026-08-14,LZB
2026-08-14,MAX
2026-08-14,MC
2026-08-14,MCK
2026-08-14,MD
2026-08-14,MEI
2026-08-14,MEOH
2026-08-14,MGTX
2026-08-14,MITK
2026-08-14,MRX
2026-08-14,MTN
2026-08-14,NEO
2026-08-14,NKTR
2026-08-14,NOVT
2026-08-14,NSP
2026-08-14,NUE
2026-08-14,NVCR
2026-08-14,NVDA
2026-08-14,NVST
2026-08-14,NWL
2026-08-14,NWS
2026-08-14,NWSA
2026-08-14,OIS
2026-08-14,OKE
2026-08-14,OKTA
2026-08-14,OMC
2026-08-14,OSW
2026-08-14,OUST
2026-08-14,OXY
2026-08-14,PARR
2026-08-14,PCAR
2026-08-14,PCG
2026-08-14,PCVX
2026-08-14,PHM
2026-08-14,PK
2026-08-14,PM
2026-08-14,PRAA
2026-08-14,PRAX
2026-08-14,PSNL
2026-08-14,PTEN
2026-08-14,QRVO
2026-08-14,RCUS
2026-08-14,RELY
2026-08-14,RGLD
2026-08-14,RLAY
2026-08-14,ROIV
2026-08-14,RUSHA
2026-08-14,RVMD
2026-08-14,RVTY
2026-08-14,RYTM
2026-08-14,SAIC
2026-08-14,SBGI
2026-08-14,SBH
2026-08-14,SBLK
2026-08-14,SBUX
2026-08-14,SHC
2026-08-14,SHOO
2026-08-14,SHW
2026-08-14,SIBN
2026-08-14,SJM
2026-08-14,SKY
2026-08-14,SLB
2026-08-14,SLDB
2026-08-14,SLDE
2026-08-14,SLS
2026-08-14,SOLV
2026-08-14,SON
2026-08-14,SPHR
2026-08-14,SRRK
2026-08-14,SRTA
2026-08-14,SSRM
2026-08-14,STLD
2026-08-14,STLN
2026-08-14,STTK
2026-08-14,SW
2026-08-14,SXC
2026-08-14,SXT
2026-08-14,SYRE
2026-08-14,TALO
2026-08-14,TENB
2026-08-14,TILE
2026-08-14,TNL
2026-08-14,TRMD
2026-08-14,TRVI
2026-08-14,TT
2026-08-14,TVTX
2026-08-14,TXRH
2026-08-14,UAL
2026-08-14,URBN
2026-08-14,URI
2026-08-14,VRTX
2026-08-14,VSAT
2026-08-14,VVX
2026-08-14,WAT
2026-08-14,WFRD
2026-08-14,WSM
2026-08-14,WTTR
2026-08-14,XMAX
2026-08-14,XMTR
2026-08-14,XYZ
2026-08-14,ZD
2026-08-14,ZM
2026-08-14,ZURA
2026-08-17,ABSI
2026-08-17,ACRS
2026-08-17,ADM
2026-08-17,ADPT
2026-08-17,AEVA
2026-08-17,ALRM
2026-08-17,AMCX
2026-08-17,AMLX
2026-08-17,AMN
2026-08-17,AMRX
2026-08-17,AMZN
2026-08-17,ANET
2026-08-17,APH
2026-08-17,APO
2026-08-17,APPS
2026-08-17,ARTV
2026-08-17,ARWR
2026-08-17,ASH
2026-08-17,AUR
2026-08-17,AURA
2026-08-17,AVO
2026-08-17,AVT
2026-08-17,AVTX
2026-08-17,AVY
2026-08-17,AXGN
2026-08-17,AXTI
2026-08-17,BAX
2026-08-17,BBY
2026-08-17,BC
2026-08-17,BCRX
2026-08-17,BEN
2026-08-17,BFH
2026-08-17,BFLY
2026-08-17,BIIB
2026-08-17,BKR
2026-08-17,BLMN
2026-08-17,BMRN
2026-08-17,BMY
2026-08-17,BTX
2026-08-17,BWIN
2026-08-17,CAH
2026-08-17,CART
2026-08-17,CBRL
2026-08-17,CGEM
2026-08-17,CGON
2026-08-17,CHEF
2026-08-17,CHRD
2026-08-17,CLDX
2026-08-17,CMCO
2026-08-17,CMPS
2026-08-17,CNK
2026-08-17,CODI
2026-08-17,CPAY
2026-08-17,CRDO
2026-08-17,CRSR
2026-08-17,CRVS
2026-08-17,CRWD
2026-08-17,CXW
2026-08-17,DAN
2026-08-17,DBX
2026-08-17,DCH
2026-08-17,DD
2026-08-17,DEC
2026-08-17,DELL
2026-08-17,DFTX
2026-08-17,DK
2026-08-17,DLR
2026-08-17,DLTR
2026-08-17,DMRA
2026-08-17,DNLI
2026-08-17,DNTH
2026-08-17,DRI
2026-08-17,DRTS
2026-08-17,DSGN
2026-08-17,DVN
2026-08-17,DYN
2026-08-17,EGY
2026-08-17,ELVN
2026-08-17,ENTG
2026-08-17,EOG
2026-08-17,EOLS
2026-08-17,EPC
2026-08-17,EQIX
2026-08-17,ETN
2026-08-17,EWTX
2026-08-17,FANG
2026-08-17,FCX
2026-08-17,FERG
2026-08-17,FHI
2026-08-17,FLOC
2026-08-17,FLYW
2026-08-17,FNKO
2026-08-17,FROG
2026-08-17,FTDR
2026-08-17,GCMG
2026-08-17,GEO
2026-08-17,GH
2026-08-17,GILD
2026-08-17,GLBE
2026-08-17,GLNG
2026-08-17,GPCR
2026-08-17,GSBD
2026-08-17,HAS
2026-08-17,HASI
2026-08-17,HCC
2026-08-17,HOS
2026-08-17,HPE
2026-08-17,HPK
2026-08-17,HPQ
2026-08-17,HQY
2026-08-17,HRI
2026-08-17,HRMY
2026-08-17,HUBB
2026-08-17,HWM
2026-08-17,IDYA
2026-08-17,IESC
2026-08-17,ILMN
2026-08-17,IMMX
2026-08-17,INCY
2026-08-17,INSW
2026-08-17,INVX
2026-08-17,IRDM
2026-08-17,IRM
2026-08-17,JBIO
2026-08-17,JCI
2026-08-17,KEYS
2026-08-17,KFY
2026-08-17,KODK
2026-08-17,KOPN
2026-08-17,KSS
2026-08-17,KYMR
2026-08-17,LAUR
2026-08-17,LITE
2026-08-17,LIVN
2026-08-17,LMT
2026-08-17,LYB
2026-08-17,LZB
2026-08-17,MBX
2026-08-17,MCK
2026-08-17,MD
2026-08-17,MEI
2026-08-17,MEOH
2026-08-17,MGTX
2026-08-17,MITK
2026-08-17,MRX
2026-08-17,MYE
2026-08-17,NEO
2026-08-17,NKTR
2026-08-17,NOVT
2026-08-17,NUE
2026-08-17,NUVB
2026-08-17,NVCR
2026-08-17,NVDA
2026-08-17,NWL
2026-08-17,NWS
2026-08-17,NWSA
2026-08-17,OIS
2026-08-17,OMC
2026-08-17,OUST
2026-08-17,OXY
2026-08-17,PANW
2026-08-17,PARR
2026-08-17,PCAR
2026-08-17,PCG
2026-08-17,PCVX
2026-08-17,PGEN
2026-08-17,PK
2026-08-17,PRAA
2026-08-17,PRAX
2026-08-17,PSNL
2026-08-17,QRVO
2026-08-17,QTTB
2026-08-17,RCUS
2026-08-17,RELY
2026-08-17,REPL
2026-08-17,RHI
2026-08-17,RLAY
2026-08-17,ROIV
2026-08-17,RUSHA
2026-08-17,RVTY
2026-08-17,RYTM
2026-08-17,RYZ
2026-08-17,SAIC
2026-08-17,SBH
2026-08-17,SBLK
2026-08-17,SHC
2026-08-17,SHOO
2026-08-17,SIBN
2026-08-17,SITM
2026-08-17,SJM
2026-08-17,SKY
2026-08-17,SLB
2026-08-17,SLDB
2026-08-17,SLDE
2026-08-17,SLG
2026-08-17,SLS
2026-08-17,SOLV
2026-08-17,SPHR
2026-08-17,SRRK
2026-08-17,SRTA
2026-08-17,SSRM
2026-08-17,STGW
2026-08-17,STLD
2026-08-17,STLN
2026-08-17,STTK
2026-08-17,SW
2026-08-17,SWK
2026-08-17,SXC
2026-08-17,SXT
2026-08-17,SYRE
2026-08-17,TALO
2026-08-17,TER
2026-08-17,TGT
2026-08-17,TILE
2026-08-17,TRGP
2026-08-17,TRMD
2026-08-17,TRVI
2026-08-17,TSHA
2026-08-17,TT
2026-08-17,TVTX
2026-08-17,TXRH
2026-08-17,UMAC
2026-08-17,URBN
2026-08-17,VOXR
2026-08-17,VRTX
2026-08-17,VSAT
2026-08-17,VVX
2026-08-17,WAT
2026-08-17,WFRD
2026-08-17,WNC
2026-08-17,WSM
2026-08-17,WTTR
2026-08-17,XMAX
2026-08-17,ZD
2026-08-17,ZM
2026-08-17,ZURA
2026-08-17,ZYME
2026-08-18,ACRS
2026-08-18,ADM
2026-08-18,ADPT
2026-08-18,AEHR
2026-08-18,ALL
2026-08-18,ALRM
2026-08-18,AMCR
2026-08-18,AMCX
2026-08-18,AMN
2026-08-18,AMRX
2026-08-18,ANET
2026-08-18,APO
2026-08-18,APPS
2026-08-18,ARTV
2026-08-18,ARWR
2026-08-18,ASH
2026-08-18,ATRO
2026-08-18,AURA
2026-08-18,AVNT
2026-08-18,AVO
2026-08-18,AVT
2026-08-18,AVTX
2026-08-18,AVY
2026-08-18,AXGN
2026-08-18,AXTI
2026-08-18,AYA
2026-08-18,BATRK
2026-08-18,BAX
2026-08-18,BBIO
2026-08-18,BBY
2026-08-18,BCRX
2026-08-18,BDC
2026-08-18,BFH
2026-08-18,BFLY
2026-08-18,BIIB
2026-08-18,BKR
2026-08-18,BLMN
2026-08-18,BMRN
2026-08-18,BTX
2026-08-18,BWIN
2026-08-18,CAH
2026-08-18,CART
2026-08-18,CBRL
2026-08-18,CF
2026-08-18,CGEM
2026-08-18,CGON
2026-08-18,CHEF
2026-08-18,CHRD
2026-08-18,CLDX
2026-08-18,CMPS
2026-08-18,CNK
2026-08-18,CODI
2026-08-18,COKE
2026-08-18,CPAY
2026-08-18,CRDO
2026-08-18,CRSR
2026-08-18,CRVS
2026-08-18,CRWD
2026-08-18,CXW
2026-08-18,DAN
2026-08-18,DBX
2026-08-18,DCH
2026-08-18,DEC
2026-08-18,DELL
2026-08-18,DFTX
2026-08-18,DLR
2026-08-18,DLTR
2026-08-18,DMRA
2026-08-18,DNTH
2026-08-18,DOW
2026-08-18,DRI
2026-08-18,DRTS
2026-08-18,DSGN
2026-08-18,DVN
2026-08-18,DYN
2026-08-18,EGY
2026-08-18,ELVN
2026-08-18,EMR
2026-08-18,ENTG
2026-08-18,EOG
2026-08-18,EPC
2026-08-18,EQIX
2026-08-18,EWTX
2026-08-18,FANG
2026-08-18,FCX
2026-08-18,FERG
2026-08-18,FHI
2026-08-18,FLOC
2026-08-18,FLYW
2026-08-18,FNKO
2026-08-18,FROG
2026-08-18,FSLY
2026-08-18,FTDR
2026-08-18,GCMG
2026-08-18,GEO
2026-08-18,GH
2026-08-18,GILD
2026-08-18,GLBE
2026-08-18,GLNG
2026-08-18,GPCR
2026-08-18,HAS
2026-08-18,HASI
2026-08-18,HCC
2026-08-18,HOS
2026-08-18,HPE
2026-08-18,HPK
2026-08-18,HPQ
2026-08-18,HQY
2026-08-18,HRI
2026-08-18,HRMY
2026-08-18,HWM
2026-08-18,IDYA
2026-08-18,IESC
2026-08-18,IMCR
2026-08-18,IMMX
2026-08-18,INCY
2026-08-18,INSW
2026-08-18,INVX
2026-08-18,IRDM
2026-08-18,IRM
2026-08-18,JAZZ
2026-08-18,JBIO
2026-08-18,JCI
2026-08-18,KEYS
2026-08-18,KFY
2026-08-18,KODK
2026-08-18,KOPN
2026-08-18,KYMR
2026-08-18,LAUR
2026-08-18,LILAK
2026-08-18,LIND
2026-08-18,LITE
2026-08-18,LLY
2026-08-18,LYB
2026-08-18,MAX
2026-08-18,MBX
2026-08-18,MCK
2026-08-18,MD
2026-08-18,MEOH
2026-08-18,MGTX
2026-08-18,MITK
2026-08-18,MLKN
2026-08-18,MRX
2026-08-18,MTCH
2026-08-18,MTN
2026-08-18,NBIS
2026-08-18,NEO
2026-08-18,NEOG
2026-08-18,NKTR
2026-08-18,NN
2026-08-18,NSP
2026-08-18,NUE
2026-08-18,NUVB
2026-08-18,NVCR
2026-08-18,NVDA
2026-08-18,NVST
2026-08-18,NWL
2026-08-18,NWS
2026-08-18,NWSA
2026-08-18,OIS
2026-08-18,OMC
2026-08-18,OXY
2026-08-18,PANW
2026-08-18,PARR
2026-08-18,PCG
2026-08-18,PCVX
2026-08-18,PGEN
2026-08-18,PK
2026-08-18,PRAA
2026-08-18,PSNL
2026-08-18,QRVO
2026-08-18,RCUS
2026-08-18,RDW
2026-08-18,RELY
2026-08-18,RES
2026-08-18,RLAY
2026-08-18,ROIV
2026-08-18,RYTM
2026-08-18,SATL
2026-08-18,SBGI
2026-08-18,SBH
2026-08-18,SBLK
2026-08-18,SBUX
2026-08-18,SHC
2026-08-18,SHOO
2026-08-18,SIBN
2026-08-18,SITM
2026-08-18,SJM
2026-08-18,SKY
2026-08-18,SLB
2026-08-18,SLDB
2026-08-18,SLDE
2026-08-18,SLG
2026-08-18,SLS
2026-08-18,SNDA
2026-08-18,SOLV
2026-08-18,SON
2026-08-18,SPHR
2026-08-18,SRRK
2026-08-18,SRTA
2026-08-18,SSRM
2026-08-18,STGW
2026-08-18,STLN
2026-08-18,STTK
2026-08-18,SWK
2026-08-18,SXC
2026-08-18,SXT
2026-08-18,SYRE
2026-08-18,TALO
2026-08-18,TENB
2026-08-18,TER
2026-08-18,TILE
2026-08-18,TPC
2026-08-18,TRGP
2026-08-18,TRMD
2026-08-18,TRVI
2026-08-18,TSHA
2026-08-18,TVTX
2026-08-18,TWST
2026-08-18,UMAC
2026-08-18,VOXR
2026-08-18,VOYG
2026-08-18,VRTX
2026-08-18,WAT
2026-08-18,WFRD
2026-08-18,WSM
2026-08-18,WTTR
2026-08-18,ZBIO
2026-08-18,ZD
2026-08-18,ZM
2026-08-18,ZURA
2026-08-18,ZYME
2026-08-19,ABSI
2026-08-19,ACRS
2026-08-19,ADM
2026-08-19,ADPT
2026-08-19,AMCR
2026-08-19,AMCX
2026-08-19,AMN
2026-08-19,AMRX
2026-08-19,AMZN
2026-08-19,APO
2026-08-19,ARTV
2026-08-19,ARWR
2026-08-19,ASH
2026-08-19,ASND
2026-08-19,ATRO
2026-08-19,AURA
2026-08-19,AVO
2026-08-19,AVTX
2026-08-19,AVY
2026-08-19,AXGN
2026-08-19,AXTI
2026-08-19,BATRK
2026-08-19,BAX
2026-08-19,BBIO
2026-08-19,BBY
2026-08-19,BC
2026-08-19,BCRX
2026-08-19,BDC
2026-08-19,BFLY
2026-08-19,BIIB
2026-08-19,BKR
2026-08-19,BLMN
2026-08-19,BTX
2026-08-19,BWIN
2026-08-19,CAH
2026-08-19,CAL
2026-08-19,CARG
2026-08-19,CARS
2026-08-19,CART
2026-08-19,CF
2026-08-19,CGON
2026-08-19,CHEF
2026-08-19,CLDX
2026-08-19,CMPS
2026-08-19,CNK
2026-08-19,CODI
2026-08-19,COKE
2026-08-19,CON
2026-08-19,CPAY
2026-08-19,CRCT
2026-08-19,CRVS
2026-08-19,CXW
2026-08-19,DAN
2026-08-19,DBX
2026-08-19,DCH
2026-08-19,DEC
2026-08-19,DFTX
2026-08-19,DK
2026-08-19,DLR
2026-08-19,DLTR
2026-08-19,DMRA
2026-08-19,DNLI
2026-08-19,DNOW
2026-08-19,DNTH
2026-08-19,DOW
2026-08-19,DRH
2026-08-19,DRI
2026-08-19,DRTS
2026-08-19,DVN
2026-08-19,DYN
2026-08-19,EGY
2026-08-19,ELVN
2026-08-19,EMR
2026-08-19,EOG
2026-08-19,EPC
2026-08-19,EQIX
2026-08-19,EVER
2026-08-19,EWTX
2026-08-19,F
2026-08-19,FANG
2026-08-19,FCX
2026-08-19,FHI
2026-08-19,FLOC
2026-08-19,FLYW
2026-08-19,FNKO
2026-08-19,FROG
2026-08-19,FTDR
2026-08-19,GCMG
2026-08-19,GH
2026-08-19,GLBE
2026-08-19,GLNG
2026-08-19,GPCR
2026-08-19,HAS
2026-08-19,HASI
2026-08-19,HOS
2026-08-19,HPE
2026-08-19,HPK
2026-08-19,HPQ
2026-08-19,HQY
2026-08-19,HRI
2026-08-19,HRMY
2026-08-19,IDYA
2026-08-19,IFF
2026-08-19,ILMN
2026-08-19,IMCR
2026-08-19,INCY
2026-08-19,INSW
2026-08-19,INVX
2026-08-19,IVZ
2026-08-19,JAZZ
2026-08-19,JBIO
2026-08-19,JKHY
2026-08-19,KHC
2026-08-19,KODK
2026-08-19,LAUR
2026-08-19,LILA
2026-08-19,LILAK
2026-08-19,LIND
2026-08-19,LLY
2026-08-19,LMT
2026-08-19,LYB
2026-08-19,LYV
2026-08-19,MAX
2026-08-19,MBX
2026-08-19,MC
2026-08-19,MEOH
2026-08-19,MITK
2026-08-19,MLKN
2026-08-19,MRVI
2026-08-19,MRX
2026-08-19,MTCH
2026-08-19,MTN
2026-08-19,NBIS
2026-08-19,NESR
2026-08-19,NKTR
2026-08-19,NN
2026-08-19,NSP
2026-08-19,NTAP
2026-08-19,NUVB
2026-08-19,NVCR
2026-08-19,NVDA
2026-08-19,NWL
2026-08-19,NWS
2026-08-19,NWSA
2026-08-19,OMC
2026-08-19,OXY
2026-08-19,PARR
2026-08-19,PCG
2026-08-19,PCVX
2026-08-19,PDM
2026-08-19,PHM
2026-08-19,PK
2026-08-19,PM
2026-08-19,PRAA
2026-08-19,PWR
2026-08-19,QRVO
2026-08-19,QTTB
2026-08-19,RCUS
2026-08-19,RDW
2026-08-19,RELY
2026-08-19,REPL
2026-08-19,RES
2026-08-19,RLAY
2026-08-19,ROIV
2026-08-19,RVTY
2026-08-19,RYAM
2026-08-19,RYTM
2026-08-19,SATL
2026-08-19,SBGI
2026-08-19,SBH
2026-08-19,SBLK
2026-08-19,SBRA
2026-08-19,SHC
2026-08-19,SHOO
2026-08-19,SHW
2026-08-19,SJM
2026-08-19,SKY
2026-08-19,SLB
2026-08-19,SLDB
2026-08-19,SLDE
2026-08-19,SLG
2026-08-19,SLN
2026-08-19,SLS
2026-08-19,SNDA
2026-08-19,SOLV
2026-08-19,SON
2026-08-19,SPHR
2026-08-19,SRRK
2026-08-19,SRTA
2026-08-19,STGW
2026-08-19,STLN
2026-08-19,STTK
2026-08-19,SW
2026-08-19,SWK
2026-08-19,SXC
2026-08-19,SXT
2026-08-19,SYRE
2026-08-19,TRGP
2026-08-19,TRMD
2026-08-19,TRVI
2026-08-19,TSHA
2026-08-19,TVTX
2026-08-19,UMAC
2026-08-19,VOXR
2026-08-19,VOYG
2026-08-19,VVX
2026-08-19,WAT
2026-08-19,WEST
2026-08-19,WFRD
2026-08-19,WLY
2026-08-19,WSM
2026-08-19,WTTR
2026-08-19,WY
2026-08-19,XMAX
2026-08-19,XYZ
2026-08-19,ZBIO
2026-08-19,ZD
2026-08-19,ZURA
2026-08-19,ZYME
2026-08-20,ABSI
2026-08-20,ACAD
2026-08-20,ACRS
2026-08-20,ADM
2026-08-20,ADPT
2026-08-20,AMCR
2026-08-20,AMCX
2026-08-20,AMN
2026-08-20,ARTV
2026-08-20,ARWR
2026-08-20,ASH
2026-08-20,ASND
2026-08-20,AURA
2026-08-20,AVNT
2026-08-20,AVO
2026-08-20,AVTX
2026-08-20,AVY
2026-08-20,AXGN
2026-08-20,AXTI
2026-08-20,BAX
2026-08-20,BBIO
2026-08-20,BBY
2026-08-20,BC
2026-08-20,BCO
2026-08-20,BFLY
2026-08-20,BIIB
2026-08-20,BKR
2026-08-20,BLMN
2026-08-20,BMY
2026-08-20,BTX
2026-08-20,CADL
2026-08-20,CARG
2026-08-20,CARS
2026-08-20,CART
2026-08-20,CF
2026-08-20,CGEM
2026-08-20,CGON
2026-08-20,CHEF
2026-08-20,CMPS
2026-08-20,CNK
2026-08-20,CODI
2026-08-20,COKE
2026-08-20,CON
2026-08-20,CRCT
2026-08-20,CXW
2026-08-20,CYRX
2026-08-20,DAN
2026-08-20,DBX
2026-08-20,DCH
2026-08-20,DE
2026-08-20,DEC
2026-08-20,DFTX
2026-08-20,DK
2026-08-20,DLR
2026-08-20,DLTR
2026-08-20,DNLI
2026-08-20,DNOW
2026-08-20,DNTH
2026-08-20,DOW
2026-08-20,DRI
2026-08-20,DRTS
2026-08-20,DSGN
2026-08-20,DYN
2026-08-20,EGY
2026-08-20,ELVN
2026-08-20,EOG
2026-08-20,EQIX
2026-08-20,EVER
2026-08-20,EWTX
2026-08-20,FA
2026-08-20,FANG
2026-08-20,FCX
2026-08-20,FHI
2026-08-20,FLOC
2026-08-20,FLYW
2026-08-20,FNKO
2026-08-20,FRNM
2026-08-20,FROG
2026-08-20,FTDR
2026-08-20,GCMG
2026-08-20,GEN
2026-08-20,GEO
2026-08-20,GH
2026-08-20,GILD
2026-08-20,GLBE
2026-08-20,GLNG
2026-08-20,GM
2026-08-20,GPC
2026-08-20,HAS
2026-08-20,HASI
2026-08-20,HOS
2026-08-20,HPK
2026-08-20,HPQ
2026-08-20,HQY
2026-08-20,HRMY
2026-08-20,IDYA
2026-08-20,IFF
2026-08-20,ILMN
2026-08-20,IMCR
2026-08-20,IMVT
2026-08-20,INCY
2026-08-20,INSW
2026-08-20,INVX
2026-08-20,IVZ
2026-08-20,JKHY
2026-08-20,KHC
2026-08-20,KODK
2026-08-20,KYMR
2026-08-20,LILAK
2026-08-20,LITE
2026-08-20,LLY
2026-08-20,LPTH
2026-08-20,MAX
2026-08-20,MBX
2026-08-20,MDB
2026-08-20,MEOH
2026-08-20,MGNI
2026-08-20,MGTX
2026-08-20,MITK
2026-08-20,MRX
2026-08-20,MTCH
2026-08-20,MTN
2026-08-20,NEO
2026-08-20,NESR
2026-08-20,NKTR
2026-08-20,NN
2026-08-20,NSP
2026-08-20,NTAP
2026-08-20,NUAI
2026-08-20,NUVB
2026-08-20,NVCR
2026-08-20,NVDA
2026-08-20,NWS
2026-08-20,NWSA
2026-08-20,OKE
2026-08-20,OMC
2026-08-20,OPRT
2026-08-20,ORKA
2026-08-20,PCG
2026-08-20,PCVX
2026-08-20,PDM
2026-08-20,PHVS
2026-08-20,PK
2026-08-20,PM
2026-08-20,PTGX
2026-08-20,QRVO
2026-08-20,QTTB
2026-08-20,RCUS
2026-08-20,RELY
2026-08-20,REPL
2026-08-20,RES
2026-08-20,ROIV
2026-08-20,RVMD
2026-08-20,RVTY
2026-08-20,RYAM
2026-08-20,SATL
2026-08-20,SBGI
2026-08-20,SBH
2026-08-20,SBLK
2026-08-20,SHC
2026-08-20,SIBN
2026-08-20,SJM
2026-08-20,SKY
2026-08-20,SLB
2026-08-20,SLDB
2026-08-20,SLDE
2026-08-20,SLG
2026-08-20,SLN
2026-08-20,SLS
2026-08-20,SOLV
2026-08-20,SON
2026-08-20,SRRK
2026-08-20,SRTA
2026-08-20,STLN
2026-08-20,SW
2026-08-20,SWK
2026-08-20,SXC
2026-08-20,SXT
2026-08-20,SYRE
2026-08-20,TRGP
2026-08-20,TRMD
2026-08-20,TRVI
2026-08-20,TVTX
2026-08-20,UMAC
2026-08-20,URGN
2026-08-20,VOXR
2026-08-20,VOYG
2026-08-20,VRTX
2026-08-20,WAT
2026-08-20,WEST
2026-08-20,WFRD
2026-08-20,WLY
2026-08-20,WY
2026-08-20,ZBIO
2026-08-20,ZD
2026-08-20,ZURA
2026-08-20,ZYME
2026-08-21,ABSI
2026-08-21,ABUS
2026-08-21,ACRS
2026-08-21,ADPT
2026-08-21,AMCR
2026-08-21,AMN
2026-08-21,ANET
2026-08-21,APO
2026-08-21,ARWR
2026-08-21,ASH
2026-08-21,ASND
2026-08-21,AURA
2026-08-21,AVO
2026-08-21,AVTX
2026-08-21,AVY
2026-08-21,AXGN
2026-08-21,BATRK
2026-08-21,BAX
2026-08-21,BBY
2026-08-21,BC
2026-08-21,BFLY
2026-08-21,BIIB
2026-08-21,BJRI
2026-08-21,BKR
2026-08-21,BKSY
2026-08-21,BMRN
2026-08-21,BTX
2026-08-21,CAL
2026-08-21,CARG
2026-08-21,CARS
2026-08-21,CART
2026-08-21,CBRL
2026-08-21,CF
2026-08-21,CGON
2026-08-21,CHEF
2026-08-21,CMPS
2026-08-21,CNK
2026-08-21,CODI
2026-08-21,COKE
2026-08-21,CON
2026-08-21,CRCT
2026-08-21,CRVS
2026-08-21,CXW
2026-08-21,CYRX
2026-08-21,DAN
2026-08-21,DBX
2026-08-21,DCH
2026-08-21,DE
2026-08-21,DEC
2026-08-21,DFTX
2026-08-21,DLTR
2026-08-21,DMRA
2026-08-21,DNLI
2026-08-21,DNOW
2026-08-21,DNTH
2026-08-21,DOW
2026-08-21,DRI
2026-08-21,DSGN
2026-08-21,DYN
2026-08-21,EGY
2026-08-21,ELVN
2026-08-21,EMR
2026-08-21,EPC
2026-08-21,EQIX
2026-08-21,EVER
2026-08-21,EWTX
2026-08-21,F
2026-08-21,FANG
2026-08-21,FLOC
2026-08-21,FLYW
2026-08-21,FNKO
2026-08-21,FRNM
2026-08-21,FROG
2026-08-21,FSLY
2026-08-21,FTDR
2026-08-21,FTRE
2026-08-21,GCMG
2026-08-21,GEN
2026-08-21,GEO
2026-08-21,GH
2026-08-21,GILD
2026-08-21,GLBE
2026-08-21,GLNG
2026-08-21,GM
2026-08-21,GPC
2026-08-21,HAS
2026-08-21,HELE
2026-08-21,HOS
2026-08-21,HPE
2026-08-21,HPK
2026-08-21,HPQ
2026-08-21,HQY
2026-08-21,HRMY
2026-08-21,IDYA
2026-08-21,IFF
2026-08-21,IMCR
2026-08-21,IMVT
2026-08-21,INCY
2026-08-21,INSW
2026-08-21,INVX
2026-08-21,IRDM
2026-08-21,IVZ
2026-08-21,JAZZ
2026-08-21,KHC
2026-08-21,KODK
2026-08-21,KOPN
2026-08-21,KURA
2026-08-21,KYMR
2026-08-21,KYTX
2026-08-21,LFST
2026-08-21,LILA
2026-08-21,LILAK
2026-08-21,LITE
2026-08-21,LLY
2026-08-21,LPTH
2026-08-21,LYB
2026-08-21,MBX
2026-08-21,MC
2026-08-21,MCK
2026-08-21,MD
2026-08-21,MEOH
2026-08-21,MGNI
2026-08-21,MGTX
2026-08-21,MITK
2026-08-21,MRX
2026-08-21,MTCH
2026-08-21,MTN
2026-08-21,NESR
2026-08-21,NKTR
2026-08-21,NN
2026-08-21,NRIX
2026-08-21,NSP
2026-08-21,NTAP
2026-08-21,NUVB
2026-08-21,NVCR
2026-08-21,NWL
2026-08-21,OKE
2026-08-21,OMC
2026-08-21,ORKA
2026-08-21,PARR
2026-08-21,PCG
2026-08-21,PCVX
2026-08-21,PDM
2026-08-21,PHVS
2026-08-21,PK
2026-08-21,PRAA
2026-08-21,QRVO
2026-08-21,QTTB
2026-08-21,RCUS
2026-08-21,RDW
2026-08-21,RELY
2026-08-21,REPL
2026-08-21,RES
2026-08-21,ROIV
2026-08-21,RVMD
2026-08-21,RVTY
2026-08-21,RYAM
2026-08-21,SATL
2026-08-21,SBGI
2026-08-21,SBH
2026-08-21,SBUX
2026-08-21,SHC
2026-08-21,SJM
2026-08-21,SKY
2026-08-21,SLB
2026-08-21,SLDB
2026-08-21,SLG
2026-08-21,SLN
2026-08-21,SOLV
2026-08-21,SON
2026-08-21,SRRK
2026-08-21,SRTA
2026-08-21,STGW
2026-08-21,STLN
2026-08-21,STTK
2026-08-21,SW
2026-08-21,SWK
2026-08-21,SXC
2026-08-21,SXT
2026-08-21,SYF
2026-08-21,SYRE
2026-08-21,TILE
2026-08-21,TPC
2026-08-21,TRGP
2026-08-21,TRMD
2026-08-21,TVTX
2026-08-21,UMAC
2026-08-21,URGN
2026-08-21,VOYG
2026-08-21,VRSN
2026-08-21,VRTX
2026-08-21,WAT
2026-08-21,WEST
2026-08-21,WLY
2026-08-21,XYZ
2026-08-21,ZBIO
2026-08-21,ZD
2026-08-21,ZURA
2026-08-24,ABUS
2026-08-24,ACRS
2026-08-24,ADPT
2026-08-24,ALL
2026-08-24,ALM
2026-08-24,AMCR
2026-08-24,AMN
2026-08-24,AMZN
2026-08-24,APO
2026-08-24,ARWR
2026-08-24,ASH
2026-08-24,AURA
2026-08-24,AVO
2026-08-24,AVY
2026-08-24,AXGN
2026-08-24,AZTA
2026-08-24,BATRK
2026-08-24,BAX
2026-08-24,BBY
2026-08-24,BC
2026-08-24,BFLY
2026-08-24,BIIB
2026-08-24,BJRI
2026-08-24,BTX
2026-08-24,BVS
2026-08-24,BWIN
2026-08-24,CAL
2026-08-24,CARG
2026-08-24,CARS
2026-08-24,CART
2026-08-24,CBRL
2026-08-24,CF
2026-08-24,CGEM
2026-08-24,CGON
2026-08-24,CHEF
2026-08-24,CHRD
2026-08-24,CLDX
2026-08-24,CLMT
2026-08-24,CLYM
2026-08-24,CMPS
2026-08-24,CNC
2026-08-24,CNR
2026-08-24,CODI
2026-08-24,COKE
2026-08-24,CON
2026-08-24,CRCT
2026-08-24,CXW
2026-08-24,CYRX
2026-08-24,DAN
2026-08-24,DCH
2026-08-24,DE
2026-08-24,DEC
2026-08-24,DG
2026-08-24,DK
2026-08-24,DLTR
2026-08-24,DNOW
2026-08-24,DNTH
2026-08-24,DOW
2026-08-24,DRI
2026-08-24,DRTS
2026-08-24,DSGN
2026-08-24,DVN
2026-08-24,DYN
2026-08-24,EGY
2026-08-24,ELVN
2026-08-24,EMR
2026-08-24,EPC
2026-08-24,EVER
2026-08-24,EWTX
2026-08-24,FANG
2026-08-24,FLYW
2026-08-24,FNKO
2026-08-24,FRNM
2026-08-24,FROG
2026-08-24,FTDR
2026-08-24,FTRE
2026-08-24,GCMG
2026-08-24,GEN
2026-08-24,GEO
2026-08-24,GH
2026-08-24,GLNG
2026-08-24,GM
2026-08-24,GPC
2026-08-24,HPK
2026-08-24,HQY
2026-08-24,HRMY
2026-08-24,IDYA
2026-08-24,IFF
2026-08-24,IMCR
2026-08-24,IMNM
2026-08-24,IMVT
2026-08-24,INCY
2026-08-24,INSW
2026-08-24,IVZ
2026-08-24,JAZZ
2026-08-24,KHC
2026-08-24,KODK
2026-08-24,KURA
2026-08-24,KYMR
2026-08-24,LFST
2026-08-24,LILA
2026-08-24,LILAK
2026-08-24,LIND
2026-08-24,LLY
2026-08-24,LPTH
2026-08-24,LYB
2026-08-24,MBX
2026-08-24,MC
2026-08-24,MCK
2026-08-24,MD
2026-08-24,MEOH
2026-08-24,MGNI
2026-08-24,MGTX
2026-08-24,MIAX
2026-08-24,MLKN
2026-08-24,MRX
2026-08-24,MTCH
2026-08-24,MTN
2026-08-24,NEO
2026-08-24,NEOG
2026-08-24,NESR
2026-08-24,NKTR
2026-08-24,NRIX
2026-08-24,NSP
2026-08-24,NUVB
2026-08-24,NWL
2026-08-24,OII
2026-08-24,OKE
2026-08-24,OMC
2026-08-24,OXY
2026-08-24,PCG
2026-08-24,PCVX
2026-08-24,PDM
2026-08-24,PHM
2026-08-24,PHVS
2026-08-24,PK
2026-08-24,PM
2026-08-24,PRAA
2026-08-24,PRCH
2026-08-24,PTEN
2026-08-24,PTGX
2026-08-24,QLYS
2026-08-24,QRVO
2026-08-24,QTTB
2026-08-24,RCUS
2026-08-24,RELY
2026-08-24,REPL
2026-08-24,RES
2026-08-24,RLAY
2026-08-24,ROIV
2026-08-24,ROST
2026-08-24,RVMD
2026-08-24,RVTY
2026-08-24,RYTM
2026-08-24,SATL
2026-08-24,SBGI
2026-08-24,SBH
2026-08-24,SBUX
2026-08-24,SHC
2026-08-24,SIBN
2026-08-24,SKY
2026-08-24,SLB
2026-08-24,SLDB
2026-08-24,SLG
2026-08-24,SLN
2026-08-24,SLS
2026-08-24,SON
2026-08-24,SRRK
2026-08-24,SRTA
2026-08-24,STGW
2026-08-24,STLN
2026-08-24,STTK
2026-08-24,SW
2026-08-24,SXC
2026-08-24,SYF
2026-08-24,SYRE
2026-08-24,TALO
2026-08-24,TILE
2026-08-24,TNDM
2026-08-24,TRGP
2026-08-24,TRMD
2026-08-24,TVTX
2026-08-24,TXRH
2026-08-24,URBN
2026-08-24,URGN
2026-08-24,VRSN
2026-08-24,VRTX
2026-08-24,WAT
2026-08-24,WEST
2026-08-24,WLY
2026-08-24,XMAX
2026-08-24,XYZ
2026-08-24,ZBIO
2026-08-24,ZD
2026-08-24,ZM
2026-08-24,ZURA
2026-08-25,ABUS
2026-08-25,ACRS
2026-08-25,ADPT
2026-08-25,ADUR
2026-08-25,ALM
2026-08-25,AMCR
2026-08-25,AMZN
2026-08-25,ANET
2026-08-25,APA
2026-08-25,APO
2026-08-25,ARWR
2026-08-25,ASH
2026-08-25,AURA
2026-08-25,AVO
2026-08-25,AVTX
2026-08-25,AVY
2026-08-25,AXGN
2026-08-25,AZTA
2026-08-25,BAX
2026-08-25,BCRX
2026-08-25,BFH
2026-08-25,BFLY
2026-08-25,BIIB
2026-08-25,BLMN
2026-08-25,BMRN
2026-08-25,BTX
2026-08-25,BVS
2026-08-25,BWIN
2026-08-25,CAH
2026-08-25,CARS
2026-08-25,CART
2026-08-25,CBRL
2026-08-25,CF
2026-08-25,CGON
2026-08-25,CHEF
2026-08-25,CHRD
2026-08-25,CLDX
2026-08-25,CLMT
2026-08-25,CMPS
2026-08-25,CNK
2026-08-25,CNR
2026-08-25,CODI
2026-08-25,COKE
2026-08-25,CON
2026-08-25,CRSR
2026-08-25,CRVS
2026-08-25,CVNA
2026-08-25,CXW
2026-08-25,CYRX
2026-08-25,DAN
2026-08-25,DCH
2026-08-25,DE
2026-08-25,DEC
2026-08-25,DELL
2026-08-25,DFTX
2026-08-25,DK
2026-08-25,DLR
2026-08-25,DLTR
2026-08-25,DMRA
2026-08-25,DNLI
2026-08-25,DNOW
2026-08-25,DNTH
2026-08-25,DRI
2026-08-25,DRTS
2026-08-25,DSGN
2026-08-25,DVN
2026-08-25,DYN
2026-08-25,EGY
2026-08-25,ELV
2026-08-25,ELVN
2026-08-25,EOG
2026-08-25,EPC
2026-08-25,EQIX
2026-08-25,EVER
2026-08-25,EWTX
2026-08-25,FDS
2026-08-25,FLYW
2026-08-25,FNKO
2026-08-25,FRNM
2026-08-25,FROG
2026-08-25,FTDR
2026-08-25,GCMG
2026-08-25,GEN
2026-08-25,GEO
2026-08-25,GH
2026-08-25,GLNG
2026-08-25,GTN
2026-08-25,HOG
2026-08-25,HOS
2026-08-25,HPE
2026-08-25,HPK
2026-08-25,HPQ
2026-08-25,HQY
2026-08-25,HRMY
2026-08-25,IFF
2026-08-25,IMCR
2026-08-25,IMVT
2026-08-25,INCY
2026-08-25,INSW
2026-08-25,JAZZ
2026-08-25,KYMR
2026-08-25,KYTX
2026-08-25,LAUR
2026-08-25,LFST
2026-08-25,LILA
2026-08-25,LILAK
2026-08-25,LIND
2026-08-25,LITE
2026-08-25,LLY
2026-08-25,LPLA
2026-08-25,LPTH
2026-08-25,MBX
2026-08-25,MC
2026-08-25,MCK
2026-08-25,MD
2026-08-25,MDB
2026-08-25,MEOH
2026-08-25,MGTX
2026-08-25,MLKN
2026-08-25,MRX
2026-08-25,MTCH
2026-08-25,NEO
2026-08-25,NEOG
2026-08-25,NESR
2026-08-25,NKTR
2026-08-25,NRIX
2026-08-25,NSP
2026-08-25,NUVB
2026-08-25,NVCR
2026-08-25,NWL
2026-08-25,OMC
2026-08-25,OXY
2026-08-25,PCG
2026-08-25,PCVX
2026-08-25,PDM
2026-08-25,PHM
2026-08-25,PHVS
2026-08-25,PK
2026-08-25,PRAA
2026-08-25,PTEN
2026-08-25,PTGX
2026-08-25,QLYS
2026-08-25,QTTB
2026-08-25,QTWO
2026-08-25,RCUS
2026-08-25,RELY
2026-08-25,RLAY
2026-08-25,ROIV
2026-08-25,RVMD
2026-08-25,RVTY
2026-08-25,RYAM
2026-08-25,RYTM
2026-08-25,SATL
2026-08-25,SBGI
2026-08-25,SBH
2026-08-25,SBUX
2026-08-25,SHC
2026-08-25,SHW
2026-08-25,SIBN
2026-08-25,SKY
2026-08-25,SLB
2026-08-25,SLDB
2026-08-25,SLDE
2026-08-25,SLN
2026-08-25,SLS
2026-08-25,SNDA
2026-08-25,SON
2026-08-25,SPHR
2026-08-25,SRRK
2026-08-25,SRTA
2026-08-25,STGW
2026-08-25,STLN
2026-08-25,STTK
2026-08-25,SW
2026-08-25,SXC
2026-08-25,SYF
2026-08-25,SYRE
2026-08-25,TALO
2026-08-25,TILE
2026-08-25,TNDM
2026-08-25,TRGP
2026-08-25,TRMD
2026-08-25,TVTX
2026-08-25,URBN
2026-08-25,URGN
2026-08-25,VIR
2026-08-25,VRSN
2026-08-25,WAT
2026-08-25,WLY
2026-08-25,XMAX
2026-08-25,XYZ
2026-08-25,ZBIO
2026-08-25,ZD
2026-08-25,ZURA
2026-08-25,ZYME
2026-08-26,ABUS
2026-08-26,ACAD
2026-08-26,ACRS
2026-08-26,ADM
2026-08-26,ADPT
2026-08-26,ADUR
2026-08-26,ALM
2026-08-26,AMCR
2026-08-26,AMN
2026-08-26,AMRX
2026-08-26,ANET
2026-08-26,APA
2026-08-26,APO
2026-08-26,ARWR
2026-08-26,ASH
2026-08-26,AURA
2026-08-26,AVTX
2026-08-26,AVY
2026-08-26,AXGN
2026-08-26,AZTA
2026-08-26,BAX
2026-08-26,BBY
2026-08-26,BCRX
2026-08-26,BG
2026-08-26,BIIB
2026-08-26,BJRI
2026-08-26,BKNG
2026-08-26,BLMN
2026-08-26,BMRN
2026-08-26,BTX
2026-08-26,BVS
2026-08-26,BWIN
2026-08-26,CART
2026-08-26,CBRL
2026-08-26,CF
2026-08-26,CGON
2026-08-26,CHEF
2026-08-26,CHRD
2026-08-26,CLDX
2026-08-26,CLMT
2026-08-26,CLYM
2026-08-26,CMPS
2026-08-26,CNC
2026-08-26,CNK
2026-08-26,COKE
2026-08-26,CON
2026-08-26,CPAY
2026-08-26,CRSR
2026-08-26,CRVS
2026-08-26,CVNA
2026-08-26,CXW
2026-08-26,CYRX
2026-08-26,DAN
2026-08-26,DBX
2026-08-26,DCH
2026-08-26,DE
2026-08-26,DEC
2026-08-26,DELL
2026-08-26,DK
2026-08-26,DLR
2026-08-26,DLTR
2026-08-26,DNLI
2026-08-26,DNTH
2026-08-26,DRI
2026-08-26,DRTS
2026-08-26,DSGN
2026-08-26,DVN
2026-08-26,DYN
2026-08-26,EGY
2026-08-26,ELV
2026-08-26,ELVN
2026-08-26,EMR
2026-08-26,EPC
2026-08-26,EQIX
2026-08-26,ERAS
2026-08-26,EVER
2026-08-26,EWTX
2026-08-26,FDS
2026-08-26,FIVN
2026-08-26,FLYW
2026-08-26,FNKO
2026-08-26,FRNM
2026-08-26,FROG
2026-08-26,FTDR
2026-08-26,FTRE
2026-08-26,GCMG
2026-08-26,GEN
2026-08-26,GEO
2026-08-26,GH
2026-08-26,GLNG
2026-08-26,GM
2026-08-26,HAL
2026-08-26,HOG
2026-08-26,HPE
2026-08-26,HPK
2026-08-26,HQY
2026-08-26,HRMY
2026-08-26,IBKR
2026-08-26,IDYA
2026-08-26,IFF
2026-08-26,IMCR
2026-08-26,IMVT
2026-08-26,INCY
2026-08-26,KDP
2026-08-26,KODK
2026-08-26,KURA
2026-08-26,KYMR
2026-08-26,KYTX
2026-08-26,LAUR
2026-08-26,LFST
2026-08-26,LILA
2026-08-26,LILAK
2026-08-26,LITE
2026-08-26,LPG
2026-08-26,LPLA
2026-08-26,LPTH
2026-08-26,MBX
2026-08-26,MCK
2026-08-26,MD
2026-08-26,MDB
2026-08-26,MEI
2026-08-26,MEOH
2026-08-26,MGNI
2026-08-26,MGTX
2026-08-26,MLKN
2026-08-26,MRX
2026-08-26,MTCH
2026-08-26,NEOG
2026-08-26,NESR
2026-08-26,NKTR
2026-08-26,NRIX
2026-08-26,NSP
2026-08-26,NTAP
2026-08-26,NUVB
2026-08-26,NVCR
2026-08-26,NVST
2026-08-26,NWL
2026-08-26,OKE
2026-08-26,OMC
2026-08-26,ORIC
2026-08-26,OXY
2026-08-26,PCG
2026-08-26,PCVX
2026-08-26,PDM
2026-08-26,PESI
2026-08-26,PHM
2026-08-26,PHVS
2026-08-26,PK
2026-08-26,PRAA
2026-08-26,PRCH
2026-08-26,PTEN
2026-08-26,PTGX
2026-08-26,PUBM
2026-08-26,QLYS
2026-08-26,QNST
2026-08-26,QRVO
2026-08-26,QTTB
2026-08-26,RCUS
2026-08-26,RELY
2026-08-26,ROIV
2026-08-26,RVMD
2026-08-26,RYTM
2026-08-26,SBH
2026-08-26,SBLK
2026-08-26,SBUX
2026-08-26,SHC
2026-08-26,SIBN
2026-08-26,SKY
2026-08-26,SLB
2026-08-26,SLDB
2026-08-26,SLG
2026-08-26,SLM
2026-08-26,SLN
2026-08-26,SLS
2026-08-26,SON
2026-08-26,SRRK
2026-08-26,SRTA
2026-08-26,STLN
2026-08-26,STOK
2026-08-26,STTK
2026-08-26,SW
2026-08-26,SWK
2026-08-26,SXC
2026-08-26,SYF
2026-08-26,TALO
2026-08-26,TDW
2026-08-26,TIGO
2026-08-26,TRGP
2026-08-26,TVTX
2026-08-26,URBN
2026-08-26,URGN
2026-08-26,VIR
2026-08-26,VRSN
2026-08-26,VRTX
2026-08-26,WAT
2026-08-26,WLY
2026-08-26,XMAX
2026-08-26,XYZ
2026-08-26,ZBIO
2026-08-26,ZD
2026-08-26,ZURA
2026-08-26,ZYME
2026-08-27,ABUS
2026-08-27,ACAD
2026-08-27,ACRS
2026-08-27,ADPT
2026-08-27,ALM
2026-08-27,AMCX
2026-08-27,AMN
2026-08-27,AMRX
2026-08-27,ANET
2026-08-27,APO
2026-08-27,APPS
2026-08-27,ARWR
2026-08-27,ASH
2026-08-27,AUPH
2026-08-27,AURA
2026-08-27,AVNT
2026-08-27,AVT
2026-08-27,AVTX
2026-08-27,AVY
2026-08-27,AXGN
2026-08-27,AZTA
2026-08-27,BCRX
2026-08-27,BFH
2026-08-27,BFLY
2026-08-27,BGC
2026-08-27,BIIB
2026-08-27,BMRN
2026-08-27,BTX
2026-08-27,BVS
2026-08-27,BWIN
2026-08-27,CART
2026-08-27,CF
2026-08-27,CGON
2026-08-27,CHEF
2026-08-27,CHRD
2026-08-27,CMCO
2026-08-27,CMPS
2026-08-27,CNC
2026-08-27,CNK
2026-08-27,COKE
2026-08-27,CON
2026-08-27,CPAY
2026-08-27,CRCT
2026-08-27,CRSR
2026-08-27,CRVS
2026-08-27,CRWD
2026-08-27,CVNA
2026-08-27,CXW
2026-08-27,CYRX
2026-08-27,DAN
2026-08-27,DE
2026-08-27,DEC
2026-08-27,DELL
2026-08-27,DG
2026-08-27,DK
2026-08-27,DMRA
2026-08-27,DNLI
2026-08-27,DNTH
2026-08-27,DRTS
2026-08-27,DSGN
2026-08-27,DVN
2026-08-27,DYN
2026-08-27,EGY
2026-08-27,ELV
2026-08-27,ELVN
2026-08-27,EPC
2026-08-27,EQIX
2026-08-27,ERAS
2026-08-27,EWTX
2026-08-27,EXPE
2026-08-27,FDMT
2026-08-27,FLYW
2026-08-27,FNKO
2026-08-27,FRNM
2026-08-27,FROG
2026-08-27,FSLY
2026-08-27,FTDR
2026-08-27,FTNT
2026-08-27,FTRE
2026-08-27,GCMG
2026-08-27,GEO
2026-08-27,GH
2026-08-27,GLNG
2026-08-27,GM
2026-08-27,GPC
2026-08-27,HAL
2026-08-27,HAS
2026-08-27,HASI
2026-08-27,HOG
2026-08-27,HOS
2026-08-27,HPE
2026-08-27,HPK
2026-08-27,HPQ
2026-08-27,HRMY
2026-08-27,HTHT
2026-08-27,IBKR
2026-08-27,IBRX
2026-08-27,IDYA
2026-08-27,IFF
2026-08-27,IMCR
2026-08-27,IMVT
2026-08-27,INCY
2026-08-27,INSW
2026-08-27,INVX
2026-08-27,KDP
2026-08-27,KURA
2026-08-27,KYMR
2026-08-27,KYTX
2026-08-27,LAUR
2026-08-27,LFST
2026-08-27,LILAK
2026-08-27,LITE
2026-08-27,LPG
2026-08-27,LPLA
2026-08-27,LPTH
2026-08-27,LYB
2026-08-27,MBX
2026-08-27,MC
2026-08-27,MCK
2026-08-27,MD
2026-08-27,MEI
2026-08-27,MEOH
2026-08-27,MGNI
2026-08-27,MGTX
2026-08-27,MLKN
2026-08-27,MRX
2026-08-27,MTCH
2026-08-27,NEOG
2026-08-27,NESR
2026-08-27,NKTR
2026-08-27,NRIX
2026-08-27,NSP
2026-08-27,NTAP
2026-08-27,NUVB
2026-08-27,NVCR
2026-08-27,NVDA
2026-08-27,OII
2026-08-27,OKE
2026-08-27,OMC
2026-08-27,ORIC
2026-08-27,OXY
2026-08-27,PANW
2026-08-27,PARR
2026-08-27,PCG
2026-08-27,PCVX
2026-08-27,PDM
2026-08-27,PESI
2026-08-27,PGEN
2026-08-27,PHVS
2026-08-27,PRAA
2026-08-27,PSNL
2026-08-27,PTGX
2026-08-27,PUBM
2026-08-27,QRVO
2026-08-27,QTTB
2026-08-27,RCUS
2026-08-27,RELY
2026-08-27,RES
2026-08-27,ROIV
2026-08-27,RYTM
2026-08-27,SATL
2026-08-27,SBH
2026-08-27,SBUX
2026-08-27,SIBN
2026-08-27,SLB
2026-08-27,SLDB
2026-08-27,SLG
2026-08-27,SLM
2026-08-27,SLN
2026-08-27,SLS
2026-08-27,SOLV
2026-08-27,SRRK
2026-08-27,SRTA
2026-08-27,STGW
2026-08-27,STLN
2026-08-27,STOK
2026-08-27,STTK
2026-08-27,SW
2026-08-27,SWK
2026-08-27,SXT
2026-08-27,TALO
2026-08-27,TENB
2026-08-27,TNDM
2026-08-27,TPC
2026-08-27,TRGP
2026-08-27,TRMD
2026-08-27,TVTX
2026-08-27,UMAC
2026-08-27,URBN
2026-08-27,VIR
2026-08-27,VRSN
2026-08-27,VRTX
2026-08-27,VTRS
2026-08-27,WAT
2026-08-27,WFRD
2026-08-27,WLY
2026-08-27,XMAX
2026-08-27,XYZ
2026-08-27,ZBIO
2026-08-27,ZD
2026-08-27,ZURA
2026-08-27,ZYME
2026-08-28,A
2026-08-28,ABUS
2026-08-28,ACAD
2026-08-28,ADM
2026-08-28,ADPT
2026-08-28,AGEN
2026-08-28,ALM
2026-08-28,AMN
2026-08-28,AMZN
2026-08-28,ANET
2026-08-28,ANRO
2026-08-28,APO
2026-08-28,ASH
2026-08-28,AUPH
2026-08-28,AVTX
2026-08-28,AVY
2026-08-28,AXGN
2026-08-28,AZTA
2026-08-28,BAX
2026-08-28,BCRX
2026-08-28,BG
2026-08-28,BGC
2026-08-28,BIIB
2026-08-28,BKNG
2026-08-28,BKR
2026-08-28,BLMN
2026-08-28,BTX
2026-08-28,BVS
2026-08-28,BWIN
2026-08-28,CADL
2026-08-28,CARG
2026-08-28,CART
2026-08-28,CF
2026-08-28,CGEM
2026-08-28,CHEF
2026-08-28,CHRD
2026-08-28,CLMT
2026-08-28,CMPS
2026-08-28,CODI
2026-08-28,COKE
2026-08-28,CON
2026-08-28,CRSR
2026-08-28,CRWD
2026-08-28,CVNA
2026-08-28,CXW
2026-08-28,CYRX
2026-08-28,DAN
2026-08-28,DE
2026-08-28,DEC
2026-08-28,DELL
2026-08-28,DK
2026-08-28,DNOW
2026-08-28,DRTS
2026-08-28,DSGN
2026-08-28,DVN
2026-08-28,EGY
2026-08-28,EPC
2026-08-28,EVER
2026-08-28,EXPE
2026-08-28,FA
2026-08-28,FDMT
2026-08-28,FIVE
2026-08-28,FLYW
2026-08-28,FNKO
2026-08-28,FROG
2026-08-28,FRPT
2026-08-28,FTDR
2026-08-28,FTNT
2026-08-28,FTRE
2026-08-28,GCMG
2026-08-28,GEO
2026-08-28,GILD
2026-08-28,GM
2026-08-28,GPN
2026-08-28,GRNT
2026-08-28,HAL
2026-08-28,HOG
2026-08-28,HOS
2026-08-28,HPK
2026-08-28,HPQ
2026-08-28,HRMY
2026-08-28,HTHT
2026-08-28,IBKR
2026-08-28,IBRX
2026-08-28,IDYA
2026-08-28,ILMN
2026-08-28,IMCR
2026-08-28,IMNM
2026-08-28,INCY
2026-08-28,INSW
2026-08-28,INVX
2026-08-28,IVZ
2026-08-28,KDP
2026-08-28,KHC
2026-08-28,KNSA
2026-08-28,KURA
2026-08-28,KYMR
2026-08-28,LAUR
2026-08-28,LFST
2026-08-28,LILA
2026-08-28,LILAK
2026-08-28,LITE
2026-08-28,LYB
2026-08-28,MC
2026-08-28,MCK
2026-08-28,MD
2026-08-28,MEI
2026-08-28,MEOH
2026-08-28,MGNI
2026-08-28,MGTX
2026-08-28,MITK
2026-08-28,MLKN
2026-08-28,MRVI
2026-08-28,MRX
2026-08-28,MTCH
2026-08-28,NEOG
2026-08-28,NESR
2026-08-28,NRIX
2026-08-28,NSP
2026-08-28,NVCR
2026-08-28,NVDA
2026-08-28,NWL
2026-08-28,NWS
2026-08-28,OII
2026-08-28,OKTA
2026-08-28,OMC
2026-08-28,OPRT
2026-08-28,OXY
2026-08-28,PANW
2026-08-28,PARR
2026-08-28,PCVX
2026-08-28,PESI
2026-08-28,PGEN
2026-08-28,PRAA
2026-08-28,PRCH
2026-08-28,RELY
2026-08-28,RES
2026-08-28,RVMD
2026-08-28,RYAM
2026-08-28,SBGI
2026-08-28,SBH
2026-08-28,SIBN
2026-08-28,SKY
2026-08-28,SLDB
2026-08-28,SLG
2026-08-28,SLN
2026-08-28,SLS
2026-08-28,SRRK
2026-08-28,SRTA
2026-08-28,STGW
2026-08-28,STLN
2026-08-28,SW
2026-08-28,SXC
2026-08-28,SXT
2026-08-28,TALO
2026-08-28,TENB
2026-08-28,TNDM
2026-08-28,TRGP
2026-08-28,TRMD
2026-08-28,TVTX
2026-08-28,URBN
2026-08-28,VIR
2026-08-28,VOXR
2026-08-28,VRSN
2026-08-28,VRTX
2026-08-28,WAT
2026-08-28,WFRD
2026-08-28,WLY
2026-08-28,XMAX
2026-08-28,XYZ
2026-08-28,ZD
2026-08-28,ZYME
2026-08-31,A
2026-08-31,ABUS
2026-08-31,ACAD
2026-08-31,ACHV
2026-08-31,ACRS
2026-08-31,ADM
2026-08-31,AGEN
2026-08-31,ALM
2026-08-31,AMCX
2026-08-31,AMN
2026-08-31,ANET
2026-08-31,ANRO
2026-08-31,APO
2026-08-31,ASH
2026-08-31,AUPH
2026-08-31,AVNT
2026-08-31,AXGN
2026-08-31,BG
2026-08-31,BGC
2026-08-31,BIIB
2026-08-31,BKR
2026-08-31,BMRN
2026-08-31,BTX
2026-08-31,BWIN
2026-08-31,CADL
2026-08-31,CART
2026-08-31,CF
2026-08-31,CGEM
2026-08-31,CHEF
2026-08-31,CHRD
2026-08-31,CLMT
2026-08-31,CNMD
2026-08-31,CODI
2026-08-31,COKE
2026-08-31,CRSR
2026-08-31,CRWD
2026-08-31,CVNA
2026-08-31,CXW
2026-08-31,CYRX
2026-08-31,DAN
2026-08-31,DBX
2026-08-31,DE
2026-08-31,DEC
2026-08-31,DELL
2026-08-31,DG
2026-08-31,DNOW
2026-08-31,DRTS
2026-08-31,DSGN
2026-08-31,DVN
2026-08-31,EGY
2026-08-31,EPC
2026-08-31,EVER
2026-08-31,FA
2026-08-31,FDMT
2026-08-31,FLOC
2026-08-31,FLYW
2026-08-31,FNKO
2026-08-31,FROG
2026-08-31,FTNT
2026-08-31,GCMG
2026-08-31,GEO
2026-08-31,GILD
2026-08-31,GLNG
2026-08-31,GPN
2026-08-31,GRNT
2026-08-31,HAL
2026-08-31,HNI
2026-08-31,HOG
2026-08-31,HOS
2026-08-31,HPK
2026-08-31,HPQ
2026-08-31,HRMY
2026-08-31,HTHT
2026-08-31,IBKR
2026-08-31,IBRX
2026-08-31,IDYA
2026-08-31,IFF
2026-08-31,ILMN
2026-08-31,IMCR
2026-08-31,IMNM
2026-08-31,INSW
2026-08-31,INVX
2026-08-31,IVZ
2026-08-31,JKHY
2026-08-31,KDP
2026-08-31,KHC
2026-08-31,KNSA
2026-08-31,KURA
2026-08-31,KYMR
2026-08-31,KYTX
2026-08-31,LFST
2026-08-31,LILA
2026-08-31,LILAK
2026-08-31,LITE
2026-08-31,LYB
2026-08-31,MC
2026-08-31,MCK
2026-08-31,MEI
2026-08-31,MEOH
2026-08-31,MGNI
2026-08-31,MGTX
2026-08-31,MITK
2026-08-31,MRVI
2026-08-31,MRX
2026-08-31,MTCH
2026-08-31,NEO
2026-08-31,NEOG
2026-08-31,NESR
2026-08-31,NSP
2026-08-31,NTRA
2026-08-31,NVAX
2026-08-31,NVCR
2026-08-31,NVDA
2026-08-31,NWL
2026-08-31,OII
2026-08-31,OMC
2026-08-31,OPRT
2026-08-31,OXY
2026-08-31,PANW
2026-08-31,PARR
2026-08-31,PCVX
2026-08-31,PESI
2026-08-31,PGEN
2026-08-31,PRCH
2026-08-31,PSNL
2026-08-31,PUBM
2026-08-31,QLYS
2026-08-31,QNST
2026-08-31,QRVO
2026-08-31,RELY
2026-08-31,REPL
2026-08-31,RES
2026-08-31,RYAM
2026-08-31,SBGI
2026-08-31,SBH
2026-08-31,SIBN
2026-08-31,SLDB
2026-08-31,SLDE
2026-08-31,SLN
2026-08-31,SLS
2026-08-31,SOLV
2026-08-31,SRRK
2026-08-31,TENB
2026-08-31,TGT
2026-08-31,TMO
2026-08-31,TNDM
2026-08-31,TRGP
2026-08-31,TRMD
2026-08-31,TTEK
2026-08-31,TVTX
2026-08-31,URBN
2026-08-31,VIR
2026-08-31,VOXR
2026-08-31,VRSN
2026-08-31,VRTX
2026-08-31,WAT
2026-08-31,WFRD
2026-08-31,WLY
2026-08-31,XMAX
2026-08-31,XYZ
2026-08-31,ZBIO
2026-08-31,ZD
2026-08-31,ZYME
2026-09-01,ABUS
2026-09-01,ACAD
2026-09-01,ADM
2026-09-01,ALM
2026-09-01,AMCX
2026-09-01,ANRO
2026-09-01,ASH
2026-09-01,AXGN
2026-09-01,AYA
2026-09-01,BCRX
2026-09-01,BG
2026-09-01,BGC
2026-09-01,BHVN
2026-09-01,BIIB
2026-09-01,BLFS
2026-09-01,BWIN
2026-09-01,CADL
2026-09-01,CAKE
2026-09-01,CART
2026-09-01,CF
2026-09-01,CGEM
2026-09-01,CHEF
2026-09-01,CODI
2026-09-01,COKE
2026-09-01,CRL
2026-09-01,CRWD
2026-09-01,DBX
2026-09-01,DE
2026-09-01,DG
2026-09-01,DK
2026-09-01,DLTR
2026-09-01,DNOW
2026-09-01,DSGN
2026-09-01,DVN
2026-09-01,EGY
2026-09-01,FANG
2026-09-01,FCX
2026-09-01,FDMT
2026-09-01,FIVE
2026-09-01,FLOC
2026-09-01,FOX
2026-09-01,FTNT
2026-09-01,GEN
2026-09-01,GH
2026-09-01,GLNG
2026-09-01,GRNT
2026-09-01,HAL
2026-09-01,HOS
2026-09-01,HPQ
2026-09-01,HRMY
2026-09-01,HTHT
2026-09-01,IDYA
2026-09-01,IFF
2026-09-01,IMCR
2026-09-01,INCY
2026-09-01,INSW
2026-09-01,INVX
2026-09-01,IVZ
2026-09-01,JKHY
2026-09-01,KDP
2026-09-01,KHC
2026-09-01,KNSA
2026-09-01,KURA
2026-09-01,KYMR
2026-09-01,LFST
2026-09-01,LILA
2026-09-01,LILAK
2026-09-01,LYB
2026-09-01,MCK
2026-09-01,MD
2026-09-01,MDB
2026-09-01,MEI
2026-09-01,MEOH
2026-09-01,MGTX
2026-09-01,MRX
2026-09-01,MTCH
2026-09-01,NEO
2026-09-01,NEOG
2026-09-01,NESR
2026-09-01,NTRA
2026-09-01,NVAX
2026-09-01,NVCR
2026-09-01,NVDA
2026-09-01,NWL
2026-09-01,OII
2026-09-01,OKE
2026-09-01,OKTA
2026-09-01,PANW
2026-09-01,PARR
2026-09-01,PCVX
2026-09-01,PESI
2026-09-01,PGEN
2026-09-01,PRCH
2026-09-01,PSNL
2026-09-01,PUBM
2026-09-01,QRVO
2026-09-01,RCUS
2026-09-01,RELY
2026-09-01,RES
2026-09-01,RHI
2026-09-01,RUM
2026-09-01,RVMD
2026-09-01,RVTY
2026-09-01,SBH
2026-09-01,SLDB
2026-09-01,SLDE
2026-09-01,SLS
2026-09-01,SOLV
2026-09-01,SRRK
2026-09-01,SSRM
2026-09-01,TALO
2026-09-01,TH
2026-09-01,TRGP
2026-09-01,TTEK
2026-09-01,TVTX
2026-09-01,TWST
2026-09-01,TXG
2026-09-01,URBN
2026-09-01,VOXR
2026-09-01,VRSN
2026-09-01,WFRD
2026-09-01,WLY
2026-09-01,WTTR
2026-09-01,ZBH
2026-09-01,ZBIO
2026-09-01,ZD
2026-09-01,ZYME
2026-09-02,A
2026-09-02,ABUS
2026-09-02,ACAD
2026-09-02,ACRS
2026-09-02,ADM
2026-09-02,ALM
2026-09-02,AMCX
2026-09-02,AMRX
2026-09-02,ASH
2026-09-02,AUPH
2026-09-02,AVNT
2026-09-02,BBY
2026-09-02,BCRX
2026-09-02,BG
2026-09-02,BGC
2026-09-02,BHVN
2026-09-02,BIIB
2026-09-02,BKR
2026-09-02,BLFS
2026-09-02,BMRN
2026-09-02,BOX
2026-09-02,BVS
2026-09-02,BWIN
2026-09-02,CADL
2026-09-02,CAKE
2026-09-02,CARS
2026-09-02,CART
2026-09-02,CGEM
2026-09-02,CHEF
2026-09-02,CMCSA
2026-09-02,CNMD
2026-09-02,CODI
2026-09-02,COKE
2026-09-02,CON
2026-09-02,CRCT
2026-09-02,CRSR
2026-09-02,CVNA
2026-09-02,DAN
2026-09-02,DBX
2026-09-02,DC
2026-09-02,DCH
2026-09-02,DELL
2026-09-02,DG
2026-09-02,DK
2026-09-02,DLTR
2026-09-02,DNOW
2026-09-02,DOW
2026-09-02,DRI
2026-09-02,DRTS
2026-09-02,DSGN
2026-09-02,DVN
2026-09-02,ELVN
2026-09-02,EPC
2026-09-02,EVER
2026-09-02,EXEL
2026-09-02,EZPW
2026-09-02,F
2026-09-02,FANG
2026-09-02,FCX
2026-09-02,FDMT
2026-09-02,FDS
2026-09-02,FIVE
2026-09-02,FIVN
2026-09-02,FLOC
2026-09-02,FLYW
2026-09-02,FRPT
2026-09-02,FRSH
2026-09-02,FTRE
2026-09-02,GCT
2026-09-02,GEN
2026-09-02,GH
2026-09-02,GLNG
2026-09-02,GPN
2026-09-02,GRNT
2026-09-02,HAL
2026-09-02,HNI
2026-09-02,HOG
2026-09-02,HOS
2026-09-02,IDYA
2026-09-02,ILMN
2026-09-02,IMCR
2026-09-02,IMNM
2026-09-02,INCY
2026-09-02,INSW
2026-09-02,INVX
2026-09-02,JKHY
2026-09-02,KDP
2026-09-02,KHC
2026-09-02,KNSA
2026-09-02,KURA
2026-09-02,KYMR
2026-09-02,KYTX
2026-09-02,LFST
2026-09-02,LILA
2026-09-02,LILAK
2026-09-02,LYB
2026-09-02,MCK
2026-09-02,MD
2026-09-02,MEI
2026-09-02,MEOH
2026-09-02,MGTX
2026-09-02,MRVI
2026-09-02,MRX
2026-09-02,MTCH
2026-09-02,NEO
2026-09-02,NEOG
2026-09-02,NESR
2026-09-02,NMAX
2026-09-02,NTRA
2026-09-02,NUE
2026-09-02,NUVB
2026-09-02,NVCR
2026-09-02,NVDA
2026-09-02,NVST
2026-09-02,NWL
2026-09-02,OII
2026-09-02,OKE
2026-09-02,OKTA
2026-09-02,PARR
2026-09-02,PAYS
2026-09-02,PCRX
2026-09-02,PCVX
2026-09-02,PDM
2026-09-02,PESI
2026-09-02,PGEN
2026-09-02,PK
2026-09-02,PRCH
2026-09-02,PSNL
2026-09-02,QRVO
2026-09-02,RCUS
2026-09-02,RELY
2026-09-02,RES
2026-09-02,RGEN
2026-09-02,RUM
2026-09-02,RVMD
2026-09-02,RYAM
2026-09-02,SBH
2026-09-02,SIBN
2026-09-02,SLDB
2026-09-02,SLN
2026-09-02,SLS
2026-09-02,SOLV
2026-09-02,SRRK
2026-09-02,STGW
2026-09-02,STLN
2026-09-02,SYF
2026-09-02,TALO
2026-09-02,TGTX
2026-09-02,TH
2026-09-02,TMO
2026-09-02,TRGP
2026-09-02,TTEK
2026-09-02,TVTX
2026-09-02,TWST
2026-09-02,URBN
2026-09-02,VIR
2026-09-02,VOR
2026-09-02,VRSN
2026-09-02,WAT
2026-09-02,WFRD
2026-09-02,WT
2026-09-02,XYZ
2026-09-02,ZBH
2026-09-02,ZBIO
2026-09-02,ZBRA
2026-09-02,ZD
2026-09-03,ABUS
2026-09-03,ADM
2026-09-03,ALM
2026-09-03,AMRX
2026-09-03,ANET
2026-09-03,APO
2026-09-03,ARWR
2026-09-03,ASH
2026-09-03,AUPH
2026-09-03,AVT
2026-09-03,BBY
2026-09-03,BCRX
2026-09-03,BFH
2026-09-03,BG
2026-09-03,BGC
2026-09-03,BHVN
2026-09-03,BIIB
2026-09-03,BKR
2026-09-03,BLFS
2026-09-03,BMRN
2026-09-03,BVS
2026-09-03,BWIN
2026-09-03,CADL
2026-09-03,CART
2026-09-03,CF
2026-09-03,CGEM
2026-09-03,CHEF
2026-09-03,CHRD
2026-09-03,CMCO
2026-09-03,CMCSA
2026-09-03,CNC
2026-09-03,CNMD
2026-09-03,CNR
2026-09-03,CODI
2026-09-03,COKE
2026-09-03,CON
2026-09-03,CRCT
2026-09-03,CRSR
2026-09-03,CRVS
2026-09-03,CRWD
2026-09-03,CTVA
2026-09-03,CVNA
2026-09-03,CXW
2026-09-03,DAN
2026-09-03,DBX
2026-09-03,DC
2026-09-03,DCH
2026-09-03,DELL
2026-09-03,DG
2026-09-03,DK
2026-09-03,DLO
2026-09-03,DLTR
2026-09-03,DNOW
2026-09-03,DRI
2026-09-03,DRTS
2026-09-03,DSGN
2026-09-03,DXCM
2026-09-03,EGY
2026-09-03,ELVN
2026-09-03,EPC
2026-09-03,EVER
2026-09-03,EXEL
2026-09-03,EZPW
2026-09-03,F
2026-09-03,FA
2026-09-03,FANG
2026-09-03,FCX
2026-09-03,FDMT
2026-09-03,FLYW
2026-09-03,FOXF
2026-09-03,FTDR
2026-09-03,FTRE
2026-09-03,GCT
2026-09-03,GLNG
2026-09-03,GM
2026-09-03,GPN
2026-09-03,GRNT
2026-09-03,HAL
2026-09-03,HCC
2026-09-03,HNI
2026-09-03,HOG
2026-09-03,HPE
2026-09-03,HRMY
2026-09-03,HUM
2026-09-03,IBKR
2026-09-03,IBRX
2026-09-03,IDYA
2026-09-03,ILMN
2026-09-03,IMCR
2026-09-03,IMNM
2026-09-03,INCY
2026-09-03,INSW
2026-09-03,INVX
2026-09-03,IVZ
2026-09-03,JKHY
2026-09-03,KDP
2026-09-03,KNSA
2026-09-03,KSS
2026-09-03,KURA
2026-09-03,LFST
2026-09-03,LILA
2026-09-03,LILAK
2026-09-03,LPLA
2026-09-03,LYB
2026-09-03,MC
2026-09-03,MCK
2026-09-03,MD
2026-09-03,MEOH
2026-09-03,MGNI
2026-09-03,MGTX
2026-09-03,MRVI
2026-09-03,MRX
2026-09-03,MTCH
2026-09-03,NEO
2026-09-03,NEOG
2026-09-03,NESR
2026-09-03,NKTR
2026-09-03,NMAX
2026-09-03,NSP
2026-09-03,NTRA
2026-09-03,NUE
2026-09-03,NUVB
2026-09-03,NVCR
2026-09-03,NVDA
2026-09-03,NVST
2026-09-03,NWL
2026-09-03,OII
2026-09-03,OKE
2026-09-03,OKTA
2026-09-03,PARR
2026-09-03,PCRX
2026-09-03,PCVX
2026-09-03,PGEN
2026-09-03,PHVS
2026-09-03,PSNL
2026-09-03,PTGX
2026-09-03,PUBM
2026-09-03,QRVO
2026-09-03,RCUS
2026-09-03,RELY
2026-09-03,REPL
2026-09-03,RES
2026-09-03,RHI
2026-09-03,RVMD
2026-09-03,RYAM
2026-09-03,SBH
2026-09-03,SJM
2026-09-03,SLDB
2026-09-03,SLN
2026-09-03,SLS
2026-09-03,SOLV
2026-09-03,SRRK
2026-09-03,STGW
2026-09-03,SXC
2026-09-03,SYF
2026-09-03,TALO
2026-09-03,TDW
2026-09-03,TGTX
2026-09-03,TH
2026-09-03,TMO
2026-09-03,TRGP
2026-09-03,TVTX
2026-09-03,ULTA
2026-09-03,URBN
2026-09-03,VCTR
2026-09-03,VIR
2026-09-03,VOR
2026-09-03,VRSN
2026-09-03,WAT
2026-09-03,WFRD
2026-09-03,WMB
2026-09-03,WNC
2026-09-03,WTTR
2026-09-03,XYZ
2026-09-03,ZBH
2026-09-03,ZBIO
2026-09-03,ZD
2026-09-03,ZURA
2026-09-03,ZYME
2026-09-04,A
2026-09-04,ABUS
2026-09-04,ACRS
2026-09-04,ADM
2026-09-04,ALM
2026-09-04,AMCX
2026-09-04,ANET
2026-09-04,ANRO
2026-09-04,APH
2026-09-04,APO
2026-09-04,ARWR
2026-09-04,ASND
2026-09-04,AURA
2026-09-04,AVNT
2026-09-04,AVT
2026-09-04,BBY
2026-09-04,BCRX
2026-09-04,BDC
2026-09-04,BFH
2026-09-04,BG
2026-09-04,BGC
2026-09-04,BHVN
2026-09-04,BIIB
2026-09-04,BKR
2026-09-04,BMRN
2026-09-04,BOX
2026-09-04,BRZE
2026-09-04,BVS
2026-09-04,BWIN
2026-09-04,CADL
2026-09-04,CART
2026-09-04,CF
2026-09-04,CGEM
2026-09-04,CHEF
2026-09-04,CHRD
2026-09-04,CLYM
2026-09-04,CMCO
2026-09-04,CMG
2026-09-04,CNC
2026-09-04,CNMD
2026-09-04,CNR
2026-09-04,CODI
2026-09-04,CRSR
2026-09-04,CRWD
2026-09-04,CTVA
2026-09-04,CVNA
2026-09-04,CXW
2026-09-04,DAN
2026-09-04,DBX
2026-09-04,DC
2026-09-04,DCH
2026-09-04,DELL
2026-09-04,DG
2026-09-04,DK
2026-09-04,DLO
2026-09-04,DLTR
2026-09-04,DNOW
2026-09-04,DRI
2026-09-04,DRTS
2026-09-04,DSGN
2026-09-04,DVN
2026-09-04,EGY
2026-09-04,ELVN
2026-09-04,EPC
2026-09-04,EWTX
2026-09-04,EXEL
2026-09-04,EZPW
2026-09-04,F
2026-09-04,FA
2026-09-04,FCX
2026-09-04,FDMT
2026-09-04,FDS
2026-09-04,FIVE
2026-09-04,FIVN
2026-09-04,FLYW
2026-09-04,FOXF
2026-09-04,FTDR
2026-09-04,GCT
2026-09-04,GEN
2026-09-04,GEO
2026-09-04,GLNG
2026-09-04,GPN
2026-09-04,GRNT
2026-09-04,HAL
2026-09-04,HCC
2026-09-04,HNI
2026-09-04,HOG
2026-09-04,HRMY
2026-09-04,HUM
2026-09-04,IBRX
2026-09-04,IDYA
2026-09-04,ILMN
2026-09-04,IMCR
2026-09-04,INCY
2026-09-04,INVX
2026-09-04,IVZ
2026-09-04,JKHY
2026-09-04,KSS
2026-09-04,KURA
2026-09-04,LFST
2026-09-04,LILA
2026-09-04,LILAK
2026-09-04,LITE
2026-09-04,MC
2026-09-04,MCK
2026-09-04,MD
2026-09-04,MEOH
2026-09-04,MGNI
2026-09-04,MGTX
2026-09-04,MLKN
2026-09-04,MRX
2026-09-04,MTCH
2026-09-04,MU
2026-09-04,NBIS
2026-09-04,NEO
2026-09-04,NEOG
2026-09-04,NESR
2026-09-04,NEXT
2026-09-04,NKTR
2026-09-04,NMAX
2026-09-04,NRIX
2026-09-04,NSP
2026-09-04,NTRA
2026-09-04,NUE
2026-09-04,NUVB
2026-09-04,NVAX
2026-09-04,NVCR
2026-09-04,NVDA
2026-09-04,NWL
2026-09-04,OII
2026-09-04,OKE
2026-09-04,OKTA
2026-09-04,PARR
2026-09-04,PCRX
2026-09-04,PCTY
2026-09-04,PCVX
2026-09-04,PDM
2026-09-04,PGEN
2026-09-04,PSNL
2026-09-04,PUBM
2026-09-04,RCUS
2026-09-04,RELY
2026-09-04,REPL
2026-09-04,RES
2026-09-04,RUM
2026-09-04,RVMD
2026-09-04,SBH
2026-09-04,SJM
2026-09-04,SLDB
2026-09-04,SLN
2026-09-04,SLS
2026-09-04,SMTC
2026-09-04,SOLV
2026-09-04,STGW
2026-09-04,SXC
2026-09-04,SYF
2026-09-04,TALO
2026-09-04,TDW
2026-09-04,TGTX
2026-09-04,TH
2026-09-04,TMO
2026-09-04,TRGP
2026-09-04,TVTX
2026-09-04,ULTA
2026-09-04,URBN
2026-09-04,VCTR
2026-09-04,VIR
2026-09-04,VOR
2026-09-04,VRSN
2026-09-04,WAT
2026-09-04,WFRD
2026-09-04,WMB
2026-09-04,WNC
2026-09-04,WTTR
2026-09-04,XYZ
2026-09-04,ZBIO
2026-09-04,ZD
2026-09-04,ZM
2026-09-04,ZURA
2026-09-04,ZYME
2026-09-08,ABUS
2026-09-08,ACHV
2026-09-08,ACRS
2026-09-08,ADM
2026-09-08,ALM
2026-09-08,ANET
2026-09-08,ANRO
2026-09-08,APH
2026-09-08,APPS
2026-09-08,ASND
2026-09-08,AVT
2026-09-08,AVTX
2026-09-08,AXTI
2026-09-08,BBY
2026-09-08,BDC
2026-09-08,BFH
2026-09-08,BG
2026-09-08,BGC
2026-09-08,BOX
2026-09-08,CADL
2026-09-08,CF
2026-09-08,CGEM
2026-09-08,CHRD
2026-09-08,CLYM
2026-09-08,CMCO
2026-09-08,CMG
2026-09-08,CMPS
2026-09-08,CNK
2026-09-08,CNR
2026-09-08,CODI
2026-09-08,CORT
2026-09-08,CRC
2026-09-08,CRSR
2026-09-08,CRWD
2026-09-08,CTVA
2026-09-08,CVNA
2026-09-08,CXW
2026-09-08,DAN
2026-09-08,DC
2026-09-08,DCH
2026-09-08,DE
2026-09-08,DELL
2026-09-08,DG
2026-09-08,DK
2026-09-08,DLR
2026-09-08,DNOW
2026-09-08,DNTH
2026-09-08,DRTS
2026-09-08,DSGN
2026-09-08,DVN
2026-09-08,EGY
2026-09-08,ELVN
2026-09-08,ETD
2026-09-08,EWTX
2026-09-08,EXEL
2026-09-08,EZPW
2026-09-08,FCX
2026-09-08,FDMT
2026-09-08,FIVE
2026-09-08,GEN
2026-09-08,GEO
2026-09-08,GILD
2026-09-08,GRNT
2026-09-08,HAL
2026-09-08,HCC
2026-09-08,HNI
2026-09-08,HP
2026-09-08,HPE
2026-09-08,HPQ
2026-09-08,HRMY
2026-09-08,HUM
2026-09-08,IBRX
2026-09-08,ILMN
2026-09-08,IMMX
2026-09-08,INSW
2026-09-08,INVX
2026-09-08,IVZ
2026-09-08,KSS
2026-09-08,KURA
2026-09-08,LFST
2026-09-08,LILA
2026-09-08,LILAK
2026-09-08,LITE
2026-09-08,LYB
2026-09-08,MC
2026-09-08,MCK
2026-09-08,MD
2026-09-08,MEOH
2026-09-08,MGNI
2026-09-08,MRK
2026-09-08,MRVL
2026-09-08,MRX
2026-09-08,MTCH
2026-09-08,MU
2026-09-08,NBIS
2026-09-08,NEO
2026-09-08,NEOG
2026-09-08,NESR
2026-09-08,NEXT
2026-09-08,NKTR
2026-09-08,NMAX
2026-09-08,NRIX
2026-09-08,NTAP
2026-09-08,NTRA
2026-09-08,NUE
2026-09-08,NVAX
2026-09-08,NVDA
2026-09-08,NWL
2026-09-08,OKTA
2026-09-08,PARR
2026-09-08,PAYS
2026-09-08,PCRX
2026-09-08,PCVX
2026-09-08,PHVS
2026-09-08,PSNL
2026-09-08,RDW
2026-09-08,REGN
2026-09-08,REPL
2026-09-08,RES
2026-09-08,RVTY
2026-09-08,RYAM
2026-09-08,SATL
2026-09-08,SBLK
2026-09-08,SLB
2026-09-08,SLDB
2026-09-08,SLN
2026-09-08,SLS
2026-09-08,SMTC
2026-09-08,SNDK
2026-09-08,SOLV
2026-09-08,SRRK
2026-09-08,STLN
2026-09-08,SXC
2026-09-08,TALO
2026-09-08,TDW
2026-09-08,TGTX
2026-09-08,TH
2026-09-08,TPC
2026-09-08,TRGP
2026-09-08,TVTX
2026-09-08,UMAC
2026-09-08,URBN
2026-09-08,VIR
2026-09-08,VOR
2026-09-08,VOYG
2026-09-08,WEAV
2026-09-08,WFRD
2026-09-08,WHD
2026-09-08,WMB
2026-09-08,WNC
2026-09-08,WT
2026-09-08,WTTR
2026-09-08,ZBRA
2026-09-08,ZD
2026-09-08,ZLAB
2026-09-08,ZURA
2026-09-08,ZYME
2026-09-09,ABUS
2026-09-09,ACDC
2026-09-09,ADM
2026-09-09,AESI
2026-09-09,ALM
2026-09-09,AMN
2026-09-09,ANET
2026-09-09,APH
2026-09-09,APPS
2026-09-09,ASND
2026-09-09,AUPH
2026-09-09,AVT
2026-09-09,AXTI
2026-09-09,BBY
2026-09-09,BFH
2026-09-09,BG
2026-09-09,BGC
2026-09-09,BKR
2026-09-09,BOX
2026-09-09,CF
2026-09-09,CGEM
2026-09-09,CHRD
2026-09-09,CMPS
2026-09-09,CNR
2026-09-09,CON
2026-09-09,CORT
2026-09-09,CRC
2026-09-09,CRSR
2026-09-09,CTVA
2026-09-09,CVNA
2026-09-09,CXW
2026-09-09,DAN
2026-09-09,DBX
2026-09-09,DC
2026-09-09,DCH
2026-09-09,DE
2026-09-09,DEC
2026-09-09,DELL
2026-09-09,DK
2026-09-09,DNOW
2026-09-09,DSGN
2026-09-09,EL
2026-09-09,EOLS
2026-09-09,ETD
2026-09-09,ETON
2026-09-09,EWTX
2026-09-09,EXEL
2026-09-09,EZPW
2026-09-09,FANG
2026-09-09,FCX
2026-09-09,FDMT
2026-09-09,FIVE
2026-09-09,GCT
2026-09-09,GEN
2026-09-09,GEO
2026-09-09,GH
2026-09-09,GILD
2026-09-09,GLNG
2026-09-09,GRNT
2026-09-09,HAL
2026-09-09,HCC
2026-09-09,HNST
2026-09-09,HPE
2026-09-09,HRMY
2026-09-09,HUM
2026-09-09,IBRX
2026-09-09,INCY
2026-09-09,INSW
2026-09-09,INVX
2026-09-09,IQV
2026-09-09,KEYS
2026-09-09,KNSA
2026-09-09,LFST
2026-09-09,LILA
2026-09-09,LILAK
2026-09-09,LITE
2026-09-09,LXU
2026-09-09,LYB
2026-09-09,MCK
2026-09-09,MD
2026-09-09,MEOH
2026-09-09,MGNI
2026-09-09,MRK
2026-09-09,MRVL
2026-09-09,MRX
2026-09-09,MTCH
2026-09-09,MU
2026-09-09,NBIS
2026-09-09,NEO
2026-09-09,NEOG
2026-09-09,NESR
2026-09-09,NEXT
2026-09-09,NMAX
2026-09-09,NRIX
2026-09-09,NTRA
2026-09-09,NUAI
2026-09-09,NUE
2026-09-09,NVAX
2026-09-09,NVDA
2026-09-09,NWL
2026-09-09,OKE
2026-09-09,OKTA
2026-09-09,PARR
2026-09-09,PAYS
2026-09-09,PCRX
2026-09-09,PHVS
2026-09-09,PRDO
2026-09-09,PSNL
2026-09-09,RES
2026-09-09,RVMD
2026-09-09,SLB
2026-09-09,SLS
2026-09-09,SMTC
2026-09-09,SNDK
2026-09-09,STLN
2026-09-09,SXC
2026-09-09,TALO
2026-09-09,TDW
2026-09-09,TGTX
2026-09-09,TH
2026-09-09,TRGP
2026-09-09,TVTX
2026-09-09,URGN
2026-09-09,VIR
2026-09-09,VRNS
2026-09-09,WEAV
2026-09-09,WFRD
2026-09-09,WHD
2026-09-09,WMB
2026-09-09,WT
2026-09-09,WTTR
2026-09-09,ZD
2026-09-10,ABUS
2026-09-10,ADM
2026-09-10,AESI
2026-09-10,APPS
2026-09-10,ASND
2026-09-10,AUPH
2026-09-10,AVT
2026-09-10,AYA
2026-09-10,BBY
2026-09-10,BG
2026-09-10,BGC
2026-09-10,BMRN
2026-09-10,BOX
2026-09-10,CF
2026-09-10,CMPS
2026-09-10,CNR
2026-09-10,CON
2026-09-10,CORT
2026-09-10,CRC
2026-09-10,CRSR
2026-09-10,CRWD
2026-09-10,CTVA
2026-09-10,CXW
2026-09-10,DAN
2026-09-10,DBX
2026-09-10,DCH
2026-09-10,DE
2026-09-10,DEC
2026-09-10,DELL
2026-09-10,DK
2026-09-10,DRTS
2026-09-10,ELV
2026-09-10,ETD
2026-09-10,ETON
2026-09-10,EXEL
2026-09-10,EZPW
2026-09-10,FANG
2026-09-10,FRNM
2026-09-10,GCT
2026-09-10,GEN
2026-09-10,GLNG
2026-09-10,GM
2026-09-10,GRNT
2026-09-10,HAL
2026-09-10,HPE
2026-09-10,HRMY
2026-09-10,HUM
2026-09-10,IQV
2026-09-10,LFST
2026-09-10,LILA
2026-09-10,LILAK
2026-09-10,LITE
2026-09-10,LXU
2026-09-10,LYB
2026-09-10,MD
2026-09-10,MGNI
2026-09-10,MRVL
2026-09-10,MRX
2026-09-10,MTCH
2026-09-10,MU
2026-09-10,NBIS
2026-09-10,NEO
2026-09-10,NEOG
2026-09-10,NESR
2026-09-10,NEXT
2026-09-10,NMAX
2026-09-10,NTRA
2026-09-10,NUAI
2026-09-10,OKE
2026-09-10,OKTA
2026-09-10,PARR
2026-09-10,PHVS
2026-09-10,PSNL
2026-09-10,RES
2026-09-10,ROIV
2026-09-10,SBLK
2026-09-10,SLB
2026-09-10,SLS
2026-09-10,SMTC
2026-09-10,SNDK
2026-09-10,SPT
2026-09-10,SRPT
2026-09-10,SRRK
2026-09-10,SSRM
2026-09-10,STLN
2026-09-10,STX
2026-09-10,SXC
2026-09-10,TALO
2026-09-10,TDW
2026-09-10,TGTX
2026-09-10,TH
2026-09-10,TRGP
2026-09-10,TVTX
2026-09-10,VIR
2026-09-10,VRNS
2026-09-10,VRSN
2026-09-10,WT
2026-09-10,WTTR
2026-09-10,ZD
2026-09-10,ZVRA
2026-09-11,ABCL
2026-09-11,ABUS
2026-09-11,ADM
2026-09-11,AESI
2026-09-11,AMCX
2026-09-11,ANET
2026-09-11,APH
2026-09-11,APPS
2026-09-11,ASND
2026-09-11,AUPH
2026-09-11,AVT
2026-09-11,AYA
2026-09-11,BBY
2026-09-11,BG
2026-09-11,BGC
2026-09-11,BIIB
2026-09-11,BMRN
2026-09-11,CF
2026-09-11,CHRD
2026-09-11,CMPS
2026-09-11,CNC
2026-09-11,CNR
2026-09-11,CRC
2026-09-11,CRCT
2026-09-11,CXW
2026-09-11,DAN
2026-09-11,DBX
2026-09-11,DE
2026-09-11,DEC
2026-09-11,DK
2026-09-11,DRTS
2026-09-11,ELV
2026-09-11,ETD
2026-09-11,EWTX
2026-09-11,EZPW
2026-09-11,FANG
2026-09-11,FIVE
2026-09-11,FOXA
2026-09-11,GCT
2026-09-11,GEN
2026-09-11,GEO
2026-09-11,GLNG
2026-09-11,GOLD
2026-09-11,GRNT
2026-09-11,HAL
2026-09-11,HIMX
2026-09-11,HNST
2026-09-11,HOG
2026-09-11,HP
2026-09-11,HPE
2026-09-11,HRMY
2026-09-11,HUM
2026-09-11,INVX
2026-09-11,IVZ
2026-09-11,KEYS
2026-09-11,KODK
2026-09-11,LFST
2026-09-11,LILA
2026-09-11,LILAK
2026-09-11,LITE
2026-09-11,LXU
2026-09-11,MD
2026-09-11,MEOH
2026-09-11,MGNI
2026-09-11,MRVL
2026-09-11,MRX
2026-09-11,MTCH
2026-09-11,MU
2026-09-11,NBIS
2026-09-11,NEO
2026-09-11,NEOG
2026-09-11,NEXT
2026-09-11,NTAP
2026-09-11,NTRA
2026-09-11,NUAI
2026-09-11,NUE
2026-09-11,NVAX
2026-09-11,OII
2026-09-11,OKE
2026-09-11,OKTA
2026-09-11,PARR
2026-09-11,PAYS
2026-09-11,PHVS
2026-09-11,PRDO
2026-09-11,PSNL
2026-09-11,PTGX
2026-09-11,PUBM
2026-09-11,RES
2026-09-11,RIOT
2026-09-11,ROIV
2026-09-11,RVTY
2026-09-11,SBLK
2026-09-11,SG
2026-09-11,SLB
2026-09-11,SMTC
2026-09-11,SNDK
2026-09-11,SPT
2026-09-11,SRPT
2026-09-11,SSRM
2026-09-11,STLN
2026-09-11,SXC
2026-09-11,TALO
2026-09-11,TARS
2026-09-11,TDW
2026-09-11,TER
2026-09-11,TH
2026-09-11,TMO
2026-09-11,TPC
2026-09-11,TRGP
2026-09-11,TVTX
2026-09-11,URBN
2026-09-11,VIR
2026-09-11,VRNS
2026-09-11,VRSN
2026-09-11,WAT
2026-09-11,WHD
2026-09-11,WT
2026-09-11,WTTR
2026-09-11,WWW
2026-09-11,ZD
2026-09-11,ZVRA
2026-09-14,ABUS
2026-09-14,ADM
2026-09-14,AESI
2026-09-14,AMCX
2026-09-14,ANET
2026-09-14,APH
2026-09-14,APPS
2026-09-14,ASND
2026-09-14,AUPH
2026-09-14,AVT
2026-09-14,AYA
2026-09-14,BBY
2026-09-14,BG
2026-09-14,BGC
2026-09-14,BIIB
2026-09-14,CF
2026-09-14,CMPS
2026-09-14,CNC
2026-09-14,CNR
2026-09-14,COHU
2026-09-14,CRC
2026-09-14,CRCT
2026-09-14,CXW
2026-09-14,DAN
2026-09-14,DBX
2026-09-14,DE
2026-09-14,DEC
2026-09-14,DK
2026-09-14,DRTS
2026-09-14,ELV
2026-09-14,ETD
2026-09-14,EWTX
2026-09-14,EZPW
2026-09-14,FANG
2026-09-14,FIVE
2026-09-14,FOXA
2026-09-14,GCT
2026-09-14,GEN
2026-09-14,GEO
2026-09-14,GOLD
2026-09-14,GRNT
2026-09-14,HAL
2026-09-14,HIMX
2026-09-14,HNST
2026-09-14,HOG
2026-09-14,HP
2026-09-14,HPE
2026-09-14,HRMY
2026-09-14,HUM
2026-09-14,INVX
2026-09-14,IVZ
2026-09-14,KEYS
2026-09-14,KODK
2026-09-14,LFST
2026-09-14,LILA
2026-09-14,LILAK
2026-09-14,LITE
2026-09-14,LXU
2026-09-14,MD
2026-09-14,MEOH
2026-09-14,MGNI
2026-09-14,MRVL
2026-09-14,MRX
2026-09-14,MTCH
2026-09-14,MU
2026-09-14,NBIS
2026-09-14,NEO
2026-09-14,NEOG
2026-09-14,NEXT
2026-09-14,NTAP
2026-09-14,NTRA
2026-09-14,NUAI
2026-09-14,NUE
2026-09-14,NVAX
2026-09-14,OII
2026-09-14,OKTA
2026-09-14,PARR
2026-09-14,PAYS
2026-09-14,PHVS
2026-09-14,PRDO
2026-09-14,PSNL
2026-09-14,PTGX
2026-09-14,PUBM
2026-09-14,RES
2026-09-14,RIOT
2026-09-14,ROIV
2026-09-14,RVTY
2026-09-14,SANM
2026-09-14,SBLK
2026-09-14,SEI
2026-09-14,SG
2026-09-14,SLB
2026-09-14,SNDK
2026-09-14,SPT
2026-09-14,SRPT
2026-09-14,SSRM
2026-09-14,STLN
2026-09-14,SXC
2026-09-14,TARS
2026-09-14,TDW
2026-09-14,TER
2026-09-14,TH
2026-09-14,TPC
2026-09-14,TVTX
2026-09-14,URBN
2026-09-14,VIR
2026-09-14,VRNS
2026-09-14,WAT
2026-09-14,WHD
2026-09-14,WT
2026-09-14,WTTR
2026-09-14,WWW
2026-09-14,ZVRA
2026-09-15,ADM
2026-09-15,ADPT
2026-09-15,AMCX
2026-09-15,AMN
2026-09-15,APPS
2026-09-15,ASND
2026-09-15,ASO
2026-09-15,AUPH
2026-09-15,AVT
2026-09-15,AZTA
2026-09-15,BBY
2026-09-15,BFH
2026-09-15,BG
2026-09-15,BGC
2026-09-15,BIIB
2026-09-15,BLFS
2026-09-15,BOX
2026-09-15,BWIN
2026-09-15,CART
2026-09-15,CF
2026-09-15,CHEF
2026-09-15,CHRD
2026-09-15,CLOV
2026-09-15,CMG
2026-09-15,CMPS
2026-09-15,CNC
2026-09-15,COKE
2026-09-15,CRC
2026-09-15,CRCT
2026-09-15,CRSR
2026-09-15,CRWD
2026-09-15,CXW
2026-09-15,CYRX
2026-09-15,DCTH
2026-09-15,DE
2026-09-15,DEC
2026-09-15,DELL
2026-09-15,DG
2026-09-15,DK
2026-09-15,DRTS
2026-09-15,EL
2026-09-15,ETD
2026-09-15,EWTX
2026-09-15,EZPW
2026-09-15,FA
2026-09-15,FANG
2026-09-15,FIVE
2026-09-15,FOX
2026-09-15,FOXA
2026-09-15,FRNM
2026-09-15,FROG
2026-09-15,FRSH
2026-09-15,FSLY
2026-09-15,FTNT
2026-09-15,GCT
2026-09-15,GH
2026-09-15,GOLD
2026-09-15,GPN
2026-09-15,GRNT
2026-09-15,HNST
2026-09-15,HOG
2026-09-15,HPE
2026-09-15,HRMY
2026-09-15,HUM
2026-09-15,IBRX
2026-09-15,JKHY
2026-09-15,KSPI
2026-09-15,LILA
2026-09-15,LILAK
2026-09-15,MANH
2026-09-15,MD
2026-09-15,MEOH
2026-09-15,MGNI
2026-09-15,MTCH
2026-09-15,NEO
2026-09-15,NEOG
2026-09-15,NEXT
2026-09-15,NSP
2026-09-15,NTNX
2026-09-15,NUAI
2026-09-15,NVAX
2026-09-15,PANW
2026-09-15,PARR
2026-09-15,PAY
2026-09-15,PAYS
2026-09-15,PHVS
2026-09-15,PRDO
2026-09-15,PRGS
2026-09-15,PSNL
2026-09-15,PTEN
2026-09-15,PTGX
2026-09-15,PUBM
2026-09-15,QLYS
2026-09-15,RIOT
2026-09-15,ROIV
2026-09-15,RVTY
2026-09-15,SBLK
2026-09-15,SDGR
2026-09-15,SEI
2026-09-15,SG
2026-09-15,SMTC
2026-09-15,SRPT
2026-09-15,STGW
2026-09-15,STLN
2026-09-15,SWKS
2026-09-15,TALO
2026-09-15,TGT
2026-09-15,TH
2026-09-15,TVTX
2026-09-15,TWST
2026-09-15,VIR
2026-09-15,VRNS
2026-09-15,WAT
2026-09-15,XP
2026-09-15,ZBRA
2026-09-15,ZVRA
2026-09-16,A
2026-09-16,ADM
2026-09-16,ADPT
2026-09-16,AESI
2026-09-16,AMCX
2026-09-16,AMN
2026-09-16,AMPL
2026-09-16,ANET
2026-09-16,APPS
2026-09-16,ARE
2026-09-16,AUPH
2026-09-16,AVT
2026-09-16,AZTA
2026-09-16,BBY
2026-09-16,BFH
2026-09-16,BG
2026-09-16,BGC
2026-09-16,BIIB
2026-09-16,BLFS
2026-09-16,BOX
2026-09-16,BWIN
2026-09-16,CDW
2026-09-16,CF
2026-09-16,CNC
2026-09-16,COKE
2026-09-16,CRC
2026-09-16,CRCT
2026-09-16,CRSR
2026-09-16,CRWD
2026-09-16,CXW
2026-09-16,CYRX
2026-09-16,DCTH
2026-09-16,DEC
2026-09-16,DELL
2026-09-16,DK
2026-09-16,DNOW
2026-09-16,DRTS
2026-09-16,ETD
2026-09-16,EWTX
2026-09-16,EXEL
2026-09-16,FA
2026-09-16,FANG
2026-09-16,FFIV
2026-09-16,FIVN
2026-09-16,FOX
2026-09-16,FOXA
2026-09-16,FRNM
2026-09-16,FROG
2026-09-16,FRSH
2026-09-16,FSLY
2026-09-16,FTNT
2026-09-16,GCT
2026-09-16,GEN
2026-09-16,GH
2026-09-16,GNK
2026-09-16,GOLD
2026-09-16,GRNT
2026-09-16,HAL
2026-09-16,HNST
2026-09-16,HOG
2026-09-16,HP
2026-09-16,HPE
2026-09-16,HRMY
2026-09-16,HUM
2026-09-16,IBRX
2026-09-16,ILMN
2026-09-16,INVX
2026-09-16,LFST
2026-09-16,LILAK
2026-09-16,LYB
2026-09-16,MANH
2026-09-16,MGNI
2026-09-16,NEM
2026-09-16,NEOG
2026-09-16,NMAX
2026-09-16,NSP
2026-09-16,NTAP
2026-09-16,NTNX
2026-09-16,NUE
2026-09-16,PANW
2026-09-16,PARR
2026-09-16,PGEN
2026-09-16,PHVS
2026-09-16,PRDO
2026-09-16,PRGS
2026-09-16,PTEN
2026-09-16,PUBM
2026-09-16,QLYS
2026-09-16,RGEN
2026-09-16,ROIV
2026-09-16,RUM
2026-09-16,SATL
2026-09-16,SBLK
2026-09-16,SEI
2026-09-16,SG
2026-09-16,SGMT
2026-09-16,SMTC
2026-09-16,SPT
2026-09-16,SRPT
2026-09-16,STGW
2026-09-16,STLN
2026-09-16,TARS
2026-09-16,TDW
2026-09-16,TH
2026-09-16,TWST
2026-09-16,VRNS
2026-09-16,WAT
2026-09-16,WHD
2026-09-16,WTTR
2026-09-16,XP
2026-09-16,ZBH
2026-09-16,ZD
2026-09-17,A
2026-09-17,ADM
2026-09-17,ADPT
2026-09-17,AESI
2026-09-17,AMN
2026-09-17,AMPL
2026-09-17,ANET
2026-09-17,APA
2026-09-17,ARE
2026-09-17,AUPH
2026-09-17,AVPT
2026-09-17,AVT
2026-09-17,AXTI
2026-09-17,AZTA
2026-09-17,BBY
2026-09-17,BFH
2026-09-17,BGC
2026-09-17,BLFS
2026-09-17,BOX
2026-09-17,BWIN
2026-09-17,CDW
2026-09-17,CF
2026-09-17,CRSR
2026-09-17,CRWD
2026-09-17,CXW
2026-09-17,CYRX
2026-09-17,DCTH
2026-09-17,DK
2026-09-17,DRTS
2026-09-17,DVN
2026-09-17,DXCM
2026-09-17,EGY
2026-09-17,ETD
2026-09-17,EWTX
2026-09-17,EXEL
2026-09-17,FA
2026-09-17,FFIV
2026-09-17,FIVN
2026-09-17,FOX
2026-09-17,FOXA
2026-09-17,FRNM
2026-09-17,FROG
2026-09-17,FRSH
2026-09-17,FSLY
2026-09-17,FTNT
2026-09-17,GCT
2026-09-17,GEN
2026-09-17,GEO
2026-09-17,GH
2026-09-17,GNK
2026-09-17,GOLD
2026-09-17,HPE
2026-09-17,HPQ
2026-09-17,HRMY
2026-09-17,ILMN
2026-09-17,INTC
2026-09-17,IRD
2026-09-17,KNSA
2026-09-17,KODK
2026-09-17,LFST
2026-09-17,LILAK
2026-09-17,LITE
2026-09-17,LYB
2026-09-17,MANH
2026-09-17,MATV
2026-09-17,MEOH
2026-09-17,MGNI
2026-09-17,MRVL
2026-09-17,MRX
2026-09-17,MTCH
2026-09-17,NEOG
2026-09-17,NSP
2026-09-17,NTAP
2026-09-17,NTNX
2026-09-17,NUE
2026-09-17,NVAX
2026-09-17,PANW
2026-09-17,PARR
2026-09-17,PGEN
2026-09-17,PHVS
2026-09-17,PRDO
2026-09-17,PUBM
2026-09-17,QCOM
2026-09-17,QLYS
2026-09-17,RGEN
2026-09-17,ROIV
2026-09-17,RUM
2026-09-17,SBLK
2026-09-17,SEI
2026-09-17,SGMT
2026-09-17,SMTC
2026-09-17,SOPH
2026-09-17,SPT
2026-09-17,STLN
2026-09-17,TALO
2026-09-17,TARS
2026-09-17,TASK
2026-09-17,TGTX
2026-09-17,TH
2026-09-17,TWST
2026-09-17,VOYG
2026-09-17,VRNS
2026-09-17,WAT
2026-09-17,WTTR
2026-09-17,XP
2026-09-17,ZD
2026-09-18,A
2026-09-18,ACHV
2026-09-18,ADM
2026-09-18,AESI
2026-09-18,AMD
2026-09-18,AMN
2026-09-18,ANET
2026-09-18,ARE
2026-09-18,AUPH
2026-09-18,AVPT
2026-09-18,AVT
2026-09-18,AXTI
2026-09-18,AYA
2026-09-18,AZTA
2026-09-18,BBY
2026-09-18,BFH
2026-09-18,BG
2026-09-18,BGC
2026-09-18,BOX
2026-09-18,BWIN
2026-09-18,CDW
2026-09-18,CF
2026-09-18,CGEM
2026-09-18,CGON
2026-09-18,CMPS
2026-09-18,CNC
2026-09-18,COHU
2026-09-18,CORT
2026-09-18,CRCT
2026-09-18,CRGY
2026-09-18,CRL
2026-09-18,CRSP
2026-09-18,CRSR
2026-09-18,CRWD
2026-09-18,CVLT
2026-09-18,CXW
2026-09-18,CYRX
2026-09-18,DAN
2026-09-18,DC
2026-09-18,DCTH
2026-09-18,DNOW
2026-09-18,DRTS
2026-09-18,DVN
2026-09-18,DXCM
2026-09-18,EGY
2026-09-18,ETD
2026-09-18,EWTX
2026-09-18,EXEL
2026-09-18,FDMT
2026-09-18,FFIV
2026-09-18,FIVN
2026-09-18,FROG
2026-09-18,FRSH
2026-09-18,FSLY
2026-09-18,FTNT
2026-09-18,FTRE
2026-09-18,GCT
2026-09-18,GEN
2026-09-18,GEO
2026-09-18,GH
2026-09-18,GM
2026-09-18,GNK
2026-09-18,GO
2026-09-18,GOLD
2026-09-18,HPE
2026-09-18,IBRX
2026-09-18,IDYA
2026-09-18,IMMX
2026-09-18,INTC
2026-09-18,IRD
2026-09-18,KNSA
2026-09-18,KODK
2026-09-18,KYMR
2026-09-18,LFST
2026-09-18,LILAK
2026-09-18,LITE
2026-09-18,LYB
2026-09-18,MANH
2026-09-18,MATV
2026-09-18,MDB
2026-09-18,MEOH
2026-09-18,MGNI
2026-09-18,MOS
2026-09-18,MRVI
2026-09-18,MRVL
2026-09-18,MRX
2026-09-18,MTCH
2026-09-18,MU
2026-09-18,NEM
2026-09-18,NTAP
2026-09-18,NTNX
2026-09-18,NUAI
2026-09-18,NUE
2026-09-18,NVAX
2026-09-18,NVDA
2026-09-18,ORIC
2026-09-18,PANW
2026-09-18,PARR
2026-09-18,PCVX
2026-09-18,PHVS
2026-09-18,PLSE
2026-09-18,PSNL
2026-09-18,PUBM
2026-09-18,QCOM
2026-09-18,QLYS
2026-09-18,RDW
2026-09-18,RGEN
2026-09-18,RGLD
2026-09-18,RIOT
2026-09-18,ROIV
2026-09-18,RUM
2026-09-18,SATL
2026-09-18,SBLK
2026-09-18,SEI
2026-09-18,SG
2026-09-18,SMCI
2026-09-18,SNDK
2026-09-18,SOPH
2026-09-18,SPT
2026-09-18,SRPT
2026-09-18,SSRM
2026-09-18,STLN
2026-09-18,TALO
2026-09-18,TARS
2026-09-18,TASK
2026-09-18,TGT
2026-09-18,TGTX
2026-09-18,VIR
2026-09-18,VOYG
2026-09-18,VRNS
2026-09-18,WTTR
2026-09-18,ZD
2026-09-18,ZLAB
2026-09-18,ZYME
2026-09-21,ABSI
2026-09-21,ACHV
2026-09-21,ADM
2026-09-21,AESI
2026-09-21,AGEN
2026-09-21,AMD
2026-09-21,AMN
2026-09-21,AMPL
2026-09-21,ANET
2026-09-21,APA
2026-09-21,ARE
2026-09-21,AUPH
2026-09-21,AVT
2026-09-21,AXTI
2026-09-21,AYA
2026-09-21,BBY
2026-09-21,BE
2026-09-21,BFH
2026-09-21,BGC
2026-09-21,BWIN
2026-09-21,CGEM
2026-09-21,CGON
2026-09-21,CHEF
2026-09-21,CMPS
2026-09-21,COHU
2026-09-21,CRCT
2026-09-21,CRSP
2026-09-21,CRSR
2026-09-21,CRWD
2026-09-21,CVLT
2026-09-21,CXW
2026-09-21,CYRX
2026-09-21,DBX
2026-09-21,DC
2026-09-21,DK
2026-09-21,DRTS
2026-09-21,DVN
2026-09-21,DXCM
2026-09-21,EGY
2026-09-21,ETD
2026-09-21,EWTX
2026-09-21,EXEL
2026-09-21,FDMT
2026-09-21,FFIV
2026-09-21,FIVN
2026-09-21,FOSL
2026-09-21,FROG
2026-09-21,FSLY
2026-09-21,FTK
2026-09-21,FTNT
2026-09-21,FTRE
2026-09-21,GCT
2026-09-21,GEO
2026-09-21,GH
2026-09-21,GNK
2026-09-21,GOLD
2026-09-21,HIMX
2026-09-21,HPE
2026-09-21,HRMY
2026-09-21,IBRX
2026-09-21,INTC
2026-09-21,IRD
2026-09-21,KEYS
2026-09-21,KODK
2026-09-21,KYMR
2026-09-21,LITE
2026-09-21,MANH
2026-09-21,MATV
2026-09-21,MEOH
2026-09-21,MGNI
2026-09-21,MRVL
2026-09-21,MRX
2026-09-21,MTCH
2026-09-21,MU
2026-09-21,NBIS
2026-09-21,NTAP
2026-09-21,NTNX
2026-09-21,NUAI
2026-09-21,NVAX
2026-09-21,NVDA
2026-09-21,OKTA
2026-09-21,OMER
2026-09-21,ORIC
2026-09-21,P
2026-09-21,PANW
2026-09-21,PARR
2026-09-21,PLSE
2026-09-21,PSNL
2026-09-21,PUBM
2026-09-21,QCOM
2026-09-21,QLYS
2026-09-21,RGEN
2026-09-21,RIOT
2026-09-21,ROIV
2026-09-21,RUM
2026-09-21,SATL
2026-09-21,SEI
2026-09-21,SG
2026-09-21,SLDE
2026-09-21,SMCI
2026-09-21,SNDK
2026-09-21,SOPH
2026-09-21,SSRM
2026-09-21,STLN
2026-09-21,TARS
2026-09-21,TASK
2026-09-21,TGTX
2026-09-21,VOYG
2026-09-21,VRNS
2026-09-21,WAT
2026-09-21,WTTR
2026-09-21,XMTR
2026-09-21,ZD
2026-09-21,ZLAB
