Ticker,Name,Exchange,Sector,Industry,MarketCap,SP500,NASDAQ,R2000,Price,Chg%,ATR%,Gain50%,ATRx50,AVOL,AVOL$,RVOL,EMA10,EMA20,SMA50,SMA200,Stage,RS,Perf1M%,Perf3M%,Perf6M%,FromHigh%
A,Agilent Technologies Inc.,NYSE,Industrials,Biotechnology: Laboratory Analytical Instruments,47302023124.0,True,False,False,171.29,2.092,2.857,11.818,4.137,2244882.0,399810843.2,0.788,168.307,163.679,153.186,132.712,2.0,82.0,14.209,30.616,49.442,-3.253
AAL,American Airlines Group Inc.,NASDAQ,Consumer Discretionary,Air Freight/Delivery Services,8565891166.0,False,True,False,12.83,-0.85,3.554,-8.29,-2.333,63994145.92,913842537.6,0.672,13.204,13.307,13.99,13.831,4.0,61.0,-1.079,-25.407,17.706,-31.719
AAME,Atlantic American Corporation,NASDAQ,Finance,Life Insurance,25904480.0,False,True,False,1.26,-0.787,4.935,-9.716,-1.969,76038.0,25624.65,0.145,1.304,1.326,1.396,2.132,4.0,15.0,-7.353,-25.0,-42.466,-61.111
AAOI,Applied Optoelectronics Inc.,NASDAQ,Technology,Semiconductors,9814317946.0,False,True,False,121.57,5.173,7.034,8.956,1.273,9615028.0,803193195.2,0.968,107.727,106.687,111.577,109.254,2.0,97.0,21.11,6.258,13.141,-47.974
AAON,AAON Inc.,NASDAQ,Industrials,Industrial Machinery/Components,6865914520.0,False,True,False,84.35,1.297,4.825,1.825,0.378,1209742.0,95034285.2,0.697,82.906,81.874,82.838,97.658,4.0,35.0,8.308,-23.178,4.021,-43.828
AAP,Advance Auto Parts Inc.,NYSE,Consumer Discretionary,Auto & Home Supply Stores,2336272000.0,False,False,True,39.65,2.508,4.547,-16.425,-3.613,1978780.0,74329312.0,0.944,40.095,41.565,47.442,51.205,4.0,25.0,-7.186,-28.695,-24.513,-38.638
AAPL,Apple Inc.,NASDAQ,Technology,Computer Manufacturing,4869931924200.0,True,True,False,332.89,-0.24,2.06,3.267,1.586,45672928.16,13926660377.6,0.752,333.551,331.466,322.358,289.094,2.0,73.0,1.426,7.248,28.828,-3.605
AARD,Aardvark Therapeutics Inc.,NASDAQ,Health Care,Biotechnology: Pharmaceutical Preparations,109205382.0,False,True,False,5.22,4.609,10.068,-13.971,-1.388,122020.0,608445.547,0.502,5.274,5.422,6.068,7.326,4.0,23.0,-8.901,-4.044,26.392,-70.903
AAT,American Assets Trust Inc.,NYSE,Real Estate,Real Estate Investment Trusts,1323260790.0,False,False,True,21.35,-0.928,1.775,-3.834,-2.16,460928.0,10799481.75,0.732,21.508,21.675,22.201,20.661,2.0,55.0,-3.655,-13.284,18.918,-16.523
ABAT,American Battery Technology Company,NASDAQ,Industrials,Mining & Quarrying of Nonmetallic Minerals (No Fuels),312245290.0,False,True,True,2.17,-0.913,6.4,-9.768,-1.526,3602794.0,9128404.35,0.732,2.244,2.311,2.405,3.173,4.0,16.0,-20.221,-17.49,-22.5,-81.114
ABBV,AbbVie Inc.,NYSE,Health Care,Biotechnology: Pharmaceutical Preparations,464433764844.0,True,False,False,265.76,1.119,1.99,3.019,1.517,4646472.0,1154948784.0,1.623,263.288,262.16,257.971,229.717,2.0,66.0,2.133,5.106,30.569,-1.347
ABCL,AbCellera Biologics Inc. Common Shares,NASDAQ,Health Care,Biotechnology: Pharmaceutical Preparations,4450461968.0,False,True,False,13.78,0.291,5.601,28.772,5.137,7079288.0,63272641.0,0.575,13.516,12.829,10.701,6.033,2.0,97.0,19.101,79.194,306.49,-8.225
ABEO,Abeona Therapeutics Inc.,NASDAQ,Health Care,Biotechnology: Pharmaceutical Preparations,287635606.0,False,True,True,5.11,1.59,4.598,-14.54,-3.162,1428772.0,8218244.7,0.982,5.251,5.438,5.979,5.55,1.0,40.0,-13.828,-21.985,7.353,-33.203
ABG,Asbury Automotive Group Inc,NYSE,Consumer Discretionary,Retail-Auto Dealers and Gas Stations,3157383162.0,False,False,True,171.83,-2.303,4.274,-16.623,-3.889,252064.0,50304953.3,1.196,179.294,187.046,206.088,210.284,4.0,25.0,-20.231,-17.682,-12.062,-33.592
ABLV,Able View Global Inc. Class B,NASDAQ,Consumer Discretionary,Other Consumer Services,132529982.0,False,True,False,2.55,6.25,9.382,142.46,15.185,102128.0,314912.953,1.131,1.856,1.519,1.052,0.886,2.0,97.0,142.857,123.684,311.29,-2.299
ABM,ABM Industries Incorporated,NYSE,Consumer Discretionary,Diversified Commercial Services,2870356570.0,False,False,True,48.49,-0.98,2.316,0.738,0.319,457076.0,28377652.8,0.938,48.717,48.646,48.135,43.482,2.0,63.0,3.291,8.001,27.311,-4.886
ABNB,Airbnb Inc.,NASDAQ,Consumer Discretionary,Diversified Commercial Services,97260758327.0,True,True,False,164.07,1.01,3.138,-3.565,-1.136,5089472.0,817748726.4,0.818,161.202,164.003,170.135,143.651,2.0,76.0,-11.433,10.262,29.383,-15.189
ABOS,Acumen Pharmaceuticals Inc.,NASDAQ,Health Care,Biotechnology: Biological Products (No Diagnostic Substances),147527261.0,False,True,False,2.13,4.412,8.731,-18.328,-2.099,436798.0,1401348.928,1.634,2.255,2.425,2.608,2.508,1.0,59.0,-31.068,-17.121,-22.826,-40.833
ABR,Arbor Realty Trust,NYSE,Real Estate,Real Estate Investment Trusts,664146633.0,False,False,True,3.47,-2.528,5.37,-26.841,-4.998,4514120.0,23694066.55,1.802,3.894,4.188,4.743,6.05,4.0,12.0,-33.141,-27.411,-50.772,-68.538
ABSI,Absci Corporation,NASDAQ,Health Care,Biotechnology: Commercial Physical & Biological Resarch,1899767091.0,False,True,True,11.53,4.155,6.584,27.052,4.109,3281670.0,40351398.5,1.305,10.453,9.932,9.075,5.902,2.0,97.0,31.023,1.765,289.527,-4.355
ABT,Abbott Laboratories,NYSE,Health Care,Biotechnology: Pharmaceutical Preparations,168712371360.0,True,False,False,100.1,2.667,2.368,-6.255,-2.642,8497738.0,925119715.2,1.41,100.143,102.054,106.779,103.022,4.0,39.0,-7.988,5.19,-0.834,-24.345
ABTC,American Bitcoin Corp.,NASDAQ,Finance,Finance: Consumer Services,619695758.0,False,True,True,8.71,2.35,8.362,10.612,1.269,1635664.0,13546938.525,0.545,8.786,8.742,7.874,14.459,4.0,13.0,-6.745,33.589,-34.388,-92.143
ABTS,Abits Group Inc,NASDAQ,Finance,Finance: Consumer Services,3800117.0,False,True,False,1.22,3.215,8.106,-6.383,-0.787,177960.0,136943.449,0.038,1.235,1.275,1.303,2.165,4.0,11.0,-20.779,6.087,-14.685,-88.598
ABUS,Arbutus Biopharma Corporation,NASDAQ,Health Care,Biotechnology: Pharmaceutical Preparations,880422866.0,False,True,False,4.67,4.944,3.607,-3.48,-0.965,5169078.0,39335737.4,1.196,4.738,4.837,4.838,4.539,2.0,48.0,-8.789,-9.846,4.709,-14.312
ABVX,Abivax SA American Depositary Shares,NASDAQ,Health Care,Biotechnology: Pharmaceutical Preparations,8104132665.0,False,True,False,91.73,-1.238,4.967,-19.211,-3.868,1099602.0,143737064.0,0.764,96.624,101.373,113.543,117.739,4.0,50.0,-19.56,-35.479,-23.219,-38.366
ABX,Abacus Global Management Inc.,NYSE,Finance,Investment Managers,808741899.0,False,False,True,8.24,-0.363,4.797,-11.396,-2.375,580394.0,5720618.988,0.85,8.26,8.556,9.3,9.162,1.0,71.0,-15.487,-30.169,2.871,-33.762
ACAD,ACADIA Pharmaceuticals Inc.,NASDAQ,Health Care,Biotechnology: Pharmaceutical Preparations,3437495084.0,False,True,True,20.11,0.802,4.704,-25.118,-5.339,1907546.0,55897970.8,1.652,21.589,23.54,26.856,24.362,4.0,38.0,-27.818,-23.244,-9.901,-35.045
ACB,Aurora Cannabis Inc. Common Shares,NASDAQ,Health Care, Medicinal Chemicals and Botanical Products ,242871142.0,False,True,False,4.46,13.776,3.993,20.969,5.251,1330324.0,3921247.447,3.462,4.071,3.997,3.687,3.574,3.0,85.0,14.653,67.041,29.651,-33.083
ACCL,Acco Group Holdings Limited Class A,NASDAQ,Consumer Discretionary,Professional Services,36140000.0,False,True,False,2.58,-0.769,7.149,-5.636,-0.788,113758.0,694743.9,0.032,2.65,2.7,2.734,1.99,3.0,,-7.857,43.333,84.286,-48.4
ACCO,Acco Brands Corporation,NYSE,Consumer Discretionary,Publishing,396922542.0,False,False,True,4.34,0.93,2.751,2.041,0.742,674944.0,2814905.969,0.798,4.277,4.269,4.253,3.762,2.0,73.0,0.0,8.826,55.921,-3.107
ACDC,ProFrac Holding Corp.,NASDAQ,Energy,Oilfield Services/Equipment,834122250.0,False,True,True,4.75,3.712,6.906,0.082,0.012,1606372.0,6167043.55,0.722,4.598,4.707,4.746,5.519,1.0,70.0,-7.227,0.849,-20.034,-42.214
ACEL,Accel Entertainment Inc. ,NYSE,Consumer Discretionary,Services-Misc. Amusement & Recreation,880137269.0,False,False,True,10.88,0.369,2.324,-7.14,-3.072,314322.0,4125543.225,1.646,10.937,11.157,11.717,11.744,1.0,43.0,-7.797,-12.399,-2.334,-22.286
ACET,Adicet Bio Inc.,NASDAQ,Health Care,Biotechnology: Pharmaceutical Preparations,60849685.0,False,True,False,6.47,-0.462,10.735,-25.135,-2.341,181628.0,2437360.888,0.841,7.316,7.935,8.642,8.011,4.0,18.0,-31.389,-24.767,-6.232,-62.901
ACFN,Acorn Energy Inc.,NASDAQ,Consumer Discretionary,Military/Government/Technical,47732934.0,False,True,False,18.72,-1.577,5.957,-5.047,-0.847,57668.0,1111192.3,0.281,19.811,20.037,19.715,18.391,2.0,43.0,-0.213,10.312,6.122,-37.454
ACGL,Arch Capital Group Ltd.,NASDAQ,Finance,Property-Casualty Insurers,31939046194.0,True,True,False,94.36,0.812,1.985,-3.739,-1.883,2996464.0,415291011.2,0.81,94.566,95.49,98.025,96.362,1.0,50.0,-5.479,-8.255,-2.511,-11.887
ACHC,Acadia Healthcare Company Inc.,NASDAQ,Health Care,Medical Specialities,2612393717.0,False,True,True,28.87,2.887,4.398,-0.656,-0.149,1893030.0,42768530.1,1.284,28.079,28.23,29.061,24.244,2.0,74.0,1.727,-9.555,15.897,-19.425
ACHR,Archer Aviation Inc.,NYSE,Industrials,Aerospace,3805814007.0,False,False,True,4.72,-3.476,6.169,-15.591,-2.527,30807708.0,130360153.6,0.633,5.125,5.314,5.592,6.188,4.0,20.0,-18.056,-4.26,-14.801,-67.715
ACHV,Achieve Life Sciences Inc. Common Shares,NASDAQ,Health Care,Biotechnology: In Vitro & In Vivo Diagnostic Substances,745014028.0,False,True,True,7.01,-3.177,6.385,-5.989,-0.938,1465326.0,13457494.05,1.162,7.548,7.63,7.457,5.454,2.0,93.0,-15.644,7.515,117.028,-18.866
ACIC,American Coastal Insurance Corporation,NASDAQ,Finance,Property-Casualty Insurers,441046155.0,False,True,True,9.28,-0.536,2.351,-3.814,-1.622,274424.0,2489985.731,0.951,9.241,9.285,9.648,10.772,4.0,33.0,-2.725,-19.444,-16.472,-24.553
ACIU,AC Immune SA,NASDAQ,Health Care,Biotechnology: Pharmaceutical Preparations,277332986.0,False,True,False,2.71,-0.55,5.662,3.967,0.701,203252.0,497634.248,1.089,2.689,2.684,2.607,2.81,4.0,48.0,-7.509,6.693,0.37,-32.25
ACIW,ACI Worldwide Inc.,NASDAQ,Technology,Computer Software: Prepackaged Software,5062905336.0,False,True,True,51.22,2.134,2.612,-2.893,-1.108,882846.0,39122316.0,1.141,49.986,50.485,52.746,46.655,2.0,48.0,-3.194,-7.911,24.532,-16.143
ACLS,Axcelis Technologies Inc.,NASDAQ,Technology,Industrial Machinery/Components,4563357630.0,False,True,True,142.31,-3.695,4.465,14.635,3.278,369078.0,43271118.8,1.009,130.81,125.091,124.142,120.183,2.0,82.0,28.939,8.188,45.959,-26.561
ACMR,ACM Research Inc.,NASDAQ,Technology,Industrial Machinery/Components,5807349962.0,False,True,False,76.17,-8.647,6.738,-0.277,-0.041,1042116.0,92186023.0,2.06,77.932,76.431,76.382,67.227,2.0,88.0,9.723,-19.533,82.793,-40.113
ACN,Accenture plc Class A Ordinary Shares (Ireland),NYSE,Consumer Discretionary,Business Services,132767780769.0,True,False,False,195.05,-1.936,4.962,7.73,1.558,6291368.0,1326756992.0,1.112,189.995,186.946,181.054,193.1,3.0,72.0,0.999,38.874,0.06,-31.612
ACNB,ACNB Corporation,NASDAQ,Finance,Major Banks,648638135.0,False,True,True,63.78,0.0,2.3,-0.481,-0.209,72730.0,4166101.65,0.976,63.464,63.714,64.089,54.472,2.0,81.0,-2.789,8.364,33.705,-5.651
ACOG,Alpha Cognition Inc.,NASDAQ,Unknown,Unknown,198144346.0,False,True,False,9.15,0.549,6.144,2.219,0.361,129086.0,979935.15,0.407,8.886,8.891,8.951,6.904,2.0,75.0,-0.651,12.963,47.581,-9.763
ACON,Aclarion Inc.,NASDAQ,Health Care,Medical Specialities,6860043.0,False,True,False,2.34,-1.681,7.331,-4.392,-0.599,57804.0,124756.601,0.574,2.457,2.488,2.448,3.175,4.0,12.0,2.183,-21.739,-31.378,-80.549
ACRE,Ares Commercial Real Estate Corporation,NYSE,Real Estate,Real Estate Investment Trusts,212492663.0,False,False,True,3.7,-3.394,3.343,-14.001,-4.188,464744.0,2322565.678,2.334,3.927,4.055,4.302,4.476,4.0,38.0,-15.601,-13.315,-16.917,-30.423
ACRS,Aclaris Therapeutics Inc.,NASDAQ,Health Care,Biotechnology: Pharmaceutical Preparations,646203140.0,False,True,True,4.27,-2.733,8.822,-24.94,-2.827,2412032.0,17911144.05,2.909,4.917,5.221,5.689,4.455,1.0,89.0,-28.235,-24.021,12.368,-35.303
ACRV,Acrivon Therapeutics Inc.,NASDAQ,Health Care,Biotechnology: Pharmaceutical Preparations,85278190.0,False,True,False,1.98,-0.503,6.169,2.516,0.408,340282.0,652936.595,1.182,2.018,2.01,1.931,1.814,3.0,69.0,-3.883,6.452,26.115,-44.382
ACT,Enact Holdings Inc.,NASDAQ,Finance,Specialty Insurers,6222510949.0,False,True,False,45.87,1.348,2.566,-4.962,-1.934,395846.0,21844153.4,1.147,46.073,46.989,48.265,43.356,2.0,68.0,-7.352,1.302,10.973,-8.836
ACTG,Acacia Research Corporation (Acacia Tech),NASDAQ,Miscellaneous,Multi-Sector Companies,423526734.0,False,True,True,4.3,-0.922,2.371,-4.686,-1.976,218146.0,823600.608,0.465,4.345,4.394,4.511,4.472,1.0,72.0,-4.656,-3.371,-14.343,-18.406
ACVA,ACV Auctions Inc.,NYSE,Consumer Discretionary,Business Services,1774493391.0,False,False,True,10.5,0.478,2.089,23.681,11.336,8786867.92,162050714.2,0.868,10.348,9.865,8.49,6.904,2.0,88.0,56.716,44.033,126.293,0.0
ACXP,Acurx Pharmaceuticals Inc.,NASDAQ,Health Care,Biotechnology: Pharmaceutical Preparations,7060444.0,False,True,False,1.31,3.15,5.044,-7.217,-1.431,134148.0,125283.324,0.818,1.313,1.345,1.412,2.153,4.0,16.0,-6.429,-9.655,-62.994,-84.293
AD,Array Digital Infrastructure Inc. Common Shares,NYSE,Telecommunications,Telecommunications Equipment,2974735000.0,False,False,True,34.5,0.32,2.544,-3.669,-1.442,215474.0,10200788.325,1.161,34.615,35.257,35.814,37.301,1.0,55.0,-10.922,-1.089,-9.943,-25.068
ADAG,Adagene Inc. American Depositary Shares,NASDAQ,Health Care,Biotechnology: Pharmaceutical Preparations,188247043.0,False,True,False,2.8,-1.754,10.101,-21.251,-2.104,255932.0,911176.15,1.273,3.027,3.17,3.556,3.352,1.0,83.0,-24.119,-28.753,-35.185,-42.268
ADAM,Adamas Trust Inc.,NASDAQ,Real Estate,Real Estate Investment Trusts,705280066.0,False,True,True,7.72,-1.152,2.933,-14.029,-4.784,1030970.0,11365367.775,1.289,8.03,8.352,8.98,8.028,1.0,62.0,-17.643,-12.405,10.719,-22.889
ADBE,Adobe Inc.,NASDAQ,Technology,Computer Software: Prepackaged Software,92508948000.0,True,True,False,238.79,0.463,3.728,-7.718,-2.07,5108786.0,1350845206.4,0.644,240.278,246.043,258.76,259.327,4.0,36.0,-16.434,7.786,-2.279,-34.344
ADEA,Adeia Inc.,NASDAQ,Telecommunications,Cable & Other Pay Television Services,2838611061.0,False,True,True,25.74,0.0,4.027,-2.477,-0.615,1039685.28,25688505.05,0.0,25.429,25.556,26.394,25.029,2.0,76.0,1.1,-9.161,0.651,-24.761
ADI,Analog Devices Inc.,NASDAQ,Technology,Semiconductors,202136483725.0,True,True,False,419.1,0.467,2.665,11.513,4.319,3615576.0,1203418876.8,0.589,399.688,389.256,375.831,358.517,2.0,86.0,17.56,10.909,28.766,-5.726
ADIL,Adial Pharmaceuticals Inc,NASDAQ,Health Care,Biotechnology: Pharmaceutical Preparations,10818667.0,False,True,False,4.35,5.583,12.287,-9.552,-0.777,64182.0,221779.051,0.935,4.313,4.589,4.809,3.427,3.0,81.0,-34.685,49.485,148.571,-59.535
ADM,Archer-Daniels-Midland Company,NYSE,Consumer Staples,Packaged Foods,38773648452.0,True,False,False,82.47,2.511,2.801,1.013,0.361,3826796.0,317704068.8,1.146,81.372,82.086,81.643,73.817,2.0,77.0,-2.264,6.13,13.847,-7.076
ADMA,ADMA Biologics Inc,NASDAQ,Health Care,Biotechnology: Biological Products (No Diagnostic Substances),2177131090.0,False,True,True,10.11,4.012,3.974,7.079,1.781,2594944.0,31623228.1,1.354,9.799,9.646,9.442,11.704,4.0,47.0,5.532,9.772,8.944,-50.582
ADNT,Adient plc Ordinary Shares ,NYSE,Consumer Discretionary,Auto Parts:O.E.M.,1334547893.0,False,False,True,17.24,-0.404,4.841,-9.464,-1.955,987238.0,18974337.15,0.859,17.448,17.849,19.042,20.804,4.0,29.0,-11.906,-10.208,-14.484,-36.896
ADP,Automatic Data Processing Inc.,NASDAQ,Technology,EDP Services,102106098889.0,True,True,False,260.26,1.001,2.249,-3.75,-1.668,2273616.0,599609737.6,0.751,262.682,265.769,270.401,235.02,2.0,54.0,-7.62,6.647,29.154,-9.054
ADPT,Adaptive Biotechnologies Corporation,NASDAQ,Health Care,Biotechnology: Biological Products (No Diagnostic Substances),4524542121.0,False,True,True,29.84,5.256,4.327,15.92,3.679,2344176.0,68462334.6,0.608,28.473,27.686,25.742,18.728,2.0,93.0,21.449,43.324,111.932,-0.401
ADSK,Autodesk Inc.,NASDAQ,Technology,Computer Software: Prepackaged Software,44308000000.0,True,True,False,221.56,4.509,3.808,-5.173,-1.359,2157740.0,489211881.6,1.494,213.908,218.033,233.647,238.604,4.0,34.0,-6.719,4.322,-6.798,-32.078
ADT,ADT Inc.,NYSE,Consumer Discretionary,Diversified Commercial Services,4565995300.0,False,False,True,6.21,-0.64,2.674,-12.528,-4.685,7754392.0,54584164.1,0.824,6.335,6.566,7.099,7.081,4.0,30.0,-16.66,-9.424,-5.246,-27.892
ADTN,ADTRAN Holdings Inc.,NASDAQ,Utilities,Telecommunications Equipment,573629105.0,False,True,True,7.15,1.562,4.491,-6.75,-1.503,2028974.0,12465448.85,0.878,7.05,7.187,7.668,11.313,4.0,27.0,0.0,-42.982,-44.702,-64.214
ADUR,Aduro Clean Technologies Inc.,NASDAQ,Industrials,Major Chemicals,438454305.0,False,True,False,12.13,-1.221,4.849,-13.124,-2.707,357784.0,2969576.25,0.521,12.393,12.754,13.963,13.127,1.0,39.0,-12.608,-20.926,14.759,-33.315
ADUS,Addus HomeCare Corporation,NASDAQ,Health Care,Medical/Nursing Services,2077889361.0,False,True,True,112.98,1.537,2.589,-3.255,-1.257,211986.0,24963367.85,1.03,112.998,114.326,116.781,105.64,3.0,57.0,-4.811,6.615,20.834,-9.209
ADV,Advantage Solutions Inc.,NASDAQ,Consumer Discretionary,Business Services,354406437.0,False,True,True,27.37,-0.977,7.237,-17.157,-2.371,83254.0,1883190.862,0.817,29.459,30.816,33.039,29.507,1.0,38.0,-14.254,-31.609,16.221,-42.318
ADVB,Advanced Biomed Inc.,NASDAQ,Health Care,Medical Specialities,11118855.0,False,True,False,6.34,-5.795,12.29,-22.923,-1.865,252098.0,264061.895,0.06,6.66,7.099,8.225,6.181,3.0,49.0,-32.553,18.505,43.439,-73.833
ADXN,Addex Therapeutics Ltd American Depositary Shares,NASDAQ,Health Care,Biotechnology: Pharmaceutical Preparations,5230399.0,False,True,False,3.1,0.977,10.014,-28.775,-2.873,175938.0,77760.45,0.034,3.141,3.377,4.352,6.281,4.0,10.0,-16.442,-46.459,-48.675,-74.102
AEBI,Aebi Schmidt Holding AG Common Stock ,NASDAQ,Industrials,Auto Manufacturing,846609279.0,False,True,False,11.14,2.108,4.966,-9.236,-1.86,388490.0,3853896.906,0.922,11.121,11.465,12.274,12.578,4.0,47.0,-11.376,-3.271,19.631,-29.801
AEE,Ameren Corporation,NYSE,Utilities,Power Generation,27667714505.0,True,False,False,99.7,-0.24,1.528,-5.327,-3.487,1644332.0,199383764.8,1.5,100.275,101.623,105.31,106.536,1.0,44.0,-5.641,-12.254,-9.265,-15.139
AEF,abrdn Emerging Markets ex-China Fund Inc.,AMEX,Finance,Finance/Investors Services,1030680000.0,False,False,True,9.74,1.458,2.262,5.784,2.557,98226.0,1038518.078,0.729,9.57,9.519,9.207,8.287,2.0,84.0,3.721,10.118,37.73,-1.517
AEHL,Antelope Enterprise Holdings Limited Class A,NASDAQ,Consumer Discretionary,Telecommunications Equipment,190148560.0,False,True,False,10.86,8.6,17.823,51.283,2.877,1983216.02,7751469.547,0.024,9.472,8.736,7.179,38.856,4.0,5.0,45.772,-33.456,-41.487,-97.405
AEHR,Aehr Test Systems,NASDAQ,Industrials,Electrical Products,3501429927.0,False,True,True,104.4,-2.621,8.006,7.91,0.988,2551944.0,236405032.8,0.812,100.744,97.908,96.747,70.034,2.0,97.0,36.882,55.961,100.153,-29.172
AEIS,Advanced Energy Industries Inc.,NASDAQ,Technology,Industrial Machinery/Components,12186548492.0,False,True,False,297.29,-2.297,4.595,2.856,0.622,597054.0,143118790.8,0.992,286.413,282.235,289.034,305.477,1.0,85.0,8.381,3.359,-10.369,-25.149
AEMD,Aethlon Medical Inc.,NASDAQ,Health Care,Medical/Dental Instruments,10346413.0,False,True,False,6.53,1.24,9.648,84.463,8.754,3269193.12,33079592.199,0.029,6.153,5.283,3.54,8.525,4.0,53.0,238.342,78.904,-38.685,-84.265
AENT,Alliance Entertainment Holding Corporation,NASDAQ,Consumer Discretionary,Durable Goods,228898539.0,False,True,True,4.69,4.454,7.311,-12.008,-1.643,198438.0,2936117.902,0.172,4.733,4.925,5.33,6.309,4.0,26.0,-8.755,-19.966,-29.79,-46.705
AEO,American Eagle Outfitters Inc.,NYSE,Consumer Discretionary,Clothing/Shoe/Accessory Stores,2967723727.0,False,False,True,18.11,2.259,3.987,8.054,2.02,5962350.0,132509286.0,0.824,17.272,16.824,16.76,19.017,4.0,75.0,6.467,10.452,5.095,-35.159
AEP,American Electric Power Company Inc.,NASDAQ,Utilities,Electric Utilities: Central,65093591379.0,True,True,False,119.73,0.134,1.681,-2.928,-1.742,3870688.0,509882942.4,0.803,119.516,120.416,123.341,125.696,1.0,50.0,-3.993,-12.28,-8.192,-14.183
AES,The AES Corporation,NYSE,Industrials,Electric Utilities: Central,10637369973.0,True,False,False,14.9,-0.067,0.307,0.866,2.818,7619660.0,123697051.6,1.21,14.877,14.847,14.772,14.453,2.0,60.0,0.812,3.138,6.522,-13.515
AESI,Atlas Energy Solutions Inc.,NYSE,Industrials,Mining & Quarrying of Nonmetallic Minerals (No Fuels),1505041550.0,False,False,True,12.72,5.648,6.756,3.21,0.475,3646260.0,48470655.0,1.302,12.253,12.472,12.324,13.389,1.0,58.0,-3.417,-9.013,13.978,-36.811
AEVA,Aeva Technologies Inc.,NASDAQ,Consumer Discretionary,Auto Parts:O.E.M.,1028856988.0,False,True,True,14.3,-3.117,7.423,-17.25,-2.324,1669488.0,21370729.9,0.603,14.611,15.1,17.281,17.301,1.0,39.0,-6.291,-33.704,12.687,-54.313
AEYE,AudioEye Inc.,NASDAQ,Technology,Computer Software: Prepackaged Software,86982144.0,False,True,False,6.73,-2.746,6.49,-2.458,-0.379,145902.0,1288274.0,0.411,6.926,7.046,6.9,7.306,4.0,21.0,-7.428,-9.177,7.68,-58.938
AFCG,Advanced Flower Capital Inc.,NASDAQ,Finance,Real Estate,79351717.0,False,True,False,3.32,-5.143,4.014,2.475,0.617,89326.0,253217.15,0.443,3.468,3.447,3.24,2.859,2.0,58.0,-7.003,13.35,19.138,-12.977
AFL,AFLAC Incorporated,NYSE,Finance,Accident &Health Insurance,55919831459.0,True,False,False,112.38,0.753,1.609,-5.018,-3.118,2089900.0,237729820.8,0.92,113.068,114.338,118.317,114.15,1.0,49.0,-5.052,-7.033,2.966,-13.265
AFRM,Affirm Holdings Inc.,NASDAQ,Finance,Finance: Consumer Services,23879302287.0,False,True,False,74.75,5.624,4.608,1.847,0.401,4330198.0,286003281.6,0.984,71.054,71.359,73.395,66.79,2.0,60.0,0.606,-10.608,54.283,-17.349
AFYA,Afya Limited Class A Common Shares,NASDAQ,Real Estate,Other Consumer Services,1145292995.0,False,True,False,13.31,8.92,3.922,-3.429,-0.874,236158.0,6091689.05,7.487,12.747,13.116,13.783,14.117,4.0,39.0,-9.64,-9.885,-11.207,-17.636
AGEN,Agenus Inc.,NASDAQ,Health Care,Biotechnology: Biological Products (No Diagnostic Substances),377553618.0,False,True,True,8.73,4.426,7.494,12.373,1.651,1286016.0,9608397.325,0.743,8.697,8.377,7.769,4.623,2.0,97.0,5.947,149.429,131.565,-15.325
AGIO,Agios Pharmaceuticals Inc.,NASDAQ,Health Care,Biotechnology: Pharmaceutical Preparations,1898519848.0,False,True,True,31.25,-1.73,4.168,-6.255,-1.501,1053616.0,34379839.6,0.768,32.655,33.06,33.335,31.039,2.0,32.0,-5.675,-28.993,-10.201,-32.065
AGL,agilon health inc.,NYSE,Health Care,Misc Health and Biotechnology Services,1412812409.0,False,False,True,84.28,0.166,6.7,-6.811,-1.017,287566.0,19977162.9,0.654,83.017,85.175,90.439,58.53,2.0,98.0,-2.544,-21.578,503.725,-36.651
AGM,Federal Agricultural Mortgage Corporation,NYSE,Finance,Finance Companies,2331160976.0,False,False,True,214.46,-0.154,2.555,-3.486,-1.364,107134.0,26387816.15,0.934,214.416,216.753,222.205,183.547,2.0,77.0,-4.499,7.852,43.126,-13.007
AGMB,AgomAb Therapeutics NV American Depositary Shares,NASDAQ,Health Care,Biotechnology: Biological Products (No Diagnostic Substances),421562666.0,False,True,False,8.69,1.519,13.083,-32.267,-2.466,149988.0,1979262.312,0.864,10.024,11.035,12.83,,,,-41.403,-34.563,-25.726,-51.235
AGNC,AGNC Investment Corp.,NASDAQ,Real Estate,Real Estate Investment Trusts,10420381919.0,False,True,False,8.65,-1.593,2.586,-15.172,-5.866,27495652.08,425099799.2,1.573,9.194,9.54,10.197,10.099,1.0,41.0,-17.812,-19.45,-9.201,-21.771
AGNT,AGNT Inc.,NASDAQ,Finance,Real Estate,609980470.0,False,True,True,3.87,6.027,5.623,-4.031,-0.717,1612184.0,7252390.3,1.561,3.694,3.778,4.033,5.837,4.0,14.0,-4.208,-21.099,-32.435,-67.42
AGPU,Axe Compute Inc.,NASDAQ,Health Care,Industrial Specialties,140020778.0,False,True,False,12.99,7.533,8.475,27.074,3.194,418982.0,4164277.331,0.809,12.024,11.624,10.222,6.37,2.0,93.0,31.478,75.778,205.647,-14.257
AGRZ,Agroz Inc. Class A,NASDAQ,Consumer Staples,Farming/Seeds/Milling,6151191.0,False,True,False,3.405,4.769,18.893,-31.211,-1.652,452458.9,2409689.277,0.036,3.659,4.059,4.95,8.448,4.0,4.0,-21.544,-55.197,-63.387,-97.635
AGYS,Agilysys Inc. Common Stock (DE),NASDAQ,Technology,EDP Services,2799706517.0,False,True,True,99.5,0.242,3.887,-7.718,-1.986,261162.0,23453572.45,1.41,99.705,101.998,107.822,92.506,3.0,59.0,-12.834,-11.814,39.18,-31.497
AHCO,AdaptHealth Corp.,NASDAQ,Health Care,Medical/Nursing Services,763527498.0,False,True,True,5.74,2.5,4.729,-10.422,-2.204,3273110.0,15340284.35,0.997,5.69,5.792,6.408,9.59,4.0,19.0,-10.592,-43.448,-52.444,-57.26
AHG,Akso Health Group ADS,NASDAQ,Consumer Discretionary,Business Services,985209804.0,False,True,False,1.16,0.87,10.014,11.689,1.167,134190.0,283632.62,0.218,0.932,0.894,1.039,1.525,4.0,29.0,32.723,-25.641,-48.444,-53.6
AHMA,Ambitions Enterprise Management Co. L.L.C Class A,NASDAQ,Consumer Discretionary,Services-Misc. Amusement & Recreation,39237000.0,False,True,False,1.32,0.0,9.843,-8.833,-0.897,602602.0,2523892.775,0.024,1.342,1.362,1.448,4.572,4.0,,-4.348,-41.85,24.528,-96.658
AHRT,AH Realty Trust Inc.,NYSE,Finance,Real Estate,449795742.0,False,False,True,5.96,-1.161,2.8,-6.723,-2.401,908996.0,8160052.7,0.887,6.0,6.077,6.39,6.214,1.0,41.0,-6.125,-14.058,11.449,-15.251
AI,C3.ai Inc.,NYSE,Technology,Computer Software: Prepackaged Software,1770186215.0,False,False,True,11.09,0.727,4.447,7.783,1.75,4951400.0,49300751.3,0.745,10.851,10.718,10.289,10.241,3.0,44.0,1.743,24.188,26.454,-45.153
AIAI,AIAI Holdings Corporation,NASDAQ,Technology,EDP Services,247959908.0,False,True,True,3.46,-1.143,15.906,-18.072,-1.136,639440.0,1652153.6,0.393,3.424,3.59,4.223,,,,-17.619,-72.734,,-82.32
AIBZ,Bitzero Holdings Inc. Common Shares,NASDAQ,Consumer Discretionary,Services-Misc. Amusement & Recreation,248839968.0,False,True,False,3.99,-0.25,8.882,-25.121,-2.828,394606.0,1515943.091,0.848,4.193,4.431,5.329,,,,-14.378,-38.991,,-61.073
AIFA,All In FutureTech Alliance Inc.,NASDAQ,Consumer Discretionary,Services-Misc. Amusement & Recreation,28698813.0,False,True,False,5.88,31.544,6.977,98.247,14.082,251572.0,461738.422,2.704,4.333,3.855,2.966,2.439,2.0,98.0,93.421,203.093,223.432,-5.161
AIFF,Firefly Neuroscience Inc.,NASDAQ,Technology,Computer Software: Prepackaged Software,21338830.0,False,True,False,1.3,-4.412,12.735,10.657,0.837,3385108.0,15973119.851,0.086,1.407,1.33,1.175,1.371,4.0,70.0,18.182,3.175,-37.198,-58.73
AIG,American International Group Inc. New,NYSE,Finance,Property-Casualty Insurers,39180385153.0,True,False,False,75.12,0.254,1.875,-1.339,-0.714,3902580.0,384778022.4,1.141,74.894,75.078,76.14,76.144,1.0,45.0,-1.616,-6.714,-0.392,-12.282
AII,American Integrity Insurance Group Inc.,NYSE,Finance,Property-Casualty Insurers,510604708.0,False,False,True,25.49,-2.187,3.461,4.542,1.312,189258.0,5606624.0,0.566,25.575,25.53,24.383,19.845,2.0,81.0,-2.561,33.107,30.919,-5.593
AIIO,Robo.ai Inc. Class B,NASDAQ,Industrials,Auto Manufacturing,141652335.0,False,True,False,1.11,-6.723,12.262,-50.09,-4.085,598520.0,728575.402,0.86,1.335,1.544,2.224,2.984,4.0,61.0,-37.64,-72.727,16.842,-97.357
AIMD,Ainos Inc.,NASDAQ,Technology,Computer peripheral equipment,11560131.0,False,True,False,1.33,-1.7,8.463,-6.071,-0.717,232292.0,502232.04,0.13,1.343,1.377,1.416,1.684,4.0,15.0,-14.744,-29.255,-10.738,-70.045
AIN,Albany International Corporation,NYSE,Consumer Discretionary,Textiles,1728992000.0,False,False,True,59.48,-2.3,3.269,-4.139,-1.266,280668.0,14538736.3,1.253,59.971,60.189,62.048,60.414,1.0,52.0,-4.969,-18.741,13.558,-22.361
AIOT,PowerFleet Inc.,NASDAQ,Telecommunications,Telecommunications Equipment,377174830.0,False,True,True,2.82,0.356,4.519,-11.209,-2.481,1913042.0,4721962.1,0.71,2.825,2.89,3.176,3.785,4.0,19.0,-7.237,-34.571,-12.422,-52.041
AIP,Arteris Inc.,NASDAQ,Technology,Semiconductors,1212090835.0,False,True,True,23.97,-2.798,5.224,-3.781,-0.724,699356.0,16124462.7,1.122,23.74,23.564,24.912,24.635,1.0,88.0,15.909,-23.467,31.414,-52.308
AIR,AAR Corp.,NYSE,Industrials,Aerospace,4120308570.0,False,False,True,102.24,-0.263,5.558,-20.922,-3.764,488286.0,77353000.2,1.598,108.066,114.038,129.29,117.442,1.0,55.0,-18.638,-25.17,-10.316,-33.61
AIRE,reAlpha Tech Corp.,NASDAQ,Finance,Real Estate,7928744.0,False,True,False,1.33,0.758,7.448,-9.499,-1.275,122828.0,50787.2,0.258,1.352,1.396,1.47,4.9,4.0,5.0,-15.287,-32.828,-79.459,-95.908
AIRG,Airgain Inc.,NASDAQ,Technology,Radio And Television Broadcasting And Communications Equipment,60392079.0,False,True,False,4.2,-8.894,7.913,-20.862,-2.636,63778.0,288822.5,2.021,4.806,5.011,5.307,5.486,1.0,39.0,-20.0,-29.293,-20.904,-45.155
AIRJ,AirJoule Technologies Corporation,NASDAQ,Industrials,Industrial Machinery/Components,294811040.0,False,True,True,3.78,-3.571,5.964,-20.071,-3.365,1325106.0,3568551.838,0.637,3.998,4.166,4.729,3.968,1.0,38.0,-15.056,-16.464,33.569,-44.0
AIRO,AIRO Group Holdings Inc.,NASDAQ,Industrials,Aerospace,207953493.0,False,True,True,6.49,-1.517,5.97,-14.214,-2.381,467268.0,2872247.65,0.787,6.799,7.025,7.565,8.492,4.0,16.0,-8.333,-5.394,-25.829,-71.117
AIRS,AirSculpt Technologies Inc.,NASDAQ,Health Care,Medical/Nursing Services,127608520.0,False,True,False,1.91,7.91,10.79,-35.136,-3.256,915894.0,2064104.65,0.909,1.937,2.151,2.945,3.185,4.0,18.0,-24.803,-54.739,-38.387,-84.083
AISP,Airship AI Holdings Inc.,NASDAQ,Technology,Computer Software: Prepackaged Software,73011871.0,False,True,False,2.02,-4.717,8.856,1.579,0.178,1172132.0,5532836.2,2.059,1.984,1.978,1.989,2.479,4.0,16.0,-3.81,-6.047,-13.305,-71.944
AIV,Apartment Investment and Management Company,NYSE,Real Estate,Real Estate Investment Trusts,280307213.0,False,False,True,1.88,-2.591,3.77,-23.033,-6.11,1485848.0,4907472.788,1.298,2.05,2.172,2.443,2.824,4.0,21.0,-25.984,-36.054,-33.165,-40.394
AIXI,XIAO-I Corporation American Depositary Shares,NASDAQ,Technology,Computer Software: Prepackaged Software,238039.0,False,True,False,1.51,-16.575,24.62,13.53,0.55,8423645.84,8198936.0,0.146,1.64,1.671,1.33,6.415,4.0,14.0,211.983,-20.106,-90.609,-97.214
AIZ,Assurant Inc.,NYSE,Finance,Property-Casualty Insurers,13185229394.0,True,False,False,266.41,-0.34,2.045,-4.717,-2.307,382680.0,110951480.8,0.817,267.821,271.771,279.6,249.283,2.0,65.0,-7.403,-4.597,23.01,-12.077
AJG,Arthur J. Gallagher & Co.,NYSE,Finance,Specialty Insurers,57951993000.0,True,False,False,227.24,0.5,2.875,-8.701,-3.026,1424420.0,349394271.2,0.806,230.693,236.269,248.898,231.649,4.0,32.0,-14.555,-10.532,4.258,-26.674
AKAM,Akamai Technologies Inc.,NASDAQ,Consumer Discretionary,Business Services,15653613052.0,True,True,False,107.99,-0.854,5.687,-3.339,-0.587,4353788.0,660646887.2,0.831,109.1,109.558,111.721,111.78,1.0,72.0,1.399,-5.578,-5.768,-34.73
AKAN,Akanda Corp. Common Shares,NASDAQ,Health Care, Medicinal Chemicals and Botanical Products ,4728660.0,False,True,False,1.91,-3.535,21.064,-52.569,-2.496,1714308.0,3918636.575,0.05,2.499,2.907,4.027,9.368,4.0,21.0,-47.956,-83.275,-40.944,-97.579
AKR,Acadia Realty Trust,NYSE,Real Estate,Real Estate Investment Trusts,2558508611.0,False,False,True,18.41,-1.181,1.91,-8.99,-4.707,1382814.0,25206800.45,1.27,18.844,19.189,20.229,20.412,1.0,40.0,-8.265,-13.148,-3.351,-19.219
AKTS,Aktis Oncology Inc. Common stock,NASDAQ,Health Care,Biotechnology: Pharmaceutical Preparations,1030073121.0,False,True,True,18.52,0.0,6.448,-20.428,-3.168,362462.0,10971198.175,0.781,19.625,20.957,23.275,,,,-30.507,-32.85,13.134,-45.832
AKTX,Akari Therapeutics plc ADS,NASDAQ,Health Care,Biotechnology: Pharmaceutical Preparations,19926639.0,False,True,False,8.94,2.523,12.575,-0.77,-0.061,66066.0,700866.329,0.145,9.35,9.552,9.009,9.291,4.0,92.0,-17.528,-42.248,152.542,-79.774
ALAB,Astera Labs Inc.,NASDAQ,Technology,Semiconductors,60777036484.0,False,True,False,362.34,3.428,5.991,16.856,2.813,4165906.0,1309399113.6,0.779,349.022,334.242,310.075,242.17,2.0,95.0,28.117,-5.367,207.094,-27.456
ALAR,Alarum Technologies Ltd. American Depositary Share,NASDAQ,Technology,Computer Software: Prepackaged Software,12615820.0,False,True,False,1.66,-4.598,11.107,-6.447,-0.58,143010.0,337773.6,0.301,1.746,1.79,1.774,5.782,4.0,6.0,25.758,-37.828,-72.831,-89.976
ALB,Albemarle Corporation,NYSE,Industrials,Major Chemicals,12342148912.0,True,False,False,104.37,-0.21,4.182,-14.691,-3.513,2361158.0,290755256.0,0.859,107.958,112.652,122.344,154.347,4.0,66.0,-20.761,-18.833,-39.323,-52.494
ALEC,Alector Inc.,NASDAQ,Health Care,Biotechnology: Biological Products (No Diagnostic Substances),202099023.0,False,True,True,1.99,9.945,10.472,-1.825,-0.174,1335690.0,11644777.725,66.909,1.925,1.989,2.027,1.995,1.0,45.0,-20.717,3.109,-15.139,-41.471
ALG,Alamo Group Inc.,NYSE,Industrials,Industrial Machinery/Components,1959647075.0,False,False,True,162.39,0.857,3.13,-1.409,-0.45,172718.0,34189183.4,0.958,160.676,162.538,164.711,170.991,1.0,40.0,-5.334,-2.064,-2.729,-25.848
ALGM,Allegro MicroSystems Inc.,NASDAQ,Technology,Semiconductors,7368472878.0,False,True,False,38.46,-2.707,4.784,0.294,0.061,2381596.0,95917233.2,1.463,36.945,36.617,38.347,40.33,1.0,66.0,8.155,-25.393,17.22,-46.412
ALGN,Align Technology Inc.,NASDAQ,Health Care,Industrial Specialties,10211268326.0,True,True,False,140.65,-2.15,3.312,-11.895,-3.591,909512.0,139115637.6,1.847,145.268,148.583,159.639,170.2,4.0,45.0,-12.017,-24.063,-18.165,-29.829
ALGS,Aligos Therapeutics Inc.,NASDAQ,Health Care,Biotechnology: Biological Products (No Diagnostic Substances),34594851.0,False,True,False,5.4,-2.527,8.139,-6.911,-0.849,93144.0,245250.751,0.522,5.512,5.59,5.801,6.673,4.0,20.0,-13.183,-11.33,-33.251,-60.552
ALGT,Allegiant Travel Company,NASDAQ,Consumer Discretionary,Air Freight/Delivery Services,2121683166.0,False,True,True,75.14,-3.183,4.71,-9.931,-2.108,516588.0,38891951.3,0.808,76.882,77.922,83.425,89.061,1.0,60.0,-0.949,-32.392,-7.212,-39.222
ALH,Alliance Laundry Holdings Inc.,NYSE,Industrials,Industrial Machinery/Components,4234207745.0,False,False,True,21.31,0.047,3.357,-9.684,-2.885,1355380.0,24044662.95,1.167,21.459,21.784,23.595,23.51,4.0,,-6.041,-17.817,-1.479,-24.513
ALHC,Alignment Healthcare Inc.,NASDAQ,Health Care,Medical Specialities,1647035083.0,False,True,True,8.5,7.053,8.043,-31.093,-3.866,8226856.0,114839141.8,1.25,8.361,9.375,12.336,17.96,4.0,18.0,-37.246,-64.657,-54.472,-66.162
ALIT,Alight Inc.,NYSE,Consumer Discretionary,Business Services,238410973.0,False,False,True,8.74,-1.243,9.75,-36.2,-3.713,519128.0,5501702.4,0.798,9.919,11.044,13.699,18.692,4.0,9.0,-41.303,-54.097,-20.545,-86.863
ALK,Alaska Air Group Inc.,NYSE,Consumer Discretionary,Air Freight/Delivery Services,4411671334.0,False,False,True,39.19,-0.86,3.838,-9.306,-2.425,2598488.0,118484116.8,1.108,39.773,40.4,43.211,45.365,4.0,33.0,-5.338,-20.167,3.186,-35.362
ALKS,Alkermes plc,NASDAQ,Health Care,Biotechnology: Pharmaceutical Preparations,7004116606.0,False,True,False,42.76,2.419,3.449,-8.531,-2.474,1868712.0,106244313.4,1.672,41.958,43.23,46.748,39.166,2.0,69.0,-8.788,-22.564,25.469,-23.19
ALKT,Alkami Technology Inc.,NASDAQ,Technology,Computer Software: Prepackaged Software,1485424102.0,False,True,True,14.15,1.872,6.007,-23.438,-3.901,1681608.0,38044264.5,0.791,14.732,16.075,18.482,18.01,4.0,21.0,-29.567,-23.555,-15.673,-42.978
ALL,Allstate Corporation (The),NYSE,Finance,Property-Casualty Insurers,56574437733.0,True,False,False,224.71,0.434,2.399,-10.973,-4.574,1958246.0,588857902.4,1.011,228.653,236.081,252.407,223.146,2.0,52.0,-14.595,-10.266,8.866,-18.604
ALLE,Allegion plc,NYSE,Consumer Discretionary,Diversified Commercial Services,13113522769.0,True,False,False,153.67,-0.35,2.098,-2.677,-1.276,1248234.0,161365916.4,0.599,154.057,154.347,157.897,149.209,3.0,50.0,-0.864,10.692,10.466,-15.112
ALLO,Allogene Therapeutics Inc.,NASDAQ,Health Care,Biotechnology: Biological Products (No Diagnostic Substances),518236322.0,False,True,True,1.5,0.0,5.846,-19.683,-3.367,5694510.0,9843316.1,0.779,1.597,1.68,1.868,1.993,1.0,64.0,-24.242,-30.233,-42.308,-66.368
ALLR,Allarity Therapeutics Inc.,NASDAQ,Health Care,Biotechnology: Pharmaceutical Preparations,16547153.0,False,True,False,1.0,-3.846,9.344,-20.483,-2.192,96494.0,141847.514,0.405,1.05,1.113,1.258,1.236,4.0,25.0,-30.07,-11.504,-15.254,-45.652
ALLT,Allot Ltd.,NASDAQ,Telecommunications,Computer Communications Equipment,412421725.0,False,True,False,8.41,-0.237,3.588,6.658,1.856,282022.0,2807256.431,0.885,8.382,8.231,7.885,8.135,3.0,38.0,11.096,-0.237,17.458,-29.446
ALM,Almonty Industries Inc. Common Shares,NASDAQ,Basic Materials,Other Metals and Minerals,3865642050.0,False,True,False,13.52,0.896,7.741,-9.826,-1.269,6778916.0,93765557.6,0.572,13.58,14.221,14.993,15.725,1.0,91.0,-24.215,-11.053,-18.701,-44.613
ALMR,Alamar Biosciences Inc.,NASDAQ,Industrials,Biotechnology: Laboratory Analytical Instruments,2384335440.0,False,True,True,38.13,10.972,6.284,23.017,3.663,391764.0,17315139.9,1.457,33.893,32.815,30.996,,,,24.73,51.13,,-1.064
ALMS,Alumis Inc.,NASDAQ,Health Care,Biotechnology: Pharmaceutical Preparations,886631387.0,False,True,True,6.84,-0.146,12.712,-60.44,-4.755,2697260.0,26955222.65,1.434,7.445,9.237,17.29,22.106,4.0,94.0,-39.789,-76.631,-68.824,-78.182
ALMU,Aeluma Inc.,NASDAQ,Technology,Semiconductors,253411790.0,False,True,True,13.08,-0.305,7.028,-9.766,-1.39,547286.0,8336794.0,0.83,12.951,13.178,14.496,17.534,4.0,34.0,1.949,-25.214,11.461,-58.855
ALNT,Allient Inc.,NASDAQ,Industrials,Electrical Products,2011397051.0,False,True,True,118.63,0.279,4.611,17.732,3.846,246948.0,23680422.3,0.569,113.095,108.246,100.762,78.522,2.0,95.0,31.504,43.795,97.159,-2.298
ALNY,Alnylam Pharmaceuticals Inc.,NASDAQ,Health Care,Biotechnology: Pharmaceutical Preparations,29400539407.0,False,True,False,219.89,0.077,4.651,-8.551,-1.839,1867140.0,338541488.8,0.686,237.698,242.004,240.451,302.024,4.0,15.0,-16.866,-31.624,-33.435,-55.627
ALOY,REalloys Inc.,NASDAQ,Basic Materials,Metal Mining,563681720.0,False,True,True,8.11,-0.123,7.785,-19.25,-2.473,2582712.0,17423865.525,0.34,8.349,8.778,10.043,11.269,1.0,65.0,-19.384,-33.415,-6.674,-69.851
ALP,Alpha Compute Corp,NASDAQ,Finance,Finance: Consumer Services,7129301.0,False,True,False,4.39,-4.565,10.293,148.875,14.464,4489402.0,457924.724,0.005,4.632,3.969,1.764,0.756,2.0,99.0,3717.391,1656.0,1250.769,-68.188
ALRM,Alarm.com Holdings Inc.,NASDAQ,Technology,Computer Software: Prepackaged Software,2684253667.0,False,True,True,56.24,2.853,2.348,1.294,0.551,421144.0,26958576.5,1.364,54.631,54.705,55.522,49.315,2.0,65.0,-0.864,10.622,27.269,-3.276
ALRS,Alerus Financial Corporation,NASDAQ,Finance,Major Banks,814382274.0,False,True,True,32.4,-0.826,2.346,-1.215,-0.518,184806.0,6267420.862,0.896,32.17,32.314,32.799,27.591,2.0,80.0,-2.239,5.099,36.457,-5.166
ALT,Altimmune Inc.,NASDAQ,Health Care,Biotechnology: Pharmaceutical Preparations,532005912.0,False,True,True,2.67,-2.377,4.987,-13.438,-2.695,4479122.0,11985551.65,0.851,2.911,3.022,3.084,3.448,4.0,26.0,-17.337,-11.589,-19.82,-58.54
ALTG,Alta Equipment Group Inc.,NYSE,Industrials,Industrial Machinery/Components,211681331.0,False,False,True,6.45,-0.463,5.675,0.942,0.166,193626.0,1343562.45,1.118,6.191,6.144,6.39,6.395,2.0,57.0,12.565,5.738,19.888,-25.777
ALTI,AlTi Global Inc.,NASDAQ,Finance,Investment Managers,453795387.0,False,True,True,2.95,1.375,5.362,-18.434,-3.438,190484.0,461303.475,0.547,3.033,3.172,3.617,3.803,4.0,34.0,-23.177,-26.434,-21.751,-45.822
ALTO,Alto Ingredients Inc.,NASDAQ,Industrials,Major Chemicals,292429716.0,False,True,True,3.79,0.531,4.305,-8.312,-1.931,1598864.0,4342759.6,0.684,3.764,3.852,4.134,4.195,1.0,95.0,-5.955,-32.92,-17.249,-37.971
ALVO,Alvotech,NASDAQ,Health Care,Biotechnology: Biological Products (No Diagnostic Substances),2127851566.0,False,True,False,6.11,12.11,5.746,27.464,4.78,1098266.0,7425875.15,2.639,5.763,5.571,4.794,4.184,2.0,87.0,13.569,75.072,61.214,-32.449
ALXO,ALX Oncology Holdings Inc.,NASDAQ,Health Care,Biotechnology: Pharmaceutical Preparations,168697936.0,False,True,True,1.21,-0.82,9.977,-34.178,-3.426,1080446.0,2085470.762,1.656,1.378,1.535,1.838,1.84,1.0,27.0,-40.394,-48.729,-38.265,-54.511
ALZN,Alzamend Neuro Inc.,NASDAQ,Health Care,Biotechnology: Pharmaceutical Preparations,6611241.0,False,True,False,1.41,2.92,9.457,-11.839,-1.252,98702.0,198913.651,0.257,1.608,1.666,1.599,1.558,4.0,47.0,-17.059,23.684,48.421,-47.388
AMAL,Amalgamated Financial Corp. Common Stock (DE),NASDAQ,Finance,Major Banks,1440888084.0,False,True,True,47.73,-0.955,2.271,-1.829,-0.805,220526.0,14706903.725,0.844,47.601,47.696,48.619,42.225,2.0,86.0,-2.671,4.572,19.82,-7.482
AMAT,Applied Materials Inc.,NASDAQ,Technology,Semiconductors,428574363118.0,True,True,False,542.28,0.415,3.505,11.345,3.237,7030138.0,2949737388.8,0.661,507.15,490.261,487.025,428.38,2.0,91.0,24.402,-2.099,54.142,-26.608
AMBA,Ambarella Inc.,NASDAQ,Technology,Semiconductors,3030277659.0,False,True,True,68.26,-0.568,5.641,-5.341,-0.947,1725198.0,117819237.6,0.635,68.782,68.726,72.112,68.098,3.0,43.0,7.7,-4.957,33.843,-29.403
AMBQ,Ambiq Micro Inc.,NYSE,Technology,Semiconductors,1648901664.0,False,False,True,65.92,-3.315,5.963,4.292,0.72,531654.0,39632991.4,0.957,67.197,65.916,63.207,51.516,2.0,93.0,16.817,-12.666,133.098,-28.043
AMBR,Amber International Holding Limited American Depositary Shares,NASDAQ,Finance,Finance: Consumer Services,170638204.0,False,True,False,1.88,3.867,10.461,39.379,3.764,579806.0,456801.47,0.152,1.784,1.634,1.349,1.882,4.0,51.0,100.0,29.655,-23.887,-44.543
AMC,AMC Entertainment Holdings Inc.,NYSE,Consumer Discretionary,Movies/Entertainment,2472514847.0,False,False,True,2.79,0.722,7.376,4.714,0.639,28191555.84,84721291.0,0.702,2.865,2.803,2.664,1.848,2.0,89.0,9.843,62.209,121.429,-17.941
AMCI,AMC Robotics Corporation,NASDAQ,Consumer Discretionary,Home Furnishings,69851333.0,False,True,False,2.97,-1.329,11.369,-27.086,-2.382,137408.0,427234.451,0.242,3.172,3.357,4.073,5.632,4.0,8.0,-22.251,-44.538,-49.916,-81.403
AMCR,Amcor plc,NYSE,Consumer Discretionary,Miscellaneous manufacturing industries,19353790583.0,True,False,False,41.8,-0.143,2.215,-6.163,-2.782,3610734.0,138778500.0,0.841,42.2,42.739,44.546,41.76,2.0,54.0,-7.604,-4.611,8.282,-14.267
AMCX,AMC Global Media Inc.,NASDAQ,Telecommunications,Cable & Other Pay Television Services,460349676.0,False,True,True,11.14,-0.179,4.196,-6.028,-1.436,701196.0,7927040.9,0.838,11.568,11.766,11.855,9.438,2.0,81.0,-12.901,11.512,50.949,-13.844
AMD,Advanced Micro Devices Inc.,NASDAQ,Technology,Semiconductors,1034842253874.0,True,True,False,631.75,-0.341,3.716,22.496,6.055,22989576.0,12849264281.6,0.595,610.436,581.618,515.73,376.837,2.0,96.0,38.493,22.406,186.924,-2.124
AME,AMETEK Inc.,NYSE,Industrials,Industrial Machinery/Components,57757785201.0,True,False,False,251.92,-0.004,1.996,3.336,1.671,1404756.0,357393640.8,0.857,248.367,245.39,243.787,229.901,2.0,76.0,7.723,8.885,15.679,-3.397
AMGN,Amgen Inc.,NASDAQ,Health Care,Biotechnology: Biological Products (No Diagnostic Substances),217896323295.0,True,True,False,402.98,-0.015,2.499,-1.502,-0.601,2873216.0,1349443760.0,1.08,407.536,406.8,409.123,361.396,2.0,77.0,-9.263,10.115,19.215,-9.854
AMIX,Autonomix Medical Inc.,NASDAQ,Health Care,Medical/Dental Instruments,7408566.0,False,True,False,3.54,-6.349,14.548,-36.436,-2.505,5666682.0,898369.654,0.024,3.881,4.201,5.569,7.645,4.0,6.0,-24.359,-46.119,-56.777,-89.124
AMKR,Amkor Technology Inc.,NASDAQ,Technology,Semiconductors,13918307481.0,False,True,False,54.63,-2.481,4.889,6.165,1.261,4973930.0,199944158.4,0.87,53.353,52.367,51.457,57.19,1.0,83.0,16.383,-16.225,16.505,-43.39
AMLX,Amylyx Pharmaceuticals Inc.,NASDAQ,Health Care,Biotechnology: Pharmaceutical Preparations,3486485685.0,False,True,True,27.78,-0.036,5.569,-5.89,-1.058,2585638.0,44515995.8,0.364,29.368,30.376,29.519,18.594,2.0,94.0,-18.198,52.889,75.601,-32.474
AMN,AMN Healthcare Services Inc,NYSE,Consumer Discretionary,Professional Services,1418679570.0,False,False,True,36.84,0.573,3.246,7.383,2.275,665040.0,22240773.6,0.955,35.508,34.963,34.307,26.018,2.0,91.0,10.266,10.797,98.491,-1.021
AMOD,Alpha Modus Holdings Inc.,NASDAQ,Miscellaneous,Multi-Sector Companies,197561306.0,False,True,True,3.78,8.309,16.28,22.006,1.352,4392977.92,40497063.603,6.474,2.301,2.279,3.098,12.671,4.0,7.0,71.818,-10.427,-73.75,-92.731
AMP,Ameriprise Financial Inc.,NYSE,Finance,Investment Managers,44131377506.0,True,False,False,494.94,0.821,2.628,-8.788,-3.344,526140.0,361536454.4,1.1,501.773,515.618,542.625,490.942,2.0,53.0,-12.412,-2.236,15.776,-13.557
AMPG,Amplitech Group Inc.,NASDAQ,Telecommunications,Telecommunications Equipment,91633855.0,False,True,False,2.97,-2.623,6.815,-24.936,-3.659,1658102.0,2280748.206,0.665,3.174,3.331,3.957,3.88,1.0,80.0,-13.158,-52.48,54.688,-70.623
AMPH,Amphastar Pharmaceuticals Inc.,NASDAQ,Health Care,Biotechnology: Pharmaceutical Preparations,1081739916.0,False,True,True,25.37,-0.236,3.494,12.229,3.5,476816.0,13381248.075,0.953,25.472,24.798,22.606,22.35,3.0,69.0,6.418,26.345,23.275,-14.058
AMPL,Amplitude Inc.,NASDAQ,Technology,Computer Software: Prepackaged Software,1813781278.0,False,True,True,14.88,2.479,4.392,18.485,4.209,1891084.0,21805868.05,1.011,14.002,13.637,12.559,9.157,2.0,93.0,9.816,62.445,118.182,-0.268
AMPX,Amprius Technologies Inc.,NYSE,Miscellaneous,Industrial Machinery/Components,1412599576.0,False,False,True,9.45,-2.275,6.223,-6.83,-1.098,5497462.0,52387899.9,1.039,9.606,9.696,10.143,13.443,4.0,50.0,-1.869,-19.369,-46.185,-60.991
AMPY,Amplify Energy Corp.,NYSE,Energy,Oil & Gas Production,180750122.0,False,False,True,4.43,1.605,3.787,-1.178,-0.311,716290.0,2429551.456,0.729,4.357,4.44,4.483,4.945,4.0,62.0,-9.592,11.307,-28.433,-34.757
AMR,Alpha Metallurgical Resources Inc.,NYSE,Energy,Coal Mining,2174963379.0,False,False,True,173.6,1.201,5.435,-4.999,-0.92,344654.0,58460782.2,0.745,175.188,182.015,182.736,189.506,1.0,68.0,-20.066,14.188,-16.595,-31.605
AMRC,Ameresco Inc.,NYSE,Consumer Discretionary,Engineering & Construction,1144638171.0,False,False,True,21.49,-0.371,5.957,-7.163,-1.202,714684.0,13664505.85,0.903,21.63,22.141,23.148,27.458,4.0,22.0,-5.621,-15.692,-10.458,-52.17
AMRN,Amarin Corporation plc,NASDAQ,Health Care,Biotechnology: Pharmaceutical Preparations,260867000.0,False,True,False,12.09,-2.105,3.409,-12.658,-3.714,66036.0,755835.398,1.208,12.919,13.283,13.842,14.541,4.0,26.0,-11.816,-21.798,-17.418,-42.153
AMRX,Amneal Pharmaceuticals Inc.,NASDAQ,Health Care,Biotechnology: Pharmaceutical Preparations,7070409145.0,False,True,False,20.35,0.246,3.711,10.795,2.909,2225514.0,58352381.9,1.756,19.876,19.284,18.367,15.048,2.0,90.0,13.878,19.355,64.777,-3.896
AMSC,American Superconductor Corporation,NASDAQ,Consumer Discretionary,Metal Fabrications,1453748711.0,False,True,True,29.98,-0.1,4.454,-0.186,-0.042,727596.0,20748128.45,0.67,29.719,29.708,30.036,35.639,4.0,21.0,3.344,-15.668,-8.093,-57.469
AMSF,AMERISAFE Inc.,NASDAQ,Finance,Property-Casualty Insurers,437265608.0,False,True,True,23.28,-1.314,2.587,-10.448,-4.039,487920.0,15746147.9,0.975,23.811,24.313,25.996,31.291,4.0,18.0,-10.021,-33.22,-28.644,-42.42
AMT,American Tower Corporation (REIT),NYSE,Real Estate,Real Estate Investment Trusts,75578719786.0,True,False,False,162.26,0.037,2.326,-5.164,-2.22,2605638.0,460800369.6,0.962,165.299,167.933,171.095,173.183,1.0,43.0,-7.728,-0.748,-5.056,-15.555
AMTB,Amerant Bancorp Inc.,NYSE,Finance,Major Banks,1158452202.0,False,False,True,29.25,-1.049,2.671,0.227,0.085,387522.0,10615438.25,0.582,29.272,29.232,29.184,24.158,2.0,84.0,-0.476,14.835,26.863,-4.116
AMTM,Amentum Holdings Inc.,NYSE,Consumer Discretionary,Business Services,4435346332.0,False,False,True,18.24,0.551,3.501,-11.943,-3.411,2090946.0,34958638.0,0.956,18.676,19.184,20.714,25.508,4.0,30.0,-9.299,-13.881,-32.594,-52.139
AMTX,Aemetis Inc. (DE),NASDAQ,Industrials,Major Chemicals,124131702.0,False,True,False,1.76,2.326,7.061,-2.331,-0.33,840370.0,1703685.838,0.662,1.81,1.845,1.802,1.973,1.0,65.0,-3.825,-0.565,-43.408,-53.684
AMWL,American Well Corporation,NYSE,Consumer Discretionary,Business Services,210738512.0,False,False,True,12.72,2.663,5.88,1.405,0.239,106052.0,1328949.15,0.775,13.035,13.029,12.544,8.15,2.0,94.0,-4.0,41.491,128.366,-10.359
AMZN,Amazon.com Inc.,NASDAQ,Consumer Discretionary,Catalog/Specialty Distribution,2712973589629.0,True,True,False,251.4,-0.048,2.205,-2.152,-0.976,39749893.92,8948386585.6,0.985,250.256,251.724,256.93,241.507,2.0,62.0,-2.897,2.203,18.145,-12.465
AN,AutoNation Inc.,NYSE,Consumer Discretionary,Retail-Auto Dealers and Gas Stations,5371058543.0,False,False,True,161.67,-0.486,4.564,-17.474,-3.829,519854.0,121328883.2,1.212,165.664,174.533,195.901,198.395,4.0,27.0,-21.966,-15.656,-17.859,-31.441
ANAB,AnaptysBio Inc.,NASDAQ,Health Care,Biotechnology: Pharmaceutical Preparations,1436899583.0,False,True,True,49.2,1.381,4.83,-10.356,-2.144,489554.0,30092616.6,1.216,50.545,52.177,54.884,48.893,2.0,89.0,-14.375,-26.922,18.212,-32.007
ANDE,Andersons Inc. (The),NASDAQ,Industrials,Farming/Seeds/Milling,2300825600.0,False,True,True,66.9,-1.211,3.119,-1.854,-0.595,368492.0,24548984.3,1.15,66.991,67.597,68.164,67.782,1.0,83.0,-3.433,-1.317,-9.651,-18.035
ANET,Arista Networks Inc.,NYSE,Telecommunications,Computer Communications Equipment,261514930763.0,True,False,False,206.9,-0.217,3.231,6.608,2.045,6130166.0,951502160.0,0.581,204.339,201.448,194.075,159.322,2.0,85.0,8.076,24.294,63.881,-3.718
ANGI,Angi Inc.,NASDAQ,Consumer Discretionary,Advertising,245365319.0,False,True,True,6.06,0.165,5.798,17.706,3.054,844334.0,4423733.538,0.922,5.69,5.452,5.148,7.406,4.0,17.0,24.691,-5.901,-13.675,-63.25
ANGO,AngioDynamics Inc.,NASDAQ,Health Care,Medical/Dental Instruments,624532398.0,False,True,True,15.54,2.846,3.286,0.678,0.206,462704.0,8708091.15,1.375,15.39,15.421,15.435,12.487,2.0,81.0,0.452,18.898,57.927,-4.604
ANGX,Angel Studios Inc.,NYSE,Consumer Discretionary,Movies/Entertainment,761965782.0,False,False,True,4.16,1.961,7.283,-8.716,-1.197,1745220.0,11292187.6,0.881,4.523,4.658,4.557,3.772,3.0,31.0,-7.35,13.351,39.13,-56.994
ANIK,Anika Therapeutics Inc.,NASDAQ,Health Care,Medical/Dental Instruments,255614651.0,False,True,True,19.73,3.298,3.727,-3.298,-0.885,106438.0,1672028.366,1.149,19.94,20.249,20.403,15.029,2.0,92.0,-6.048,24.323,33.763,-13.767
ANIP,ANI Pharmaceuticals Inc.,NASDAQ,Health Care,Biotechnology: Pharmaceutical Preparations,1657215844.0,False,True,True,72.58,0.554,3.024,-3.499,-1.157,393400.0,30996185.9,0.882,73.324,73.675,75.212,78.472,4.0,32.0,0.82,-15.595,-5.984,-25.175
ANIX,Anixa Biosciences Inc.,NASDAQ,Health Care,Biotechnology: Pharmaceutical Preparations,102553216.0,False,True,False,2.95,0.0,5.682,-6.811,-1.199,301650.0,1058994.898,1.224,2.859,2.895,3.166,3.001,4.0,46.0,-3.279,-0.338,13.9,-45.971
ANL,Adlai Nortye Group Ltd. American Depositary Shares,NASDAQ,Health Care,Biotechnology: Pharmaceutical Preparations,971764884.0,False,True,False,15.04,-0.331,6.909,4.95,0.716,153986.0,2628316.8,2.991,15.471,15.308,14.331,10.414,2.0,99.0,1.966,39.647,67.111,-12.812
ANNA,AleAnna Inc.,NASDAQ,Energy,Oil & Gas Production,178714848.0,False,True,True,2.69,0.749,6.614,-5.508,-0.833,224870.0,741400.026,0.545,2.734,2.831,2.847,3.386,4.0,88.0,-13.505,-1.103,-65.557,-74.718
ANNX,Annexon Inc.,NASDAQ,Health Care,Biotechnology: Pharmaceutical Preparations,794336571.0,False,True,True,4.2,0.239,6.073,-11.338,-1.867,2906158.0,14968551.675,1.186,4.119,4.222,4.737,5.353,4.0,62.0,-13.223,-34.681,-27.586,-41.504
ANPA,Rich Sparkle Holdings Limited,NASDAQ,Consumer Discretionary,Other Consumer Services,29750457.0,False,True,False,2.02,2.538,13.412,-40.616,-3.028,131318.0,76760.05,0.12,2.068,2.373,3.402,16.352,4.0,4.0,-46.856,-52.471,-78.115,-98.882
ANRO,Alto Neuroscience Inc.,NYSE,Health Care,Biotechnology: Pharmaceutical Preparations,973204179.0,False,False,True,24.01,-3.185,7.88,-22.153,-2.811,518074.0,18709055.75,1.062,26.456,28.356,30.842,23.752,2.0,97.0,-34.038,-6.576,6.569,-35.939
ANTX,AN2 Therapeutics Inc.,NASDAQ,Health Care,Biotechnology: Pharmaceutical Preparations,215473913.0,False,True,True,5.61,-1.751,6.853,1.403,0.205,233768.0,1434303.269,1.283,5.349,5.337,5.532,3.798,2.0,97.0,-5.714,30.465,66.469,-21.975
AOMR,Angel Oak Mortgage REIT Inc.,NYSE,Finance,Real Estate,169932900.0,False,False,True,7.25,-0.956,2.855,-11.584,-4.058,149510.0,1368980.756,0.756,7.466,7.691,8.2,8.097,1.0,36.0,-12.121,-15.908,-5.183,-19.073
AON,Aon plc Class A Ordinary Shares (Ireland),NYSE,Finance,Specialty Insurers,57157198191.0,True,False,False,272.05,0.965,2.78,-16.867,-6.067,1625750.0,654708790.4,0.84,278.545,290.551,327.246,330.422,4.0,27.0,-16.804,-24.22,-16.182,-28.684
AORT,Artivion Inc.,NYSE,Health Care,Medical/Dental Instruments,1087751291.0,False,False,True,22.61,1.345,4.318,-12.568,-2.911,671324.0,15436250.95,1.094,22.914,23.702,25.86,31.58,4.0,24.0,-11.749,-7.563,-32.407,-53.14
AOS,A.O. Smith Corporation,NYSE,Consumer Discretionary,Consumer Electronics/Appliances,7712811518.0,True,False,False,56.97,0.388,2.334,-5.118,-2.193,1504324.0,86495954.4,0.968,57.291,57.842,60.043,63.773,4.0,34.0,-5.881,-6.516,-10.883,-29.595
AOSL,Alpha and Omega Semiconductor Limited Common Shares,NASDAQ,Technology,Semiconductors,916425347.0,False,True,False,29.0,-4.101,4.954,2.853,0.576,582982.0,14916039.8,0.848,28.1,27.487,28.196,30.132,1.0,55.0,18.609,-16.595,25.054,-46.632
AOUT,American Outdoor Brands Inc. Common Stock ,NASDAQ,Consumer Discretionary,Recreational Games/Products/Toys,206357029.0,False,True,True,16.6,1.529,4.936,22.296,4.517,186178.0,2621517.556,0.746,16.402,15.724,13.574,10.685,2.0,91.0,65.834,19.253,86.517,-6.156
AP,Ampco-Pittsburgh Corporation,NYSE,Industrials,Fluid Controls,200388624.0,False,False,True,9.65,-0.515,4.711,10.331,2.193,90996.0,756233.45,0.99,9.046,8.833,8.746,8.416,2.0,97.0,13.663,30.759,35.534,-24.668
APA,APA Corporation,NASDAQ,Energy,Oil & Gas Production,15303353957.0,True,True,False,43.85,0.389,3.518,5.072,1.442,5786620.0,272437159.2,0.662,43.284,43.294,41.733,35.153,2.0,92.0,-0.747,29.878,3.334,-7.567
APAM,Artisan Partners Asset Management Inc.,NYSE,Finance,Investment Managers,2827814695.0,False,False,True,34.4,-1.376,2.908,-13.391,-4.605,855326.0,33147275.1,1.628,35.838,36.916,39.719,37.807,4.0,42.0,-16.403,-2.678,-1.037,-22.295
APC,ARKO Petroleum Corp.,NASDAQ,Energy,Oil Refining/Marketing,194838457.0,False,True,True,15.77,1.742,4.534,-13.715,-3.025,162988.0,2913885.244,1.634,16.062,16.856,18.277,,,,-14.757,-16.313,-11.237,-25.483
APD,Air Products and Chemicals Inc.,NYSE,Basic Materials,Major Chemicals,61810822562.0,True,False,False,279.45,0.677,2.081,-4.814,-2.313,1092552.0,349190880.8,0.998,279.39,283.573,293.584,282.215,1.0,51.0,-7.541,-7.792,-3.772,-10.668
APEI,American Public Education Inc.,NASDAQ,Real Estate,Other Consumer Services,800326475.0,False,True,True,44.41,1.555,3.996,-3.011,-0.754,289108.0,11598424.175,0.717,42.991,43.448,45.789,48.907,1.0,56.0,-2.138,-25.16,-23.825,-27.894
APH,Amphenol Corporation,NYSE,Technology,Electrical Products,214440482841.0,True,False,False,87.27,0.356,3.036,7.386,2.433,12612702.0,999627955.2,0.757,84.572,83.064,81.268,74.035,2.0,79.0,6.501,10.214,38.41,-2.078
API,Agora Inc. American Depositary Shares,NASDAQ,Technology,Computer Software: Prepackaged Software,341802000.0,False,True,False,4.15,1.716,3.204,-1.186,-0.37,194964.0,561609.278,0.432,4.157,4.163,4.2,4.128,2.0,59.0,-0.48,0.973,12.466,-24.477
APLD,Applied Digital Corporation,NASDAQ,Technology,EDP Services,7591015187.0,False,True,False,24.7,-2.679,6.862,-9.086,-1.324,17370126.0,436459992.8,1.366,25.383,25.905,27.169,32.114,4.0,38.0,-4.67,-19.57,-1.945,-51.306
APLE,Apple Hospitality REIT Inc. Common Shares,NYSE,Real Estate,Real Estate Investment Trusts,3897725344.0,False,False,True,16.4,-0.666,1.822,2.708,1.487,2719422.0,41893968.6,1.268,16.168,16.005,15.968,13.814,2.0,78.0,5.783,1.844,45.907,-4.16
APO,Apollo Global Management Inc. (New),NYSE,Finance,Investment Managers,67333730989.0,True,False,False,115.35,1.166,3.357,-10.132,-3.018,3200490.0,371687898.4,1.153,118.524,122.134,128.355,125.639,4.0,48.0,-14.232,-2.927,9.627,-23.804
APOG,Apogee Enterprises Inc.,NASDAQ,Consumer Discretionary,Auto Parts:O.E.M.,743224291.0,False,True,True,35.66,0.112,3.048,-9.676,-3.174,209300.0,9861942.1,1.869,36.176,36.977,39.48,37.675,1.0,37.0,-6.625,-7.856,8.559,-29.425
APP,Applovin Corporation,NASDAQ,Technology,Computer Software: Programming Data Processing,89760091220.0,True,True,False,281.97,5.126,5.635,-14.168,-2.514,5947982.0,1670415740.8,1.159,295.212,305.83,328.514,454.24,4.0,14.0,-10.08,-46.595,-31.673,-61.793
APPF,AppFolio Inc.,NASDAQ,Technology,Computer Software: Prepackaged Software,7188586866.0,False,True,False,204.25,0.631,3.854,-1.447,-0.375,362268.0,60692810.9,1.418,204.451,207.275,207.248,185.606,3.0,51.0,-8.642,13.839,28.064,-22.93
APPN,Appian Corporation,NASDAQ,Technology,Computer Software: Prepackaged Software,2627300258.0,False,True,True,38.21,4.171,5.292,7.034,1.329,877196.0,31824484.2,0.617,36.918,36.91,35.699,28.016,3.0,90.0,-6.394,54.822,55.705,-17.041
APPS,Digital Turbine Inc.,NASDAQ,Miscellaneous,Multi-Sector Companies,1359633120.0,False,True,True,11.21,0.358,7.375,0.437,0.059,3416472.0,33978420.3,0.74,11.298,11.275,11.161,7.058,2.0,96.0,3.033,7.892,269.967,-26.923
APTV,Aptiv PLC,NYSE,Consumer Discretionary,Auto Parts:O.E.M.,9040355232.0,True,False,False,43.89,0.804,3.238,-7.443,-2.299,4503086.0,169644587.2,0.582,43.868,44.485,47.419,63.149,4.0,17.0,-5.674,-25.421,-27.286,-50.647
APVO,Aptevo Therapeutics Inc.,NASDAQ,Health Care,Biotechnology: Pharmaceutical Preparations,3171467.0,False,True,False,1.8,2.273,7.928,-32.002,-4.037,107136.0,114688.075,0.262,1.824,1.94,2.647,5.372,4.0,4.0,5.263,-60.089,-57.547,-94.949
APYX,Apyx Medical Corporation,NASDAQ,Health Care,Medical/Dental Instruments,107416259.0,False,True,False,2.6,1.961,7.411,-18.244,-2.462,143148.0,425655.297,0.478,2.666,2.802,3.18,3.702,4.0,59.0,-15.033,-38.095,-30.851,-48.819
AQN,Algonquin Power & Utilities Corp. Common Shares,NYSE,Utilities,Electric Utilities: Central,3925713188.0,False,False,True,5.07,-0.588,2.03,-7.655,-3.771,4163532.0,25197006.75,1.019,5.076,5.175,5.49,5.903,4.0,41.0,-8.274,-8.438,-16.104,-26.18
AQST,Aquestive Therapeutics Inc.,NASDAQ,Health Care,Biotechnology: Pharmaceutical Preparations,571077998.0,False,True,True,4.57,0.44,4.928,-0.111,-0.023,2936026.0,10983585.95,0.371,4.646,4.715,4.575,4.334,3.0,46.0,-14.579,5.543,11.736,-39.47
ARCB,ArcBest Corporation,NASDAQ,Industrials,Trucking Freight/Courier Services,2964013054.0,False,True,True,131.14,-1.109,3.747,-3.795,-1.013,297316.0,31670439.7,0.765,130.034,131.352,136.313,119.887,2.0,85.0,-4.514,-9.572,26.796,-25.714
ARCC,Ares Capital Corporation,NASDAQ,Finance,Finance: Consumer Services,13541910857.0,False,True,False,18.82,-0.212,1.491,-2.063,-1.384,4454018.0,95769051.6,0.955,19.102,19.191,19.217,18.319,2.0,57.0,-3.61,4.427,8.09,-5.093
ARCT,Arcturus Therapeutics Holdings Inc.,NASDAQ,Health Care,Biotechnology: Pharmaceutical Preparations,370352589.0,False,True,False,14.66,12.51,8.837,22.53,2.55,1027692.0,12188420.35,1.281,14.028,14.079,11.964,8.536,2.0,93.0,-5.784,92.895,78.345,-39.346
ARDC,Ares Dynamic Credit Allocation Fund Inc. Common Shares,NYSE,Finance,Investment Managers,263292649.0,False,False,True,11.33,-1.393,1.38,-5.772,-4.182,93286.0,1295283.3,2.317,11.543,11.706,12.024,12.08,4.0,40.0,-7.087,-8.715,-0.463,-10.69
ARDT,Ardent Health Inc.,NYSE,Health Care,Hospital/Nursing Management,1458414678.0,False,False,True,10.55,2.031,3.6,-2.803,-0.779,434296.0,4613645.238,0.867,10.496,10.604,10.854,9.712,2.0,42.0,-1.952,-2.495,17.877,-31.848
ARDX,Ardelyx Inc.,NASDAQ,Health Care,Biotechnology: Pharmaceutical Preparations,832286490.0,False,True,True,3.39,1.497,3.844,-13.553,-3.526,4359462.0,14919226.7,0.976,3.419,3.513,3.922,5.623,4.0,20.0,-8.625,-36.989,-43.216,-59.643
ARE,Alexandria Real Estate Equities Inc.,NYSE,Real Estate,Real Estate Investment Trusts,8254107391.0,True,False,False,45.88,-3.145,3.845,-8.537,-2.22,2003556.0,99740033.4,1.139,48.29,49.369,50.162,48.83,1.0,27.0,-11.612,-5.744,9.6,-43.029
AREC,American Resources Corporation,NASDAQ,Energy,Coal Mining,191478577.0,False,True,True,1.74,-2.793,6.679,-22.1,-3.309,1918650.0,3034314.488,0.884,1.849,1.969,2.234,2.468,4.0,24.0,-28.689,-6.511,-26.986,-75.148
ARES,Ares Management Corporation,NYSE,Finance,Investment Managers,38824088269.0,True,False,False,117.13,-0.357,3.692,-11.269,-3.052,2279060.0,285589997.6,0.741,119.601,123.459,132.006,126.958,4.0,44.0,-16.36,-1.932,16.27,-32.681
ARGX,argenx SE American Depositary Shares,NASDAQ,Health Care,Biotechnology: Biological Products (No Diagnostic Substances),57048827278.0,False,True,False,912.87,-0.69,2.651,-4.572,-1.725,277710.0,260363352.0,1.16,948.36,963.078,956.61,851.533,2.0,63.0,-13.346,-0.769,22.001,-14.904
ARHS,Arhaus Inc.,NASDAQ,Consumer Discretionary,Other Specialty Stores,1451537746.0,False,True,True,10.11,-1.27,4.696,14.33,3.052,1481140.0,13841218.85,1.118,9.561,9.184,8.843,8.24,3.0,74.0,20.357,24.201,55.778,-12.182
ARI,Apollo Commercial Real Estate Finance Inc,NYSE,Real Estate,Real Estate Investment Trusts,794914977.0,False,False,True,6.23,0.484,1.875,-6.226,-3.32,2970594.0,18848839.95,1.387,6.279,6.393,6.644,6.715,1.0,47.0,-9.448,-5.467,-8.334,-13.962
ARKO,ARKO Corp.,NASDAQ,Consumer Staples,Food Chains,467814457.0,False,True,True,4.21,0.959,4.129,-17.053,-4.13,995176.0,3679686.15,0.488,4.215,4.355,5.076,6.005,4.0,36.0,-12.836,-46.025,-24.08,-51.604
ARLO,Arlo Technologies Inc.,NYSE,Consumer Discretionary,Diversified Commercial Services,1375298025.0,False,False,True,12.59,-1.487,4.19,-7.752,-1.85,1319782.0,17128482.85,1.103,12.809,13.013,13.648,13.495,4.0,33.0,-6.602,-4.404,-9.229,-36.861
ARM,Arm Holdings plc American Depositary Shares,NASDAQ,Technology,Semiconductors,327186349437.0,False,True,False,302.9,-1.493,6.096,13.597,2.231,5231778.0,1712875148.8,0.553,296.794,287.537,266.644,216.698,2.0,91.0,24.861,0.822,103.603,-33.09
AROC,Archrock Inc.,NYSE,Utilities,Natural Gas Distribution,5318007151.0,False,False,True,30.1,-0.758,3.285,-6.979,-2.125,1795298.0,54495716.2,1.103,30.475,30.94,32.358,33.438,1.0,57.0,-7.555,-20.12,-12.662,-28.254
AROW,Arrow Financial Corporation,NASDAQ,Finance,Major Banks,700011492.0,False,True,True,37.38,-1.085,2.151,-3.13,-1.455,89058.0,3196393.725,0.713,37.527,37.816,38.588,36.016,2.0,70.0,-5.247,-7.716,9.684,-11.779
ARQ,Arq Inc.,NASDAQ,Industrials,Major Chemicals,84716857.0,False,True,False,2.02,4.124,5.792,-4.41,-0.761,227012.0,396410.451,0.963,1.987,2.034,2.113,2.624,4.0,14.0,-11.013,-8.597,-18.219,-72.592
ARQQ,Arqit Quantum Inc.,NASDAQ,Technology,Computer Software: Prepackaged Software,428447359.0,False,True,False,23.68,-3.818,6.937,11.247,1.621,316260.0,7456373.0,0.526,23.51,22.638,21.286,18.948,3.0,46.0,14.84,19.355,77.778,-61.806
ARQT,Arcutis Biotherapeutics Inc.,NASDAQ,Health Care,Biotechnology: Pharmaceutical Preparations,3162409739.0,False,True,True,25.15,-0.04,4.751,-1.948,-0.41,2412994.0,91989020.6,0.957,25.83,25.703,25.65,25.189,4.0,63.0,6.298,-9.107,6.32,-20.837
ARR,ARMOUR Residential REIT Inc.,NYSE,Real Estate,Real Estate Investment Trusts,2270853639.0,False,False,True,13.53,-0.442,2.541,-12.643,-4.976,3807244.0,68906243.0,1.326,14.03,14.504,15.488,15.866,1.0,45.0,-14.8,-16.719,-14.981,-21.538
ARRY,Array Technologies Inc.,NASDAQ,Technology,Semiconductors,628351383.0,False,True,True,3.9,-4.412,5.789,-16.243,-2.806,6759980.0,27896774.0,0.934,4.005,4.154,4.656,7.471,4.0,14.0,-14.097,-41.088,-44.046,-68.111
ARTL,Artelo Biosciences Inc.,NASDAQ,Health Care,Biotechnology: Pharmaceutical Preparations,2015808.0,False,True,False,3.51,-4.62,29.566,-40.032,-1.354,606259.78,9853174.7,0.077,4.179,4.675,5.853,25.288,4.0,5.0,-43.569,-61.194,-94.1,-98.041
ARTV,Artiva Biotherapeutics Inc.,NASDAQ,Health Care,Biotechnology: Biological Products (No Diagnostic Substances),333919526.0,False,True,True,7.13,4.392,7.581,-29.198,-3.852,397416.0,4309695.388,1.191,7.374,8.175,10.07,7.884,1.0,90.0,-35.91,-24.789,-2.195,-50.929
ARTW,Art's-Way Manufacturing Co. Inc.,NASDAQ,Industrials,Industrial Machinery/Components,16254331.0,False,True,False,3.3,5.431,5.519,14.815,2.684,692200.0,23065.05,0.004,3.152,3.105,2.874,2.559,2.0,79.0,8.911,28.906,55.66,-20.863
ARVN,Arvinas Inc.,NASDAQ,Health Care,Biotechnology: Pharmaceutical Preparations,484511675.0,False,True,True,7.46,0.675,4.609,-13.29,-2.883,834482.0,7364233.85,0.752,7.689,8.01,8.603,10.116,4.0,34.0,-19.871,-13.155,-33.512,-48.587
ARWR,Arrowhead Pharmaceuticals Inc.,NASDAQ,Health Care,Biotechnology: Pharmaceutical Preparations,9067124237.0,False,True,False,62.35,-2.866,5.138,-22.402,-4.36,1715124.0,169070488.8,1.312,66.088,70.053,80.35,72.475,1.0,86.0,-27.911,-28.309,2.012,-34.705
ARXS,Arxis Inc.,NASDAQ,Industrials,Military/Government/Technical,20886242731.0,False,True,False,50.13,0.2,4.787,-4.514,-0.943,896596.0,62516717.0,1.204,49.795,50.44,52.5,,,,-5.841,17.981,,-18.488
ASA,ASA  Gold and Precious Metals Limited,NYSE,Industrials,Precious Metals,1032718499.0,False,False,True,56.3,-0.688,3.699,-3.363,-0.909,53160.0,3412845.806,0.492,56.597,57.597,58.259,61.929,1.0,73.0,-13.888,7.916,-11.045,-32.289
ASAN,Asana Inc.,NYSE,Technology,Computer Software: Prepackaged Software,1973722409.0,False,False,True,9.14,6.032,6.783,0.048,0.007,6669540.0,77296736.0,0.524,8.909,9.037,9.136,8.374,3.0,58.0,-9.415,22.029,46.709,-40.956
ASH,Ashland Inc.,NYSE,Consumer Discretionary,Specialty Chemicals,3183555082.0,False,False,True,68.78,-1.064,2.498,-3.826,-1.532,706916.0,46418622.2,0.763,68.992,69.675,71.516,61.998,2.0,78.0,-6.038,5.243,29.328,-11.596
ASIX,AdvanSix Inc. Common Stock ,NYSE,Industrials,Major Chemicals,437959237.0,False,False,True,16.48,1.603,3.622,-4.024,-1.111,280250.0,4837267.288,0.933,16.193,16.379,17.171,19.378,1.0,38.0,-4.186,-20.652,-31.944,-37.291
ASLE,AerSale Corporation,NASDAQ,Consumer Discretionary,Industrial Specialties,240542886.0,False,True,True,4.95,-1.786,3.083,-12.832,-4.162,452164.0,2610276.481,2.062,5.209,5.343,5.679,6.497,4.0,23.0,-12.234,-18.719,-21.429,-42.308
ASMB,Assembly Biosciences Inc.,NASDAQ,Health Care,Biotechnology: Pharmaceutical Preparations,458927834.0,False,True,True,22.74,0.887,5.884,-21.072,-3.581,303136.0,10473452.75,0.797,23.853,25.695,28.811,28.311,4.0,42.0,-37.061,-21.505,-22.177,-42.735
ASML,ASML Holding N.V. New York Registry Shares,NASDAQ,Technology,Industrial Machinery/Components,719694260031.0,False,True,False,1859.86,-0.399,2.654,7.906,2.979,1388830.0,2358289254.4,0.998,1795.976,1760.096,1723.591,1543.661,2.0,86.0,12.98,6.581,43.123,-6.885
ASND,Ascendis Pharma A/S Ordinary Share,NASDAQ,Health Care,Biotechnology: Pharmaceutical Preparations,15013008956.0,False,True,False,228.03,0.07,3.501,-8.119,-2.319,678504.0,217028192.8,1.154,230.832,237.082,248.18,235.645,1.0,52.0,-15.893,-14.586,0.591,-19.181
ASO,Academy Sports and Outdoors Inc.,NASDAQ,Consumer Discretionary,Other Specialty Stores,3000739358.0,False,True,True,51.98,6.669,3.816,8.704,2.281,1749658.0,107651412.0,1.519,49.155,48.763,47.818,52.118,1.0,64.0,19.357,14.835,-11.473,-16.02
ASPI,ASP Isotopes Inc.,NASDAQ,Industrials,Major Chemicals,446130296.0,False,True,True,2.93,0.687,8.006,-20.257,-2.53,3913884.0,15090304.8,1.345,2.893,3.107,3.674,5.232,4.0,11.0,-24.872,-42.095,-30.404,-79.779
ASPN,Aspen Aerogels Inc.,NYSE,Consumer Discretionary,RETAIL: Building Materials,472206181.0,False,False,True,5.69,0.0,5.036,8.675,1.723,1233270.0,5073464.162,0.631,5.439,5.317,5.236,4.45,2.0,69.0,19.038,10.7,50.529,-39.131
ASST,Strive Inc.,NASDAQ,Finance,Finance: Consumer Services,2912989549.0,False,True,True,30.26,0.766,6.13,41.658,6.796,7436110.0,252429062.4,1.286,29.52,28.089,21.361,15.587,2.0,96.0,12.826,138.268,199.012,-44.781
ASTC,Astrotech Corporation (DE),NASDAQ,Industrials,Biotechnology: Laboratory Analytical Instruments,14183893.0,False,True,False,6.71,-4.958,9.138,-9.229,-1.01,149246.0,242538.05,0.198,7.121,7.131,7.392,7.028,1.0,89.0,-6.546,-28.844,99.11,-90.254
ASTE,Astec Industries Inc.,NASDAQ,Industrials,Construction/Ag Equipment/Trucks,967065414.0,False,True,True,41.6,-0.952,3.338,-4.859,-1.455,250644.0,8775368.925,0.696,41.256,41.633,43.724,51.227,4.0,32.0,-1.887,-25.495,-24.287,-36.32
ASTH,Astrana Health Inc.,NASDAQ,Consumer Discretionary,Professional Services,1779804652.0,False,True,True,36.81,2.592,4.724,-0.582,-0.123,441816.0,15101808.375,0.882,35.762,36.158,37.025,32.751,2.0,71.0,-2.696,-21.747,41.577,-28.663
ASTI,Ascent Solar Technologies Inc.,NASDAQ,Technology,Semiconductors,22675956.0,False,True,False,2.46,6.494,8.329,-17.602,-2.113,314386.0,825110.941,1.547,2.589,2.73,2.985,4.627,1.0,61.0,-18.543,-41.007,-41.844,-75.076
ASTL,Algoma Steel Group Inc. Common Shares,NASDAQ,Industrials,Steel/Iron Ore,457386606.0,False,True,False,4.45,2.535,5.287,3.984,0.754,1127174.0,3347107.588,0.739,4.291,4.289,4.279,4.417,2.0,81.0,0.0,18.351,6.205,-24.576
ASTS,AST SpaceMobile Inc.,NASDAQ,Consumer Discretionary,Telecommunications Equipment,22746840024.0,False,True,False,58.44,-0.017,6.761,-6.854,-1.014,10776282.0,614887508.8,0.752,59.389,60.32,62.74,81.043,4.0,36.0,-5.939,-21.251,-38.361,-56.342
ASUR,Asure Software Inc,NASDAQ,Technology,EDP Services,221793239.0,False,True,True,7.89,2.734,3.784,-6.295,-1.663,109016.0,843274.641,1.182,7.853,8.059,8.42,8.638,1.0,46.0,-13.77,-4.71,-7.719,-22.647
ASYS,Amtech Systems Inc.,NASDAQ,Technology,Industrial Machinery/Components,315320899.0,False,True,True,17.83,-0.999,4.314,16.317,3.783,371750.0,4160965.95,0.597,16.61,15.958,15.329,15.97,2.0,89.0,24.078,-0.224,45.314,-30.65
ATAT,Atour Lifestyle Holdings Limited American Depositary Shares,NASDAQ,Consumer Discretionary,Hotels/Resorts,4388753503.0,False,True,False,32.13,-0.403,2.859,-5.17,-1.808,948392.0,29279776.4,0.802,32.45,32.75,33.882,35.486,4.0,45.0,-7.192,-0.248,-9.134,-24.373
ATEC,Alphatec Holdings Inc.,NASDAQ,Health Care,Medical/Dental Instruments,1549144292.0,False,True,True,10.72,6.879,4.439,10.168,2.29,2193414.0,25265236.85,0.94,10.214,10.075,9.731,11.483,4.0,63.0,14.898,14.286,-2.279,-53.972
ATEN,A10 Networks Inc.,NYSE,Telecommunications,Computer Communications Equipment,2006187250.0,False,False,True,28.19,2.027,3.73,4.829,1.295,1319276.0,31001603.6,0.753,26.941,26.609,26.891,25.614,2.0,76.0,14.083,-22.64,18.067,-26.599
ATEX,Anterix Inc.,NASDAQ,Telecommunications,Telecommunications Equipment,1653693253.0,False,True,True,85.61,1.518,5.26,-2.676,-0.509,319474.0,24597251.8,0.594,82.407,82.967,87.964,59.671,2.0,96.0,-1.711,-15.154,112.063,-24.239
ATII,Archimedes Tech SPAC Partners II Co.,NASDAQ,Unknown,Unknown,0.0,False,True,False,10.7,0.187,0.293,0.317,1.081,252440.0,4199845.731,0.359,10.685,10.679,10.666,10.66,2.0,54.0,0.564,-1.382,2.786,-6.14
ATKR,Atkore Inc.,NYSE,Miscellaneous,Industrial Machinery/Components,3195558681.0,False,False,True,94.78,0.169,0.385,3.167,8.233,1043764.0,76863527.4,0.575,94.623,94.215,91.87,75.105,2.0,88.0,1.207,37.33,52.203,-0.105
ATLC,Atlanticus Holdings Corporation,NASDAQ,Finance,Finance: Consumer Services,1393974792.0,False,True,True,92.86,1.056,3.927,-3.391,-0.864,135584.0,9733056.05,0.667,90.803,91.696,96.12,77.999,2.0,85.0,-3.981,-4.642,67.769,-18.786
ATLX,Atlas Lithium Corporation,NASDAQ,Industrials,Mining & Quarrying of Nonmetallic Minerals (No Fuels),72540530.0,False,True,False,2.57,6.639,6.2,-13.779,-2.222,224216.0,786974.349,1.106,2.605,2.754,2.981,4.148,4.0,17.0,-21.884,-23.739,-45.319,-68.848
ATMU,Atmus Filtration Technologies Inc.,NYSE,Consumer Discretionary,Auto Parts:O.E.M.,3728915584.0,False,False,True,46.18,1.05,3.044,-4.096,-1.346,713586.0,35065165.4,1.029,44.957,45.384,48.152,53.817,4.0,51.0,-3.49,-9.02,-23.033,-30.394
ATNI,ATN International Inc.,NASDAQ,Telecommunications,Telecommunications Equipment,429907694.0,False,True,True,28.1,0.681,3.528,-2.718,-0.77,85222.0,2453848.188,1.132,28.236,28.656,28.885,26.102,2.0,90.0,-8.614,17.087,5.261,-15.014
ATO,Atmos Energy Corporation,NYSE,Utilities,Oil/Gas Transmission,26559930875.0,True,False,False,158.05,0.56,1.408,-4.734,-3.361,1012312.0,169354402.4,0.847,157.848,159.859,165.904,172.791,4.0,43.0,-6.546,-10.461,-14.86,-16.938
ATOM,Atomera Incorporated,NASDAQ,Technology,Semiconductors,183803238.0,False,True,True,4.62,-1.911,5.743,-0.035,-0.006,498312.0,1898422.856,0.948,4.441,4.386,4.622,5.389,1.0,68.0,17.259,-31.858,10.0,-62.636
ATOS,Atossa Therapeutics Inc.,NASDAQ,Health Care,Biotechnology: Pharmaceutical Preparations,23351557.0,False,True,False,2.45,4.701,7.334,2.708,0.369,58662.0,139873.149,0.909,2.218,2.259,2.385,4.649,4.0,11.0,-3.162,-1.606,-52.427,-87.338
ATPC,Agape ATP Corporation,NASDAQ,Health Care,Medical/Nursing Services,2062590.0,False,True,False,2.12,2.863,5.958,-9.93,-1.667,156398.0,43420.454,0.09,2.141,2.213,2.354,2.986,4.0,6.0,-11.297,-26.132,-33.542,-97.116
ATRA,Atara Biotherapeutics Inc.,NASDAQ,Health Care,Biotechnology: Biological Products (No Diagnostic Substances),95157491.0,False,True,False,9.4,-0.844,8.024,4.515,0.563,50634.0,456304.548,0.776,8.941,9.032,8.994,8.246,3.0,77.0,-1.364,-8.382,93.018,-50.901
ATRC,AtriCure Inc.,NASDAQ,Health Care,Medical/Dental Instruments,2804767451.0,False,True,True,56.37,2.231,4.303,13.794,3.205,1165004.0,95160337.4,0.94,56.566,55.624,49.537,36.415,2.0,94.0,7.453,71.86,93.114,-8.639
ATRO,Astronics Corporation,NASDAQ,Industrials,Military/Government/Technical,2932788074.0,False,True,True,68.41,0.323,4.386,-7.474,-1.704,637328.0,43377100.5,0.404,68.43,69.685,73.936,64.75,2.0,84.0,-8.211,-2.536,19.935,-27.578
AUDC,AudioCodes Ltd.,NASDAQ,Utilities,Telecommunications Equipment,272712515.0,False,True,False,10.8,-2.615,3.303,8.35,2.528,114180.0,1177280.003,1.479,10.658,10.418,9.968,8.889,2.0,72.0,8.108,14.961,24.433,-4.255
AUGO,Aura Minerals Inc. Common Shares,NASDAQ,Basic Materials,Metal Mining,6866526825.0,False,True,False,85.17,3.929,5.105,8.169,1.6,971128.0,90617032.4,1.204,82.61,83.129,78.738,71.887,2.0,95.0,-3.337,35.645,-2.434,-21.272
AUPH,Aurinia Pharmaceuticals Inc,NASDAQ,Health Care,Biotechnology: Pharmaceutical Preparations,2106199989.0,False,True,False,15.72,-0.695,2.57,-1.753,-0.682,1001846.0,13723794.65,0.801,16.164,16.253,16.001,15.556,2.0,73.0,-2.481,-3.083,-1.75,-18.338
AUR,Aurora Innovation Inc.,NASDAQ,Technology,EDP Services,11363560370.0,False,True,False,5.75,1.411,5.912,-8.049,-1.361,31006294.0,202874565.6,1.003,5.785,5.951,6.253,5.545,2.0,61.0,-9.019,-8.875,36.905,-32.866
AURA,Aura Biosciences Inc.,NASDAQ,Health Care,Biotechnology: Biological Products (No Diagnostic Substances),631562287.0,False,True,True,6.22,2.135,4.98,-12.686,-2.547,813792.0,6353568.675,0.725,6.238,6.484,7.124,6.636,1.0,49.0,-15.604,-11.522,-6.886,-34.767
AURE,Aurelion Inc. Class A,NASDAQ,Finance,Finance: Consumer Services,38728000.0,False,True,False,1.07,3.884,15.656,-28.986,-1.851,123200.0,334095.093,0.533,1.138,1.243,1.507,2.163,4.0,6.0,-28.856,-47.368,-57.028,-92.671
AUTL,Autolus Therapeutics plc American Depositary Share,NASDAQ,Health Care,Biotechnology: Biological Products (No Diagnostic Substances),473769321.0,False,True,False,1.83,2.809,5.977,-9.963,-1.667,2285310.0,3070079.975,1.103,1.876,1.935,2.032,1.674,2.0,72.0,-20.087,13.665,31.655,-29.07
AUUD,Auddia Inc.,NASDAQ,Technology,EDP Services,7021691.0,False,True,False,1.33,9.917,10.258,23.661,2.307,4098538.0,1481807.977,0.167,1.219,1.169,1.076,3.553,4.0,9.0,33.0,7.258,-72.059,-92.94
AVA,Avista Corporation,NYSE,Utilities,Power Generation,2957312427.0,False,False,True,35.13,-0.51,1.725,-6.27,-3.635,690788.0,25874664.95,1.345,35.366,35.91,37.48,39.163,4.0,44.0,-6.644,-13.726,-12.17,-17.449
AVAH,Aveanna Healthcare Holdings Inc.,NASDAQ,Health Care,Medical/Nursing Services,2747385973.0,False,True,True,12.37,-1.747,4.039,1.016,0.252,3225078.0,46077070.3,1.428,12.707,12.891,12.246,8.848,2.0,87.0,-9.311,28.854,90.601,-15.908
AVAT,Avalanche Treasury Corporation,NASDAQ,Finance,Finance: Consumer Services,80008413.0,False,True,False,1.88,2.732,13.748,118.022,8.585,1272552.0,4353109.064,0.661,1.757,1.523,0.862,6.516,4.0,98.0,158.242,265.759,-82.172,-82.364
AVAV,AeroVironment Inc.,NASDAQ,Industrials,Aerospace,7156571256.0,False,True,False,139.3,-1.079,5.516,-11.777,-2.135,1644434.0,340010058.4,0.799,145.681,149.28,157.895,200.768,4.0,15.0,-5.373,-14.293,-26.398,-66.663
AVBC,Avidia Bancorp Inc.,NYSE,Finance,Banks,444139605.0,False,False,True,21.93,-1.394,1.929,0.145,0.075,163302.0,3526471.962,0.744,21.846,21.861,21.898,19.811,2.0,79.0,-0.544,5.919,12.142,-3.966
AVBH,Avidbank Holdings Inc. Common stock,NASDAQ,Finance,Commercial Banks,343343585.0,False,True,True,31.34,0.256,1.831,-1.844,-1.007,74362.0,2086241.15,0.657,31.265,31.399,31.929,30.147,2.0,64.0,-1.136,-3.092,8.631,-8.309
AVBP,ArriVent BioPharma Inc.,NASDAQ,Health Care,Biotechnology: Pharmaceutical Preparations,1393929499.0,False,True,True,28.46,0.672,5.258,-4.653,-0.885,524120.0,19817089.975,0.944,29.089,29.31,29.849,27.352,2.0,73.0,-8.282,-16.735,13.977,-20.569
AVEX,AEVEX Corp.,NYSE,Industrials,Aerospace,1835614729.0,False,False,True,14.93,3.108,7.065,-14.53,-2.057,1344538.0,21679294.7,1.206,15.27,15.859,17.468,,,,-8.517,-14.294,,-64.738
AVGO,Broadcom Inc.,NASDAQ,Technology,Semiconductors,1695306910256.0,True,True,False,362.51,2.075,2.955,-2.629,-0.89,22975806.0,8664891699.2,0.933,354.187,356.306,372.299,366.378,4.0,57.0,1.683,-2.052,15.684,-26.516
AVIR,Atea Pharmaceuticals Inc.,NASDAQ,Health Care,Biotechnology: Pharmaceutical Preparations,411450106.0,False,True,True,5.13,0.0,4.249,-1.615,-0.38,315344.0,1645765.206,0.931,5.197,5.249,5.214,4.827,2.0,89.0,-11.856,5.123,-12.606,-20.465
AVLN,Avalyn Pharma Inc.,NASDAQ,Health Care,Biotechnology: Pharmaceutical Preparations,1247089962.0,False,True,True,27.03,-3.91,7.957,-18.797,-2.362,223398.0,9491846.225,1.913,28.767,30.524,33.287,,,,-23.73,-4.891,,-32.711
AVNT,Avient Corporation,NYSE,Industrials,Major Chemicals,3776093874.0,False,False,True,41.6,1.044,2.724,-0.322,-0.118,773682.0,28514550.8,0.857,41.034,41.255,41.734,37.23,2.0,75.0,-2.41,9.911,21.517,-10.214
AVNW,Aviat Networks Inc.,NASDAQ,Technology,Radio And Television Broadcasting And Communications Equipment,265916489.0,False,True,True,20.54,-0.677,3.561,0.415,0.116,161492.0,2894590.194,0.612,20.197,20.163,20.455,21.312,4.0,46.0,6.315,0.0,-0.869,-23.982
AVO,Mission Produce Inc.,NASDAQ,Consumer Staples,Farming/Seeds/Milling,1123160355.0,False,True,True,12.7,-0.859,3.283,-1.293,-0.394,765514.0,12632281.95,1.149,12.871,12.868,12.866,12.91,1.0,54.0,1.034,-5.576,-12.05,-18.223
AVPT,AvePoint Inc.,NASDAQ,Technology,Computer Software: Prepackaged Software,2976725544.0,False,True,True,14.66,4.193,3.44,9.809,2.852,2001508.0,31110855.15,1.583,13.85,13.618,13.35,11.714,2.0,67.0,8.032,17.186,46.162,-5.905
AVR,Anteris Technologies Global Corp.,NASDAQ,Health Care,Industrial Specialties,751404835.0,False,True,True,7.55,-2.075,4.845,-10.834,-2.236,820602.0,7186697.225,2.307,7.765,7.999,8.467,7.262,2.0,83.0,-13.417,-23.891,46.318,-31.705
AVT,Avnet Inc.,NASDAQ,Technology,Electronic Components,8776474009.0,False,True,False,106.19,-0.701,3.666,13.193,3.598,1292686.0,142023174.8,0.982,102.081,99.099,93.813,76.275,2.0,92.0,17.394,30.85,71.479,-2.246
AVTX,Avalo Therapeutics Inc.,NASDAQ,Health Care,Biotechnology: Pharmaceutical Preparations,803913535.0,False,True,True,14.6,-2.602,6.417,-19.254,-3.0,946246.0,19342252.4,0.779,15.386,16.154,18.081,16.713,4.0,49.0,-23.158,-24.156,-10.264,-39.843
AVX,Avax One Technology Ltd. Common Shares,NASDAQ,Finance,Finance: Consumer Services,43796075.0,False,True,False,6.32,1.935,10.284,61.239,5.955,195832.0,2282728.712,1.321,5.953,5.249,3.92,7.678,4.0,13.0,73.626,13.262,0.317,-87.92
AVXL,Anavex Life Sciences Corp.,NASDAQ,Health Care,Biotechnology: Biological Products (No Diagnostic Substances),168708252.0,False,True,True,1.645,-9.615,9.831,-40.97,-4.167,931052.0,2316443.803,2.174,2.086,2.313,2.787,3.337,4.0,8.0,-42.281,-39.299,-44.426,-84.152
AVY,Avery Dennison Corporation,NYSE,Consumer Discretionary,Containers/Packaging,12874131682.0,True,False,False,170.0,0.077,2.337,-1.992,-0.852,961988.0,144625554.4,0.961,170.67,171.238,173.454,170.95,1.0,60.0,-1.751,4.039,1.614,-13.332
AWK,American Water Works Company Inc.,NYSE,Utilities,Water Supply,25884450817.0,True,False,False,127.84,-1.85,2.086,-5.635,-2.702,2162440.0,250847031.2,0.842,130.575,132.715,135.474,130.618,1.0,46.0,-9.263,-4.547,-6.018,-10.206
AWR,American States Water Company,NYSE,Utilities,Water Supply,3282622545.0,False,False,True,81.76,-1.28,1.91,-5.489,-2.874,240222.0,20438320.05,1.156,82.78,84.13,86.508,78.367,2.0,63.0,-8.801,-1.1,7.847,-10.859
AX,Axos Financial Inc.,NYSE,Finance,Savings Institutions,5056382207.0,False,False,True,88.51,-0.472,2.576,-7.326,-2.844,351544.0,39620222.5,1.14,88.595,90.294,95.507,92.313,1.0,49.0,-8.79,-10.124,1.994,-16.295
AXGN,Axogen Inc.,NASDAQ,Health Care,Biotechnology: Electromedical & Electrotherapeutic Apparatus,2193727871.0,False,True,True,37.22,-0.455,5.766,-18.586,-3.224,1170108.0,65695877.1,1.869,41.032,42.902,45.717,38.981,1.0,88.0,-20.977,-16.491,14.032,-29.654
AXON,Axon Enterprise Inc.,NASDAQ,Industrials,Ordnance And Accessories,33579485490.0,True,True,False,411.81,-0.373,5.257,-22.003,-4.185,967722.0,485423739.2,1.09,429.627,454.738,527.979,496.246,4.0,22.0,-23.477,-35.701,-0.305,-46.1
AXP,American Express Company,NYSE,Finance,Finance: Consumer Services,204470311236.0,True,False,False,304.02,0.41,1.855,-7.031,-3.79,2901514.0,1051419680.0,0.975,306.136,311.599,327.011,330.817,4.0,41.0,-7.822,-13.033,-0.287,-20.902
AXSM,Axsome Therapeutics Inc.,NASDAQ,Health Care,Biotechnology: Pharmaceutical Preparations,9389261627.0,False,True,False,177.08,-1.211,4.184,-14.921,-3.566,679882.0,147522935.4,1.263,188.18,195.509,208.136,199.939,1.0,72.0,-15.008,-29.1,4.324,-31.942
AXTI,AXT Inc,NASDAQ,Technology,Semiconductors,5630771714.0,False,True,False,86.66,0.92,7.97,25.557,3.207,10421586.0,626508289.6,0.474,79.228,74.968,69.02,60.699,2.0,98.0,54.199,49.028,106.382,-39.466
AYA,Aya Gold & Silver Inc. Common Shares,NASDAQ,Basic Materials,Precious Metals,3906260876.0,False,True,False,27.03,-0.332,5.362,1.751,0.327,1108884.0,35707697.15,0.745,27.399,27.542,26.565,19.824,2.0,93.0,-9.356,43.93,66.749,-11.868
AZ,A2Z Cust2Mate Solutions Corp. Common Shares,NASDAQ,Industrials,Industrial Machinery/Components,272523831.0,False,True,False,6.23,0.646,6.153,0.571,0.093,470202.0,2154811.1,1.029,5.842,5.874,6.195,6.402,4.0,45.0,4.007,3.661,-20.23,-28.596
AZI,Autozi Internet Technology (Global) Ltd. Class A,NASDAQ,Consumer Discretionary,Automotive Aftermarket,74975572.0,False,True,False,1.14,0.885,6.698,-9.358,-1.397,3081601.92,66968.925,0.019,1.171,1.199,1.258,6.484,4.0,4.0,-10.236,-32.544,-40.933,-99.03
AZIO,Azio AI Holdings Inc.,NASDAQ,Consumer Discretionary,Auto Parts:O.E.M.,20305261.0,False,True,False,1.17,-0.847,7.409,-12.346,-1.666,608782.0,163580.399,0.32,1.226,1.247,1.335,1.651,1.0,96.0,0.862,-38.743,-32.37,-76.171
AZO,AutoZone Inc.,NYSE,Consumer Discretionary,Auto & Home Supply Stores,45580880921.0,True,False,False,2807.73,0.562,2.921,-5.165,-1.768,294972.0,1147030392.0,0.743,2840.505,2869.858,2960.661,3293.634,4.0,27.0,-5.401,-8.688,-18.341,-33.975
AZTA,Azenta Inc.,NASDAQ,Technology,Industrial Machinery/Components,1697575229.0,False,True,True,42.73,10.271,4.269,30.159,7.065,852314.0,37571138.1,2.781,36.328,34.81,32.829,28.214,3.0,93.0,37.043,68.427,89.154,-1.134
AZZ,AZZ Inc.,NYSE,Industrials,Industrial Specialties,4188878724.0,False,False,True,139.15,-0.172,2.6,-1.538,-0.591,237010.0,33562440.15,1.032,136.797,137.002,141.323,135.724,2.0,67.0,1.237,-3.24,9.499,-14.067
BA,Boeing Company (The),NYSE,Industrials,Aerospace,152984021071.0,True,False,False,192.72,-0.434,3.259,-9.091,-2.79,6843678.0,1676722064.0,0.948,193.584,198.092,211.992,220.683,1.0,35.0,-8.451,-16.816,-9.223,-24.23
BAC,Bank of America Corporation,NYSE,Finance,Major Banks,375860224619.0,True,False,False,54.0,0.465,2.057,-10.78,-5.241,32955736.0,2263547142.4,1.061,55.267,56.943,60.524,54.814,1.0,53.0,-13.903,-9.329,8.984,-16.794
BAFN,BayFirst Financial Corp.,NASDAQ,Finance,Major Banks,209231444.0,False,True,True,7.75,-0.129,9.887,7.622,0.771,99048.0,1678037.588,1.278,7.571,7.642,7.201,6.658,3.0,71.0,7.639,44.052,13.304,-26.331
BALL,Ball Corporation,NYSE,Industrials,Containers/Packaging,14921328234.0,True,False,False,57.11,1.313,2.219,-7.148,-3.22,1924528.0,123998356.8,1.118,57.383,58.603,61.506,59.749,1.0,57.0,-9.248,-8.567,-3.73,-15.545
BALY,Bally's Corporation,NYSE,Consumer Discretionary,Hotels/Resorts,711115565.0,False,False,True,13.79,-2.129,6.129,18.43,3.007,118638.0,1601486.153,0.718,13.29,12.388,11.644,13.233,3.0,75.0,34.668,11.841,32.852,-33.51
BANC,Banc of California Inc.,NYSE,Finance,Major Banks,2802042384.0,False,False,True,17.55,-1.071,2.475,-5.675,-2.293,2926330.0,49546223.4,0.884,17.693,17.954,18.606,18.932,1.0,48.0,-5.888,-14.123,-0.889,-19.449
BAND,Bandwidth Inc.,NASDAQ,Technology,Computer Software: Prepackaged Software,2051203427.0,False,True,True,62.53,-1.898,6.87,21.72,3.162,1013432.0,54916976.9,0.505,60.479,57.485,51.372,37.787,2.0,97.0,32.788,-7.445,242.442,-20.928
BANF,BancFirst Corporation,NASDAQ,Finance,Major Banks,3631352360.0,False,True,True,107.57,-0.472,1.957,-2.884,-1.474,135376.0,16081902.25,1.093,107.31,108.144,110.764,110.684,1.0,40.0,-3.268,-5.442,-1.352,-15.033
BANL,CBL International Limited Class B,NASDAQ,Energy,Oil Refining/Marketing,9718176.0,False,True,False,4.57,-1.296,17.157,-40.364,-2.353,134996.0,135885.8,0.086,4.96,5.93,7.663,6.311,4.0,26.0,-69.934,-9.184,-45.594,-72.126
BANR,Banner Corporation,NASDAQ,Finance,Major Banks,2487087359.0,False,True,True,67.4,-0.707,1.967,-4.252,-2.162,302992.0,20243609.65,0.837,68.15,68.945,70.393,65.107,2.0,59.0,-5.231,0.847,9.205,-9.941
BATRA,Atlanta Braves Holdings Inc. Series A,NASDAQ,Consumer Discretionary,Services-Misc. Amusement & Recreation,3697354225.0,False,True,True,57.74,0.208,2.197,2.91,1.325,69170.0,3440978.95,0.645,57.916,57.407,56.107,51.416,2.0,69.0,3.052,0.997,18.441,-4.53
BATRK,Atlanta Braves Holdings Inc. Series C,NASDAQ,Consumer Discretionary,Services-Misc. Amusement & Recreation,3338655681.0,False,True,True,52.17,0.269,2.379,1.279,0.537,534754.0,26212320.2,0.876,52.591,52.217,51.511,47.123,2.0,68.0,2.737,-1.324,18.811,-4.903
BAX,Baxter International Inc.,NYSE,Health Care,Medical/Dental Instruments,12144236017.0,True,False,False,24.22,3.108,3.015,-4.207,-1.395,6877762.0,173306922.8,1.478,23.721,23.949,25.284,20.842,2.0,64.0,-5.28,5.99,45.597,-19.236
BBAI,BigBear.ai Inc.,NYSE,Technology,Computer Software: Prepackaged Software,1270660406.0,False,False,True,2.61,-1.509,5.34,-11.477,-2.149,18857322.0,43114185.3,0.828,2.712,2.786,2.948,3.951,4.0,13.0,-12.416,-23.907,-25.641,-72.204
BBCP,Concrete Pumping Holdings Inc.,NASDAQ,Consumer Discretionary,Engineering & Construction,496375187.0,False,True,True,9.83,-0.203,3.571,2.372,0.664,186652.0,1926701.969,0.384,9.81,9.778,9.602,8.28,2.0,74.0,10.079,-10.893,40.115,-18.276
BBDC,Barings BDC Inc.,NYSE,Finance,Diversified Financial Services,903620409.0,False,False,True,8.55,-0.927,1.996,-2.693,-1.349,687560.0,4707398.15,0.784,8.664,8.725,8.787,8.308,2.0,61.0,-4.894,2.997,7.66,-7.8
BBGI,Beasley Broadcast Group Inc.,NASDAQ,Consumer Discretionary,Broadcasting,22744481.0,False,True,False,10.37,-6.408,14.746,-44.691,-3.031,54846.0,544166.253,0.954,13.288,15.028,18.749,13.661,1.0,98.0,-42.517,-57.708,227.129,-64.608
BBIO,BridgeBio Pharma Inc.,NASDAQ,Health Care,Biotechnology: Pharmaceutical Preparations,13146532627.0,False,True,False,66.14,-1.651,3.792,-12.931,-3.41,2440038.0,208077126.4,0.889,66.954,68.906,75.963,73.531,4.0,63.0,-12.293,-15.107,-8.495,-29.198
BBNX,Beta Bionics Inc.,NASDAQ,Health Care,Medical/Dental Instruments,998089722.0,False,True,True,18.95,-0.053,6.904,2.896,0.419,1360568.0,30798615.25,0.459,19.757,19.799,18.417,15.765,3.0,86.0,-4.869,11.471,90.452,-42.067
BBOT,BridgeBio Oncology Therapeutics Inc. Common Stock  ,NASDAQ,Health Care,Biotechnology: Pharmaceutical Preparations,311877899.0,False,True,True,3.6,-7.455,10.819,-50.48,-4.666,487796.0,4112057.188,0.987,4.131,4.933,7.27,9.016,4.0,9.0,-59.551,-56.574,-59.596,-75.79
BBSI,Barrett Business Services Inc.,NASDAQ,Consumer Discretionary,Professional Services,739415342.0,False,True,True,31.23,2.36,3.515,-7.863,-2.237,246472.0,7388333.388,1.05,31.357,32.047,33.895,33.277,4.0,28.0,-7.685,-17.726,5.253,-30.697
BBT,Beacon Financial Corporation Common stock,NYSE,Finance,Banks,2375347877.0,False,False,True,28.13,-0.741,2.267,-8.069,-3.559,956768.0,36095530.8,0.71,28.439,29.151,30.599,29.317,1.0,63.0,-10.642,-6.009,-6.535,-14.028
BBW,Build-A-Bear Workshop Inc.,NYSE,Consumer Discretionary,Recreational Games/Products/Toys,314882203.0,False,False,True,26.0,1.721,4.987,-16.856,-3.38,644584.0,14859338.7,0.458,25.687,26.699,31.271,40.085,4.0,18.0,-9.761,-12.09,-29.134,-63.19
BBWI,Bath & Body Works Inc.,NYSE,Consumer Discretionary,Other Specialty Stores,3238423727.0,False,False,True,17.46,8.717,4.603,-5.271,-1.145,6290572.0,115591892.4,1.97,16.666,17.082,18.431,19.547,4.0,28.0,-7.96,-14.454,-1.499,-33.512
BBY,Best Buy Co. Inc.,NYSE,Consumer Discretionary,Consumer Electronics/Video Chains,18449745593.0,True,False,False,87.39,-0.659,3.32,0.465,0.14,3662424.0,300372584.0,0.799,89.069,89.135,86.985,71.478,2.0,73.0,0.934,12.179,39.38,-9.469
BC,Brunswick Corporation,NYSE,Industrials,Industrial Machinery/Components,4239695714.0,False,False,True,64.83,-0.917,3.369,-13.102,-3.889,749930.0,54941357.0,1.068,65.778,67.826,74.605,77.97,1.0,44.0,-10.899,-15.71,-10.69,-27.004
BCAL,California BanCorp,NASDAQ,Finance,Major Banks,700238783.0,False,True,True,21.7,-0.367,2.006,1.248,0.622,201102.0,5367494.175,0.89,21.598,21.562,21.432,19.406,2.0,74.0,0.693,5.871,21.841,-2.632
BCAT,BlackRock Capital Allocation Term Trust Common Shares of Beneficial Interest,NYSE,Finance,Finance/Investors Services,1484693550.0,False,False,True,13.64,-0.655,1.883,-8.937,-4.745,909046.0,19710802.275,0.846,13.823,14.173,14.979,14.028,1.0,54.0,-13.521,-9.882,4.327,-13.95
BCAX,Bicara Therapeutics Inc.,NASDAQ,Health Care,Biotechnology: Pharmaceutical Preparations,1166628826.0,False,True,True,17.29,-1.929,7.189,-26.285,-3.656,638062.0,14579976.6,1.004,19.016,20.432,23.455,21.309,1.0,42.0,-25.921,-43.125,-17.074,-44.208
BCBP,BCB Bancorp Inc. (NJ),NASDAQ,Finance,Savings Institutions,354890487.0,False,True,True,8.46,-0.471,2.662,-4.616,-1.734,279400.0,4034918.375,1.897,8.577,8.625,8.869,9.115,1.0,45.0,-2.197,-16.814,-8.702,-27.754
BCC,Boise Cascade L.L.C.,NYSE,Consumer Discretionary,RETAIL: Building Materials,2616502411.0,False,False,True,74.84,-0.2,3.146,-5.109,-1.624,333968.0,27351283.05,0.844,75.555,76.236,78.869,76.944,1.0,50.0,-2.956,2.263,2.1,-17.907
BCDA,BioCardia Inc.,NASDAQ,Health Care,Biotechnology: Biological Products (No Diagnostic Substances),15744333.0,False,True,False,1.09,4.808,6.765,6.383,0.943,280556.0,415285.951,0.529,1.059,1.069,1.025,1.108,4.0,43.0,0.0,6.863,-7.627,-39.444
BCIC,BCP Investment Corporation,NASDAQ,Finance,Finance: Consumer Services,85323362.0,False,True,False,6.87,-0.29,2.122,-4.874,-2.297,54284.0,296880.667,0.466,6.905,7.002,7.222,8.136,4.0,32.0,-4.691,-3.15,-5.688,-42.668
BCML,BayCom Corp,NASDAQ,Finance,Major Banks,340598449.0,False,True,True,31.01,-0.577,2.362,2.536,1.074,57676.0,1740207.125,0.889,30.675,30.474,30.243,29.934,2.0,59.0,2.967,-6.388,5.422,-10.456
BCO,Brinks Company (The),NYSE,Industrials,Integrated Freight & Logistics,4193104741.0,False,False,True,102.76,0.943,3.352,-6.689,-1.995,470304.0,49229600.9,1.178,103.533,105.366,110.127,111.468,4.0,44.0,-3.376,-0.9,-0.397,-24.302
BCPC,Balchem Corporation,NASDAQ,Industrials,Major Chemicals,5309603178.0,False,True,True,166.04,-0.312,1.985,-3.465,-1.745,198090.0,38756215.2,1.374,166.575,167.873,172.001,168.046,1.0,60.0,-3.319,-1.231,-2.088,-9.712
BCRX,BioCryst Pharmaceuticals Inc.,NASDAQ,Health Care,Biotechnology: Biological Products (No Diagnostic Substances),2087721808.0,False,True,True,8.1,-0.857,4.175,-11.943,-2.861,4246484.0,51872667.8,1.109,8.343,8.582,9.199,8.685,1.0,46.0,-19.722,-26.297,-14.467,-27.807
BCSF,Bain Capital Specialty Finance Inc.,NYSE,Finance,Finance/Investors Services,716797002.0,False,False,True,10.9,-1.357,2.238,-5.903,-2.637,455026.0,6310096.05,1.37,11.075,11.167,11.584,11.957,4.0,38.0,-4.672,-10.832,-7.025,-17.864
BCTX,BriaCell Therapeutics Corp. Common Shares,NASDAQ,Health Care,Biotechnology: Pharmaceutical Preparations,35147139.0,False,True,False,4.18,3.465,6.646,11.956,1.799,324892.0,604228.205,0.183,4.112,4.009,3.734,4.214,4.0,22.0,18.414,19.771,-3.241,-71.526
BCX,BlackRock Resources Common Shares of Beneficial Interest,NYSE,Finance,Finance/Investors Services,1009810319.0,False,False,True,11.9,0.0,1.918,-4.383,-2.285,156800.0,1865350.1,0.901,12.043,12.246,12.445,11.825,2.0,69.0,-8.587,4.179,0.621,-10.636
BCYC,Bicycle Therapeutics plc American Depositary Shares,NASDAQ,Health Care,Biotechnology: Pharmaceutical Preparations,236575904.0,False,True,False,4.01,18.639,5.41,1.316,0.243,370788.0,2105086.4,4.973,3.697,3.766,3.958,4.859,4.0,19.0,-5.425,-8.447,-17.996,-56.218
BDC,Belden Inc,NYSE,Industrials,Telecommunications Equipment,4394733360.0,False,False,True,111.35,-0.987,3.788,-6.316,-1.667,435148.0,48131037.2,0.805,111.043,112.731,118.857,119.066,4.0,50.0,-6.324,3.715,-3.508,-30.312
BDJ,Blackrock Enhanced Equity Dividend Trust,NYSE,Finance,Finance Companies,1665466095.0,False,False,True,9.34,-0.744,1.272,-3.271,-2.571,442338.0,4830839.762,1.611,9.47,9.541,9.656,9.13,2.0,60.0,-5.149,-0.942,10.258,-5.436
BDN,Brandywine Realty Trust,NYSE,Real Estate,Real Estate Investment Trusts,485323774.0,False,False,True,2.73,-1.799,2.899,-9.393,-3.24,1896744.0,5217825.85,0.805,2.821,2.883,3.013,2.924,4.0,31.0,-10.492,-12.78,6.052,-27.908
BDSX,Biodesix Inc.,NASDAQ,Health Care,Medical Specialities,292476991.0,False,True,True,29.06,4.834,7.635,11.841,1.551,108086.0,2957517.606,1.676,28.668,28.21,25.983,17.03,2.0,97.0,9.764,42.871,89.193,-9.102
BDTX,Black Diamond Therapeutics Inc.,NASDAQ,Health Care,Biotechnology: Biological Products (No Diagnostic Substances),108587582.0,False,True,False,1.94,2.646,4.406,-2.149,-0.488,596004.0,1145718.394,1.407,1.908,1.941,1.983,2.266,4.0,22.0,-7.619,-6.731,-22.4,-60.729
BDX,Becton Dickinson and Company,NYSE,Health Care,Medical/Dental Instruments,48157986240.0,True,False,False,180.67,2.189,2.127,0.415,0.195,1819344.0,335945289.6,0.904,180.317,180.902,179.924,160.848,2.0,75.0,-3.136,16.273,17.832,-5.871
BE,Bloom Energy Corporation,NYSE,Energy,Industrial Machinery/Components,85162582096.0,True,False,False,286.65,-0.865,7.018,20.345,2.899,16387453.92,4734027596.8,0.457,279.098,269.631,238.191,208.419,2.0,95.0,21.694,6.336,112.333,-18.398
BEAM,Beam Therapeutics Inc.,NASDAQ,Health Care,Biotechnology: Biological Products (No Diagnostic Substances),2530547793.0,False,True,True,25.67,4.776,5.595,-3.447,-0.616,1778222.0,51652941.8,1.124,24.8,25.231,26.587,28.47,1.0,43.0,-12.865,-32.305,5.943,-32.906
BEEM,Beam Global,NASDAQ,Miscellaneous,Industrial Machinery/Components,25575646.0,False,True,False,1.11,-1.77,5.534,-11.854,-2.142,1173374.0,412572.427,0.127,1.173,1.231,1.259,1.448,4.0,17.0,-21.831,-8.264,-27.922,-72.525
BELFA,Bel Fuse Inc.,NASDAQ,Unknown,Unknown,3022321280.0,False,True,True,208.71,-0.287,3.807,-1.737,-0.456,127768.0,14616948.75,0.392,203.448,203.654,212.4,214.253,1.0,83.0,3.501,-4.149,6.454,-28.874
BELFB,Bel Fuse Inc.,NASDAQ,Unknown,Unknown,3724511733.0,False,True,True,257.63,-0.12,3.866,-0.427,-0.111,190930.0,36295689.0,0.642,250.891,249.889,258.736,244.005,2.0,85.0,7.395,2.451,24.587,-23.143
BEN,Franklin Templeton Inc.,NYSE,Finance,Investment Managers,16670003417.0,True,False,False,32.88,0.213,2.354,-1.417,-0.602,3975640.0,130717868.0,0.868,32.639,32.817,33.353,28.969,2.0,78.0,-0.997,-3.331,43.371,-8.447
BENF,Beneficient,NASDAQ,Finance,Finance: Consumer Services,22101682.0,False,True,False,1.31,-8.392,34.301,-35.486,-1.035,12246183.76,57095822.568,0.083,1.376,1.443,2.031,3.537,4.0,6.0,-39.07,-64.208,-65.707,-89.503
BETA,Beta Technologies Inc.,NYSE,Industrials,Aerospace,5186473300.0,False,False,True,20.7,-6.631,7.749,-5.908,-0.762,2743518.0,84464812.3,1.047,22.022,22.005,22.0,19.939,3.0,,-0.529,21.98,25.227,-47.595
BETR,Better Home & Finance Holding Company,NASDAQ,Finance,Finance: Consumer Services,223993246.0,False,True,False,11.13,-5.598,11.344,-22.339,-1.969,691588.0,6691989.675,0.82,11.334,11.942,14.331,27.239,4.0,7.0,-15.682,-60.065,-72.423,-87.992
BF-B,Brown Forman Corporation,NYSE,Unknown,Unknown,,True,False,False,26.27,0.42,2.645,-3.197,-1.209,2313790.0,64821798.2,1.005,26.19,26.334,27.138,26.515,4.0,51.0,-4.507,2.252,-0.021,-14.842
BFAM,Bright Horizons Family Solutions Inc.,NYSE,Consumer Discretionary,Other Consumer Services,3125304764.0,False,False,True,64.21,-0.078,3.264,-9.103,-2.789,825952.0,66182283.2,0.823,64.816,66.103,70.641,77.225,4.0,22.0,-9.678,-16.197,-23.913,-41.553
BFC,Bank First Corporation,NASDAQ,Finance,Major Banks,1691663628.0,False,True,True,151.22,-0.904,1.925,-0.855,-0.444,72330.0,9994302.775,0.775,150.837,151.219,152.524,142.074,2.0,67.0,-1.942,1.507,10.726,-4.573
BFH,Bread Financial Holdings Inc.,NYSE,Consumer Discretionary,Business Services,3767009227.0,False,False,True,98.9,0.867,3.618,-7.115,-1.967,534982.0,62717560.5,0.781,100.342,102.502,106.476,88.961,2.0,85.0,-9.091,-3.17,32.199,-13.459
BFLY,Butterfly Network Inc.,NYSE,Health Care,Medical Electronics,2383252388.0,False,False,True,9.38,4.804,6.853,11.319,1.652,5764554.0,48624999.7,0.907,8.928,8.68,8.426,5.699,2.0,97.0,28.669,23.747,127.119,-6.667
BFS,Saul Centers Inc.,NYSE,Real Estate,Real Estate Investment Trusts,745467766.0,False,False,True,29.55,-2.023,2.28,-9.354,-4.103,117952.0,4674067.3,1.334,30.099,30.663,32.599,33.074,1.0,43.0,-9.077,-17.949,-7.454,-21.814
BFST,Business First Bancshares Inc.,NASDAQ,Finance,Major Banks,1005791385.0,False,True,True,30.87,-0.097,1.642,-1.318,-0.803,219718.0,6669692.9,1.168,30.687,30.82,31.282,28.707,2.0,73.0,-1.969,2.323,13.117,-4.645
BG,Bunge Limited Common Shares,NYSE,Consumer Staples,Packaged Foods,20502952807.0,True,False,False,107.32,0.562,3.42,-5.244,-1.534,1711594.0,238158753.2,1.072,109.189,111.705,113.26,115.132,1.0,72.0,-10.656,-2.627,-15.431,-19.925
BGC,BGC Group Inc.,NASDAQ,Finance,Investment Bankers/Brokers/Service,5600995629.0,False,True,False,12.2,3.565,3.353,4.761,1.42,3292700.0,51319641.3,1.23,11.883,11.902,11.646,10.575,2.0,76.0,0.412,10.208,17.852,-5.182
BGDE,Big Digital Energy Inc.,NASDAQ,Finance,Finance: Consumer Services,31277734.0,False,True,False,5.34,-2.377,9.822,-13.698,-1.395,64558.0,407248.755,0.866,5.582,5.851,6.188,5.376,1.0,61.0,-19.578,-27.642,106.178,-86.65
BGIN,Bgin Blockchain Limited Class A,NASDAQ,Finance,Finance: Consumer Services,262475383.0,False,True,False,2.45,5.603,11.212,25.009,2.23,307546.0,1691934.638,0.189,2.213,2.101,1.96,2.621,4.0,,26.289,36.111,-26.338,-62.308
BGR,BlackRock Energy and Resources Trust,NYSE,Finance,Trusts Except Educational Religious and Charitable,2311744608.0,False,False,True,17.13,0.469,1.67,1.382,0.828,95510.0,1845007.825,0.869,17.11,17.143,16.896,15.485,2.0,79.0,-0.833,13.775,7.183,-3.877
BGS,B&G Foods Inc.,NYSE,Consumer Staples,Packaged Foods,218631555.0,False,False,True,2.54,-5.576,5.177,-21.1,-4.076,2242420.0,7017442.85,1.918,2.837,2.949,3.219,4.025,4.0,22.0,-21.991,-33.643,-46.763,-56.317
BH,Biglari Holdings Inc.,NYSE,Consumer Discretionary,Restaurants,846305828.0,False,False,True,364.4,0.176,4.011,-2.412,-0.601,168378.0,43016097.6,0.361,353.952,356.908,373.406,355.082,2.0,51.0,-5.481,-11.56,8.009,-24.648
BHB,Bar Harbor Bankshares Inc.,AMEX,Finance,Major Banks,661421856.0,False,False,True,39.24,-0.532,2.384,-1.166,-0.489,96936.0,4283190.963,0.825,39.311,39.514,39.703,35.236,2.0,74.0,-2.364,5.633,20.224,-4.572
BHE,Benchmark Electronics Inc.,NYSE,Technology,Electrical Products,3139042945.0,False,False,True,86.11,-1.465,3.541,10.841,3.061,378116.0,32859173.4,1.005,83.15,80.545,77.688,69.602,2.0,90.0,21.171,6.512,54.772,-14.067
BHF,Brighthouse Financial Inc.,NASDAQ,Finance,Life Insurance,2876728381.0,False,True,True,49.82,-0.4,3.139,-8.946,-2.85,1010748.0,55195935.4,0.576,50.77,51.393,54.715,60.747,4.0,38.0,-7.243,-23.671,-17.174,-25.419
BHRB,Burke & Herbert Financial Services Corp.,NASDAQ,Finance,Major Banks,1410266125.0,False,True,True,69.28,-0.83,2.039,-3.03,-1.486,121004.0,9078003.375,0.938,69.392,69.903,71.445,66.116,2.0,64.0,-4.415,0.064,11.876,-7.039
BHST,BioHarvest Sciences Inc.,NASDAQ,Unknown,Unknown,33321728.0,False,True,False,1.465,-0.34,7.887,-22.417,-2.842,54044.0,46603.875,0.339,1.505,1.6,1.888,3.582,4.0,6.0,-18.611,-49.483,-66.399,-88.555
BHVN,Biohaven Ltd. Common Shares ,NYSE,Health Care,Biotechnology: Pharmaceutical Preparations,1943933461.0,False,False,True,12.97,0.777,7.232,-7.834,-1.083,2789290.0,39981096.8,0.599,13.247,13.529,14.072,12.051,2.0,45.0,-18.222,-16.592,41.749,-30.141
BIAF,bioAffinity Technologies Inc.,NASDAQ,Health Care,Biotechnology: Commercial Physical & Biological Resarch,7063914.0,False,True,False,6.19,2.23,24.185,-18.901,-0.781,3982332.38,24915561.6,0.026,6.906,7.354,7.633,20.662,4.0,56.0,-51.565,-50.281,-90.128,-92.33
BIDU,Baidu Inc. ADS,NASDAQ,Technology,Computer Software: Programming Data Processing,28690104207.0,False,True,False,86.99,3.167,2.752,-9.923,-3.606,2736056.0,233148504.8,0.845,87.326,89.437,96.573,119.659,4.0,22.0,-8.987,-22.393,-21.828,-47.374
BIIB,Biogen Inc.,NASDAQ,Health Care,Biotechnology: Biological Products (No Diagnostic Substances),32488149080.0,True,True,False,223.59,1.687,2.45,3.647,1.488,949586.0,241802323.2,1.002,223.472,221.819,215.723,195.452,2.0,78.0,-0.41,8.697,29.738,-2.994
BILI,Bilibili Inc. American Depositary Shares,NASDAQ,Technology,EDP Services,6016045463.0,False,True,False,14.75,2.147,3.065,-10.517,-3.431,2996444.0,48070997.0,0.55,14.875,15.181,16.484,21.941,4.0,19.0,-4.839,-16.193,-36.202,-59.478
BILL,BILL Holdings Inc.,NYSE,Technology,Computer Software: Prepackaged Software,3719773231.0,False,False,True,44.49,1.995,4.046,-6.022,-1.488,2135264.0,82517070.8,0.741,44.29,45.404,47.341,43.23,3.0,47.0,-12.525,9.366,15.588,-22.234
BIOA,BioAge Labs Inc.,NASDAQ,Health Care,Biotechnology: Pharmaceutical Preparations,303378568.0,False,True,True,6.36,-3.782,8.719,-37.926,-4.35,956894.0,5716588.538,0.816,7.117,7.85,10.246,16.674,4.0,77.0,-33.053,-73.934,-63.719,-75.496
BIRD,Smartbird Inc.,NASDAQ,Consumer Discretionary,Apparel,39737934.0,False,True,False,3.41,1.337,6.916,43.83,6.338,558704.0,1663463.369,0.778,2.864,2.664,2.371,3.324,3.0,45.0,38.618,12.375,50.556,-83.96
BIVI,BioVie Inc.,NASDAQ,Health Care,Biotechnology: Pharmaceutical Preparations,12676757.0,False,True,False,1.44,-1.37,11.762,-14.345,-1.22,5819725.92,594192.975,0.023,1.547,1.639,1.681,1.516,1.0,29.0,-29.064,-33.333,-2.041,-62.005
BIYA,Baiya International Group Inc Class A,NASDAQ,Consumer Discretionary,Diversified Commercial Services,10209203.0,False,True,False,1.4,-12.5,19.208,-44.91,-2.338,3131056.0,1536549.949,0.064,1.823,2.002,2.541,14.873,4.0,2.0,-39.13,-66.102,-89.474,-99.167
BJRI,BJ's Restaurants Inc.,NASDAQ,Consumer Discretionary,Restaurants,1317484266.0,False,True,True,61.66,-0.436,3.831,-3.773,-0.985,466898.0,24566170.6,1.099,60.484,60.925,64.078,49.173,2.0,89.0,4.828,2.323,67.146,-17.346
BKD,Brookdale Senior Living Inc.,NYSE,Health Care,Hospital/Nursing Management,2593555357.0,False,False,True,10.53,-3.039,3.598,-14.943,-4.153,4877560.0,51246843.9,0.903,10.983,11.316,12.38,13.398,1.0,55.0,-11.809,-31.712,-24.19,-38.385
BKE,Buckle Inc. (The),NYSE,Consumer Discretionary,Clothing/Shoe/Accessory Stores,2209883419.0,False,False,True,43.45,1.282,2.359,0.691,0.293,458556.0,21477125.05,1.044,42.553,42.287,43.152,47.539,4.0,41.0,0.092,2.626,-13.478,-23.273
BKKT,Bakkt Inc.,NYSE,Finance,Finance: Consumer Services,349288300.0,False,False,True,7.57,-2.323,8.565,-3.736,-0.436,1340440.0,11168471.975,0.687,8.017,8.098,7.864,9.562,4.0,12.0,-9.666,-8.575,-0.786,-83.953
BKNG,Booking Holdings Inc.,NASDAQ,Consumer Discretionary,Transportation Services,119484527110.0,True,True,False,158.33,-0.434,3.744,-16.178,-4.321,7054834.0,1529447673.6,1.182,162.404,168.761,188.889,181.558,4.0,29.0,-18.663,-12.771,-9.693,-28.986
BKR,Baker Hughes Company,NASDAQ,Consumer Discretionary,Oil and Gas Field Machinery,55589747976.0,True,True,False,57.38,2.464,2.839,-5.288,-1.862,7852886.0,491120574.4,0.849,56.775,57.807,60.584,59.115,1.0,70.0,-9.837,5.73,-4.804,-17.933
BKSY,BlackSky Technology Inc.,NYSE,Technology,Radio And Television Broadcasting And Communications Equipment,897072624.0,False,False,True,21.37,-2.509,6.788,-11.411,-1.681,968392.0,21502994.6,0.964,21.93,22.321,24.123,27.58,1.0,41.0,3.587,-16.064,-30.908,-59.588
BKT,BlackRock Income Trust Inc. (The),NYSE,Finance,Investment Bankers/Brokers/Service,1435557845.0,False,False,True,9.53,-1.244,1.209,-5.018,-4.151,151456.0,2036817.733,2.236,9.615,9.728,10.033,10.198,4.0,42.0,-6.559,-8.275,-6.395,-9.515
BKU,BankUnited Inc.,NYSE,Finance,Savings Institutions,3090054962.0,False,False,True,43.23,-0.346,2.135,-5.152,-2.414,807696.0,46584530.0,1.024,43.294,43.913,45.578,46.193,1.0,57.0,-5.817,-10.804,-4.797,-15.887
BKV,BKV Corporation,NYSE,Energy,Oil & Gas Production,2360573993.0,False,False,True,21.79,1.02,4.321,-9.845,-2.278,1643414.0,63380796.6,0.536,22.082,22.788,24.17,26.992,4.0,37.0,-17.117,-18.481,-22.123,-33.587
BKYI,BIO-key International Inc.,NASDAQ,Technology,Computer Software: Prepackaged Software,3045049.0,False,True,False,1.93,-8.962,25.54,-37.657,-1.474,3580654.08,27090105.547,0.091,2.294,2.467,3.096,4.901,4.0,8.0,-31.56,-67.233,-64.909,-90.203
BL,BlackLine Inc.,NASDAQ,Technology,Computer Software: Prepackaged Software,1593213651.0,False,True,True,28.13,2.627,4.331,-6.513,-1.504,1025540.0,25995773.2,0.921,27.655,28.331,30.09,35.281,4.0,25.0,-15.348,-3.067,-22.185,-52.778
BLBD,Blue Bird Corporation,NASDAQ,Consumer Discretionary,Construction/Ag Equipment/Trucks,1772049471.0,False,True,True,57.03,0.884,3.799,-9.813,-2.583,574340.0,30448010.8,0.564,57.206,58.672,63.235,62.476,1.0,46.0,-10.415,-28.354,-0.714,-31.611
BLDP,Ballard Power Systems Inc. Common Shares,NASDAQ,Energy,Industrial Machinery/Components,719735947.0,False,True,False,2.06,0.488,4.772,-12.852,-2.693,3506444.0,5996335.588,0.558,2.092,2.157,2.364,2.975,4.0,24.0,-10.044,-37.003,-18.577,-68.645
BLFS,BioLife Solutions Inc.,NASDAQ,Health Care,Biotechnology: Electromedical & Electrotherapeutic Apparatus,1824220059.0,False,True,True,38.61,3.512,2.938,8.166,2.78,917720.0,45478894.7,4.845,37.93,37.365,35.695,26.621,2.0,90.0,8.669,38.238,100.363,-2.892
BLK,BlackRock Inc.,NYSE,Finance,Investment Bankers/Brokers/Service,164104112914.0,True,False,False,1066.45,0.644,2.239,-3.609,-1.612,579820.0,573184364.8,1.053,1067.39,1075.861,1106.376,1051.004,2.0,52.0,-4.815,6.191,12.357,-10.714
BLKB,Blackbaud Inc.,NASDAQ,Technology,Computer Software: Prepackaged Software,1895490451.0,False,True,True,43.31,3.712,3.739,-2.715,-0.726,522376.0,19308979.55,1.114,42.697,43.334,44.519,42.358,3.0,67.0,-10.627,43.696,11.423,-38.75
BLLN,BillionToOne Inc.,NASDAQ,Health Care,Medical Specialities,4997107324.0,False,True,True,109.06,2.984,6.299,1.7,0.27,707820.0,68541946.6,0.576,110.575,109.004,107.237,95.277,3.0,,9.608,-7.608,27.556,-27.506
BLMN,Bloomin' Brands Inc.,NASDAQ,Consumer Discretionary,Restaurants,726065376.0,False,True,True,8.28,-2.358,6.128,-12.959,-2.115,2298944.0,21912727.2,1.195,8.26,8.532,9.513,7.626,2.0,67.0,-14.902,3.759,44.0,-34.442
BLND,Blend Labs Inc.,NYSE,Technology,Computer Software: Programming Data Processing,243608719.0,False,False,True,1.04,0.971,7.447,-28.522,-3.83,2203780.0,2460418.725,0.695,1.094,1.194,1.455,1.812,4.0,10.0,-31.126,-42.857,-46.114,-71.231
BLRK,Bluerock Acquisition Corp. Class A,NASDAQ,Unknown,Unknown,0.0,False,True,False,10.13,0.099,0.155,0.379,2.449,90458.0,228311.75,0.05,10.12,10.113,10.092,,,,0.396,1.3,2.323,-5.15
BLTE,Belite Bio Inc American Depositary Shares,NASDAQ,Health Care,Biotechnology: Pharmaceutical Preparations,6425823297.0,False,True,False,159.18,-0.238,4.079,-3.989,-0.978,187146.0,31628779.05,0.712,165.281,167.087,165.794,161.008,1.0,92.0,-6.961,0.945,-7.005,-20.41
BLW,Blackrock Limited Duration Income Trust,NYSE,Consumer Discretionary,Other Consumer Services,418535885.0,False,False,True,11.68,-0.341,1.423,-4.734,-3.327,172244.0,3148523.197,2.803,11.714,11.875,12.26,12.335,4.0,44.0,-6.366,-4.852,-1.776,-10.035
BLZE,Backblaze Inc.,NASDAQ,Technology,Computer Software: Prepackaged Software,888884000.0,False,True,True,13.88,-3.343,6.064,-7.47,-1.232,2567770.0,23818077.35,0.472,13.834,13.879,15.001,8.685,2.0,97.0,4.282,-12.374,275.135,-42.143
BMBL,Bumble Inc.,NASDAQ,Technology,Computer Software: Programming Data Processing,335199518.0,False,True,True,2.55,0.394,4.772,-9.243,-1.937,2497898.0,6126295.538,0.705,2.629,2.706,2.81,3.209,4.0,16.0,-11.15,-18.269,-26.087,-57.606
BMEA,Biomea Fusion Inc.,NASDAQ,Health Care,Biotechnology: Pharmaceutical Preparations,92054492.0,False,True,False,1.3,2.362,9.601,-13.264,-1.381,1690592.0,3287437.362,0.617,1.385,1.484,1.499,1.415,1.0,27.0,-31.937,-7.143,-13.907,-56.522
BMEZ,BlackRock Health Sciences Term Trust Common Shares of Beneficial Interest,NYSE,Finance,Trusts Except Educational Religious and Charitable,219594806.0,False,False,True,16.54,0.425,1.615,1.307,0.809,138968.0,2393210.644,0.968,16.639,16.612,16.327,14.681,2.0,70.0,-1.697,7.295,20.996,-3.463
BMGL,Basel Medical Group Ltd,NASDAQ,Health Care,Medical/Nursing Services,5189324.0,False,True,False,3.17,-3.354,19.042,-34.861,-1.831,667976.0,11627707.1,0.02,3.52,3.974,4.867,6.832,4.0,7.0,-33.682,-47.078,-56.045,-85.405
BMI,Badger Meter Inc.,NYSE,Industrials,Industrial Machinery/Components,3703649441.0,False,False,True,124.89,-2.254,3.381,-4.962,-1.468,374658.0,52780106.4,1.22,127.456,128.656,131.411,141.701,4.0,27.0,-8.183,-14.816,-19.118,-38.073
BMM,Blue Moon Metals Inc. Common Shares,NASDAQ,Unknown,Unknown,516974595.0,False,True,False,4.885,-0.913,7.763,-9.783,-1.26,337946.0,2550759.883,0.416,5.07,5.23,5.415,,,,-19.787,-20.827,-24.614,-43.395
BMR,Beamr Imaging Ltd. Ordinary Share,NASDAQ,Technology,Computer Software: Prepackaged Software,19567616.0,False,True,False,1.44,14.286,5.723,12.377,2.163,51198.0,75928.6,3.848,1.305,1.294,1.281,1.611,4.0,22.0,21.008,-1.37,0.699,-55.556
BMRA,Biomerica Inc.,NASDAQ,Health Care,Biotechnology: In Vitro & In Vivo Diagnostic Substances,9850989.0,False,True,False,2.05,-4.206,7.793,3.483,0.447,88028.0,70199.349,0.385,2.268,2.267,1.981,2.124,1.0,48.0,-7.658,19.186,-5.53,-36.137
BMRC,Bank of Marin Bancorp,NASDAQ,Finance,Major Banks,448742612.0,False,True,True,27.42,-1.047,2.37,-1.446,-0.61,156478.0,4495548.738,0.549,27.527,27.584,27.822,26.396,2.0,63.0,0.293,-2.649,6.497,-10.552
BMRN,BioMarin Pharmaceutical Inc.,NASDAQ,Health Care,Biotechnology: Pharmaceutical Preparations,11068547540.0,False,True,False,57.54,0.63,2.74,-10.022,-3.658,2089220.0,126272508.8,1.152,59.808,61.529,63.949,58.701,1.0,51.0,-13.383,-4.656,2.366,-18.935
BMY,Bristol-Myers Squibb Company,NYSE,Health Care,Biotechnology: Pharmaceutical Preparations,124912001214.0,True,False,False,58.81,-3.827,2.519,-7.829,-3.108,11308102.0,787167347.2,1.701,61.28,62.146,63.805,58.152,2.0,74.0,-12.734,2.5,1.281,-13.434
BNAI,Brand Engagement Network Inc.,NASDAQ,Technology,EDP Services,45169168.0,False,True,False,5.84,-2.99,11.386,-46.082,-4.047,130458.0,1095006.448,0.73,6.341,7.387,10.831,20.351,1.0,99.0,-45.472,-62.004,-86.733,-93.231
BNC,BNB Standard Corporation,NASDAQ,Consumer Staples,Farming/Seeds/Milling,240867023.0,False,True,True,6.07,3.761,7.567,55.745,7.367,2375560.0,29749786.9,0.295,5.864,5.429,3.897,3.731,3.0,95.0,84.498,123.985,120.727,-49.417
BNED,Barnes & Noble Education Inc,NYSE,Consumer Discretionary,Other Specialty Stores,405926916.0,False,False,True,11.54,-1.452,3.663,-3.014,-0.823,237780.0,2966394.062,0.622,11.423,11.417,11.899,10.302,2.0,66.0,-5.41,2.138,21.096,-21.267
BNGO,Bionano Genomics Inc.,NASDAQ,Industrials,Biotechnology: Laboratory Analytical Instruments,17429960.0,False,True,False,1.45,-2.027,9.501,9.965,1.049,1145960.0,4177674.1,0.28,1.571,1.53,1.319,1.268,3.0,59.0,16.935,27.193,26.087,-34.978
BNKK,Bonk Inc.,NASDAQ,Consumer Discretionary,Package Goods/Cosmetics,14001645.0,False,True,False,1.53,-12.571,13.013,19.936,1.532,303562.0,1077702.5,0.818,1.666,1.558,1.276,2.313,4.0,14.0,25.41,10.072,-46.316,-90.931
BNL,Broadstone Net Lease Inc.,NYSE,Real Estate,Real Estate Investment Trusts,3561533542.0,False,False,True,18.4,-0.862,1.864,-8.827,-4.734,2120356.0,37609480.0,0.949,18.636,19.058,20.181,19.268,1.0,48.0,-10.445,-12.663,2.391,-19.091
BNTC,Benitec Biopharma Inc.,NASDAQ,Health Care,Biotechnology: Pharmaceutical Preparations,313246879.0,False,True,True,9.23,2.784,8.762,-22.38,-2.554,158604.0,1952790.084,3.683,9.83,10.501,11.891,11.889,4.0,23.0,-25.804,-31.324,-16.015,-44.928
BNTX,BioNTech SE American Depositary Share,NASDAQ,Health Care,Biotechnology: Biological Products (No Diagnostic Substances),24341703065.0,False,True,False,97.64,0.764,3.345,-1.062,-0.318,1255028.0,85914828.6,1.144,98.003,98.607,98.688,97.728,1.0,49.0,-5.093,3.553,6.968,-21.258
BNY,The Bank of New York Mellon Corporation,NYSE,Finance,Major Banks,98654502247.0,True,False,False,143.75,-1.135,2.033,-8.51,-4.187,3162576.0,621368414.4,1.221,147.453,150.961,157.122,136.242,2.0,70.0,-12.524,-5.616,17.201,-13.32
BOBS,Bob's Discount Furniture Inc.,NYSE,Consumer Discretionary,Other Specialty Stores,1854449608.0,False,False,True,14.15,-0.282,5.791,-14.007,-2.419,976628.0,14543589.825,0.889,14.178,14.723,16.455,,,,-13.877,-12.977,23.905,-39.762
BOC,Boston Omaha Corporation,NYSE,Finance,Real Estate,397971937.0,False,False,True,13.22,0.076,2.5,-4.289,-1.716,137962.0,2363426.594,1.53,13.236,13.392,13.812,12.966,2.0,48.0,-4.203,-6.77,5.004,-13.141
BOH,Bank of Hawaii Corporation,NYSE,Finance,Major Banks,2733123435.0,False,False,True,68.03,-1.804,2.255,-10.18,-4.515,394962.0,34560924.4,1.807,70.094,71.883,75.74,75.433,1.0,48.0,-11.246,-16.977,-9.13,-20.459
BOKF,BOK Financial Corporation,NASDAQ,Finance,Major Banks,7800035048.0,False,True,False,128.23,-0.101,1.838,-6.588,-3.585,245820.0,36447288.9,1.051,129.347,131.479,137.274,131.523,1.0,58.0,-6.64,-8.289,-0.361,-12.293
BOLD,Boundless Bio Inc.,NASDAQ,Health Care,Biotechnology: Pharmaceutical Preparations,59599721.0,False,True,False,2.6,-0.763,4.384,-5.862,-1.337,176512.0,379119.897,0.312,2.636,2.694,2.762,1.797,2.0,92.0,-9.408,4.0,120.339,-17.826
BOOM,DMC Global Inc.,NASDAQ,Industrials,Industrial Specialties,119137504.0,False,True,False,5.84,0.69,4.274,-11.596,-2.713,151444.0,680538.8,1.002,5.848,6.064,6.606,6.661,1.0,31.0,-15.607,-6.858,6.96,-36.522
BOOT,Boot Barn Holdings Inc.,NYSE,Consumer Discretionary,Clothing/Shoe/Accessory Stores,3691116787.0,False,False,True,122.88,0.82,4.324,-16.297,-3.769,707516.0,94272746.8,0.957,124.122,129.648,146.804,164.776,4.0,26.0,-16.612,-22.243,-17.547,-41.555
BOT,RoboStrategy Inc.,NASDAQ,Unknown,Unknown,0.0,False,True,False,31.81,8.456,6.452,13.321,2.064,346596.0,7395626.6,2.166,28.505,28.142,28.071,,,,17.121,-0.313,,-46.085
BOW,Bowhead Specialty Holdings Inc.,NYSE,Finance,Property-Casualty Insurers,1112485279.0,False,False,True,33.8,0.089,0.557,1.15,2.064,370696.0,10128222.062,0.643,33.781,33.716,33.416,27.881,2.0,79.0,0.476,5.625,49.558,-3.621
BOX,Box Inc.,NYSE,Technology,Computer Software: Prepackaged Software,4732054661.0,False,False,True,35.34,2.464,3.137,6.026,1.921,2916562.0,91425159.6,0.965,33.798,33.669,33.331,27.739,2.0,74.0,-1.724,22.496,46.214,-2.752
BOXL,Boxlight Corporation,NASDAQ,Real Estate,Other Consumer Services,4003139.0,False,True,False,4.61,-2.743,11.362,-7.704,-0.678,1618434.0,277156.444,0.014,4.733,4.913,4.995,6.761,4.0,8.0,-24.55,-2.743,-41.349,-94.642
BPOP,Popular Inc.,NASDAQ,Finance,Major Banks,10085932148.0,False,True,False,158.82,0.43,1.82,-5.145,-2.827,486042.0,92471803.4,1.147,158.731,160.896,167.435,149.042,2.0,67.0,-6.793,-4.923,14.722,-10.906
BR,Broadridge Financial Solutions Inc.,NYSE,Consumer Discretionary,Business Services,17717402022.0,True,False,False,159.08,1.37,2.494,-5.352,-2.146,1169406.0,167250524.8,0.6,161.52,164.253,168.075,168.798,4.0,37.0,-11.084,7.712,-0.822,-31.841
BRAI,Braiin Limited,NASDAQ,Technology,EDP Services,954188496.0,False,True,False,4.54,-1.944,8.393,-17.95,-2.139,65930.0,134637.9,0.824,5.175,5.342,5.533,,,,-18.929,-21.859,-42.965,-86.241
BRBR,BellRing Brands Inc. Common Stock ,NYSE,Consumer Staples,Packaged Foods,863946981.0,False,False,True,7.73,4.038,6.038,-24.488,-4.056,3657174.0,31533109.5,1.569,7.927,8.516,10.237,15.002,4.0,8.0,-25.673,-44.548,-50.858,-78.62
BRBS,Blue Ridge Bankshares Inc.,AMEX,Finance,Major Banks,352477192.0,False,False,True,3.93,0.0,2.149,2.168,1.009,1108726.0,5444425.25,1.464,3.895,3.902,3.847,3.594,2.0,70.0,-0.506,13.584,12.743,-6.317
BRC,Brady Corporation,NYSE,Consumer Discretionary,Miscellaneous manufacturing industries,3976115363.0,False,False,True,85.41,0.743,2.576,-5.521,-2.143,227638.0,25350260.85,1.466,84.591,85.613,90.401,86.455,1.0,55.0,-5.457,-6.378,7.078,-13.945
BRCB,Black Rock Coffee Bar Inc.,NASDAQ,Consumer Discretionary,Restaurants,348505846.0,False,True,True,6.92,-0.575,6.024,-14.498,-2.407,349392.0,2592655.138,0.956,7.144,7.47,8.093,11.879,4.0,14.0,-26.383,-10.363,-49.563,-73.867
BRCC,BRC Inc.,NYSE,Consumer Staples,Beverages (Production/Distribution),226510151.0,False,False,True,9.45,4.42,5.889,4.282,0.727,127775.8,937897.189,0.652,9.143,9.088,9.062,10.263,4.0,26.0,10.012,-19.915,17.391,-49.057
BRK-B,Berkshire Hathaway Inc.,NYSE,Unknown,Unknown,1109002410633.0,True,False,False,504.26,0.32,1.124,-0.651,-0.579,4445940.0,2375505331.2,0.802,503.561,504.878,507.567,492.788,3.0,52.0,-0.762,0.052,5.852,-6.226
BRKR,Bruker Corporation,NASDAQ,Industrials,Biotechnology: Laboratory Analytical Instruments,9635203144.0,False,True,False,63.86,0.98,4.484,8.369,1.866,2307154.0,143625593.6,0.874,62.763,61.371,58.928,49.312,2.0,90.0,7.578,9.72,74.11,-4.658
BRLS,Borealis Foods Inc. Class A Common Shares,NASDAQ,Consumer Staples,Packaged Foods,25970600.0,False,True,False,1.215,0.413,11.627,4.328,0.372,1029756.0,10882.025,0.003,1.28,1.285,1.165,1.322,4.0,20.0,0.413,13.551,-13.83,-71.479
BRLT,Brilliant Earth Group Inc.,NASDAQ,Consumer Discretionary,Consumer Specialties,141533685.0,False,True,False,1.4,0.719,5.604,7.066,1.261,115348.0,101167.0,0.582,1.382,1.376,1.308,1.368,3.0,49.0,6.061,26.126,5.263,-51.724
BRNX,BrenX Ltd.,NASDAQ,Industrials,Building Products,3543489.0,False,True,False,1.89,3.846,26.069,-35.705,-1.37,1363870.98,2102487.003,0.129,2.214,2.467,2.94,30.687,4.0,2.0,-37.829,-67.526,-90.156,-99.538
BRO,Brown & Brown Inc.,NYSE,Finance,Specialty Insurers,20046506488.0,True,False,False,60.93,1.703,2.875,-11.01,-3.83,2196138.0,152708018.0,1.03,61.609,63.545,68.468,67.572,4.0,26.0,-16.028,-11.836,-7.922,-36.282
BRSL,Brightstar Lottery PLC Trading under the Legal Name to begin at the market open on July 21 2025.,NYSE,Consumer Discretionary,Services-Misc. Amusement & Recreation,1817325000.0,False,False,True,9.93,0.812,3.301,-7.675,-2.325,2190408.0,26267633.1,0.889,10.025,10.272,10.755,11.875,4.0,24.0,-12.434,-9.46,-17.501,-42.528
BRSP,BrightSpire Capital Inc.,NYSE,Real Estate,Real Estate Investment Trusts,482057126.0,False,False,True,3.77,-1.05,3.068,-15.285,-4.982,1528614.0,7970243.6,1.218,3.892,4.039,4.45,5.066,4.0,28.0,-15.754,-26.893,-28.044,-34.03
BRTX,BioRestorative Therapies Inc. Common Stock (NV),NASDAQ,Health Care,Managed Health Care,2955614.0,False,True,False,2.24,4.673,9.401,105.702,11.244,285140.0,75054.05,0.299,2.304,2.096,1.089,0.645,2.0,99.0,1458.803,501.827,792.43,-23.518
BRUN,Boost Run Inc.,NASDAQ,Technology,EDP Services,1312337651.0,False,True,True,14.33,-13.204,10.849,-20.371,-1.878,2253562.0,34903261.35,1.611,16.076,16.565,17.996,18.294,1.0,84.0,-15.407,-50.891,33.613,-65.881
BRZE,Braze Inc.,NASDAQ,Technology,Computer Software: Prepackaged Software,2887316134.0,False,True,True,26.61,4.681,5.661,-3.447,-0.609,2540722.0,70490594.6,0.664,25.311,25.875,27.56,24.24,3.0,60.0,-19.97,9.057,15.07,-28.711
BSEM,BioStem Technologies Inc.,NASDAQ,Health Care,Biotechnology: Biological Products (No Diagnostic Substances),50736414.0,False,True,False,2.755,0.916,15.964,-24.995,-1.566,139510.0,780652.745,0.866,3.396,3.632,3.673,4.422,4.0,23.0,-23.684,-16.134,-44.118,-67.202
BSIN,Big Sky Industrial Inc.,NASDAQ,Energy,Oil & Gas Production,74540668.0,False,True,False,1.46,2.817,5.56,2.86,0.514,1028332.0,1088683.153,0.305,1.455,1.475,1.419,1.12,2.0,82.0,-6.41,29.204,67.816,-12.575
BSP,Bending Spoons S.p.A.,NASDAQ,Technology,Computer Software: Programming Data Processing,22045585979.0,False,True,False,32.12,0.281,7.702,-17.765,-2.307,2294228.0,95096395.1,0.766,33.686,35.542,39.059,,,,-22.955,-12.907,,-45.504
BSRR,Sierra Bancorp,NASDAQ,Finance,Major Banks,515424665.0,False,True,True,39.39,-0.931,2.08,-2.045,-0.984,55124.0,1922535.384,1.125,39.592,39.829,40.212,37.249,2.0,73.0,-3.242,-2.693,16.095,-8.062
BST,BlackRock Science and Technology Trust Common Shares of Beneficial Interest,NYSE,Finance,Finance Companies,1137361414.0,False,False,True,50.52,-1.578,2.173,6.807,3.133,101554.0,6257761.375,1.296,49.893,49.137,47.3,41.348,2.0,80.0,6.738,13.216,47.337,-3.44
BSTZ,BlackRock Science and Technology Term Trust Common Shares of Beneficial Interest,NYSE,Finance,Trusts Except Educational Religious and Charitable,684233790.0,False,False,True,31.0,0.389,2.49,7.412,2.976,181140.0,5853433.225,0.573,30.099,29.692,28.861,24.722,2.0,85.0,6.33,16.112,49.703,-2.393
BSX,Boston Scientific Corporation,NYSE,Health Care,Medical/Dental Instruments,61737177808.0,True,False,False,42.4,-0.469,3.18,-9.478,-2.98,20936268.0,932381462.4,0.656,43.496,44.295,46.839,61.479,4.0,19.0,-9.691,-6.402,-32.258,-59.867
BSY,Bentley Systems Incorporated,NASDAQ,Technology,Computer Software: Prepackaged Software,9736453812.0,False,True,False,34.75,7.819,3.774,1.357,0.36,2630740.0,91805091.4,1.615,32.521,32.65,34.285,34.398,3.0,33.0,-2.146,7.356,-0.554,-38.84
BTBT,Bit Digital Inc.,NASDAQ,Finance,Finance: Consumer Services,587832610.0,False,True,True,1.54,-5.521,8.033,0.944,0.118,28001750.0,42576895.3,0.676,1.641,1.631,1.526,1.725,4.0,21.0,-5.521,-6.667,13.235,-66.154
BTCS,BTCS Inc.,NASDAQ,Finance,Finance: Consumer Services,75034876.0,False,True,False,1.51,5.594,7.695,15.065,1.958,1917422.0,2724433.612,0.619,1.497,1.466,1.312,1.686,4.0,27.0,0.667,37.273,0.0,-75.447
BTCT,BTC Digital Ltd.,NASDAQ,Finance,Finance: Consumer Services,13570652.0,False,True,False,1.22,6.087,15.046,7.984,0.531,13313302.16,5309310.706,0.115,1.19,1.246,1.13,1.221,4.0,25.0,-36.458,12.963,4.274,-60.897
BTDR,Bitdeer Technologies Group Class A,NASDAQ,Finance,Finance: Consumer Services,2995040340.0,False,True,False,10.93,-0.817,8.151,0.138,0.017,12857238.0,115007122.6,0.681,11.206,11.357,10.915,12.005,1.0,27.0,-8.228,-15.107,13.736,-60.683
BTGO,BitGo Holdings Inc.,NYSE,Finance,Finance: Consumer Services,867486690.0,False,False,True,7.38,0.0,7.451,12.668,1.7,1803188.0,15998322.05,0.322,7.44,7.353,6.55,,,,-1.862,45.562,-12.247,-69.878
BTLN,Brightline Interactive Inc.,NASDAQ,Technology,EDP Services,14104225.0,False,True,False,5.285,1.635,11.119,314.068,28.246,164248.0,191802.794,0.116,3.451,2.435,1.276,0.88,2.0,99.0,474.456,586.364,840.391,-19.936
BTMD,Biote Corp.,NASDAQ,Health Care, Medicinal Chemicals and Botanical Products ,41316588.0,False,True,False,1.12,-2.609,8.141,-27.77,-3.411,241038.0,174124.199,0.851,1.215,1.299,1.551,1.969,4.0,13.0,-27.742,-50.222,-31.707,-65.644
BTQ,BTQ Technologies Corp.,NASDAQ,Unknown,Unknown,466245746.0,False,True,False,3.15,-0.631,6.561,-4.571,-0.697,1998328.0,6136956.825,0.78,2.95,2.956,3.301,3.674,4.0,26.0,5.705,-24.46,29.63,-80.312
BTSG,BrightSpring Health Services Inc.,NASDAQ,Health Care,Medical/Nursing Services,11921320520.0,False,True,False,62.0,2.905,3.409,2.845,0.834,2651336.0,159623952.8,1.283,58.296,58.333,60.285,52.417,2.0,88.0,0.928,-11.643,42.496,-15.932
BTU,Peabody Energy Corporation Common Stock ,NYSE,Energy,Coal Mining,3024339000.0,False,False,True,25.5,2.781,4.599,-1.391,-0.302,2445072.0,64927539.6,0.904,25.348,25.908,25.86,28.696,4.0,57.0,-7.742,12.83,-22.315,-37.629
BTX,BlackRock Technology and Private Equity Term Trust Common Shares of Beneficial Interest,NYSE,Unknown,Unknown,2174040724.0,False,False,True,9.38,1.735,1.962,7.522,3.833,451406.0,3695633.1,1.129,9.078,8.971,8.724,7.627,2.0,81.0,7.003,13.182,44.24,0.0
BTZ,BlackRock Credit Allocation Income Trust,NYSE,Finance,Finance/Investors Services,1013224950.0,False,False,True,9.29,-0.854,1.173,-5.204,-4.437,360234.0,4493758.65,1.106,9.402,9.52,9.8,9.855,4.0,43.0,-6.004,-7.06,-3.709,-9.455
BULL,Webull Corporation Class A,NASDAQ,Finance,Investment Bankers/Brokers/Service,3967159056.0,False,True,True,7.36,0.272,5.835,-9.449,-1.619,13957788.0,100263590.6,0.604,7.418,7.775,8.128,7.064,3.0,32.0,-26.4,1.238,48.988,-51.064
BUSE,First Busey Corporation,NASDAQ,Finance,Major Banks,2473223865.0,False,True,True,29.51,-0.74,1.791,-2.913,-1.626,767844.0,24843080.15,0.815,29.672,29.875,30.395,27.124,2.0,71.0,-3.814,1.889,16.132,-6.909
BUUU,BUUU Group Limited Class A Ordinary Share,NASDAQ,Consumer Discretionary,Services-Misc. Amusement & Recreation,738822000.0,False,True,False,38.65,-1.403,10.604,14.971,1.412,85554.0,3472660.942,1.015,41.006,40.3,33.617,19.57,2.0,97.0,22.04,83.089,157.495,-26.951
BV,BrightView Holdings Inc.,NYSE,Consumer Staples,Farming/Seeds/Milling,951928000.0,False,False,True,10.2,-0.778,3.392,-9.762,-2.878,1080890.0,10621468.8,1.184,10.287,10.54,11.303,12.518,4.0,26.0,-9.974,-28.721,-12.895,-32.0
BVC,BitVentures Limited,NASDAQ,Finance,Investment Managers,1928640000.0,False,True,False,11.32,-1.394,11.13,-14.141,-1.271,50682.0,443811.448,0.474,11.931,12.636,13.184,10.106,2.0,99.0,-25.477,33.02,4.044,-37.111
BVS,Bioventus Inc.,NASDAQ,Health Care,Medical/Dental Instruments,1104126384.0,False,True,True,13.52,2.97,3.655,-1.271,-0.348,644924.0,6158944.825,0.553,13.519,13.53,13.694,10.309,2.0,90.0,-5.85,17.668,49.889,-14.931
BW,Babcock & Wilcox Enterprises Inc.,NYSE,Industrials,Building Products,849100876.0,False,False,True,5.64,-1.053,8.978,-28.213,-3.143,5018950.0,32734099.5,1.018,6.076,6.57,7.857,11.625,1.0,95.0,-20.898,-47.437,-66.328,-74.399
BWAY,BrainsWay Ltd. American Depositary Shares,NASDAQ,Health Care,Medical/Dental Instruments,501617613.0,False,True,False,12.23,-2.16,5.101,-15.1,-2.96,114758.0,1376209.75,2.015,12.976,13.377,14.405,13.78,1.0,76.0,-15.713,-18.358,-2.782,-29.713
BWB,Bridgewater Bancshares Inc.,NASDAQ,Finance,Major Banks,577473974.0,False,True,True,20.43,-1.352,2.589,-3.491,-1.348,137058.0,2171564.688,1.04,20.576,20.773,21.169,19.489,2.0,63.0,-5.153,-3.678,12.314,-9.682
BWEN,Broadwind Inc.,NASDAQ,Telecommunications,Metal Fabrications,100543835.0,False,True,False,4.16,-2.118,5.424,-4.832,-0.891,466170.0,709921.297,0.219,4.193,4.215,4.371,3.497,2.0,91.0,1.217,0.0,100.0,-27.018
BWFG,Bankwell Financial Group Inc.,NASDAQ,Finance,Major Banks,531331934.0,False,True,True,66.15,-0.75,2.161,-0.746,-0.345,70010.0,5428683.025,0.764,66.037,66.181,66.647,54.844,2.0,83.0,0.0,15.589,33.555,-4.658
BWIN,The Baldwin Insurance Group Inc.,NASDAQ,Finance,Specialty Insurers,4431862071.0,False,True,True,31.9,0.409,1.748,4.476,2.561,2835472.0,173980031.1,0.425,31.765,31.493,30.533,24.426,2.0,73.0,2.178,16.85,44.148,-2.461
BWMN,Bowman Consulting Group Ltd.,NASDAQ,Consumer Discretionary,Professional Services,738492811.0,False,True,True,42.76,0.376,0.529,8.635,16.313,406662.0,15838635.15,0.813,42.604,42.288,39.361,33.57,2.0,84.0,0.352,50.723,44.851,-6.699
BX,Blackstone Inc.,NYSE,Finance,Investment Managers,83882356490.0,True,False,False,111.65,-0.089,3.427,-15.382,-4.488,4347298.0,547857817.6,1.099,115.639,120.709,131.946,126.352,4.0,31.0,-18.906,-6.701,1.42,-31.659
BXBL,BOXABL Inc. Common stock,NASDAQ,Consumer Discretionary,Homebuilding,111748801.0,False,True,False,3.25,0.619,9.753,-22.371,-2.294,248354.0,778576.852,0.302,3.578,3.828,4.187,8.565,4.0,10.0,-26.802,-67.304,-67.854,-78.532
BXC,Bluelinx Holdings Inc.,NYSE,Consumer Discretionary,Wholesale Distributors,578826380.0,False,False,True,74.6,1.304,5.653,-3.152,-0.558,167122.0,13132596.95,1.531,74.836,75.954,77.028,63.948,2.0,79.0,-3.468,39.179,45.052,-20.469
BXMT,Blackstone Mortgage Trust Inc.,NYSE,Real Estate,Real Estate Investment Trusts,1837125142.0,False,False,True,11.01,1.009,3.252,-16.988,-5.225,2565702.0,35396817.3,1.501,11.646,12.17,13.263,16.384,4.0,21.0,-19.159,-33.253,-36.408,-42.416
BXP,BXP Inc.,NYSE,Real Estate,Real Estate Investment Trusts,9651541060.0,True,False,False,59.37,-1.787,2.411,-9.896,-4.104,1385136.0,90394929.8,1.053,61.189,62.485,65.89,61.379,4.0,37.0,-11.987,-12.449,16.926,-19.868
BY,Byline Bancorp Inc.,NYSE,Finance,Major Banks,1705335491.0,False,False,True,37.63,-0.291,1.733,-1.727,-0.997,262550.0,9631544.95,0.698,37.381,37.561,38.291,34.105,2.0,74.0,-2.815,2.034,17.79,-5.996
BYAH,Park Ha Biological Technology Co. Ltd. Class A,NASDAQ,Consumer Discretionary,Package Goods/Cosmetics,8049988.0,False,True,False,2.3,-2.128,16.201,-16.045,-0.99,463374.8,409795.35,0.021,2.417,2.511,2.74,17.218,4.0,2.0,-12.879,-61.667,-72.356,-98.845
BYD,Boyd Gaming Corporation,NYSE,Consumer Discretionary,Hotels/Resorts,4886076592.0,False,False,True,68.71,2.171,2.721,-12.292,-4.518,982390.0,83805935.4,1.535,69.208,71.696,78.34,82.947,4.0,29.0,-11.443,-22.309,-18.085,-24.638
BYND,Beyond Meat Inc.,NASDAQ,Consumer Staples,Packaged Foods,141850220.0,False,True,False,8.06,-2.303,9.863,-36.285,-3.679,1498940.26,13145690.15,0.554,8.862,9.87,12.65,20.788,4.0,6.0,-28.483,-62.16,-54.463,-96.506
BYRN,Byrna Technologies Inc.,NASDAQ,Miscellaneous,Industrial Machinery/Components,81448544.0,False,True,False,3.63,4.31,5.832,-5.954,-1.021,515738.0,1085480.7,1.312,3.501,3.559,3.86,8.103,4.0,6.0,6.452,-40.976,-60.926,-88.145
BZ,KANZHUN LIMITED American Depository Shares,NASDAQ,Technology,Computer Software: Programming Data Processing,6863408575.0,False,True,False,15.1,1.821,3.494,-1.93,-0.552,7012726.0,128916684.8,0.685,14.626,14.763,15.397,15.121,4.0,40.0,-6.97,11.742,16.046,-35.998
BZFD,BuzzFeed Inc.,NASDAQ,Consumer Discretionary,Telecommunications Equipment,99161554.0,False,True,False,1.16,4.505,5.556,3.507,0.631,472164.0,347592.397,1.444,1.113,1.107,1.121,1.049,2.0,64.0,2.655,-27.95,81.25,-47.511
BZH,Beazer Homes USA Inc.,NYSE,Consumer Discretionary,Homebuilding,891099408.0,False,False,True,33.37,-0.09,0.372,0.477,1.283,772552.0,27111883.15,1.49,33.363,33.315,33.212,26.368,2.0,83.0,0.512,21.699,63.659,-3.387
BZUN,Baozun Inc. American Depositary Shares,NASDAQ,Consumer Discretionary,Catalog/Specialty Distribution,183395067.0,False,True,False,3.29,4.279,4.375,13.609,3.111,201602.0,589240.475,1.406,3.069,2.983,2.896,2.716,2.0,56.0,17.921,18.345,29.528,-19.951
C,Citigroup Inc.,NYSE,Finance,Major Banks,215550626616.0,True,False,False,128.55,0.039,2.452,-3.918,-1.598,9437170.0,1307024854.4,0.7,130.353,131.89,133.792,125.127,2.0,68.0,-6.942,-8.217,10.612,-12.677
CABA,Cabaletta Bio Inc.,NASDAQ,Health Care,Biotechnology: Biological Products (No Diagnostic Substances),339090890.0,False,True,True,2.08,4.0,8.756,-24.287,-2.774,4957104.0,14994729.35,1.087,2.121,2.345,2.747,2.911,1.0,30.0,-40.23,-32.903,-30.897,-50.827
CABR,Caring Brands Inc.,NASDAQ,Consumer Discretionary,Package Goods/Cosmetics,12027142.0,False,True,False,1.13,-2.586,9.053,-15.365,-1.697,54068.0,26131.395,0.157,1.201,1.232,1.335,1.126,2.0,,-11.024,-18.705,-7.377,-38.587
CAC,Camden National Corporation,NASDAQ,Finance,Major Banks,966342232.0,False,True,True,56.98,-0.367,2.504,-0.815,-0.325,95366.0,5606708.3,0.741,56.828,56.978,57.448,50.593,2.0,80.0,-0.973,6.486,18.171,-5.958
CACC,Credit Acceptance Corporation,NASDAQ,Finance,Finance: Consumer Services,5475755950.0,False,True,False,531.35,0.73,3.449,-8.012,-2.323,122436.0,73700812.6,1.066,541.77,557.704,577.63,530.247,2.0,53.0,-11.674,-17.821,20.463,-20.559
CADL,Candel Therapeutics Inc.,NASDAQ,Health Care,Biotechnology: Biological Products (No Diagnostic Substances),778958992.0,False,True,True,10.23,0.491,6.794,-10.694,-1.574,1220420.0,13755532.25,0.803,10.696,11.069,11.455,7.988,2.0,90.0,-21.126,3.858,103.785,-26.929
CAE,CAE Inc. Common Shares,NASDAQ,Miscellaneous,Industrial Machinery/Components,7717815383.0,False,True,False,23.71,-1.249,2.52,-5.544,-2.2,815356.0,22256646.35,0.577,24.118,24.269,25.102,27.203,4.0,36.0,-3.185,-8.843,-11.497,-30.754
CAH,Cardinal Health Inc.,NYSE,Health Care,Other Pharmaceuticals,52864998464.0,True,False,False,233.12,2.111,2.473,0.368,0.149,1845292.0,432513848.8,0.933,226.937,228.131,232.264,217.199,2.0,76.0,-6.013,-2.523,10.136,-9.539
CAI,Caris Life Sciences Inc.,NASDAQ,Health Care,Medical Specialities,7997443764.0,False,True,False,30.39,7.385,5.075,22.79,4.49,5277248.0,147087234.2,0.94,29.975,29.025,24.75,21.227,2.0,91.0,20.024,73.955,59.863,-9.701
CAKE,Cheesecake Factory Incorporated (The),NASDAQ,Consumer Discretionary,Restaurants,5456253518.0,False,True,False,109.03,-0.565,3.278,3.076,0.939,1676194.0,139082592.8,0.487,106.292,105.242,105.776,73.88,2.0,93.0,1.726,40.629,92.547,-7.96
CAL,Caleres Inc.,NYSE,Consumer Discretionary,Shoe Manufacturing,421650819.0,False,False,True,12.25,0.245,4.933,-4.295,-0.871,535002.0,7279551.25,0.712,12.305,12.347,12.8,12.399,1.0,49.0,1.756,3.204,11.583,-17.904
CALC,CalciMedica Inc.,NASDAQ,Health Care,Biotechnology: Pharmaceutical Preparations,10925267.0,False,True,False,1.54,-3.75,11.041,-41.255,-3.737,76397.2,124844.099,0.348,1.69,1.879,2.621,6.683,4.0,25.0,-30.0,-67.782,-50.641,-95.722
CALM,Cal-Maine Foods Inc.,NASDAQ,Consumer Staples,Farming/Seeds/Milling,3114196569.0,False,True,True,64.99,-2.52,3.83,-17.019,-4.443,1030074.0,94489558.0,2.579,68.133,70.843,78.319,79.791,4.0,25.0,-14.521,-23.908,-17.323,-31.769
CALX,Calix Inc,NYSE,Consumer Discretionary,Telecommunications Equipment,2191776457.0,False,False,True,34.34,-1.35,3.217,-6.709,-2.085,992290.0,39563011.5,0.972,34.42,34.946,36.809,44.173,4.0,22.0,-7.364,-10.596,-28.844,-51.783
CALY,Callaway Golf Company,NYSE,Consumer Discretionary,Recreational Games/Products/Toys,2579477028.0,False,False,True,14.28,-1.176,2.907,-10.749,-3.697,1955880.0,32979098.0,1.068,14.424,14.751,16.0,15.312,1.0,69.0,-9.16,-21.409,0.705,-29.586
CAMP,CAMP4 Therapeutics Corporation,NASDAQ,Health Care,Biotechnology: Pharmaceutical Preparations,251012800.0,False,True,True,4.01,0.25,8.624,-3.397,-0.394,275484.0,1175665.209,1.384,3.975,4.034,4.151,4.464,4.0,82.0,-10.69,-8.864,-10.69,-48.258
CAMT,Camtek Ltd.,NASDAQ,Technology,Electronic Components,7689364390.0,False,True,False,162.05,-1.901,4.811,9.608,1.997,441318.0,58156120.3,1.539,153.904,150.271,147.845,155.951,2.0,83.0,16.667,21.604,1.841,-24.973
CAPR,Capricor Therapeutics Inc.,NASDAQ,Health Care,Biotechnology: Pharmaceutical Preparations,520343952.0,False,True,True,7.78,-13.073,11.731,3.775,0.322,8182152.0,33815144.65,0.825,8.684,8.744,7.497,22.605,4.0,91.0,-16.164,-64.986,-75.442,-80.728
CAR,Avis Budget Group Inc.,NASDAQ,Consumer Discretionary,Rental/Leasing Companies,3928930360.0,False,True,True,107.98,-2.913,5.502,-17.99,-3.27,422934.0,51563962.2,0.892,109.433,115.015,131.667,155.923,4.0,29.0,-22.042,-30.555,-49.21,-87.262
CARE,Carter Bankshares Inc.,NASDAQ,Finance,Major Banks,681540878.0,False,True,True,30.55,-0.65,2.428,-3.895,-1.604,330950.0,8127308.5,0.368,30.389,30.627,31.788,26.396,2.0,80.0,-3.84,-5.189,30.559,-15.023
CARG,CarGurus Inc. Class A Common Stock ,NASDAQ,Technology,EDP Services,2673985810.0,False,True,True,29.35,-2.232,4.341,-15.456,-3.56,1048474.0,43917221.0,2.04,30.845,31.99,34.716,33.586,4.0,30.0,-14.256,-15.951,-15.54,-28.797
CARL,Carlsmed Inc.,NASDAQ,Health Care,Medical/Dental Instruments,389610143.0,False,True,True,15.3,7.218,5.164,4.056,0.785,123996.0,1264256.15,1.053,14.631,14.813,14.704,12.26,2.0,77.0,-1.418,21.718,57.895,-11.201
CARR,Carrier Global Corporation Common Stock ,NYSE,Industrials,Industrial Machinery/Components,45436797142.0,True,False,False,55.73,1.107,2.765,-5.907,-2.136,6755836.0,406191332.8,0.726,55.44,56.118,59.229,61.352,1.0,40.0,-5.67,-18.552,0.971,-27.136
CARS,Cars.com Inc. Common Stock ,NYSE,Technology,EDP Services,536933121.0,False,False,True,9.7,-3.29,4.731,-16.368,-3.46,629266.0,7420315.45,1.644,10.356,10.766,11.598,10.778,4.0,34.0,-17.727,-13.547,8.744,-29.145
CART,Maplebear Inc.,NASDAQ,Consumer Discretionary,Business Services,10502002950.0,False,True,False,45.67,3.209,3.464,-3.685,-1.064,4017970.0,194274835.6,1.015,44.491,45.402,47.417,42.594,2.0,60.0,-11.698,-5.012,11.336,-13.307
CASH,Pathward Financial Inc.,NASDAQ,Finance,Major Banks,1536397854.0,False,True,True,73.42,-0.73,2.348,-9.898,-4.216,211688.0,19471855.55,1.129,73.795,75.652,81.485,84.923,1.0,43.0,-11.24,-18.768,-20.148,-27.403
CASS,Cass Information Systems Inc,NASDAQ,Consumer Discretionary,Business Services,692300415.0,False,True,True,54.15,0.166,2.029,-2.903,-1.431,83110.0,4746810.762,0.585,54.141,54.569,55.769,48.228,2.0,76.0,-2.8,3.538,22.534,-8.668
CAST,FreeCast Inc.,NASDAQ,Technology,EDP Services,59929149.0,False,True,False,1.17,-0.847,12.548,-13.024,-1.038,5228880.0,873809.247,0.105,1.207,1.274,1.345,,,,-15.827,-66.571,-73.349,-96.455
CASY,Casey's General Stores Inc.,NASDAQ,Consumer Discretionary,Retail-Auto Dealers and Gas Stations,22832512766.0,True,True,False,617.33,-0.07,3.596,-16.638,-4.627,513372.0,508788225.6,1.182,612.5,634.301,740.542,731.951,1.0,48.0,-18.603,-22.967,-17.325,-33.417
CAT,Caterpillar Inc.,NYSE,Industrials,Construction/Ag Equipment/Trucks,388618344658.0,True,False,False,848.14,0.322,2.855,3.1,1.086,2644002.0,1897600499.2,0.87,825.85,819.826,822.637,794.649,2.0,81.0,5.999,-9.616,18.037,-20.843
CATX,Perspective Therapeutics Inc.,AMEX,Health Care,Biotechnology: Pharmaceutical Preparations,315058590.0,False,False,True,2.57,-6.884,7.303,-13.392,-1.834,1583530.0,7022475.375,2.249,2.687,2.769,2.967,3.608,1.0,32.0,-17.628,-24.854,-41.324,-58.279
CATY,Cathay General Bancorp,NASDAQ,Finance,Major Banks,4058868809.0,False,True,True,60.48,-0.592,1.839,-2.679,-1.457,441598.0,31283326.5,1.165,60.646,61.067,62.145,55.778,2.0,69.0,-3.356,-0.989,19.318,-6.754
CB,Chubb Limited,NYSE,Finance,Property-Casualty Insurers,127657315345.0,True,False,False,330.49,-0.121,1.514,-3.231,-2.135,1654576.0,561582974.4,1.641,332.267,334.848,341.526,328.255,2.0,59.0,-4.813,-7.741,1.72,-9.407
CBAN,Colony Bankcorp Inc.,NYSE,Finance,Major Banks,433968734.0,False,False,True,20.41,-0.196,2.257,-4.435,-1.965,161034.0,3318183.75,0.699,20.521,20.749,21.357,20.055,2.0,68.0,-5.114,1.741,1.86,-9.127
CBAT,CBAK Energy Technology Limited,NASDAQ,Miscellaneous,Industrial Machinery/Components,123217712.0,False,True,False,1.31,-5.755,8.749,42.826,4.895,573064.0,827492.547,0.491,1.278,1.19,0.917,0.831,2.0,97.0,27.184,162.0,61.728,-15.484
CBC,Central Bancompany Inc.,NASDAQ,Finance,Major Banks,7671349410.0,False,True,False,31.93,-0.312,2.34,-1.094,-0.467,1135296.0,56667071.4,0.667,31.79,31.879,32.283,27.582,,,-2.295,2.823,32.887,-5.228
CBIO,Crescent Biopharma Inc.,NASDAQ,Health Care,Biotechnology: Pharmaceutical Preparations,531901221.0,False,True,True,13.94,-2.654,8.744,-16.926,-1.936,358954.0,8748847.675,0.521,14.829,15.741,16.78,15.737,1.0,64.0,-31.667,-18.144,-28.07,-49.143
CBL,CBL & Associates Properties Inc.,NYSE,Real Estate,Real Estate Investment Trusts,1692568808.0,False,False,True,54.21,-0.896,2.495,-1.392,-0.558,250326.0,14358306.6,0.525,53.721,53.777,54.975,44.999,2.0,87.0,-0.146,2.447,35.982,-9.206
CBLL,CeriBell Inc.,NASDAQ,Health Care,Biotechnology: Electromedical & Electrotherapeutic Apparatus,909177213.0,False,True,True,24.86,4.939,3.684,9.133,2.479,384584.0,8476427.65,0.623,24.225,24.094,22.78,20.38,2.0,93.0,1.18,25.239,36.819,-2.993
CBNK,Capital Bancorp Inc.,NASDAQ,Finance,Major Banks,658948945.0,False,True,True,40.02,-1.063,2.365,8.284,3.504,79952.0,4924718.569,2.924,38.18,37.395,36.958,32.598,2.0,78.0,9.195,15.13,32.901,-1.671
CBOE,CBOE,,Unknown,Unknown,,True,False,False,277.47,2.289,4.082,-3.364,-0.824,1080564.0,321396756.8,1.262,271.383,274.716,287.13,286.044,1.0,68.0,-7.045,7.578,-5.822,-24.882
CBRE,CBRE Group Inc Common Stock Class A,NYSE,Finance,Real Estate,37523167115.0,True,False,False,129.4,-0.139,3.127,-10.011,-3.202,1802536.0,285484707.2,1.111,132.465,135.959,143.795,144.996,4.0,35.0,-13.003,-9.97,-4.986,-25.747
CBRL,Cracker Barrel Old Country Store Inc,NASDAQ,Consumer Discretionary,Restaurants,1246371497.0,False,True,True,56.32,1.004,4.711,4.589,0.974,946762.0,58076627.6,0.798,52.524,51.719,53.849,38.976,2.0,85.0,4.2,14.338,92.502,-6.538
CBRS,Cerebras Systems Inc.,NASDAQ,Technology,Semiconductors,39537783344.0,False,True,False,181.55,9.085,7.863,-9.543,-1.214,7055504.0,1355511206.4,2.189,185.655,190.701,200.703,,,,-4.668,2.797,,-53.008
CBSH,Commerce Bancshares Inc.,NASDAQ,Finance,Major Banks,7928930800.0,False,True,False,55.14,-0.253,1.728,-4.751,-2.749,994224.0,61435445.6,1.23,55.608,56.299,57.891,53.779,2.0,49.0,-5.086,-5.845,11.453,-9.059
CBT,Cabot Corporation,NYSE,Industrials,Major Chemicals,3973005989.0,False,False,True,77.38,0.559,2.748,-6.195,-2.254,422812.0,33428319.3,1.173,77.684,78.721,82.49,78.266,1.0,49.0,-4.693,-10.977,5.157,-17.682
CBU,Community Financial System Inc.,NYSE,Finance,Major Banks,3193259274.0,False,False,True,60.13,-0.923,1.866,-4.344,-2.327,252010.0,19328450.2,1.219,60.565,61.197,62.86,61.928,1.0,50.0,-4.554,-9.351,1.636,-14.782
CBUS,Cibus Inc.,NASDAQ,Industrials,Agricultural Chemicals,130693528.0,False,True,False,1.68,-1.754,7.236,-0.703,-0.097,135800.0,213998.7,1.704,1.609,1.602,1.692,1.888,1.0,71.0,6.329,12.0,-12.042,-59.914
CBZ,CBIZ Inc.,NYSE,Consumer Discretionary,Business Services,2967691543.0,False,False,True,54.72,0.055,0.393,0.719,1.831,1484882.0,54015974.7,0.582,54.689,54.555,54.329,39.922,2.0,87.0,-0.346,47.892,93.494,-3.882
CC,Chemours Company (The),NYSE,Industrials,Major Chemicals,2063341221.0,False,False,True,13.89,1.313,3.944,-8.868,-2.249,2279874.0,27641087.6,0.984,14.018,14.387,15.242,18.214,1.0,44.0,-10.271,-25.886,-35.391,-51.098
CCAP,Crescent Capital BDC Inc. Common stock,NASDAQ,Finance,Finance: Consumer Services,332350487.0,False,True,True,9.02,0.0,2.374,-10.548,-4.443,255566.0,3005480.512,1.235,9.206,9.419,10.084,11.334,4.0,27.0,-10.494,-15.036,-22.349,-32.764
CCB,Coastal Financial Corporation,NASDAQ,Finance,Major Banks,614051756.0,False,True,True,40.95,1.942,5.73,-13.723,-2.395,307314.0,10461872.725,0.62,41.705,43.652,47.464,75.132,4.0,12.0,-16.751,-47.493,-47.967,-65.889
CCBG,Capital City Bank Group,NASDAQ,Finance,Major Banks,849846329.0,False,True,True,49.31,-0.705,1.935,-2.942,-1.52,73506.0,3983834.662,0.687,49.33,49.701,50.805,46.191,2.0,65.0,-3.676,1.056,11.601,-7.522
CCC,CCC Intelligent Solutions Holdings Inc.,NASDAQ,Technology,Computer Software: Prepackaged Software,3863805258.0,False,True,True,6.58,0.305,4.454,-3.635,-0.816,10708824.0,83991945.6,0.694,6.642,6.717,6.828,6.134,3.0,44.0,-8.864,16.254,7.692,-31.063
CCCC,C4 Therapeutics Inc.,NASDAQ,Health Care,Biotechnology: Biological Products (No Diagnostic Substances),362924151.0,False,True,True,2.99,1.356,7.233,-17.415,-2.408,2297406.0,6683924.0,0.623,3.134,3.279,3.62,3.118,1.0,68.0,-20.053,-31.264,5.282,-42.166
CCD,Calamos Dynamic Convertible & Income Fund,NASDAQ,Finance,Trusts Except Educational Religious and Charitable,0.0,False,True,False,22.9,0.351,2.21,-5.616,-2.541,60880.0,1534004.469,1.024,22.938,23.294,24.263,22.922,1.0,59.0,-4.793,-7.909,8.73,-13.822
CCEP,Coca-Cola Europacific Partners plc,NASDAQ,Consumer Staples,Beverages (Production/Distribution),45879464679.0,False,True,False,101.47,0.406,1.983,-4.026,-2.03,1832346.0,191421488.8,1.18,101.586,102.473,105.727,98.324,2.0,61.0,-7.036,-4.723,9.942,-10.733
CCI,Crown Castle Inc.,NYSE,Real Estate,Real Estate Investment Trusts,28267259367.0,True,False,False,67.58,1.716,2.819,-7.419,-2.632,3475360.0,259176722.4,0.937,68.133,69.903,72.996,80.867,4.0,30.0,-11.257,-11.211,-19.877,-29.293
CCII,Cohen Circle Acquisition Corp. II Class A,NASDAQ,Unknown,Unknown,0.0,False,True,False,10.29,-0.194,0.12,-0.288,-2.401,60888.0,929066.848,0.82,10.302,10.307,10.32,10.289,3.0,52.0,-0.484,-0.291,0.39,-2.0
CCL,Carnival Corporation Ltd. Common Shares,NYSE,Consumer Discretionary,Marine Transportation,34637156923.0,True,False,False,25.56,-0.776,3.498,1.314,0.376,22060604.0,628482915.2,1.0,24.18,23.834,25.229,27.233,4.0,43.0,8.859,-3.696,-0.457,-23.683
CCLD,CareCloud Inc.,NASDAQ,Technology,Computer Software: Prepackaged Software,85837595.0,False,True,False,2.04,0.99,4.072,-11.711,-2.876,340252.0,455529.749,0.389,2.063,2.117,2.311,2.597,4.0,28.0,-8.929,-4.673,-37.037,-47.013
CCNE,CNB Financial Corporation,NASDAQ,Finance,Major Banks,1010072179.0,False,True,True,34.01,-0.264,2.035,-0.715,-0.351,154874.0,4952078.288,0.602,33.851,33.932,34.255,30.69,2.0,77.0,-0.99,2.463,14.948,-5.441
CCO,Clear Channel Outdoor Holdings Inc.,NYSE,Consumer Discretionary,Advertising,1216734290.0,False,False,True,2.4,0.418,1.099,0.764,0.695,7575118.0,11413851.462,0.554,2.376,2.375,2.382,2.341,2.0,80.0,0.84,-0.415,0.84,-1.639
CCOI,Cogent Communications Holdings Inc.,NASDAQ,Consumer Discretionary,Telecommunications Equipment,433285127.0,False,True,True,8.88,4.965,8.414,-10.89,-1.294,1980172.0,21011481.15,1.229,8.324,8.653,9.965,17.048,4.0,10.0,-11.022,-23.69,-53.649,-80.462
CCS,Century Communities Inc.,NYSE,Consumer Discretionary,Homebuilding,1702277723.0,False,False,True,58.13,-2.906,3.467,-11.519,-3.323,257482.0,15727653.7,0.89,60.469,61.65,65.698,62.113,1.0,41.0,-9.001,-10.737,1.752,-22.338
CCSI,Consensus Cloud Solutions Inc.,NASDAQ,Technology,Computer Software: Prepackaged Software,647969242.0,False,True,True,36.38,2.885,3.999,-1.059,-0.265,155640.0,4715718.162,0.638,35.583,35.85,36.769,30.596,2.0,74.0,3.558,-0.791,48.067,-12.126
CD,Chaince Digital Holdings Inc.,NASDAQ,Finance,Finance: Consumer Services,741425612.0,False,True,False,7.51,11.424,9.243,98.951,10.705,231348.0,1020881.203,0.616,5.962,5.092,3.775,4.903,3.0,84.0,106.319,73.441,76.291,-79.576
CDIO,Cardio Diagnostics Holdings Inc. Common stock,NASDAQ,Health Care,Biotechnology: In Vitro & In Vivo Diagnostic Substances,5800559.0,False,True,False,2.06,5.102,6.625,9.03,1.363,64730.0,66522.86,0.604,1.953,1.946,1.889,2.167,4.0,25.0,12.568,7.853,4.04,-73.957
CDNA,CareDx Inc.,NASDAQ,Health Care,Medical Specialities,3473953074.0,False,True,True,69.85,4.021,4.365,37.208,8.524,1247146.0,80966900.4,1.312,63.697,59.448,50.908,29.01,2.0,98.0,40.092,146.733,291.975,-1.272
CDNL,Cardinal Infrastructure Group Inc.,NASDAQ,Industrials,Military/Government/Technical,1489785944.0,False,True,True,28.71,-6.573,9.332,-30.207,-3.237,688346.0,19588801.5,0.589,29.733,31.819,41.136,44.238,,,-18.784,-62.149,-30.451,-70.218
CDNS,Cadence Design Systems Inc.,NASDAQ,Technology,Computer Software: Prepackaged Software,96759330550.0,True,True,False,353.48,0.606,3.428,10.76,3.139,2509628.0,821771264.0,0.778,331.58,320.911,319.14,325.864,3.0,53.0,15.941,-4.738,26.518,-15.17
CDP,COPT Defense Properties Common Shares of Beneficial Interest,NYSE,Real Estate,Real Estate Investment Trusts,3807189075.0,False,False,True,33.36,-0.626,2.05,-6.36,-3.103,864698.0,33724871.8,1.044,33.639,34.092,35.626,32.521,2.0,61.0,-4.605,-8.543,9.056,-13.434
CDRE,Cadre Holdings Inc.,NYSE,Health Care,Industrial Specialties,1070518350.0,False,False,True,25.0,0.0,4.389,-16.428,-3.743,433474.0,13255742.5,1.024,25.721,26.771,29.914,33.426,4.0,27.0,-16.332,-14.484,-22.706,-48.386
CDTG,CDT Environmental Technology Investment Holdings Limited ordinary shares,NASDAQ,Industrials,Miscellaneous,3232470.0,False,True,False,1.03,-3.738,25.407,-22.525,-0.887,5460770.0,2096359.001,0.009,1.167,1.221,1.329,5.546,4.0,5.0,14.444,-49.01,-87.165,-94.507
CDW,CDW Corporation,NASDAQ,Consumer Discretionary,Catalog/Specialty Distribution,16663572712.0,True,True,False,133.92,0.473,4.378,-5.781,-1.321,1715228.0,215363065.6,0.64,136.007,139.255,142.137,130.498,3.0,41.0,-12.994,-3.354,9.628,-15.894
CDXS,Codexis Inc.,NASDAQ,Industrials,Major Chemicals,148927840.0,False,True,False,1.39,2.206,5.819,-5.941,-1.021,1224124.0,1114768.297,0.73,1.374,1.403,1.478,1.851,4.0,19.0,-2.113,-46.538,-26.455,-53.356
CDZI,CADIZ Inc.,NASDAQ,Utilities,Water Supply,324313197.0,False,True,True,3.57,-6.789,6.731,-1.009,-0.15,999990.0,4096177.95,0.777,3.7,3.711,3.606,4.546,4.0,32.0,-10.973,-12.5,-30.137,-48.707
CE,Celanese Corporation,NYSE,Industrials,Major Chemicals,4849805040.0,False,False,True,45.53,3.032,4.14,0.727,0.176,1867200.0,93049042.2,0.762,45.373,45.577,45.201,51.235,1.0,58.0,0.73,-6.408,-28.544,-35.558
CECO,CECO Environmental Corp.,NASDAQ,Industrials,Pollution Control Equipment,4314253678.0,False,True,True,74.96,1.765,5.036,3.811,0.757,846320.0,51303559.7,0.737,72.675,72.659,72.208,72.079,2.0,74.0,0.82,-4.921,24.229,-25.958
CEG,Constellation Energy Corporation Common Stock ,NASDAQ,Utilities,Electric Utilities: Central,91230607019.0,True,True,False,267.62,3.934,4.039,-1.323,-0.327,2816112.0,821515198.4,1.25,262.297,265.494,271.207,286.576,4.0,44.0,-6.115,11.815,-2.439,-34.791
CELC,Celcuity Inc.,NASDAQ,Health Care,Medical Specialities,3527990567.0,False,True,True,73.62,2.108,6.136,-15.459,-2.519,941312.0,86413557.0,1.826,77.545,80.942,87.082,104.295,4.0,77.0,-23.654,-36.381,-35.545,-51.251
CELH,Celsius Holdings Inc.,NASDAQ,Consumer Staples,Beverages (Production/Distribution),6768687507.0,False,True,False,27.52,2.879,4.618,-6.377,-1.381,9649002.0,207028837.6,0.725,27.738,28.31,29.395,36.35,4.0,18.0,-12.939,-13.186,-23.831,-58.765
CELU,Celularity Inc.,NASDAQ,Health Care,Biotechnology: Pharmaceutical Preparations,51919627.0,False,True,False,1.71,6.875,9.597,50.332,5.245,4958465.92,233901.848,0.057,1.449,1.385,1.137,1.095,3.0,96.0,-6.557,135.213,22.143,-32.941
CENT,Central Garden & Pet Company,NASDAQ,Consumer Discretionary,Consumer Specialties,2491811326.0,False,True,True,39.7,-0.276,2.203,-5.942,-2.697,101204.0,3145001.012,0.711,39.641,40.174,42.208,38.931,2.0,62.0,-4.796,-7.221,9.186,-15.478
CENTA,Central Garden & Pet Company Class A Common Stock Nonvoting,NASDAQ,Consumer Discretionary,Consumer Specialties,2145674259.0,False,True,True,34.26,-0.058,2.545,-6.438,-2.53,308390.0,10640895.0,1.027,34.198,34.689,36.617,34.396,1.0,59.0,-4.992,-8.494,6.53,-16.029
CENX,Century Aluminum Company,NASDAQ,Industrials,Aluminum,3526141168.0,False,True,True,36.94,3.706,4.863,-15.349,-3.156,1908866.0,71159048.3,0.976,37.407,39.297,43.638,50.52,1.0,69.0,-22.248,-18.419,-42.764,-47.551
CEPL,Capstone Energy Plus Inc.,NASDAQ,Industrials,Industrial Machinery/Components,146589093.0,False,True,False,4.15,-7.778,12.852,-34.175,-2.659,486546.0,3053738.894,0.829,4.737,5.209,6.305,,,,-29.422,,,-66.342
CERS,Cerus Corporation,NASDAQ,Health Care,Medical/Dental Instruments,459476767.0,False,True,True,2.34,2.632,4.796,-9.792,-2.042,2220854.0,4582113.175,0.83,2.429,2.498,2.594,2.434,1.0,77.0,-8.949,-27.329,26.486,-32.565
CERT,Certara Inc.,NASDAQ,Technology,Computer Software: Prepackaged Software,1427762981.0,False,True,True,10.07,7.585,3.95,21.069,5.334,3094986.0,24129872.25,0.95,9.218,8.855,8.318,7.191,3.0,75.0,23.862,40.446,84.432,-27.45
CEVA,CEVA Inc.,NASDAQ,Technology,Computer Software: Programming Data Processing,1044516071.0,False,True,True,36.66,-1.186,4.627,17.809,3.849,813878.0,21154575.75,0.672,34.819,33.118,31.118,29.755,2.0,82.0,38.654,-14.266,86.755,-28.953
CF,CF Industries Holdings Inc.,NYSE,Industrials,Agricultural Chemicals,17405398331.0,True,False,False,116.02,0.878,3.85,-6.486,-1.685,2514016.0,319043062.4,0.831,117.856,121.305,124.066,111.915,2.0,77.0,-15.812,1.46,-10.602,-18.1
CFFI,C&F Financial Corporation,NASDAQ,Finance,Major Banks,319641225.0,False,True,True,99.46,1.18,2.86,10.116,3.538,58306.0,7117853.262,1.389,96.629,94.933,90.323,78.145,2.0,86.0,5.636,24.954,38.648,-0.639
CFFN,Capitol Federal Financial Inc.,NASDAQ,Finance,Savings Institutions,1078491268.0,False,True,True,8.55,-0.35,2.083,-1.896,-0.91,918842.0,9023364.05,1.077,8.558,8.624,8.715,7.746,2.0,76.0,-2.841,3.126,19.075,-6.786
CFG,Citizens Financial Group Inc.,NYSE,Finance,Major Banks,27094302772.0,True,False,False,64.31,-0.031,2.173,-7.649,-3.521,3555134.0,277899125.6,0.981,64.88,66.222,69.636,64.596,1.0,62.0,-9.205,-9.825,6.161,-14.629
CG,The Carlyle Group Inc.,NASDAQ,Finance,Investment Managers,14189172016.0,False,True,False,39.32,-1.256,3.464,-12.954,-3.74,3751734.0,142994879.6,0.973,40.065,41.289,45.172,48.913,4.0,26.0,-17.654,-10.018,-14.888,-40.342
CGBD,Carlyle Secured Lending Inc.,NASDAQ,Finance,Finance: Consumer Services,732768788.0,False,True,True,10.56,-0.845,2.303,-2.302,-0.999,487404.0,4282990.925,0.994,10.778,10.871,10.809,10.613,1.0,51.0,-5.758,4.945,2.056,-10.079
CGEM,Cullinan Therapeutics Inc.,NASDAQ,Health Care,Biotechnology: Biological Products (No Diagnostic Substances),998141304.0,False,True,True,16.04,3.417,7.508,-17.356,-2.312,914272.0,24295718.85,1.185,16.36,17.724,19.409,15.383,2.0,92.0,-27.617,-11.674,7.507,-30.832
CGEN,Compugen Ltd.,NASDAQ,Health Care,Biotechnology: Biological Products (No Diagnostic Substances),218490509.0,False,True,False,2.31,0.0,3.858,-5.845,-1.515,250920.0,416111.151,0.792,2.361,2.404,2.453,2.258,2.0,71.0,-9.766,-3.347,5.963,-28.704
CGNT,Cognyte Software Ltd.,NASDAQ,Technology,Computer Software: Prepackaged Software,645889330.0,False,True,False,8.77,0.343,3.381,0.576,0.17,583930.0,5621884.812,0.641,8.638,8.598,8.72,8.859,4.0,53.0,3.42,-3.626,0.458,-28.757
CGNX,Cognex Corporation,NASDAQ,Industrials,Industrial Machinery/Components,10929503015.0,False,True,False,64.37,-0.924,3.349,3.791,1.132,1894636.0,97788425.8,1.205,61.651,61.211,62.019,55.786,2.0,78.0,5.889,0.39,30.345,-11.553
CGON,CG Oncology Inc. Common stock,NASDAQ,Health Care,Biotechnology: Biological Products (No Diagnostic Substances),5972588468.0,False,True,False,68.71,1.974,4.882,-7.121,-1.459,872784.0,77947598.2,0.903,70.082,71.603,73.978,64.062,2.0,85.0,-7.561,-0.708,1.717,-15.141
CGTL,Creative Global Technology Holdings Limited Class A,NASDAQ,Technology,Retail: Computer Software & Peripheral Equipment,6464399.0,False,True,False,3.75,-0.266,9.162,-9.636,-1.052,416470.0,143916.351,0.004,3.869,3.949,4.15,16.923,4.0,54.0,-14.384,-17.219,-78.992,-96.094
CHA,Chagee Holdings Limited American Depositary Shares,NASDAQ,Consumer Discretionary,Restaurants,2094581319.0,False,True,False,11.19,1.913,3.834,-0.411,-0.107,911590.0,12851642.25,0.69,11.399,11.504,11.236,11.169,3.0,33.0,-1.496,0.902,7.39,-32.369
CHCO,City Holding Company,NASDAQ,Finance,Major Banks,2005929751.0,False,True,True,141.77,-0.735,1.736,-1.43,-0.824,115252.0,19021884.9,0.893,141.324,141.845,143.827,128.768,2.0,68.0,-2.194,7.467,16.782,-4.846
CHCT,Community Healthcare Trust Incorporated,NYSE,Real Estate,Real Estate Investment Trusts,390265328.0,False,False,True,13.36,-1.909,2.407,-11.617,-4.827,380330.0,5605760.85,1.562,14.04,14.315,15.116,16.052,1.0,39.0,-10.336,-24.126,-12.416,-28.699
CHD,Church & Dwight Company Inc.,NYSE,Consumer Discretionary,Package Goods/Cosmetics,22370700469.0,True,False,False,95.66,1.431,1.685,-2.703,-1.604,1869424.0,182818768.4,1.076,95.116,95.759,98.317,95.606,2.0,57.0,-2.972,-3.03,3.366,-9.218
CHDN,Churchill Downs Incorporated,NASDAQ,Consumer Discretionary,Services-Misc. Amusement & Recreation,5300703480.0,False,True,True,77.57,1.999,3.667,-8.779,-2.394,1109834.0,96246946.4,1.206,77.714,79.961,85.035,91.031,4.0,35.0,-14.078,-10.043,-13.417,-34.457
CHEF,The Chefs' Warehouse Inc.,NASDAQ,Consumer Discretionary,Food Distributors,4749479983.0,False,True,True,111.07,-4.595,3.671,0.603,0.164,689458.0,72226509.4,1.189,111.928,111.302,110.404,82.5,2.0,90.0,-2.749,13.094,87.555,-6.278
CHGA,Change Agents Corporation,NASDAQ,Technology,EDP Services,2811742.0,False,True,False,2.29,-8.765,17.331,-24.92,-1.438,850811.8,4069457.875,0.118,2.263,2.349,3.05,9.9,4.0,3.0,-5.761,-58.364,-80.087,-95.346
CHH,Choice Hotels International Inc.,NYSE,Consumer Discretionary,Hotels/Resorts,4630892600.0,False,False,True,99.58,-2.849,3.079,-4.41,-1.432,535384.0,60379992.8,1.637,101.251,101.252,104.175,105.618,1.0,43.0,0.464,-9.995,-5.402,-19.139
CHI,Calamos Convertible Opportunities and Income Fund,NASDAQ,Finance,Investment Managers,0.0,False,True,False,11.525,-0.389,2.138,-7.032,-3.288,155930.0,2050545.662,1.494,11.671,11.906,12.397,11.626,1.0,58.0,-7.234,-9.648,7.576,-13.288
CHKP,Check Point Software Technologies Ltd.,NASDAQ,Technology,Computer Software: Prepackaged Software,13308817642.0,False,True,False,129.58,-0.591,3.508,-1.944,-0.554,1136026.0,157703641.6,0.791,131.232,132.373,132.149,145.261,4.0,26.0,-5.698,-6.609,-12.558,-38.489
CHMG,Chemung Financial Corp,NASDAQ,Finance,Major Banks,395023201.0,False,True,True,81.91,-0.024,2.303,-0.38,-0.165,66972.0,6830066.325,1.359,81.763,82.056,82.223,67.367,2.0,84.0,-2.726,10.675,51.695,-4.344
CHPT,ChargePoint Holdings Inc.,NYSE,Miscellaneous,Industrial Machinery/Components,249439510.0,False,False,True,8.93,-3.875,8.804,21.655,2.46,2038440.0,15657062.75,0.413,9.348,8.972,7.34,6.572,2.0,82.0,-1.652,53.173,81.504,-29.183
CHRD,Chord Energy Corporation,NASDAQ,Energy,Oil & Gas Production,7494155443.0,False,True,False,139.11,1.533,3.201,-1.401,-0.438,718258.0,104385815.6,0.788,138.141,140.177,141.087,124.064,2.0,86.0,-6.007,20.117,-0.433,-11.429
CHRN,ChronoScale Holdings Corporation,NASDAQ,Industrials,Industrial Machinery/Components,2797695453.0,False,True,True,18.6,-3.175,9.335,-9.434,-1.011,151622.0,2412570.738,0.871,19.597,19.841,20.538,15.133,2.0,95.0,-7.371,6.164,90.769,-38.0
CHRS,Coherus Oncology Inc.,NASDAQ,Health Care,Biotechnology: Biological Products (No Diagnostic Substances),179221121.0,False,True,True,1.12,-3.448,7.643,-14.784,-1.934,1211880.0,1865104.184,1.657,1.188,1.236,1.314,1.571,1.0,23.0,-18.248,-32.934,-32.934,-57.187
CHRW,C.H. Robinson Worldwide Inc.,NASDAQ,Industrials,Integrated Freight & Logistics,18429780412.0,True,True,False,140.61,-10.848,4.148,-6.296,-1.518,1757718.0,271526040.0,4.925,149.497,150.16,150.058,171.034,1.0,43.0,-3.731,-26.045,-16.159,-32.86
CHSN,Chanson International Holding Class A,NASDAQ,Consumer Staples,Packaged Foods,4006570.0,False,True,False,1.06,-1.852,9.752,-1.156,-0.119,128970.0,144018.8,0.209,1.087,1.087,1.072,99.472,4.0,16.0,4.95,-0.469,-99.603,-99.68
CHTR,Charter Communications Inc. Class A Common Stock New,NASDAQ,Telecommunications,Cable & Other Pay Television Services,12522174101.0,True,True,False,107.77,-1.391,5.377,-22.992,-4.276,3023948.0,383823582.4,1.027,114.36,122.477,139.947,174.374,4.0,15.0,-28.808,-21.917,-51.009,-62.133
CHW,Calamos Global Dynamic Income Fund,NASDAQ,Finance,Investment Managers,0.0,False,True,False,8.02,0.25,2.091,-3.755,-1.796,178228.0,1540249.447,1.463,8.114,8.199,8.333,7.985,2.0,58.0,-5.637,-7.15,11.754,-10.791
CHY,Calamos Convertible and High Income Fund,NASDAQ,Finance,Investment Managers,0.0,False,True,False,11.66,-0.512,2.239,-7.175,-3.204,167638.0,2267432.862,1.082,11.876,12.113,12.561,11.939,1.0,55.0,-7.598,-11.313,8.498,-14.246
CHYM,Chime Financial Inc.,NASDAQ,Finance,Finance: Consumer Services,10316444275.0,False,True,False,28.29,3.817,4.507,-5.185,-1.151,8178898.0,237079433.2,0.591,27.812,28.854,29.837,23.514,2.0,87.0,-15.929,33.949,46.126,-20.422
CI,The Cigna Group,NYSE,Health Care,Medical Specialities,71484978678.0,True,False,False,271.29,0.281,2.674,-2.298,-0.859,1699174.0,461947776.0,0.904,271.978,274.027,277.671,277.225,1.0,44.0,-4.703,-4.823,-0.476,-12.055
CIA,Citizens Inc. Class A Common Stock ($1.00 Par),NYSE,Finance,Life Insurance,179276602.0,False,False,True,3.56,0.565,4.939,-9.021,-1.827,136882.0,448451.15,0.777,3.558,3.624,3.913,5.014,4.0,22.0,-10.327,-35.856,-31.141,-45.566
CIEN,Ciena Corporation,NYSE,Utilities,Telecommunications Equipment,55495348174.0,True,False,False,389.69,-0.422,5.522,4.212,0.763,2383420.0,909977740.8,1.038,368.337,363.738,373.938,392.223,1.0,92.0,22.752,-6.975,-10.263,-38.873
CIFR,Cipher Digital Inc.,NASDAQ,Finance,Finance: Consumer Services,6520132643.0,False,True,False,15.48,-1.464,8.861,-11.195,-1.263,34577078.0,601179072.0,0.856,16.393,16.739,17.431,18.322,4.0,54.0,-10.881,-24.377,15.955,-48.64
CIGI,Colliers International Group Inc. Subordinate Voting Shares,NASDAQ,Finance,Real Estate,4588101049.0,False,True,False,89.04,-0.824,3.216,-9.131,-2.839,243664.0,25451683.35,0.954,90.536,92.238,97.987,109.433,4.0,23.0,-11.658,-11.421,-17.924,-47.948
CII,BlackRock Enhanced Large Cap Core Fund Inc.,NYSE,Finance,Investment Bankers/Brokers/Service,3589638425.0,False,False,True,24.06,-0.29,1.417,-0.455,-0.321,80338.0,1558359.938,0.86,24.064,24.096,24.17,23.158,2.0,64.0,-1.5,-3.153,14.187,-6.448
CIIT,Tianci International Inc.,NASDAQ,Telecommunications,Computer Communications Equipment,2399130.0,False,True,False,2.58,4.032,10.547,-16.769,-1.59,136148.0,129601.05,0.148,2.603,2.697,3.1,15.658,4.0,4.0,-10.105,-50.575,-84.912,-96.387
CIM,Chimera Investment Corporation,NYSE,Real Estate,Real Estate Investment Trusts,775171435.0,False,False,True,9.18,-0.864,2.794,-15.727,-5.629,1055882.0,15506722.325,1.752,9.681,10.065,10.893,11.718,4.0,28.0,-16.995,-26.352,-23.849,-29.222
CINF,Cincinnati Financial Corporation,NASDAQ,Finance,Property-Casualty Insurers,24855769388.0,True,True,False,162.14,0.117,1.641,-4.641,-2.827,629034.0,118418478.4,0.965,162.765,164.8,170.03,165.652,1.0,46.0,-6.671,-13.75,2.448,-16.296
CING,Cingulate Inc.,NASDAQ,Health Care,Biotechnology: Pharmaceutical Preparations,69219092.0,False,True,False,4.75,-0.21,5.392,-6.672,-1.237,123880.0,465769.224,1.129,4.885,4.983,5.09,5.402,1.0,64.0,-9.004,-6.68,-23.387,-60.05
CION,CION Investment Corporation,NYSE,Finance,Finance/Investors Services,344418928.0,False,False,True,6.93,-1.0,2.413,-0.98,-0.406,456078.0,2437283.912,0.665,7.075,7.104,6.999,7.029,4.0,53.0,-4.512,13.538,6.982,-24.67
CIVB,Civista Bancshares Inc.,NASDAQ,Finance,Major Banks,561028541.0,False,True,True,26.82,-0.593,2.16,-3.163,-1.464,145038.0,3601502.85,0.642,26.828,27.013,27.696,25.191,2.0,71.0,-2.72,-3.448,17.278,-9.955
CJMB,Callan JMB Inc.,NASDAQ,Consumer Discretionary,Business Services,14035778.0,False,True,False,2.4,-1.639,9.503,12.275,1.292,689952.0,201543.65,0.052,2.327,2.274,2.138,1.546,2.0,98.0,13.744,216.623,83.206,-57.219
CL,Colgate-Palmolive Company,NYSE,Consumer Discretionary,Package Goods/Cosmetics,67169782572.0,True,False,False,86.19,2.291,1.752,-3.747,-2.138,4832946.0,483069504.0,1.242,85.822,86.731,89.545,87.869,1.0,55.0,-4.329,-8.782,3.186,-12.189
CLAR,Clarus Corporation,NASDAQ,Consumer Discretionary,Recreational Games/Products/Toys,132094135.0,False,True,False,3.45,0.0,3.239,-3.222,-0.995,123526.0,394910.85,0.58,3.472,3.519,3.565,3.194,2.0,63.0,-9.449,9.239,29.848,-12.719
CLBK,Columbia Financial Inc.,NASDAQ,Finance,Savings Institutions,3075509990.0,False,True,True,11.33,-0.701,2.256,-0.135,-0.06,4811706.0,55614379.0,0.524,11.252,11.313,11.345,9.161,2.0,87.0,-3.162,16.65,41.064,-5.583
CLBT,Cellebrite DI Ltd.,NASDAQ,Technology,Computer Software: Prepackaged Software,2782345534.0,False,True,False,11.2,1.174,4.167,-9.723,-2.333,3357536.0,32790766.8,0.927,11.208,11.396,12.406,14.049,4.0,20.0,-6.198,-32.408,-20.567,-43.944
CLDT,Chatham Lodging Trust (REIT) Common Shares of Beneficial Interest,NYSE,Real Estate,Real Estate Investment Trusts,637017600.0,False,False,True,13.72,0.292,2.545,4.679,1.838,296874.0,3870601.025,0.955,13.401,13.247,13.107,10.081,2.0,90.0,6.409,8.158,75.183,-0.867
CLDX,Celldex Therapeutics Inc.,NASDAQ,Health Care,Biotechnology: In Vitro & In Vivo Diagnostic Substances,2485459688.0,False,True,True,32.59,2.97,5.466,-14.764,-2.701,1331030.0,72483023.2,0.945,32.881,34.543,38.235,32.365,2.0,59.0,-17.221,-18.382,3.889,-27.802
CLFD,Clearfield Inc.,NASDAQ,Utilities,Telecommunications Equipment,454790813.0,False,True,True,33.16,-0.956,3.686,11.059,3.0,184994.0,4310368.825,0.734,31.697,30.932,29.858,32.365,2.0,51.0,17.09,2.062,23.731,-37.114
CLGN,CollPlant Biotechnologies Ltd,NASDAQ,Health Care,Industrial Specialties,6542241.0,False,True,False,3.41,-1.445,13.75,-0.837,-0.061,449054.4,317609.25,0.016,3.71,3.713,3.439,6.155,4.0,10.0,0.0,-5.278,-22.676,-87.276
CLIK,Click Holdings Limited Class A Ordinary Share,NASDAQ,Consumer Discretionary,Diversified Commercial Services,9076815.0,False,True,False,1.09,2.83,8.0,-17.13,-2.141,192226.0,540831.475,0.079,1.13,1.184,1.315,2.518,4.0,8.0,-20.438,-23.239,-28.289,-90.763
CLLS,Cellectis S.A. American Depositary Shares,NASDAQ,Health Care,Biotechnology: Pharmaceutical Preparations,143754005.0,False,True,False,1.41,-1.399,11.536,-45.311,-3.928,93832.0,346684.325,0.398,1.524,1.818,2.578,3.394,4.0,14.0,-57.53,-56.211,-59.012,-74.27
CLMB,Climb Global Solutions Inc.,NASDAQ,Technology,Retail: Computer Software & Peripheral Equipment,612068959.0,False,True,True,33.73,2.835,4.045,17.442,4.312,152762.0,4806021.125,0.971,32.006,30.759,28.721,25.201,2.0,77.0,19.695,32.691,62.32,-6.821
CLMT,Calumet Inc.,NASDAQ,Energy,Integrated oil Companies,4859014376.0,False,True,True,56.03,1.357,4.337,11.667,2.69,1367644.0,89362101.8,0.943,54.65,54.211,50.176,35.268,2.0,96.0,4.729,50.74,56.859,-6.414
CLNE,Clean Energy Fuels Corp.,NASDAQ,Utilities,Natural Gas Distribution,343894223.0,False,True,True,1.56,0.0,4.254,-7.627,-1.793,1778962.0,2843981.397,0.374,1.594,1.624,1.689,2.087,4.0,20.0,-3.704,-26.761,-37.097,-49.839
CLNN,Clene Inc.,NASDAQ,Health Care,Biotechnology: Pharmaceutical Preparations,57993042.0,False,True,False,3.91,-4.167,8.753,-10.165,-1.161,106256.0,598037.85,2.618,4.075,4.112,4.352,5.401,4.0,16.0,-2.25,-36.111,-32.118,-71.037
CLOV,Clover Health Investments Corp.,NASDAQ,Health Care,Medical Specialities,2326464432.0,False,True,True,4.68,6.849,4.693,6.465,1.378,4123238.0,19753120.05,1.183,4.451,4.456,4.396,3.341,2.0,93.0,9.988,-6.4,150.267,-16.279
CLPT,ClearPoint Neuro Inc.,NASDAQ,Health Care,Medical/Dental Instruments,332343553.0,False,True,True,11.52,5.688,8.702,-19.646,-2.258,662276.0,9866228.65,1.148,12.645,13.351,14.337,13.396,1.0,23.0,-18.007,-34.096,22.814,-61.728
CLRO,ClearOne Inc.,NASDAQ,Utilities,Telecommunications Equipment,10915681.0,False,True,False,3.94,-3.431,19.153,-23.379,-1.221,2410922.0,7988833.75,0.054,4.401,4.555,5.142,4.845,4.0,93.0,-23.197,-71.532,19.394,-76.121
CLSK,CleanSpark Inc.,NASDAQ,Finance,Finance: Consumer Services,3271849510.0,False,True,True,12.48,-2.041,7.191,-3.224,-0.448,18983472.0,234540783.2,0.781,13.134,13.208,12.896,12.578,1.0,46.0,-0.795,0.0,37.143,-47.141
CLW,Clearwater Paper Corporation,NYSE,Basic Materials,Paper,319491005.0,False,False,True,20.14,1.666,4.337,-3.938,-0.908,171914.0,2712836.244,0.775,20.048,20.322,20.966,17.133,2.0,72.0,-2.705,28.444,34.267,-14.625
CLX,Clorox Company (The),NYSE,Consumer Discretionary,Specialty Chemicals,9724062112.0,True,False,False,82.01,1.99,2.934,-13.74,-4.682,3004762.0,273863484.8,0.93,82.499,85.51,95.073,99.599,4.0,27.0,-13.024,-14.826,-19.903,-34.822
CLYM,Climb Bio Inc.,NASDAQ,Health Care,Biotechnology: Pharmaceutical Preparations,628352630.0,False,True,True,11.05,1.005,8.13,-21.241,-2.613,1461946.0,20452363.8,0.825,11.817,12.702,14.03,9.809,2.0,97.0,-24.263,-17.66,63.947,-39.716
CMCO,Columbus McKinnon Corporation,NASDAQ,Industrials,Construction/Ag Equipment/Trucks,483043123.0,False,True,True,16.92,1.075,4.958,-4.655,-0.939,554426.0,6862383.325,0.531,16.452,16.644,17.746,16.731,3.0,79.0,-7.288,27.841,21.298,-29.873
CMCSA,Comcast Corporation,NASDAQ,Telecommunications,Cable & Other Pay Television Services,76544090880.0,True,True,False,21.57,0.0,2.873,-12.592,-4.383,27993986.0,756674084.8,1.111,22.068,22.921,24.677,26.279,4.0,33.0,-19.062,-7.86,-20.955,-32.69
CMCT,Creative Media & Community Trust Corporation Common stock,NASDAQ,Real Estate,Real Estate Investment Trusts,12225341.0,False,True,False,4.66,22.632,13.204,29.653,2.246,709038.0,5157013.25,0.219,3.165,3.05,3.594,89.685,4.0,14.0,29.444,33.524,-6.8,-99.677
CME,CME Group Inc.,NASDAQ,Finance,Investment Bankers/Brokers/Service,94619687266.0,True,True,False,270.03,2.618,2.261,0.003,0.001,1894346.0,471908699.2,0.826,266.916,268.964,270.021,274.497,1.0,66.0,-3.812,12.689,-11.623,-15.171
CMG,Chipotle Mexican Grill Inc.,NYSE,Consumer Discretionary,Restaurants,40948926480.0,True,False,False,30.85,-4.666,3.879,-11.007,-2.838,16100254.0,496780403.2,1.464,32.236,33.168,34.666,34.849,1.0,32.0,-17.887,-10.189,-7.91,-27.954
CMI,Cummins Inc.,NYSE,Industrials,Industrial Machinery/Components,72730901772.0,True,False,False,523.37,-0.937,2.737,-9.297,-3.396,1064960.0,599080075.2,0.754,524.571,534.557,577.018,600.081,1.0,56.0,-4.057,-20.423,-4.533,-28.796
CMMB,Chemomab Therapeutics Ltd. American Depositary Share,NASDAQ,Health Care,Biotechnology: Pharmaceutical Preparations,10361219.0,False,True,False,1.41,-1.399,16.961,-33.321,-1.965,119866.0,297692.8,0.461,1.705,1.971,2.115,1.812,4.0,20.0,-50.177,-49.097,-15.06,-60.615
CMND,Clearmind Medicine Inc. Common Shares,NASDAQ,Health Care,Biotechnology: Pharmaceutical Preparations,2902347.0,False,True,False,6.0,4.895,13.793,-45.031,-3.265,67774.44,369470.388,1.316,6.349,7.434,10.915,65.256,4.0,2.0,-55.882,-64.623,-93.59,-99.844
CMP,Compass Minerals Intl Inc,NYSE,Industrials,Mining & Quarrying of Nonmetallic Minerals (No Fuels),931975403.0,False,False,True,22.66,2.072,3.613,-10.661,-2.951,448560.0,9218158.7,0.671,22.626,23.308,25.364,25.798,1.0,52.0,-9.865,-21.483,-3.369,-34.319
CMPR,Cimpress plc Ordinary Shares (Ireland),NASDAQ,Consumer Discretionary,Publishing,1827184679.0,False,True,False,76.35,1.746,3.887,-13.345,-3.433,198800.0,15128192.2,0.738,77.781,80.337,88.108,84.127,1.0,55.0,-13.631,-20.667,3.357,-28.364
CMPS,COMPASS Pathways Plc American Depository Shares,NASDAQ,Health Care,Biotechnology: Pharmaceutical Preparations,1647874182.0,False,True,False,11.6,-2.521,6.458,-13.232,-2.049,2775180.0,44018096.2,1.359,12.7,13.204,13.369,9.957,2.0,91.0,-12.716,-10.701,101.739,-26.906
CMRC,Commerce.com Inc. Series 1,NASDAQ,Technology,Computer Software: Prepackaged Software,269291721.0,False,True,True,3.21,-1.231,5.376,14.373,2.673,1166520.0,3283524.75,0.444,3.211,3.128,2.807,3.006,3.0,34.0,27.888,0.627,17.582,-42.11
CMS,CMS Energy Corporation,NYSE,Utilities,Power Generation,19987406649.0,True,False,False,64.03,0.455,1.635,-5.985,-3.661,3729142.0,260340953.6,1.44,63.879,64.898,68.106,71.948,4.0,37.0,-6.648,-16.195,-16.956,-19.054
CMTG,Claros Mortgage Trust Inc.,NYSE,Finance,Real Estate,173533573.0,False,False,True,1.18,-4.065,6.254,-26.844,-4.293,795848.0,1361624.094,3.147,1.279,1.371,1.613,2.305,4.0,11.0,-26.25,-47.321,-50.42,-67.403
CMTL,Comtech Telecommunications Corp.,NASDAQ,Technology,Radio And Television Broadcasting And Communications Equipment,39549089.0,False,True,False,1.25,-5.303,5.482,-21.699,-3.958,300754.0,350208.202,1.566,1.365,1.434,1.596,3.528,4.0,30.0,-18.301,-33.155,-67.018,-79.871
CNC,Centene Corporation,NYSE,Health Care,Medical Specialities,31116745050.0,True,False,False,64.3,2.08,3.347,-0.66,-0.197,4719220.0,309470648.8,0.962,63.084,63.773,64.727,52.916,2.0,87.0,-5.469,-2.753,81.638,-7.655
CNCK,Coincheck Group N.V.,NASDAQ,Finance,Finance: Consumer Services,272353122.0,False,True,False,1.42,0.0,9.843,-26.958,-2.739,91752.0,72420.6,0.434,1.543,1.683,1.944,2.164,4.0,14.0,-31.731,-43.651,-1.389,-84.748
CNDT,Conduent Incorporated Common Stock ,NASDAQ,Consumer Discretionary,Business Services,256609320.0,False,True,True,1.64,-0.606,5.977,0.147,0.025,1059696.0,1976335.15,0.802,1.623,1.63,1.638,1.584,3.0,31.0,-13.228,4.459,13.889,-41.844
CNET,ZW Data Action Technologies Inc.,NASDAQ,Technology,Computer Software: Programming Data Processing,5869486.0,False,True,False,1.58,-1.25,15.535,11.158,0.718,802310.0,2572246.05,0.043,1.652,1.553,1.421,1.038,3.0,85.0,17.91,59.596,113.514,-44.948
CNK,Cinemark Holdings Inc Cinemark Holdings Inc.,NYSE,Consumer Discretionary,Movies/Entertainment,4178622373.0,False,False,True,35.97,-0.222,3.365,-0.91,-0.27,2365338.0,78603043.4,0.866,36.507,36.274,36.3,29.713,2.0,81.0,2.801,22.559,20.068,-7.934
CNL,Collective Mining Ltd. Common Shares,NASDAQ,Unknown,Unknown,1124969036.0,False,True,True,12.11,-0.165,6.148,-13.718,-2.231,124262.0,2575866.488,1.632,12.542,13.11,14.035,15.583,1.0,50.0,-28.386,-3.66,-34.541,-44.879
CNMD,CONMED Corporation,NYSE,Health Care,Biotechnology: Electromedical & Electrotherapeutic Apparatus,1387341807.0,False,False,True,47.33,2.18,3.147,-1.411,-0.448,389754.0,15626589.1,0.881,46.384,46.639,48.007,40.947,2.0,78.0,-4.229,38.23,38.879,-11.796
CNNE,Cannae Holdings Inc.,NYSE,Consumer Discretionary,Restaurants,674035488.0,False,False,True,15.59,0.322,2.576,2.744,1.065,510182.0,8688961.075,0.67,15.504,15.44,15.174,13.903,3.0,54.0,-0.613,9.022,30.851,-14.42
CNO,CNO Financial Group Inc.,NYSE,Finance,Accident &Health Insurance,4983201042.0,False,False,True,54.03,0.316,2.031,-0.791,-0.389,909338.0,60782480.6,0.905,53.814,54.12,54.461,47.154,2.0,75.0,-4.429,2.492,30.791,-5.872
CNOB,ConnectOne Bancorp Inc.,NASDAQ,Finance,Major Banks,1671211796.0,False,True,True,30.52,-0.845,2.003,-4.434,-2.213,385106.0,12367677.2,0.841,30.692,31.033,31.936,29.371,2.0,66.0,-4.803,-4.66,13.116,-10.078
CNP,CenterPoint Energy Inc (Holding Co),NYSE,Utilities,Electric Utilities: Central,24893039684.0,True,False,False,37.75,-0.106,1.741,-4.329,-2.487,6406802.0,261861804.0,1.162,37.463,37.918,39.458,41.008,1.0,44.0,-5.578,-14.623,-12.403,-16.095
CNR,Core Natural Resources Inc.,NYSE,Energy,Coal Mining,4415641423.0,False,False,True,91.01,2.304,3.489,-1.306,-0.374,534946.0,47330290.4,1.141,89.628,91.286,92.214,90.86,2.0,69.0,-6.589,15.084,-12.352,-20.56
CNS,Cohen & Steers Inc,NYSE,Finance,Investment Managers,3753771909.0,False,False,True,73.02,0.027,3.018,-7.53,-2.495,264620.0,24263242.6,1.086,73.618,74.765,78.966,70.576,2.0,60.0,-7.558,-7.046,17.239,-15.642
CNSY,Cerenome Inc. Common Stock ,NASDAQ,Health Care,Medical/Dental Instruments,12143400.0,False,True,False,1.56,-2.5,14.282,-45.136,-3.16,113840.0,342317.55,1.958,1.833,2.074,2.843,5.751,4.0,6.0,-47.651,-60.204,-53.153,-93.362
CNTN,Canton Strategic Holdings Inc.,NASDAQ,Health Care,Biotechnology: Pharmaceutical Preparations,179283062.0,False,True,True,2.33,3.556,8.027,8.372,1.043,764524.0,2036518.116,0.967,2.329,2.297,2.15,3.05,4.0,34.0,3.556,-6.8,-28.308,-66.183
CNTY,Century Casinos Inc.,NASDAQ,Consumer Discretionary,Hotels/Resorts,29263200.0,False,True,False,1.03,-0.962,3.933,-13.007,-3.307,54692.0,55295.049,1.146,1.071,1.109,1.184,1.368,4.0,16.0,-18.254,-20.155,-28.966,-62.271
CNVS,Cineverse Corp.,NASDAQ,Consumer Discretionary,Consumer Electronics/Video Chains,45284492.0,False,True,False,1.94,1.571,5.055,-18.164,-3.593,117886.0,237049.002,0.717,2.002,2.095,2.371,2.455,4.0,20.0,-16.017,-32.872,-19.835,-45.352
CNX,CNX Resources Corporation,NYSE,Energy,Oil & Gas Production,4660224566.0,False,False,True,32.24,2.349,2.741,-7.723,-2.818,1697620.0,71282608.4,1.274,32.252,33.185,34.938,36.51,4.0,49.0,-14.641,-3.038,-18.77,-26.089
CNXC,Concentrix Corporation,NASDAQ,Technology,Computer Software: Prepackaged Software,1519967099.0,False,True,True,25.87,3.854,8.709,-4.414,-0.507,1625716.0,62130199.5,1.058,26.536,27.203,27.065,29.097,4.0,33.0,-21.248,15.105,-2.984,-45.076
CNXN,PC Connection Inc.,NASDAQ,Consumer Discretionary,Catalog/Specialty Distribution,2331495586.0,False,True,True,92.4,0.022,2.454,10.155,4.139,146902.0,13542268.55,1.685,90.188,88.033,83.882,69.186,2.0,86.0,10.619,24.663,54.944,-1.587
CNXU,Conexeu Sciences Inc.,NASDAQ,Health Care,Industrial Specialties,87440764.0,False,True,False,3.12,0.645,16.647,-50.957,-3.061,213422.0,827911.3,0.802,3.688,4.348,6.362,,,,-40.797,-67.123,,-83.395
COAG,Hemab Therapeutics Holdings Inc.,NASDAQ,Health Care,Biotechnology: Biological Products (No Diagnostic Substances),1453213960.0,False,True,True,30.59,-1.671,9.042,-30.729,-3.399,479696.0,23903936.1,0.614,33.414,36.57,44.16,,,,-31.057,-2.858,,-44.803
COCO,The Vita Coco Company Inc.,NASDAQ,Consumer Staples,Beverages (Production/Distribution),3285114262.0,False,True,True,55.32,-1.161,4.501,-8.495,-1.888,1182626.0,81472984.0,1.009,56.726,57.244,60.456,61.379,1.0,64.0,0.436,-15.606,11.69,-35.547
COCP,Cocrystal Pharma Inc.,NASDAQ,Health Care,Biotechnology: Pharmaceutical Preparations,22056364.0,False,True,False,1.11,-3.478,6.599,0.289,0.044,63954.0,62909.101,0.644,1.15,1.153,1.107,1.104,2.0,64.0,-1.77,8.824,-26.0,-45.32
CODA,Coda Octopus Group Inc. Common stock,NASDAQ,Industrials,Industrial Machinery/Components,125693745.0,False,True,False,10.88,-2.334,3.563,4.715,1.323,93302.0,1349713.1,0.398,10.846,10.714,10.39,11.218,1.0,79.0,8.583,16.989,-7.718,-37.037
CODI,D/B/A Compass Diversified Holdings Shares of Beneficial Interest,NYSE,Consumer Discretionary,Home Furnishings,822329108.0,False,False,True,11.06,1.189,3.429,-1.561,-0.455,643468.0,6583228.512,1.342,11.081,11.152,11.235,9.245,2.0,90.0,-4.242,10.05,15.812,-16.528
CODX,Co-Diagnostics Inc.,NASDAQ,Health Care,Medical/Dental Instruments,7571122.0,False,True,False,1.1,1.852,8.521,-11.826,-1.388,342976.0,319084.687,3.142,1.084,1.11,1.248,2.717,4.0,8.0,-5.172,-59.41,-28.339,-97.634
COF,Capital One Financial Corporation,NYSE,Finance,Major Banks,119457767266.0,True,False,False,195.14,0.216,2.318,-7.388,-3.188,3439960.0,729926020.8,0.724,197.083,201.019,210.707,204.182,4.0,47.0,-11.501,-3.48,6.764,-23.963
COFS,ChoiceOne Financial Services Inc.,NASDAQ,Finance,Major Banks,495177267.0,False,True,True,33.05,-0.181,2.053,-1.079,-0.526,77386.0,2550280.619,0.665,32.947,33.064,33.41,30.668,2.0,66.0,-2.077,0.552,17.596,-4.763
COGT,Cogent Biosciences Inc.,NASDAQ,Health Care,Biotechnology: Pharmaceutical Preparations,5382744942.0,False,True,False,30.87,-0.484,4.405,-13.884,-3.152,1850836.0,68909073.8,0.969,31.7,32.567,35.847,36.327,4.0,91.0,-11.674,-22.844,-12.846,-29.408
COHR,Coherent Corp.,NYSE,Technology,Electronic Components,66003300192.0,True,False,False,333.64,-1.009,6.306,11.94,1.893,6906110.0,2101945644.8,0.784,310.369,303.623,298.053,289.815,2.0,94.0,26.183,6.211,31.759,-24.173
COHU,Cohu Inc.,NASDAQ,Industrials,Electrical Products,3478428057.0,False,True,True,73.73,0.34,4.9,33.929,6.924,1052502.0,63720183.0,1.081,67.58,63.036,55.051,44.063,2.0,96.0,60.352,44.654,127.001,-2.628
COIN,Coinbase Global Inc.,NASDAQ,Finance,Finance: Consumer Services,48282156909.0,True,True,False,188.22,2.852,6.034,8.525,1.413,9482986.0,1788646316.8,0.823,188.697,186.409,173.435,185.087,3.0,30.0,-2.325,15.112,7.684,-53.198
COKE,Coca-Cola Consolidated Inc.,NASDAQ,Consumer Staples,Beverages (Production/Distribution),12783007020.0,False,True,False,194.26,1.156,2.99,1.782,0.596,500048.0,110068940.8,0.926,191.452,191.687,190.858,182.059,2.0,85.0,-1.591,9.509,-1.609,-11.32
COLB,Columbia Banking System Inc.,NASDAQ,Finance,Major Banks,8181533591.0,False,True,False,28.84,-0.277,2.161,-4.733,-2.191,2908380.0,84881262.6,0.893,29.049,29.4,30.273,29.219,1.0,58.0,-5.287,-9.116,5.424,-13.326
COLD,Americold Realty Trust Inc.,NYSE,Real Estate,Real Estate Investment Trusts,3988163297.0,False,False,True,14.05,0.573,3.422,-2.197,-0.642,3561622.0,53108836.3,1.168,14.126,14.224,14.366,13.25,2.0,62.0,1.175,-12.149,25.717,-15.428
COLL,Collegium Pharmaceutical Inc.,NASDAQ,Health Care,Biotechnology: Pharmaceutical Preparations,716874598.0,False,True,True,21.87,-0.681,4.392,-17.436,-3.97,827188.0,20656651.05,1.179,22.235,22.946,26.489,35.611,4.0,22.0,-7.722,-39.984,-32.894,-56.938
COLM,Columbia Sportswear Company,NASDAQ,Consumer Discretionary,Apparel,2931834220.0,False,True,True,56.93,-0.594,2.619,-1.847,-0.705,703838.0,39755688.4,0.825,57.44,57.494,58.002,58.928,1.0,50.0,-1.488,-10.644,3.343,-17.152
CON,Concentra Group Holdings Parent Inc.,NYSE,Health Care,Medical Specialities,4546007288.0,False,False,True,36.21,1.571,2.685,5.857,2.181,929230.0,36748108.7,1.116,35.299,35.059,34.207,26.627,2.0,88.0,4.926,14.688,73.242,-1.362
COO,The Cooper Companies Inc.,NASDAQ,Health Care,Ophthalmic Goods,10821737782.0,True,True,False,56.77,-0.246,3.203,-14.881,-4.645,3320398.0,325956032.0,1.189,56.681,58.411,66.695,71.257,4.0,31.0,-19.635,-21.032,-19.235,-36.803
COP,ConocoPhillips,NYSE,Energy,Integrated oil Companies,152269525463.0,True,False,False,128.4,1.302,2.51,0.37,0.148,6785464.0,901855164.8,0.841,127.815,129.028,127.926,115.541,2.0,83.0,-5.393,19.196,-1.081,-9.335
COR,Cencora Inc.,NYSE,Health Care,Other Pharmaceuticals,58975135343.0,True,False,False,314.93,1.903,2.601,-0.848,-0.326,1346386.0,420603562.4,0.853,310.327,312.99,317.623,317.042,4.0,57.0,-6.61,3.633,-1.462,-16.092
CORT,Corcept Therapeutics Incorporated,NASDAQ,Health Care,Biotechnology: Pharmaceutical Preparations,12564276683.0,False,True,False,122.03,4.99,4.312,7.485,1.736,1346694.0,200847700.8,0.746,116.328,115.271,113.532,70.128,2.0,94.0,8.183,29.764,198.727,-3.442
CORZ,Core Scientific Inc.,NASDAQ,Finance,Finance: Consumer Services,5286050254.0,False,True,True,16.6,0.912,6.212,-10.116,-1.628,12583246.0,199320523.2,1.17,16.812,17.208,18.468,19.8,1.0,37.0,-7.263,-22.934,1.903,-45.502
COSO,CoastalSouth Bancshares Inc.,NYSE,Finance,Major Banks,322530953.0,False,False,True,26.95,-0.111,2.307,-1.198,-0.519,109828.0,3988422.6,1.48,26.708,26.865,27.277,25.633,2.0,69.0,-2.708,1.69,8.643,-5.467
COST,Costco Wholesale Corporation,NASDAQ,Consumer Discretionary,Department/Specialty Retail Stores,408288760903.0,True,True,False,923.52,0.312,1.656,-1.005,-0.607,2072458.0,2176354099.2,0.942,915.594,915.927,932.899,959.762,1.0,52.0,-0.204,-2.376,-9.054,-15.642
COTY,Coty Inc.,NYSE,Consumer Discretionary,Package Goods/Cosmetics,2342625994.0,False,False,True,2.72,2.256,4.38,-0.541,-0.124,6862874.0,13779665.3,0.759,2.659,2.666,2.735,2.534,3.0,48.0,-7.167,21.973,25.926,-39.15
COUR,Coursera Inc.,NYSE,Technology,Computer Software: Prepackaged Software,1327288000.0,False,False,True,5.18,3.187,4.81,-7.248,-1.507,6315292.0,35115915.9,0.981,5.048,5.185,5.585,5.918,4.0,19.0,-13.81,-10.69,-13.81,-53.48
COYA,Coya Therapeutics Inc.,NASDAQ,Health Care,Biotechnology: Pharmaceutical Preparations,112832254.0,False,True,False,4.85,0.832,5.178,3.268,0.631,131488.0,732996.056,0.889,4.898,4.86,4.697,4.734,3.0,38.0,6.593,-15.652,19.753,-37.419
CPAY,Corpay Inc.,NYSE,Consumer Discretionary,Business Services,25909277765.0,True,False,False,401.72,1.804,2.115,-0.147,-0.069,509270.0,196013975.6,0.945,396.369,398.759,402.309,347.178,2.0,79.0,-4.279,12.495,34.701,-6.022
CPB,The Campbell's Company,NASDAQ,Consumer Staples,Packaged Foods,5851364677.0,False,True,False,19.3,-1.631,3.48,-11.142,-3.202,7051442.0,150704006.8,1.077,19.755,20.299,21.72,22.435,4.0,25.0,-11.675,-14.644,-9.733,-36.011
CPF,Central Pacific Financial Corp New,NYSE,Finance,Major Banks,937721473.0,False,False,True,36.34,-0.22,2.198,-3.603,-1.639,166312.0,7075271.375,0.987,36.461,36.801,37.698,34.499,2.0,65.0,-3.888,-4.134,13.067,-10.636
CPIX,Cumberland Pharmaceuticals Inc.,NASDAQ,Health Care,Biotechnology: Pharmaceutical Preparations,110725161.0,False,True,False,7.09,-4.06,7.417,-2.292,-0.309,73914.0,303128.3,0.771,7.477,7.413,7.256,4.488,2.0,96.0,5.037,45.359,194.938,-23.599
CPK,Chesapeake Utilities Corporation,NYSE,Utilities,Oil & Gas Production,3070680238.0,False,False,True,126.27,-0.871,2.328,-4.138,-1.778,180736.0,25505669.7,1.164,127.739,128.919,131.721,127.246,1.0,50.0,-3.971,2.139,-0.29,-9.828
CPOP,Pop Culture Group Co. Ltd Class A,NASDAQ,Consumer Discretionary,Services-Misc. Amusement & Recreation,5465450.0,False,True,False,3.28,2.5,19.093,123.735,6.481,4212602.08,2326427.41,0.003,3.666,3.18,1.466,2.712,3.0,97.0,931.447,221.569,8.251,-87.137
CPRT,Copart Inc. (DE),NASDAQ,Consumer Discretionary,Retail-Auto Dealers and Gas Stations,25214714903.0,True,True,False,27.65,1.58,3.079,-9.302,-3.022,10692922.0,314438283.2,1.059,27.913,28.871,30.486,33.438,4.0,26.0,-17.659,-5.535,-15.804,-39.747
CPS,Cooper-Standard Holdings Inc.,NYSE,Consumer Discretionary,Auto Parts:O.E.M.,387901811.0,False,False,True,22.03,0.916,5.371,-15.133,-2.818,228102.0,6061542.088,0.735,22.141,23.024,25.958,29.865,4.0,21.0,-17.243,-19.628,-21.629,-54.085
CPSH,CPS Technologies Corp.,NASDAQ,Consumer Discretionary,Building Materials,74449697.0,False,True,False,3.63,-5.469,5.386,-8.744,-1.623,236258.0,708122.156,1.275,3.79,3.853,3.978,4.726,1.0,44.0,-5.469,-22.601,-22.436,-74.774
CPT,Camden Property Trust,NYSE,Real Estate,Real Estate Investment Trusts,9647756026.0,True,False,False,97.37,1.469,1.763,-6.753,-3.83,1034664.0,119839943.2,0.928,97.393,99.043,104.422,104.714,1.0,41.0,-6.79,-16.287,-1.739,-17.845
CPZ,Calamos Long/Short Equity & Dynamic Income Trust,NASDAQ,Finance,Trusts Except Educational Religious and Charitable,246384035.0,False,True,True,12.55,0.0,1.562,-3.306,-2.117,63326.0,887610.581,1.705,12.614,12.721,12.979,13.091,4.0,43.0,-3.234,-1.251,-1.049,-12.856
CRAI,CRA International Inc.,NASDAQ,Consumer Discretionary,Other Consumer Services,1069451407.0,False,True,True,171.29,0.534,3.489,0.601,0.172,133916.0,21386695.3,0.676,167.767,167.121,170.267,167.423,3.0,51.0,-0.759,10.598,5.325,-23.85
CRBP,Corbus Pharmaceuticals Holdings Inc.,NASDAQ,Health Care,Biotechnology: Pharmaceutical Preparations,118562126.0,False,True,False,5.85,-4.568,9.752,-35.501,-3.64,832226.0,10783424.5,0.953,6.763,7.507,9.07,8.959,4.0,16.0,-48.953,-37.633,-42.308,-71.547
CRBU,Caribou Biosciences Inc.,NASDAQ,Health Care,Biotechnology: Biological Products (No Diagnostic Substances),130793166.0,False,True,False,1.19,-2.459,5.265,-19.333,-3.672,1087980.0,1523896.747,1.422,1.247,1.308,1.475,1.737,4.0,17.0,-24.204,-38.021,-38.974,-66.337
CRC,California Resources Corporation,NYSE,Energy,Oil & Gas Production,4656826990.0,False,False,True,53.01,1.106,3.061,0.315,0.103,871060.0,51051279.8,0.845,52.398,52.837,52.843,55.596,1.0,66.0,-0.009,4.592,-20.585,-25.296
CRCT,Cricut Inc.,NASDAQ,Technology,Industrial Machinery/Components,1365577592.0,False,True,True,6.47,-0.767,3.291,13.985,4.25,787452.0,3928418.538,0.784,6.264,6.051,5.676,4.642,2.0,85.0,10.598,49.078,61.065,-2.853
CRDF,Cardiff Oncology Inc.,NASDAQ,Health Care,Biotechnology: Biological Products (No Diagnostic Substances),87130679.0,False,True,False,1.14,1.786,6.966,6.722,0.965,807094.0,1085256.344,0.56,1.196,1.193,1.068,1.62,4.0,23.0,5.556,-15.556,-27.848,-65.559
CRDL,Cardiol Therapeutics Inc. Class A Common Shares,NASDAQ,Health Care,Biotechnology: Biological Products (No Diagnostic Substances),170131227.0,False,True,False,1.32,-6.383,9.536,-24.203,-2.538,1362228.0,2482320.038,2.173,1.608,1.721,1.742,1.286,2.0,85.0,-38.889,30.693,-5.036,-43.59
CRDO,Credo Technology Group Holding Ltd,NASDAQ,Technology,Semiconductors,41093807352.0,False,True,False,212.48,-2.817,6.732,2.129,0.316,7138866.0,1595228054.4,1.084,201.021,196.513,208.051,177.729,2.0,88.0,29.427,-13.766,107.378,-31.163
CRE,Cre8 Enterprise Limited Class A,NASDAQ,Consumer Discretionary,Publishing,5437760.0,False,True,False,2.67,-1.111,12.141,-8.15,-0.671,1393146.0,136738.449,0.007,2.743,2.831,2.907,2.961,4.0,15.0,-6.643,-18.598,12.658,-72.866
CRESY,Cresud S.A.C.I.F. y A. American Depositary Shares,NASDAQ,Finance,Real Estate,804291723.0,False,True,False,11.88,4.762,3.963,2.749,0.693,269306.0,3810148.462,0.672,11.873,11.939,11.562,11.681,2.0,80.0,0.338,11.864,-5.339,-16.397
CRGY,Crescent Energy Company,NYSE,Energy,Oil & Gas Production,4424105489.0,False,False,True,13.56,1.27,3.603,4.354,1.209,5960774.0,91138654.0,0.61,13.351,13.443,12.994,11.351,2.0,92.0,-2.865,45.534,2.384,-12.346
CRH,CRH PLC,NYSE,Industrials,Building Materials,54845673058.0,True,False,False,82.65,0.866,2.962,-10.514,-3.55,4974710.0,479863297.6,0.792,83.871,86.092,92.361,107.429,4.0,24.0,-10.202,-21.871,-21.675,-36.468
CRI,Carter's Inc.,NYSE,Consumer Discretionary,Apparel,1159706334.0,False,False,True,32.32,2.311,3.595,-5.787,-1.61,1357502.0,47648428.9,0.898,31.344,31.533,34.305,35.889,1.0,49.0,-2.504,-18.203,-8.811,-26.442
CRK,Comstock Resources Inc.,NYSE,Energy,Oil & Gas Production,3752470603.0,False,False,True,13.06,2.191,4.949,-5.064,-1.023,2533842.0,34854873.5,1.153,13.001,13.338,13.757,16.963,4.0,26.0,-12.642,-7.898,-32.506,-53.523
CRL,Charles River Laboratories International Inc.,NYSE,Health Care,Biotechnology: Commercial Physical & Biological Resarch,13853343266.0,True,False,False,310.77,7.092,3.351,11.888,3.548,935808.0,281129055.2,1.395,292.96,288.379,277.751,210.548,2.0,91.0,5.938,35.897,84.74,-0.477
CRM,Salesforce Inc.,NYSE,Technology,Computer Software: Prepackaged Software,193149870000.0,True,False,False,229.79,-2.088,3.774,3.929,1.041,14035840.0,2850391545.6,0.454,233.766,234.682,221.102,199.541,3.0,77.0,-12.947,35.792,25.042,-14.193
CRMD,CorMedix Inc.,NASDAQ,Health Care,Biotechnology: Pharmaceutical Preparations,560419690.0,False,True,True,7.26,0.974,3.627,-7.471,-2.06,1115560.0,6907801.2,1.126,7.581,7.736,7.846,7.983,4.0,28.0,-14.286,-18.151,2.542,-44.24
CRML,Critical Metals Corp.,NASDAQ,Basic Materials,Metal Mining,1033366084.0,False,True,False,7.51,6.828,8.201,8.238,1.005,8348718.0,81525515.0,1.399,7.422,7.366,6.938,9.587,4.0,38.0,2.038,-14.171,-7.284,-76.641
CRNC,Cerence Inc.,NASDAQ,Technology,Computer Software: Prepackaged Software,365912779.0,False,True,True,8.0,-1.112,4.633,-3.758,-0.811,654818.0,4884080.7,1.308,7.989,8.066,8.312,9.253,4.0,24.0,-5.771,-22.405,5.82,-41.767
CRNT,Ceragon Networks Ltd.,NASDAQ,Technology,Radio And Television Broadcasting And Communications Equipment,198991516.0,False,True,False,2.14,-1.835,3.416,1.086,0.318,394900.0,670283.491,0.811,2.11,2.102,2.117,2.331,1.0,41.0,4.39,-8.547,-4.036,-34.954
CRON,Cronos Group Inc. Common Share,NASDAQ,Health Care, Medicinal Chemicals and Botanical Products ,1188131486.0,False,True,False,3.25,0.775,3.168,1.575,0.497,1244224.0,2961844.025,0.978,3.291,3.29,3.2,2.801,2.0,76.0,-0.307,18.182,25.969,-9.922
CROX,Crocs Inc.,NASDAQ,Consumer Discretionary,Shoe Manufacturing,5661833907.0,False,True,False,118.19,0.085,3.544,-4.78,-1.349,1085226.0,140524510.4,1.089,119.952,120.236,124.123,106.605,2.0,72.0,1.879,-5.106,32.783,-16.343
CRSP,CRISPR Therapeutics AG Common Shares,NASDAQ,Health Care,Biotechnology: Biological Products (No Diagnostic Substances),5359673756.0,False,True,False,57.34,3.446,4.9,5.039,1.028,1531942.0,91927964.2,1.111,55.779,55.571,54.589,53.292,3.0,37.0,1.505,-5.644,16.663,-26.937
CRSR,Corsair Gaming Inc.,NASDAQ,Technology,Computer peripheral equipment,1491760265.0,False,True,True,13.53,-1.885,4.494,8.954,1.992,1602858.0,14379113.4,0.674,13.55,13.275,12.418,8.301,2.0,93.0,5.951,52.193,139.469,-9.668
CRTO,Criteo S.A.,NASDAQ,Consumer Discretionary,Advertising,721734044.0,False,True,False,14.5,-1.561,4.029,-18.327,-4.549,407560.0,4636278.575,1.378,15.544,16.215,17.754,18.606,4.0,22.0,-20.198,-37.392,-22.252,-42.665
CRUS,Cirrus Logic Inc.,NASDAQ,Technology,Semiconductors,6072744866.0,False,True,False,121.35,0.149,2.73,1.342,0.491,843542.0,99427727.4,0.913,120.142,119.258,119.743,139.815,1.0,40.0,7.266,-17.207,-18.437,-32.74
CRVL,CorVel Corp.,NASDAQ,Finance,Specialty Insurers,3812485613.0,False,True,True,76.0,0.702,2.31,11.379,4.926,194568.0,16501537.875,1.392,74.239,72.695,68.235,61.412,3.0,69.0,10.658,18.141,40.559,-4.318
CRVO,CervoMed Inc.,NASDAQ,Health Care,Biotechnology: Pharmaceutical Preparations,45659670.0,False,True,False,3.31,9.603,5.095,24.137,4.738,262656.0,590220.9,2.456,2.869,2.745,2.666,4.025,4.0,19.0,30.315,-3.216,-16.834,-66.9
CRVS,Corvus Pharmaceuticals Inc.,NASDAQ,Health Care,Biotechnology: Pharmaceutical Preparations,916918290.0,False,True,True,10.74,-1.468,6.654,-20.096,-3.02,958008.0,15603728.3,0.86,11.558,12.199,13.441,14.169,1.0,79.0,-26.689,-31.286,-26.988,-60.148
CRWD,CrowdStrike Holdings Inc.,NASDAQ,Technology,Computer Software: Prepackaged Software,276503364734.0,True,True,False,272.67,0.974,4.051,23.054,5.69,9878624.0,2543991872.0,0.489,260.895,248.987,221.585,154.294,2.0,94.0,26.841,40.104,173.621,-0.569
CRWS,Crown Crafts Inc,NASDAQ,Consumer Discretionary,Textiles,26685512.0,False,True,False,2.46,-0.806,3.498,-10.626,-3.038,96672.0,221204.347,1.322,2.512,2.568,2.752,2.716,1.0,37.0,-10.19,-17.075,-2.315,-19.75
CRWV,CoreWeave Inc.,NASDAQ,Technology,Computer Software: Prepackaged Software,49428710271.0,False,True,False,87.39,-2.488,5.793,0.44,0.076,29069433.92,2649803264.0,0.624,87.295,87.045,87.007,92.368,1.0,35.0,3.347,4.621,7.969,-42.957
CSAI,Cloudastructure Inc.,NASDAQ,Technology,Computer Software: Programming Data Processing,2324825.0,False,True,False,2.65,-1.119,19.773,-42.33,-2.141,105216.06,382008.912,0.272,2.942,3.421,4.595,14.716,4.0,3.0,-46.465,-77.972,-84.691,-96.168
CSCO,Cisco Systems Inc. Common Stock (DE),NASDAQ,Telecommunications,Computer Communications Equipment,442358247151.0,True,True,False,112.82,0.553,2.278,1.044,0.458,19382456.0,2025873094.4,0.957,109.156,109.067,111.654,97.123,2.0,83.0,4.279,1.313,41.324,-12.801
CSGP,CoStar Group Inc.,NASDAQ,Finance,Real Estate,11094309959.0,True,True,False,27.66,1.023,3.855,-8.655,-2.245,6976742.0,180688476.4,0.707,27.914,28.704,30.281,39.888,4.0,15.0,-12.689,-7.399,-32.831,-67.55
CSHR,CoinShares PLC,NASDAQ,Finance,Investment Bankers/Brokers/Service,652312035.0,False,True,False,4.84,-2.222,7.132,-8.486,-1.19,297144.0,2168968.0,1.209,5.149,5.283,5.289,,,,-17.827,23.155,-23.418,-53.595
CSIQ,Canadian Solar Inc. Common Shares (ON),NASDAQ,Technology,Semiconductors,758530058.0,False,True,False,11.19,0.0,6.24,-16.889,-2.707,1920970.0,22048631.35,0.58,11.345,11.822,13.464,16.626,4.0,42.0,-17.295,-22.021,-12.578,-67.65
CSQ,Calamos Strategic Total Return,NASDAQ,Finance,Finance Companies,3252429622.0,False,True,True,20.36,-0.537,1.589,-0.792,-0.498,177542.0,3889579.55,1.184,20.483,20.538,20.523,19.157,2.0,62.0,-2.693,1.128,20.478,-3.507
CSR,D/B/A Centerspace,NYSE,Real Estate,Real Estate Investment Trusts,915281230.0,False,False,True,55.18,1.248,2.197,1.445,0.658,250528.0,24163126.95,1.089,54.801,54.75,54.394,58.881,4.0,50.0,6.803,-1.438,-4.318,-18.517
CSTE,Caesarstone Ltd.,NASDAQ,Industrials,Building Materials,99236205.0,False,True,False,2.91,1.394,6.297,0.986,0.157,86130.0,116078.35,0.822,2.885,2.916,2.882,2.016,2.0,93.0,-4.59,20.747,148.718,-24.219
CSTL,Castle Biosciences Inc.,NASDAQ,Health Care,Medical Specialities,1086340469.0,False,True,True,36.65,3.065,4.235,12.547,2.962,421024.0,12827769.775,0.896,35.504,34.846,32.564,29.075,3.0,94.0,12.251,53.798,48.201,-17.231
CSV,Carriage Services Inc.,NYSE,Consumer Discretionary,Other Consumer Services,510933462.0,False,False,True,32.28,0.342,3.247,-6.124,-1.886,181242.0,6200965.625,0.818,31.806,32.152,34.386,40.676,4.0,26.0,-4.666,-16.977,-29.051,-37.725
CSW,CSW Industrials Inc.,NYSE,Industrials,Home Furnishings,4931875580.0,False,False,True,301.99,-0.231,3.237,-3.542,-1.094,139392.0,38285478.3,1.017,296.584,298.339,313.081,291.756,2.0,70.0,-1.172,11.324,13.926,-15.048
CSWC,Capital Southwest Corporation,NASDAQ,Consumer Discretionary,Textiles,1461549876.0,False,True,True,23.57,0.213,1.643,-1.887,-1.149,613402.0,14012873.55,1.205,23.392,23.564,24.023,22.402,2.0,65.0,-2.975,2.928,9.62,-7.497
CSX,CSX Corporation,NASDAQ,Industrials,Railroads,87862885313.0,True,True,False,47.43,0.0,1.841,-3.702,-2.011,10803020.0,509597710.4,0.764,47.129,47.612,49.254,44.148,2.0,71.0,-3.184,-1.959,15.009,-11.269
CTAS,Cintas Corporation,NASDAQ,Industrials,Garments and Clothing,77114726366.0,True,True,False,195.4,1.233,2.007,-2.943,-1.466,2029290.0,420508948.0,0.662,196.38,197.636,201.324,187.388,2.0,56.0,-2.81,7.742,14.416,-10.614
CTBI,Community Trust Bancorp Inc.,NASDAQ,Finance,Major Banks,1384579774.0,False,True,True,76.08,-0.171,1.9,-0.455,-0.239,109150.0,9129686.4,1.192,75.496,75.647,76.427,66.602,2.0,77.0,-0.916,6.432,23.731,-3.929
CTEV,Claritev Corporation,NYSE,Consumer Discretionary,Business Services,401993822.0,False,False,True,24.68,4.047,9.19,-22.005,-2.394,135346.0,4727339.475,1.65,24.662,27.607,31.643,26.947,4.0,32.0,-36.864,-21.948,44.666,-66.504
CTGO,Contango Silver & Gold Inc.,AMEX,Basic Materials,Precious Metals,557790726.0,False,False,True,16.78,0.6,5.371,-9.841,-1.832,387676.0,7579416.0,0.705,17.399,17.985,18.612,21.881,4.0,34.0,-16.683,0.902,-13.326,-51.193
CTKB,Cytek Biosciences Inc.,NASDAQ,Industrials,Biotechnology: Laboratory Analytical Instruments,763001695.0,False,True,True,6.09,3.748,4.045,25.021,6.186,1043658.0,8093907.4,1.703,5.745,5.468,4.871,4.62,2.0,90.0,29.574,33.553,34.735,-1.456
CTMX,CytomX Therapeutics Inc.,NASDAQ,Health Care,Biotechnology: Pharmaceutical Preparations,557822167.0,False,True,True,2.58,0.781,6.877,-19.089,-2.776,3317896.0,11639654.675,0.533,2.708,2.863,3.189,4.046,4.0,28.0,-29.891,-32.812,-41.364,-68.575
CTNM,Contineum Therapeutics Inc.,NASDAQ,Health Care,Biotechnology: Pharmaceutical Preparations,493589252.0,False,True,True,12.72,-3.049,8.529,-14.42,-1.691,556528.0,9318775.0,0.914,12.991,13.554,14.863,13.714,1.0,57.0,-27.604,-12.637,-5.357,-28.479
CTNT,Cheetah Net Supply Chain Service Inc,NASDAQ,Consumer Discretionary,Motor Vehicles,3493500.0,False,True,False,3.13,19.466,383.9,-98.081,-0.255,654655.3,10758737.612,2.67,11.311,45.796,163.125,16415.377,4.0,2.0,-98.317,-98.618,-99.992,-99.995
CTO,CTO Realty Growth Inc.,NYSE,Real Estate,Real Estate Investment Trusts,769951225.0,False,False,True,20.29,-1.217,1.7,-3.728,-2.193,386772.0,8914987.25,0.796,20.48,20.612,21.076,19.426,2.0,70.0,-3.563,-4.145,10.726,-9.041
CTRI,Centuri Holdings Inc.,NYSE,Utilities,Oil & Gas Production,2111137438.0,False,False,True,20.72,-0.909,3.667,-4.918,-1.341,1894048.0,37224923.8,1.128,20.389,20.445,21.792,27.932,4.0,42.0,1.024,-22.017,-31.048,-51.797
CTRN,Citi Trends Inc.,NASDAQ,Consumer Discretionary,Clothing/Shoe/Accessory Stores,399542906.0,False,True,True,47.86,-0.104,5.782,-25.787,-4.46,172044.0,11127497.85,0.448,50.918,54.743,64.49,52.124,1.0,72.0,-30.778,-16.079,4.452,-38.57
CTS,CTS Corporation,NYSE,Technology,Electrical Products,1759061612.0,False,False,True,61.61,0.016,2.811,2.811,1.0,212214.0,14301952.35,1.263,59.828,59.172,59.925,56.117,2.0,80.0,9.04,4.229,27.455,-11.304
CTSH,Cognizant Technology Solutions Corporation,NASDAQ,Technology,EDP Services,26355490669.0,True,True,False,58.17,-0.581,4.02,-1.457,-0.362,7742072.0,410412808.8,0.449,58.623,59.116,59.03,60.225,4.0,74.0,-10.009,33.161,-5.495,-31.95
CTVA,Corteva Inc. Common Stock ,NYSE,Consumer Staples,Farming/Seeds/Milling,7952976320.0,True,False,False,12.39,3.943,48.429,-83.958,-1.734,7999958.0,528222696.0,22.898,49.024,62.919,77.233,77.599,1.0,10.0,-86.019,-85.687,-85.228,-86.365
CUB,Lionheart Holdings Class A,NASDAQ,Industrials,Industrial Machinery/Components,346595164.0,False,True,True,10.89,-0.183,0.135,0.221,1.632,82472.0,795394.6,0.646,10.893,10.885,10.866,10.781,2.0,54.0,0.0,0.871,1.302,-2.984
CUBI,Customers Bancorp Inc,NYSE,Finance,Major Banks,2549663311.0,False,False,True,75.03,-0.583,2.435,-5.025,-2.063,274174.0,23807246.2,1.119,75.672,76.68,79.0,75.703,1.0,61.0,-5.789,-2.126,4.644,-11.081
CUE,Cue Biopharma Inc.,NASDAQ,Health Care,Biotechnology: Pharmaceutical Preparations,185751066.0,False,True,True,24.36,-4.732,16.107,-14.77,-0.917,296018.0,13600990.05,0.921,27.321,28.459,28.581,20.166,2.0,98.0,-11.962,-27.044,358.757,-46.462
CULP,Culp Inc.,NASDAQ,Consumer Discretionary,Textiles,49540410.0,False,True,False,3.78,-2.828,4.905,7.307,1.49,100982.0,857423.75,0.698,3.715,3.652,3.523,3.335,3.0,59.0,12.166,17.757,34.52,-14.865
CUPR,Cuprina Holdings (Cayman) Limited Class A,NASDAQ,Health Care,Industrial Specialties,18518157.0,False,True,False,2.25,-7.025,15.005,-18.078,-1.205,112878.0,459533.844,0.384,2.229,2.331,2.747,3.185,4.0,14.0,-23.469,-60.801,-28.797,-84.797
CURB,Curbline Properties Corp.,NYSE,Finance,Real Estate,3252124967.0,False,False,True,27.86,-1.45,2.061,-4.943,-2.399,1426072.0,44954700.4,1.149,28.149,28.453,29.309,27.497,2.0,63.0,-4.699,-8.554,8.04,-12.821
CURI,CuriosityStream Inc.,NASDAQ,Consumer Discretionary,Movies/Entertainment,172673661.0,False,True,True,2.92,0.344,4.697,5.948,1.266,1252146.0,1684676.975,0.215,2.915,2.871,2.756,2.916,3.0,33.0,3.73,9.787,-4.646,-40.169
CURR,Currenc Group Inc.,NASDAQ,Consumer Discretionary,Business Services,348073844.0,False,True,False,2.95,-4.839,8.94,-12.043,-1.347,375782.0,505894.925,0.263,3.095,3.18,3.354,2.805,2.0,87.0,-1.667,6.884,2.076,-41.929
CURV,Torrid Holdings Inc.,NYSE,Consumer Discretionary,Clothing/Shoe/Accessory Stores,249298588.0,False,False,True,2.46,-1.6,6.072,4.539,0.747,327212.0,634862.2,0.538,2.385,2.352,2.353,1.736,2.0,90.0,10.314,32.258,35.165,-13.835
CUZ,Cousins Properties Incorporated,NYSE,Real Estate,Real Estate Investment Trusts,4610503645.0,False,False,True,27.33,-1.3,2.263,-5.512,-2.436,1546816.0,41973285.9,1.019,27.656,27.929,28.924,26.141,2.0,50.0,-5.484,-10.095,26.054,-16.098
CV,CapsoVision Inc.,NASDAQ,Health Care,Biotechnology: Electromedical & Electrotherapeutic Apparatus,328216803.0,False,True,True,6.585,6.726,6.198,3.081,0.497,173662.0,1981471.2,0.521,6.431,6.387,6.388,6.655,4.0,90.0,10.302,16.138,-1.716,-57.157
CVBF,CVB Financial Corporation,NASDAQ,Finance,Major Banks,3921222852.0,False,True,True,22.12,-0.718,1.888,-0.928,-0.491,1275260.0,34670134.1,1.399,22.068,22.129,22.327,20.499,2.0,65.0,-0.696,-0.236,14.117,-4.641
CVCO,Cavco Industries Inc. Common Stock When Issued,NASDAQ,Consumer Discretionary,Homebuilding,4499299792.0,False,True,True,576.27,-1.514,3.147,1.793,0.57,109644.0,61680200.7,1.745,564.117,559.138,566.117,558.047,3.0,52.0,2.733,-0.458,19.739,-19.178
CVGI,Commercial Vehicle Group Inc.,NASDAQ,Consumer Discretionary,Auto Parts:O.E.M.,120272739.0,False,True,False,3.0,1.351,4.417,-9.459,-2.141,362902.0,744302.4,0.589,2.985,3.037,3.313,3.388,1.0,91.0,-3.226,-38.525,-29.742,-48.98
CVLG,Covenant Logistics Group Inc.,NYSE,Industrials,Trucking Freight/Courier Services,856753785.0,False,False,True,33.19,-1.688,3.778,-5.241,-1.387,221278.0,7400153.1,0.586,33.348,33.848,35.026,33.246,1.0,76.0,-3.264,-24.671,19.098,-33.325
CVLT,Commvault Systems Inc.,NASDAQ,Technology,Computer Software: Prepackaged Software,6228289078.0,False,True,False,153.73,2.296,3.713,11.099,2.989,616660.0,87285603.8,0.87,148.505,145.472,138.372,115.68,2.0,68.0,12.113,0.006,94.669,-17.443
CVNA,Carvana Co.,NYSE,Consumer Discretionary,Retail-Auto Dealers and Gas Stations,70176574613.0,True,False,False,63.72,-0.078,5.033,-7.399,-1.47,8918490.0,521542652.8,0.783,64.068,65.726,68.811,71.811,4.0,36.0,-13.223,-5.586,0.552,-34.564
CVRX,CVRx Inc.,NASDAQ,Health Care,Medical/Dental Instruments,41294475.0,False,True,False,1.56,0.645,17.052,-51.506,-3.02,1077618.0,1821007.253,0.535,2.109,2.463,3.217,5.861,4.0,8.0,-48.173,-72.822,-82.762,-86.195
CVS,CVS Health Corporation,NYSE,Consumer Staples,Retail-Drug Stores and Proprietary Stores,110579778104.0,True,False,False,87.01,0.636,2.446,-7.914,-3.236,7690836.0,739883347.2,1.562,87.295,89.201,94.488,86.98,2.0,58.0,-10.484,-16.085,20.52,-20.9
CVSA,Covista Inc. Common Shares,NYSE,Real Estate,Other Consumer Services,4271191134.0,False,False,True,125.39,-0.072,3.146,-2.136,-0.679,354920.0,45450789.1,1.15,123.56,124.644,128.127,117.618,2.0,40.0,-1.763,-7.495,6.988,-19.756
CVV,CVD Equipment Corporation,NASDAQ,Technology,Industrial Machinery/Components,30098709.0,False,True,False,4.28,-1.155,7.311,-32.068,-4.386,126312.0,538606.939,0.231,4.409,4.839,6.3,5.531,1.0,67.0,-33.849,-44.488,7.538,-52.967
CVX,Chevron Corporation,NYSE,Energy,Integrated oil Companies,408372164623.0,True,False,False,206.47,-0.106,2.023,2.106,1.041,8692216.0,2061977011.2,0.741,206.337,206.444,202.211,184.449,2.0,82.0,-2.295,19.69,5.692,-5.193
CWBC,Community West Bancshares,NASDAQ,Finance,Major Banks,719787499.0,False,True,True,26.58,0.188,2.149,2.609,1.214,223238.0,5326336.662,0.61,26.299,26.202,25.904,24.427,2.0,69.0,0.682,-1.198,15.092,-5.196
CWCO,Consolidated Water Co. Ltd.,NASDAQ,Utilities,Water Supply,482787880.0,False,True,False,30.32,0.564,2.395,3.834,1.601,90192.0,2763196.825,1.079,28.796,28.643,29.2,31.938,4.0,50.0,5.149,6.286,-8.768,-21.402
CWEN,Clearway Energy Inc.,NYSE,Utilities,Electric Utilities: Central,4809228251.0,False,False,True,29.52,0.613,2.651,-5.846,-2.205,1197704.0,37983552.3,1.411,29.629,30.156,31.353,34.986,4.0,49.0,-6.196,-10.489,-23.529,-28.202
CWH,Camping World Holdings Inc.,NYSE,Consumer Discretionary,Retail-Auto Dealers and Gas Stations,519573427.0,False,False,True,4.55,-9.543,8.126,-25.142,-3.094,1899456.0,12224963.7,4.099,5.128,5.454,6.078,7.95,4.0,11.0,-32.292,-31.988,-28.346,-73.145
CWK,Cushman & Wakefield Ltd. Common Shares,NYSE,Finance,Real Estate,2797787399.0,False,False,True,11.85,-0.587,4.182,-11.188,-2.675,1904602.0,28495582.7,2.502,12.089,12.437,13.343,13.819,4.0,30.0,-12.092,-14.193,-6.101,-31.897
CWST,Casella Waste Systems Inc.,NASDAQ,Utilities,Environmental Services,5267486607.0,False,True,True,83.42,0.785,3.532,-6.776,-1.918,531126.0,50726208.1,1.628,82.918,85.232,89.483,91.175,4.0,38.0,-13.068,-15.746,-3.259,-22.731
CWT,California Water Service Group,NYSE,Utilities,Water Supply,2842125082.0,False,False,True,45.84,-0.261,2.118,-6.314,-2.981,491394.0,20450178.65,1.428,46.188,46.997,48.93,45.886,1.0,50.0,-9.282,-7.132,1.827,-14.259
CXAI,CXApp Inc.,NASDAQ,Technology,EDP Services,5446156.0,False,True,False,2.09,-10.3,14.587,-51.385,-3.523,210945.64,277447.149,0.738,2.441,2.763,4.299,9.209,4.0,3.0,-38.889,-72.133,-76.778,-95.981
CXDO,Crexendo Inc.,NASDAQ,Telecommunications,Telecommunications Equipment,196862437.0,False,True,True,6.02,1.689,3.538,-3.304,-0.934,331198.0,1643670.503,0.657,5.906,5.926,6.226,6.969,4.0,38.0,1.689,-23.507,-4.444,-46.394
CXM,Sprinklr Inc.,NYSE,Technology,Computer Software: Prepackaged Software,1207290968.0,False,False,True,5.23,0.577,4.911,-16.9,-3.441,3451208.0,16972705.25,0.73,5.216,5.482,6.294,5.979,4.0,29.0,-16.186,-4.388,-14.262,-36.798
CXT,Crane NXT Co.,NYSE,Industrials,Metal Fabrications,2807840409.0,False,False,True,49.16,0.779,3.593,-1.452,-0.404,547740.0,28137808.2,0.958,48.058,48.255,49.884,46.951,3.0,38.0,-1.66,-1.108,19.709,-27.694
CXW,CoreCivic Inc.,NYSE,Real Estate,Real Estate Investment Trusts,3306009337.0,False,False,True,33.73,0.897,4.953,2.437,0.492,1782982.0,77108138.6,1.637,33.068,33.223,32.928,24.619,2.0,87.0,0.208,15.119,68.229,-7.715
CYCU,Cycurion Inc.,NASDAQ,Technology,EDP Services,12338760.0,False,True,False,3.68,-3.665,14.734,-13.958,-0.947,3830125.18,10123535.95,0.342,3.179,3.306,4.277,9.485,4.0,5.0,2.507,-13.208,-56.604,-95.826
CYH,Community Health Systems Inc.,NYSE,Health Care,Hospital/Nursing Management,383545451.0,False,False,True,2.76,1.471,4.294,-5.018,-1.168,1297120.0,3430617.112,0.901,2.837,2.877,2.906,3.074,4.0,35.0,-5.155,-27.749,-7.071,-37.698
CYPH,Cypherpunk Technologies Inc.,NASDAQ,Health Care,Biotechnology: Pharmaceutical Preparations,326526077.0,False,True,True,3.17,4.62,14.367,67.155,4.674,11584972.0,61989038.3,1.22,3.219,2.982,1.896,1.109,2.0,99.0,39.648,352.857,311.688,-24.344
CYRX,CryoPort Inc.,NASDAQ,Health Care,Biotechnology: Pharmaceutical Preparations,882813813.0,False,True,True,18.14,4.073,3.347,12.7,3.794,584350.0,11686281.6,1.805,17.415,17.034,16.096,12.585,2.0,91.0,14.376,20.452,96.746,-0.548
CYTK,Cytokinetics Incorporated,NASDAQ,Health Care,Biotechnology: Pharmaceutical Preparations,9119936221.0,False,True,False,62.7,-4.421,3.835,-14.419,-3.76,1987516.0,150047421.6,1.627,65.839,67.914,73.264,70.152,1.0,47.0,-15.213,-26.718,-3.449,-29.0
CZNC,Citizens & Northern Corp,NASDAQ,Finance,Major Banks,459670641.0,False,True,True,25.5,-0.507,2.037,-0.291,-0.143,64600.0,1459795.6,0.841,25.475,25.546,25.574,22.681,2.0,77.0,-1.278,10.948,15.325,-3.299
CZR,Caesars Entertainment Inc.,NASDAQ,Consumer Discretionary,Hotels/Resorts,6040309030.0,False,True,False,29.65,0.0,0.369,-0.231,-0.626,3968384.0,143269976.6,1.39,29.635,29.646,29.719,27.179,2.0,59.0,-0.101,-2.306,11.049,-3.983
CZWI,Citizens Community Bancorp Inc.,NASDAQ,Finance,Savings Institutions,205549920.0,False,True,True,21.31,0.047,2.474,-0.081,-0.033,50050.0,1166587.597,0.496,21.305,21.371,21.327,20.186,2.0,69.0,-2.382,-8.056,7.016,-12.346
D,Dominion Energy Inc.,NYSE,Utilities,Electric Utilities: Central,53923735933.0,True,False,False,61.02,-0.473,1.759,-6.625,-3.767,4226962.0,314227480.8,0.957,61.325,62.389,65.349,63.293,1.0,47.0,-7.716,-11.734,0.054,-15.555
DAIC,CID HoldCo Inc.,NASDAQ,Technology,EDP Services,6522370.0,False,True,False,2.59,-7.168,25.64,15.768,0.615,9864699.92,33357941.623,0.02,2.932,2.949,2.237,5.42,4.0,10.0,-22.455,29.5,-43.696,-96.832
DAKT,Daktronics Inc.,NASDAQ,Consumer Discretionary,Miscellaneous manufacturing industries,863743994.0,False,True,True,17.8,-0.891,3.14,-6.969,-2.22,575004.0,10171452.025,0.49,17.64,17.916,19.133,20.519,4.0,37.0,-8.624,-12.873,-7.58,-37.036
DAL,Delta Air Lines Inc.,NYSE,Consumer Discretionary,Air Freight/Delivery Services,55299520593.0,True,False,False,83.08,-1.201,2.852,-1.148,-0.402,5941152.0,610487302.4,1.272,83.24,82.606,84.045,75.601,2.0,75.0,5.498,-6.031,25.047,-12.954
DAN,Dana Incorporated Common Stock ,NYSE,Consumer Discretionary,Auto Parts:O.E.M.,2999237811.0,False,False,True,28.1,0.789,3.641,-4.276,-1.174,1454508.0,42573083.3,0.623,28.138,28.75,29.355,30.725,1.0,82.0,-10.85,10.987,-14.974,-28.407
DASH,DoorDash Inc.,NASDAQ,Consumer Discretionary,Business Services,81958304784.0,True,True,False,191.77,1.385,4.111,-6.999,-1.703,4275258.0,820288830.4,0.683,189.075,194.092,206.202,186.545,3.0,36.0,-13.617,-2.018,23.667,-32.83
DAVE,Dave Inc.,NASDAQ,Finance,Finance: Consumer Services,4420676061.0,False,True,True,368.94,6.455,5.428,3.472,0.64,378786.0,107742541.6,0.762,343.04,346.185,356.559,274.67,2.0,90.0,-5.608,-3.912,111.998,-19.489
DBD,Diebold Nixdorf Incorporated Common stock,NYSE,Miscellaneous,Office Equipment/Supplies/Services,2164773917.0,False,False,True,65.63,2.917,3.32,-4.649,-1.4,274392.0,15868881.9,1.431,63.316,64.229,68.83,75.249,1.0,49.0,-3.754,-21.458,-15.837,-28.729
DBGI,Digital Brands Group Inc.,NASDAQ,Consumer Discretionary,Clothing/Shoe/Accessory Stores,4546189.0,False,True,False,4.65,-4.517,26.979,-47.976,-1.778,977896.0,12628731.6,0.178,4.845,5.402,8.938,122.893,4.0,5.0,28.099,-84.903,-93.121,-99.354
DBI,Designer Brands Inc.,NYSE,Consumer Discretionary,Clothing/Shoe/Accessory Stores,309807828.0,False,False,True,5.97,-1.485,5.074,0.307,0.06,591366.0,4949590.188,1.076,6.085,6.022,5.952,6.48,1.0,91.0,16.862,10.632,3.883,-33.841
DBVT,DBV Technologies S.A. American Depositary Shares,NASDAQ,Health Care,Biotechnology: Biological Products (No Diagnostic Substances),624381019.0,False,True,False,10.44,-1.043,5.976,-20.855,-3.49,339108.0,4811746.712,0.662,11.369,11.943,13.191,17.834,4.0,33.0,-23.796,-39.827,-48.723,-60.13
DBX,Dropbox Inc.,NASDAQ,Technology,Computer Software: Prepackaged Software,7651544762.0,False,True,False,34.37,1.386,3.612,-0.151,-0.042,4421232.0,171546673.6,0.923,33.97,34.29,34.422,28.227,2.0,75.0,-3.725,19.133,44.716,-9.955
DC,Dakota Gold Corp.,AMEX,Basic Materials,Metal Mining,794304107.0,False,False,True,5.93,0.169,5.113,0.434,0.085,1403870.0,9796273.5,0.795,6.129,6.128,5.904,5.623,2.0,87.0,-3.105,41.19,12.952,-18.207
DCBO,Docebo Inc. Common Shares,NASDAQ,Technology,Computer Software: Prepackaged Software,582027368.0,False,True,False,23.68,1.5,3.271,1.891,0.578,62102.0,736326.777,0.338,23.276,23.398,23.241,19.859,2.0,65.0,-7.064,26.226,36.249,-17.549
DCH,Dauch Corporation,NYSE,Consumer Discretionary,Auto Parts:O.E.M.,1330585771.0,False,False,True,5.65,0.893,5.327,-8.058,-1.513,3326206.0,23965099.15,1.791,5.569,5.771,6.145,6.319,4.0,54.0,-15.292,9.073,-2.249,-38.919
DCO,Ducommun Incorporated,NYSE,Industrials,Military/Government/Technical,2648350239.0,False,False,True,172.85,-1.448,3.535,-3.92,-1.109,232296.0,41515134.4,0.771,171.867,172.179,179.902,147.082,2.0,85.0,3.801,-3.946,32.962,-17.843
DCOM,Dime Commercial Bancshares Inc.,NYSE,Finance,Major Banks,1760965009.0,False,False,True,39.51,-0.928,1.894,-2.446,-1.291,306970.0,12751414.025,1.126,39.846,40.091,40.501,36.361,2.0,73.0,-3.469,0.281,16.333,-5.861
DCOY,Decoy Therapeutics Inc.,NASDAQ,Health Care,Biotechnology: Pharmaceutical Preparations,3256126.0,False,True,False,1.67,-5.65,33.442,-47.144,-1.41,2763542.0,22025020.156,0.038,2.228,2.539,3.16,6.224,4.0,4.0,-42.014,-76.211,-71.647,-97.014
DCTH,Delcath Systems Inc.,NASDAQ,Health Care,Medical/Dental Instruments,524992768.0,False,True,True,15.87,4.891,3.259,1.327,0.407,523258.0,5969996.4,0.818,15.765,15.889,15.662,11.903,2.0,84.0,-3.701,18.08,63.608,-8.898
DCX,Digital Currency X Technology Inc. Class A,NASDAQ,Industrials,Auto Manufacturing,9103190.0,False,True,False,3.38,-12.887,343.267,-96.693,-0.282,134160.86,5808940.143,0.616,12.562,35.071,102.192,330.12,4.0,1.0,-96.75,-97.929,-98.864,-99.99
DD,DuPont de Nemours Inc.,NYSE,Industrials,Major Chemicals,17552885891.0,True,False,False,130.69,0.546,1.94,-3.214,-1.657,1366368.0,134974298.0,0.513,130.159,130.687,135.03,136.748,1.0,67.0,-0.336,-5.977,-3.602,-16.246
DDD,3D Systems Corporation,NYSE,Technology,Computer Software: Prepackaged Software,628035762.0,False,False,True,3.56,-5.82,5.9,6.18,1.047,2819576.0,8193851.5,1.079,3.559,3.492,3.353,2.692,2.0,84.0,7.229,24.042,91.398,-13.592
DDI,DoubleDown Interactive Co. Ltd. American Depository Shares,NASDAQ,Technology,EDP Services,659556286.0,False,True,False,13.24,-0.526,2.076,5.126,2.47,141316.0,2646708.138,1.018,13.126,12.991,12.594,10.556,2.0,81.0,2.082,16.039,48.597,-2.143
DDOG,Datadog Inc.,NASDAQ,Technology,Computer Software: Prepackaged Software,99542778153.0,True,True,False,276.415,-0.29,4.149,12.706,3.062,4257306.0,815695611.2,0.552,265.958,255.174,245.253,185.515,2.0,91.0,28.709,7.634,137.266,-5.57
DE,Deere & Company,NYSE,Industrials,Industrial Machinery/Components,185232658044.0,True,False,False,682.2,-0.699,2.552,5.167,2.024,1260538.0,855356331.2,0.597,681.864,677.582,648.684,585.901,2.0,82.0,-1.524,13.29,19.216,-5.185
DEA,Easterly Government Properties Inc.,NYSE,Real Estate,Real Estate Investment Trusts,1107325838.0,False,False,True,22.95,-1.923,2.016,-4.712,-2.338,411408.0,12151345.625,1.322,23.165,23.391,24.085,22.831,2.0,55.0,-5.594,-6.327,10.486,-9.972
DEC,Diversified Energy Company,NYSE,Unknown,Unknown,1030069425.0,False,False,True,13.61,1.416,2.902,-3.242,-1.117,866262.0,12331133.75,0.579,13.673,13.926,14.066,13.928,1.0,59.0,-13.422,-0.309,-17.949,-25.112
DECK,Deckers Outdoor Corporation,NYSE,Consumer Discretionary,Shoe Manufacturing,10793093640.0,True,False,False,80.21,1.378,2.683,-8.304,-3.095,2930728.0,276931872.8,0.956,79.247,80.547,87.474,101.161,4.0,27.0,-5.077,-24.387,-21.084,-34.41
DEI,Douglas Emmett Inc.,NYSE,Real Estate,Real Estate Investment Trusts,1644705322.0,False,False,True,9.64,-1.833,3.138,-11.698,-3.728,1885966.0,23836043.3,1.319,9.749,10.041,10.917,10.597,4.0,26.0,-12.813,-19.322,6.107,-34.438
DELL,Dell Technologies Inc. Class C Common Stock ,NYSE,Technology,Computer Manufacturing,357657388130.0,True,False,False,552.29,-1.819,5.082,12.425,2.445,7864010.0,4524695180.8,0.532,548.844,538.821,491.252,294.731,2.0,97.0,6.952,32.573,220.426,-7.258
DERM,Journey Medical Corporation,NASDAQ,Health Care,Biotechnology: Pharmaceutical Preparations,186563251.0,False,True,True,6.69,1.21,5.769,-3.748,-0.65,192364.0,1277449.094,0.461,6.71,6.866,6.95,6.861,4.0,55.0,-15.316,-0.815,37.654,-29.984
DFDV,DeFi Development Corp.,NASDAQ,Finance,Finance: Consumer Services,171259148.0,False,True,True,5.47,4.19,9.595,24.095,2.511,1792254.0,14273459.55,0.864,5.507,5.391,4.408,4.276,3.0,71.0,-10.033,71.473,50.275,-70.077
DFH,Dream Finders Homes Inc.,NYSE,Consumer Discretionary,Homebuilding,973252519.0,False,False,True,9.88,-8.093,7.545,-25.875,-3.43,810120.0,12781174.55,1.893,10.953,11.634,13.329,15.545,4.0,12.0,-28.406,-40.374,-32.003,-63.67
DFIN,Donnelley Financial Solutions Inc. Common Stock ,NYSE,Consumer Discretionary,Other Consumer Services,1144695432.0,False,False,True,48.28,3.694,3.253,-0.329,-0.101,234072.0,10977918.775,1.083,47.776,48.01,48.44,46.884,2.0,51.0,-1.61,7.17,-0.944,-14.184
DFNS,T3 Defense Inc.,NASDAQ,Consumer Discretionary,Professional Services,20847773.0,False,True,False,6.78,-7.629,27.99,-66.784,-2.386,4050571.92,3534919.738,0.088,7.359,9.007,20.412,132.309,4.0,2.0,-33.399,-62.07,-92.196,-99.652
DFSC,DEFSEC Technologies Inc.,NASDAQ,Technology,Computer Software: Prepackaged Software,7291668.0,False,True,False,1.01,-9.009,14.121,-30.23,-2.141,3198936.0,191016.65,0.051,1.125,1.225,1.448,2.256,4.0,9.0,-35.669,-47.396,-53.023,-83.167
DFTX,Definium Therapeutics Inc. Common Shares,NASDAQ,Health Care, Medicinal Chemicals and Botanical Products ,5025323930.0,False,True,True,36.23,-3.128,5.521,-11.62,-2.105,2200570.0,95306189.0,1.182,37.604,38.332,40.994,27.532,2.0,94.0,-4.658,-18.548,77.337,-27.103
DG,Dollar General Corporation,NYSE,Consumer Discretionary,Department/Specialty Retail Stores,26240161003.0,True,False,False,119.32,0.319,3.054,-4.026,-1.318,2353462.0,295349210.4,0.73,121.135,122.469,124.325,126.053,1.0,69.0,-9.096,3.37,-3.61,-23.847
DGICA,Donegal Group Inc.,NASDAQ,Finance,Property-Casualty Insurers,678169282.0,False,True,True,18.24,-0.164,2.339,-3.406,-1.456,121208.0,2167367.512,0.774,18.248,18.461,18.883,18.0,3.0,48.0,-6.076,-4.262,8.084,-10.658
DGII,Digi International Inc.,NASDAQ,Telecommunications,Computer Communications Equipment,2869257580.0,False,True,True,74.56,-1.389,3.699,0.143,0.039,369536.0,27215699.6,0.917,75.008,74.328,74.453,60.087,2.0,89.0,6.09,6.271,47.468,-14.141
DGNX,Diginex Limited,NASDAQ,Technology,EDP Services,64166566.0,False,True,False,1.28,0.0,8.952,-8.414,-0.94,914210.0,600371.578,0.245,1.303,1.338,1.398,6.577,4.0,7.0,-7.246,25.49,-67.677,-99.599
DGX,Quest Diagnostics Incorporated,NYSE,Health Care,Medical Specialities,25753416089.0,True,False,False,232.22,-0.476,2.295,-2.377,-1.036,996468.0,273271020.0,1.018,234.632,236.281,237.875,205.437,2.0,75.0,-2.999,9.786,17.191,-6.679
DGXX,Digi Power X Inc. Subordinate Voting Shares,NASDAQ,Finance,Finance: Consumer Services,389350483.0,False,True,False,3.73,-2.865,8.163,-4.017,-0.492,2852278.0,10026313.575,0.998,4.03,4.021,3.886,3.959,1.0,81.0,0.269,-15.611,71.101,-59.457
DHC,Diversified Healthcare Trust Common Shares of Beneficial Interest,NASDAQ,Real Estate,Real Estate Investment Trusts,1871657077.0,False,True,True,7.54,-2.458,3.358,-7.284,-2.169,1828830.0,17238498.65,0.898,7.828,7.884,8.132,7.518,2.0,79.0,-1.695,-17.954,8.133,-21.946
DHI,D.R. Horton Inc.,NYSE,Consumer Discretionary,Homebuilding,37759671045.0,True,False,False,133.23,-1.311,2.897,-7.357,-2.54,2418592.0,434239398.4,2.022,137.431,139.206,143.81,147.778,4.0,32.0,-7.742,-14.188,-5.425,-23.488
DHR,Danaher Corporation,NYSE,Industrials,Industrial Machinery/Components,150481194719.0,True,False,False,221.21,3.34,2.781,5.818,2.092,4124174.0,945991459.2,0.75,218.429,215.976,209.048,200.803,3.0,66.0,5.01,14.116,15.585,-8.346
DHX,DHI Group Inc.,NYSE,Consumer Discretionary,Business Services,208870354.0,False,False,True,4.81,0.0,5.1,9.732,1.908,258214.0,1278769.353,0.702,4.76,4.687,4.383,3.21,2.0,93.0,5.022,22.081,52.698,-7.322
DIBS,1stdibs.com Inc.,NASDAQ,Consumer Discretionary,Catalog/Specialty Distribution,135133478.0,False,True,False,4.03,0.249,6.46,-8.984,-1.391,107048.0,496143.859,0.952,4.042,4.157,4.428,4.984,4.0,86.0,-16.907,-12.959,-27.648,-39.17
DIN,Dine Brands Global Inc.,NYSE,Consumer Discretionary,Restaurants,378761768.0,False,False,True,29.86,-0.201,4.587,-7.206,-1.571,369428.0,17180043.5,2.847,28.922,29.342,32.179,31.52,4.0,55.0,-6.525,-15.102,9.618,-23.272
DIOD,Diodes Incorporated,NASDAQ,Technology,Semiconductors,4782009047.0,False,True,True,103.53,-0.299,4.27,11.212,2.626,594738.0,47409442.6,0.709,98.171,95.931,93.092,84.438,2.0,89.0,15.097,13.061,40.628,-17.827
DIS,Walt Disney Company (The),NYSE,Consumer Discretionary,Services-Misc. Amusement & Recreation,176450134515.0,True,False,False,103.61,1.39,2.06,-0.825,-0.401,9410680.0,912552432.0,0.748,104.005,104.601,104.472,103.288,3.0,52.0,-3.313,6.288,8.438,-10.231
DJCO,Daily Journal Corp. (S.C.),NASDAQ,Consumer Discretionary,Newspapers/Magazines,904542811.0,False,True,True,651.44,-0.762,3.539,4.556,1.287,65248.0,39979660.5,0.326,654.692,650.593,623.053,559.355,2.0,80.0,5.31,15.397,25.71,-5.929
DJT,Trump Media & Technology Group Corp.,NASDAQ,Technology,Computer Software: Programming Data Processing,2476456751.0,False,True,True,8.63,-3.143,4.772,-5.707,-1.196,3903364.0,28064061.6,1.166,8.925,8.969,9.152,9.961,4.0,25.0,-9.349,6.15,-7.996,-51.976
DK,Delek US Holdings Inc.,NYSE,Energy,Integrated oil Companies,4542814989.0,False,False,True,75.4,1.631,5.393,8.003,1.484,2060514.0,212987306.0,0.753,72.778,72.556,69.813,48.397,2.0,94.0,4.144,44.657,68.03,-8.351
DKI,DarkIris Inc. Class A,NASDAQ,Technology,Computer Software: Prepackaged Software,2894670.0,False,True,False,1.5,8.696,21.518,-53.889,-2.504,398548.0,605972.056,0.669,1.99,2.378,3.253,2.402,1.0,99.0,-48.98,-68.88,341.176,-83.571
DKNG,DraftKings Inc.,NASDAQ,Consumer Discretionary,Services-Misc. Amusement & Recreation,9229080752.0,False,True,False,19.6,5.433,6.073,-16.515,-2.72,12852890.0,326327725.6,2.002,20.295,21.454,23.477,25.645,4.0,20.0,-18.975,-27.165,-14.41,-46.998
DLO,DLocal Limited Class A Common Shares,NASDAQ,Consumer Discretionary,Business Services,4053839735.0,False,True,False,14.52,5.638,3.27,-0.634,-0.194,2054200.0,22662356.3,1.25,14.047,14.225,14.613,13.401,2.0,55.0,-7.985,-2.419,15.798,-12.013
DLR,Digital Realty Trust Inc.,NYSE,Real Estate,Real Estate Investment Trusts,66069959225.0,True,False,False,179.87,0.739,2.478,-3.744,-1.511,2225480.0,335874984.0,0.682,179.138,181.058,186.866,179.026,2.0,60.0,-3.561,3.547,0.176,-12.709
DLTH,Duluth Holdings Inc.,NASDAQ,Consumer Discretionary,Clothing/Shoe/Accessory Stores,149359654.0,False,True,False,4.1,4.326,5.537,0.955,0.173,134860.0,374825.202,0.988,4.024,4.066,4.061,3.34,2.0,73.0,-8.072,-3.981,28.125,-19.45
DLTR,Dollar Tree Inc.,NASDAQ,Consumer Discretionary,Department/Specialty Retail Stores,21044614336.0,True,True,False,113.19,0.918,3.444,-8.655,-2.513,2476164.0,336546869.6,0.886,114.052,116.325,123.914,117.195,1.0,67.0,-13.622,-7.713,1.89,-20.513
DLX,Deluxe Corporation,NYSE,Consumer Discretionary,Publishing,1036810717.0,False,False,True,22.67,0.265,3.049,-6.052,-1.985,440392.0,10146824.4,1.31,23.239,23.48,24.13,24.89,1.0,65.0,-7.09,-5.695,-15.988,-27.515
DLXY,Delixy Holdings Limited Class A,NASDAQ,Energy,Oil Refining/Marketing,6572700.0,False,True,False,1.965,-2.239,22.576,188.903,8.367,6082892.16,30506041.603,0.007,1.662,1.288,0.68,0.686,2.0,98.0,366.746,305.155,265.242,-55.843
DLY,DoubleLine Yield Opportunities Fund Common Shares of Beneficial Interest,NYSE,Finance,Investment Managers,644391270.0,False,False,True,13.22,-1.637,1.231,-2.956,-2.402,224202.0,3941362.019,1.55,13.283,13.36,13.623,13.596,1.0,46.0,-3.714,-4.243,-1.059,-6.097
DMAC,DiaMedica Therapeutics Inc.,NASDAQ,Health Care,Biotechnology: Pharmaceutical Preparations,443808486.0,False,True,True,8.42,2.309,5.003,21.583,4.314,172312.0,1644283.259,1.343,8.019,7.62,6.925,7.097,3.0,69.0,28.354,5.382,27.19,-19.19
DMRA,Damora Therapeutics Inc.,NASDAQ,Health Care,Biotechnology: Pharmaceutical Preparations,1274838467.0,False,True,False,20.22,-2.082,8.001,-25.719,-3.215,540880.0,19353053.6,1.028,21.223,22.901,27.221,26.078,1.0,98.0,-27.786,-32.6,-17.705,-47.241
DMRC,Digimarc Corporation,NASDAQ,Technology,EDP Services,172028148.0,False,True,True,6.1,-4.088,9.237,0.375,0.041,146504.0,1089110.702,1.425,5.706,5.581,6.077,7.057,4.0,28.0,11.517,-7.855,-0.327,-65.083
DNA,Ginkgo Bioworks Holdings Inc.,NYSE,Health Care,Biotechnology: Biological Products (No Diagnostic Substances),794602421.0,False,False,True,14.98,21.296,7.197,82.052,11.4,1521642.0,25961605.25,5.028,11.657,10.19,8.228,8.356,2.0,89.0,115.54,60.385,118.049,-14.79
DNLI,Denali Therapeutics Inc.,NASDAQ,Health Care,Biotechnology: Biological Products (No Diagnostic Substances),3196948060.0,False,True,True,19.91,-0.45,4.11,-12.66,-3.081,1497090.0,37944275.5,1.147,20.472,20.985,22.796,21.071,1.0,61.0,-12.675,-24.325,2.735,-27.07
DNOW,DNOW Inc.,NYSE,Consumer Discretionary,Oil and Gas Field Machinery,2849185642.0,False,False,True,15.9,0.888,2.939,1.906,0.649,2370462.0,36809012.3,0.937,15.73,15.738,15.603,13.876,2.0,72.0,0.633,25.592,30.542,-7.879
DNTH,Dianthus Therapeutics Inc.,NASDAQ,Health Care,Biotechnology: Pharmaceutical Preparations,4933971483.0,False,True,True,88.04,-0.193,5.227,-15.652,-2.995,773692.0,88849835.2,0.772,90.584,94.918,104.378,81.378,2.0,92.0,-18.368,-8.062,2.971,-25.314
DNUT,Krispy Kreme Inc.,NASDAQ,Consumer Staples,Food Chains,501415000.0,False,True,True,2.89,0.0,3.627,-9.913,-2.733,2580368.0,6142616.7,0.686,2.936,3.026,3.208,3.461,4.0,31.0,-13.473,-12.952,-16.232,-43.444
DOC,Healthpeak Properties Inc.,NYSE,Real Estate,Real Estate Investment Trusts,13438886297.0,True,False,False,18.84,-3.335,2.219,-9.175,-4.135,5257820.0,109547170.4,1.333,19.788,20.108,20.743,18.48,2.0,50.0,-9.961,-12.836,16.538,-17.087
DOCS,Doximity Inc.,NYSE,Technology,EDP Services,4978410221.0,False,False,True,28.58,2.327,4.148,13.226,3.188,4911748.0,80385481.6,0.644,27.415,26.773,25.242,26.713,3.0,31.0,5.461,25.682,23.938,-61.55
DOCU,DocuSign Inc.,NASDAQ,Technology,Computer Software: Prepackaged Software,12898138213.0,False,True,False,70.03,1.478,3.705,10.189,2.75,3254306.0,214037052.4,0.747,68.579,67.654,63.555,53.67,3.0,84.0,6.154,48.274,45.744,-6.627
DOMH,Dominari Holdings Inc.,NASDAQ,Finance,Investment Bankers/Brokers/Service,54305767.0,False,True,False,2.1,-6.25,9.539,-13.23,-1.387,222408.0,687286.699,0.387,2.258,2.3,2.42,2.977,4.0,14.0,-1.408,-25.0,-19.841,-66.754
DOO,BRP Inc. Common Subordinate Voting Shares,NASDAQ,Consumer Discretionary,Industrial Specialties,3984772664.0,False,True,False,55.0,-1.803,3.666,-10.385,-2.833,274788.0,16812801.925,0.735,56.384,57.805,61.374,64.685,4.0,37.0,-14.09,-7.088,-24.226,-32.276
DORM,Dorman Products Inc.,NASDAQ,Consumer Discretionary,Auto Parts:O.E.M.,3651881551.0,False,True,True,123.44,0.309,2.886,-4.902,-1.698,253060.0,27301874.1,1.131,123.296,124.466,129.803,123.489,4.0,37.0,-4.797,-11.601,22.826,-24.732
DOV,Dover Corporation,NYSE,Industrials,Industrial Machinery/Components,25547491880.0,True,False,False,191.3,0.849,2.091,-2.957,-1.414,1218410.0,252788128.8,0.751,189.504,190.551,197.128,209.122,1.0,57.0,0.12,-10.392,-7.327,-18.869
DOW,Dow Inc. Common Stock ,NYSE,Industrials,Major Chemicals,20203869687.0,True,False,False,28.51,1.931,3.155,-3.741,-1.186,8990176.0,259105644.0,0.796,28.185,28.622,29.618,31.445,1.0,77.0,-6.094,0.701,-28.17,-31.834
DOX,Amdocs Limited,NASDAQ,Technology,EDP Services,6274027207.0,False,True,False,58.46,0.585,2.519,-0.412,-0.164,1084120.0,55992220.4,1.003,58.119,58.594,58.702,63.214,4.0,43.0,-6.695,12.915,-9.595,-29.2
DPRO,Draganfly Inc. Common Shares,NASDAQ,Industrials,Aerospace,205423505.0,False,True,False,4.9,-7.285,8.283,-2.289,-0.276,1326244.0,7293188.6,1.076,5.48,5.465,5.015,6.063,4.0,23.0,-23.795,0.823,-4.854,-65.972
DPU,Top KingWin Ltd Class A,NASDAQ,Consumer Discretionary,Business Services,5362125.0,False,True,False,1.41,-9.091,9.897,-26.836,-2.712,185982.0,921825.805,0.044,1.547,1.659,1.927,2.131,4.0,14.0,-33.491,-26.753,-35.909,-67.955
DPZ,Domino's Pizza Inc,NASDAQ,Consumer Discretionary,Food Distributors,9845620562.0,True,True,False,297.27,-0.118,2.953,-9.604,-3.252,806736.0,225451028.8,0.74,298.399,304.945,328.852,349.103,4.0,31.0,-13.809,-4.481,-20.961,-31.62
DRH,Diamondrock Hospitality Company,NASDAQ,Real Estate,Real Estate Investment Trusts,2571893410.0,False,True,True,12.42,-1.193,2.244,0.092,0.041,2794454.0,39548072.7,1.18,12.39,12.33,12.409,10.731,2.0,82.0,3.902,6.643,34.576,-9.133
DRI,Darden Restaurants Inc.,NYSE,Consumer Discretionary,Restaurants,22853239530.0,True,False,False,199.72,-0.304,2.666,-5.735,-2.151,1186250.0,282753810.4,0.882,201.107,204.884,211.871,202.299,1.0,55.0,-8.402,-1.548,3.213,-13.075
DRK,DarkHorse Technologies Inc. Common Shares,NASDAQ,Finance,Finance: Consumer Services,27380699.0,False,True,False,2.69,1.894,9.345,8.933,0.956,609438.0,1297355.657,0.235,2.806,2.757,2.469,2.288,3.0,33.0,7.6,9.35,80.537,-78.651
DRMA,Dermata Therapeutics Inc.,NASDAQ,Health Care,Biotechnology: Pharmaceutical Preparations,5475504.0,False,True,False,1.11,0.452,7.585,-11.136,-1.468,895252.0,27931.1,0.016,1.127,1.163,1.249,1.436,4.0,11.0,-9.756,-21.277,-15.909,-81.09
DRS,Leonardo DRS Inc.,NASDAQ,Industrials,Industrial Machinery/Components,9821607752.0,False,True,False,36.6,-0.543,2.702,-9.225,-3.414,885334.0,35030018.5,0.841,36.868,37.317,40.32,42.089,1.0,34.0,-1.135,-19.347,-21.356,-27.509
DRTS,Alpha Tau Medical Ltd.,NASDAQ,Health Care,Medical/Dental Instruments,1365902335.0,False,True,False,14.89,0.812,4.055,5.108,1.26,555212.0,7069846.65,0.617,14.845,14.776,14.166,9.853,2.0,95.0,1.847,16.739,118.009,-5.7
DRUG,Bright Minds Biosciences Inc.,NASDAQ,Health Care,Biotechnology: Pharmaceutical Preparations,497753547.0,False,True,False,49.79,-1.775,6.461,-27.424,-4.244,134660.0,5533877.05,0.415,52.618,57.058,68.604,76.316,4.0,38.0,-26.801,-22.973,-33.596,-59.766
DRVN,Driven Brands Holdings Inc.,NASDAQ,Consumer Discretionary,Automotive Aftermarket,1926964251.0,False,True,True,11.65,-0.257,3.831,-9.576,-2.5,994926.0,14751638.15,0.848,11.882,12.145,12.884,13.601,4.0,27.0,-14.212,-23.001,-5.053,-32.659
DSC,DSC Holdings Ltd. American Depositary Shares,NASDAQ,Technology,Computer Software: Programming Data Processing,301436402.0,False,True,False,5.86,-2.658,15.334,-15.882,-1.036,56822.0,304016.048,0.855,6.201,6.608,6.966,,,,-25.823,-24.289,,-64.159
DSGN,Design Therapeutics Inc.,NASDAQ,Health Care,Biotechnology: Pharmaceutical Preparations,772257573.0,False,True,True,12.42,0.648,5.596,-10.039,-1.794,615160.0,10098036.475,1.107,12.528,12.951,13.806,12.036,2.0,87.0,-17.365,-15.568,-0.878,-28.0
DSGR,Distribution Solutions Group Inc.,NASDAQ,Consumer Discretionary,Industrial Specialties,1618014662.0,False,True,True,35.02,0.114,0.298,0.626,2.102,220256.0,7306247.55,1.144,34.946,34.875,34.802,29.69,2.0,79.0,0.835,29.993,32.301,-0.114
DSGX,Descartes Systems Group Inc. (The),NASDAQ,Technology,Computer Software: Prepackaged Software,6850728124.0,False,True,False,80.67,0.737,3.467,3.339,0.963,614352.0,54507643.4,0.622,79.916,79.271,78.063,74.693,3.0,52.0,-0.099,11.886,13.652,-17.977
DSL,DoubleLine Income Solutions Fund Common Shares of Beneficial Interests,NYSE,Finance,Trusts Except Educational Religious and Charitable,1015888407.0,False,False,True,9.82,-1.406,1.18,-5.046,-4.276,607988.0,7500317.8,1.149,9.991,10.097,10.342,10.423,1.0,40.0,-5.82,-7.643,-4.407,-10.367
DSP,Viant Technology Inc.,NASDAQ,Technology,Computer Software: Programming Data Processing,813945520.0,False,True,True,12.14,-0.817,6.133,-2.896,-0.472,387518.0,6958378.325,1.636,12.31,12.381,12.502,11.63,2.0,75.0,-9.706,-4.259,7.434,-17.973
DSY,Big Tree Cloud Holdings Limited Class A,NASDAQ,Consumer Discretionary,Containers/Packaging,16916664.0,False,True,False,3.53,-0.843,5.026,-7.154,-1.423,732258.0,64238.7,0.008,3.575,3.631,3.802,3.645,4.0,17.0,-9.719,-23.094,46.473,-83.657
DTCX,Datacentrex Inc.,NASDAQ,Technology,EDP Services,73462836.0,False,True,False,1.84,0.546,7.981,-10.046,-1.259,204152.0,323490.903,0.606,1.884,1.954,2.045,2.226,4.0,16.0,-13.208,-6.599,-18.584,-67.468
DTE,DTE Energy Company,NYSE,Utilities,Electric Utilities: Central,25896560187.0,True,False,False,125.04,0.474,1.789,-6.279,-3.511,1574744.0,256100956.0,1.176,124.147,126.453,133.417,138.702,1.0,37.0,-7.942,-17.977,-13.87,-18.983
DTI,Drilling Tools International Corporation,NASDAQ,Consumer Discretionary,Oil and Gas Field Machinery,80796293.0,False,True,False,2.36,3.057,3.102,-3.776,-1.217,201580.0,444207.248,0.316,2.368,2.416,2.453,2.956,4.0,84.0,-9.924,11.321,-47.439,-49.68
DTIL,Precision BioSciences Inc.,NASDAQ,Health Care,Biotechnology: Biological Products (No Diagnostic Substances),174165806.0,False,True,True,6.31,0.0,6.086,-13.04,-2.142,265672.0,1737906.397,0.824,6.393,6.649,7.256,6.321,1.0,60.0,-14.383,-31.784,4.992,-34.407
DUK,Duke Energy Corporation (Holding Company),NYSE,Utilities,Power Generation,88987411287.0,True,False,False,113.84,-0.254,1.366,-5.314,-3.89,4220934.0,487351892.8,1.001,114.55,116.061,120.229,122.369,1.0,43.0,-6.227,-10.434,-11.854,-13.872
DUOL,Duolingo Inc.,NASDAQ,Technology,Computer Software: Prepackaged Software,6749855029.0,False,True,False,147.1,1.962,4.646,2.898,0.624,1233506.0,158752437.6,0.682,144.814,145.111,142.957,127.18,3.0,33.0,-7.379,11.482,48.018,-58.329
DUOT,Duos Technologies Group Inc.,NASDAQ,Technology,Computer Software: Prepackaged Software,286714466.0,False,True,True,9.19,0.878,5.31,1.288,0.243,948994.0,5249765.088,0.575,9.002,8.976,9.073,9.368,4.0,75.0,4.67,-3.161,34.751,-39.856
DV,DoubleVerify Holdings Inc.,NYSE,Technology,Computer Software: Programming Data Processing,2090772566.0,False,False,True,13.44,-0.371,0.571,3.143,5.509,4053232.0,50762959.1,0.67,13.444,13.393,13.03,11.101,2.0,74.0,0.674,17.483,33.598,-1.538
DVA,DaVita Inc.,NYSE,Health Care,Misc Health and Biotechnology Services,11400422000.0,True,False,False,178.72,0.017,2.837,-5.103,-1.799,817388.0,130152253.6,0.553,178.618,180.476,188.331,170.38,2.0,68.0,-1.618,-23.725,19.051,-27.787
DVN,Devon Energy Corporation,NYSE,Energy,Oil & Gas Production,52415000000.0,True,False,False,47.98,0.693,3.065,2.577,0.841,11392066.0,630717220.8,0.875,47.499,47.643,46.775,44.149,2.0,82.0,-1.023,13.866,-2.046,-7.732
DWSN,Dawson Geophysical Company,NASDAQ,Energy,Oil & Gas Production,85713506.0,False,True,False,2.77,0.362,8.84,-21.694,-2.454,128448.0,208134.801,0.863,2.871,3.039,3.537,3.438,1.0,87.0,-23.691,-56.171,-5.461,-64.713
DWTX,Dogwood Therapeutics Inc.,NASDAQ,Health Care,Biotechnology: Pharmaceutical Preparations,49629127.0,False,True,False,1.52,4.11,11.287,-20.298,-1.798,63344.0,105269.65,1.576,1.487,1.626,1.907,2.253,4.0,14.0,-35.593,5.556,-25.49,-78.889
DX,Dynex Capital Inc.,NYSE,Real Estate,Real Estate Investment Trusts,2734799425.0,False,False,True,10.83,-1.724,2.446,-11.927,-4.876,5839826.0,88921631.4,1.51,11.307,11.659,12.297,12.377,1.0,44.0,-14.394,-14.396,-9.146,-19.437
DXC,DXC Technology Company Common Stock ,NYSE,Technology,EDP Services,1773543448.0,False,False,True,11.66,5.045,4.61,5.526,1.199,3110084.0,32680075.5,2.127,11.102,11.075,11.049,11.635,3.0,54.0,-0.086,14.764,-8.621,-25.638
DXCM,DexCom Inc.,NASDAQ,Health Care,Medical/Dental Instruments,32211514900.0,True,True,False,86.9,1.804,2.483,0.25,0.101,4579762.0,368798504.0,0.672,86.694,86.923,86.683,73.153,2.0,78.0,-3.132,18.119,37.478,-6.145
DXPE,DXP Enterprises Inc.,NASDAQ,Industrials,Industrial Machinery/Components,3010016369.0,False,True,True,195.8,0.938,3.407,6.125,1.798,136202.0,25410659.95,0.945,188.947,187.714,184.499,155.621,2.0,87.0,8.051,26.087,37.163,-5.865
DXST,Decent Holding Inc Class A,NASDAQ,Industrials,Miscellaneous,4392610.0,False,True,False,2.12,-12.397,21.419,-16.04,-0.749,1533434.0,6937463.789,0.951,2.444,2.481,2.525,8.917,4.0,12.0,-18.147,-5.778,-24.555,-96.581
DYN,Dyne Therapeutics Inc.,NASDAQ,Health Care,Biotechnology: Pharmaceutical Preparations,2838545751.0,False,True,True,15.44,1.579,6.316,-30.888,-4.891,2724600.0,71041093.2,1.607,16.25,17.719,22.34,19.593,4.0,56.0,-38.116,-35.208,-15.858,-43.454
EAF,GrafTech International Ltd.,NYSE,Energy,Industrial Machinery/Components,246310028.0,False,False,True,8.82,-6.568,10.517,13.771,1.309,486090.0,6773972.762,0.772,9.156,8.76,7.752,9.101,4.0,87.0,40.0,63.941,28.384,-56.594
EBAY,eBay Inc.,NASDAQ,Consumer Discretionary,Business Services,47348000000.0,True,True,False,107.14,0.695,2.993,0.02,0.007,4688832.0,553617536.0,0.588,107.022,107.138,107.118,100.686,2.0,63.0,1.209,-6.315,10.289,-9.678
EBC,Eastern Bankshares Inc.,NASDAQ,Finance,Savings Institutions,4905000464.0,False,True,True,21.24,-1.048,1.998,-4.287,-2.145,2432162.0,54747406.1,1.026,21.268,21.456,22.191,20.559,2.0,61.0,-3.151,-5.043,7.564,-10.056
EBF,Ennis Inc.,NYSE,Consumer Discretionary,Office Equipment/Supplies/Services,570729016.0,False,False,True,22.58,0.089,1.844,3.399,1.843,158336.0,3944796.562,1.014,22.313,22.052,21.838,20.521,2.0,74.0,6.009,7.78,6.151,-1.569
EBS,Emergent BioSolutions Inc.,NYSE,Health Care,Biotechnology: Pharmaceutical Preparations,324560217.0,False,False,True,7.24,14.376,5.408,18.127,3.352,1216906.0,7660197.875,1.923,6.699,6.554,6.129,8.574,4.0,37.0,16.212,-12.666,-10.617,-48.506
ECAT,BlackRock ESG Capital Allocation Term Trust Common Shares of Beneficial Interest,NYSE,Finance,Finance/Investors Services,1512808650.0,False,False,True,13.89,-0.715,1.951,-5.269,-2.7,564400.0,9398228.175,0.714,14.011,14.208,14.662,13.912,1.0,50.0,-7.436,-6.656,9.281,-9.68
ECC,Eagle Point Credit Company Common Share of Beneficial Interest,NYSE,Finance,Trusts Except Educational Religious and Charitable,209892333.0,False,False,True,3.41,-1.445,2.414,-7.696,-3.188,830206.0,3133032.488,0.673,3.503,3.572,3.694,3.867,4.0,26.0,-10.488,-7.639,-6.614,-36.977
ECHO,EchoStar  Corporation,NASDAQ,Consumer Discretionary,Telecommunications Equipment,27409393297.0,True,True,False,98.21,4.202,3.294,9.459,2.871,3668852.0,334521642.4,1.852,92.464,91.832,89.723,108.7,1.0,72.0,9.377,0.306,-22.639,-33.304
ECL,Ecolab Inc.,NYSE,Consumer Discretionary,Package Goods/Cosmetics,76725938641.0,True,False,False,277.07,1.231,1.947,-0.53,-0.272,1335434.0,333598864.0,0.704,275.404,275.863,278.545,272.572,2.0,51.0,-0.417,-1.863,4.319,-9.687
ECOR,electroCore Inc.,NASDAQ,Health Care,Biotechnology: Electromedical & Electrotherapeutic Apparatus,91421074.0,False,True,False,10.13,-0.099,7.279,7.574,1.041,88868.0,929908.294,0.36,10.632,10.515,9.417,7.433,2.0,92.0,9.989,28.066,43.892,-20.236
ECPG,Encore Capital Group Inc,NASDAQ,Finance,Finance Companies,2034402387.0,False,True,True,97.92,2.085,3.38,0.063,0.019,360106.0,31171757.1,0.55,96.58,97.137,97.858,78.852,2.0,91.0,1.021,8.595,35.006,-6.725
ECVT,Ecovyst Inc.,NYSE,Industrials,Major Chemicals,1107820188.0,False,False,True,10.37,2.47,2.824,-1.495,-0.53,1271748.0,13355166.5,0.81,10.141,10.212,10.527,11.809,1.0,59.0,1.567,-12.193,-21.558,-31.256
ED,Consolidated Edison Inc.,NYSE,Utilities,Power Generation,38236582366.0,True,False,False,103.38,-0.01,1.586,-2.993,-1.887,2254402.0,228668281.6,0.929,103.521,104.39,106.57,106.577,1.0,53.0,-4.938,-7.755,-8.297,-9.575
EDBL,Edible Garden AG Incorporated,NASDAQ,Consumer Staples,Farming/Seeds/Milling,2224720.0,False,True,False,1.13,-0.877,11.846,-29.011,-2.449,1851834.0,1348656.25,0.054,1.21,1.311,1.592,80.718,4.0,1.0,-24.161,-71.465,-97.653,-99.91
EDHL,Everbright Digital Holding Limited,NASDAQ,Consumer Discretionary,Advertising,31167008.0,False,True,False,5.08,-2.868,8.057,16.535,2.052,240104.0,2384737.149,0.8,5.073,4.886,4.359,3.885,3.0,41.0,26.841,2.834,52.096,-76.481
EDIT,Editas Medicine Inc.,NASDAQ,Health Care,Biotechnology: Biological Products (No Diagnostic Substances),402379692.0,False,True,True,2.79,6.489,6.785,-1.643,-0.242,2585356.0,8717420.688,1.165,2.662,2.722,2.837,2.64,2.0,35.0,-9.416,-25.6,2.574,-38.506
EDRY,EuroDry Ltd. Common Shares ,NASDAQ,Consumer Discretionary,Marine Transportation,160185105.0,False,True,False,58.47,4.635,9.947,22.765,2.289,157852.0,12224978.35,2.419,55.795,55.724,47.627,26.245,2.0,98.0,12.334,170.569,198.621,-19.981
EDSA,Edesa Biotech Inc. Common Shares,NASDAQ,Health Care,Biotechnology: Pharmaceutical Preparations,52124371.0,False,True,False,3.91,1.295,9.306,-16.517,-1.775,64382.0,160794.251,1.086,3.964,4.133,4.684,5.52,1.0,95.0,-17.857,-46.438,-32.818,-80.758
EDUC,Educational Development Corporation,NASDAQ,Consumer Discretionary,Consumer Specialties,11082453.0,False,True,False,1.3,0.0,2.968,-3.604,-1.214,86060.0,77197.397,0.217,1.303,1.312,1.349,1.39,1.0,43.0,-2.985,-17.197,0.775,-24.855
EE,Excelerate Energy Inc.,NYSE,Utilities,Oil/Gas Transmission,3690104497.0,False,False,True,34.13,4.886,4.089,-7.579,-1.854,393166.0,16687951.2,1.135,33.5,34.705,36.929,35.4,1.0,67.0,-14.03,-11.778,3.403,-20.406
EEFT,Euronet Worldwide Inc.,NASDAQ,Finance,Investment Bankers/Brokers/Service,2375128283.0,False,True,True,64.25,1.181,3.311,-8.691,-2.625,655280.0,39719683.6,1.426,64.686,66.302,70.365,71.543,4.0,28.0,-12.323,-17.807,-3.063,-28.428
EFC,Ellington Financial Inc. Common Stock ,NYSE,Finance,Real Estate,1493804804.0,False,False,True,11.5,-0.777,2.017,-10.635,-5.274,1284870.0,20081841.75,1.819,11.939,12.256,12.869,12.446,1.0,44.0,-12.928,-12.087,0.83,-15.076
EFOR,Everforth Inc.,NYSE,Consumer Discretionary,Professional Services,1404250000.0,False,False,True,36.14,5.518,5.346,14.566,2.725,816242.0,24323678.8,1.379,34.012,33.18,31.545,33.071,3.0,92.0,13.541,96.734,-5.885,-34.219
EFSC,Enterprise Financial Services Corporation,NASDAQ,Finance,Major Banks,2174446602.0,False,True,True,59.82,-0.433,1.919,-5.677,-2.958,245174.0,19379292.95,0.896,60.187,61.063,63.42,59.55,2.0,52.0,-6.66,-7.521,8.795,-12.486
EFSI,Eagle Financial Services Inc,NASDAQ,Finance,Major Banks,246282599.0,False,True,True,45.55,0.088,2.456,5.03,2.048,51852.0,2045363.088,0.692,45.506,45.132,43.369,39.374,2.0,75.0,9.706,13.898,27.984,-5.439
EFT,Eaton Vance Floating Rate Income Trust Common Shares of Beneficial Interest,NYSE,Finance,Finance Companies,308649303.0,False,False,True,10.52,-0.848,1.182,-0.613,-0.519,125008.0,1430164.114,0.981,10.553,10.545,10.585,10.569,1.0,49.0,-0.456,-0.246,3.99,-4.985
EFX,Equifax Inc.,NYSE,Finance,Finance: Consumer Services,16447885440.0,True,False,False,142.6,1.857,4.138,-17.334,-4.189,1484964.0,298948716.8,1.719,146.169,154.523,172.501,181.192,4.0,22.0,-24.586,-18.082,-21.182,-40.979
EG,Everest Group Ltd.,NYSE,Finance,Property-Casualty Insurers,14120478650.0,True,False,False,366.81,-0.396,1.807,-1.499,-0.83,362666.0,163087566.8,0.927,369.294,370.805,372.393,345.004,2.0,56.0,-4.517,-1.183,12.969,-8.045
EGAN,eGain Corporation,NASDAQ,Technology,Computer Software: Prepackaged Software,153626511.0,False,True,False,5.97,1.704,4.774,-8.537,-1.788,218890.0,2027107.762,3.222,5.821,5.898,6.527,7.926,4.0,30.0,-16.034,-5.388,-23.462,-62.571
EGBN,Eagle Bancorp Inc.,NASDAQ,Finance,Major Banks,865135154.0,False,True,True,28.32,-0.211,2.322,1.106,0.476,276442.0,9615294.625,0.949,28.194,28.109,28.01,26.28,2.0,77.0,2.017,6.026,9.763,-3.277
EGHT,8x8 Inc,NASDAQ,Technology,EDP Services,329312942.0,False,True,True,2.24,-1.754,5.456,10.661,1.954,1643408.0,3633421.262,0.594,2.194,2.107,2.024,2.02,3.0,66.0,16.667,13.706,26.554,-22.222
EGY,VAALCO Energy Inc.,NYSE,Energy,Oil & Gas Production,602748888.0,False,False,True,5.79,1.047,3.267,0.425,0.13,1289630.0,8436065.3,1.063,5.813,5.872,5.766,5.309,2.0,87.0,-4.139,11.876,-5.668,-12.14
EH,EHang Holdings Limited ADS,NASDAQ,Industrials,Aerospace,313999799.0,False,True,False,4.03,-2.657,5.057,-18.191,-3.597,654322.0,2820904.244,1.385,4.291,4.458,4.926,9.01,4.0,9.0,-11.623,-26.993,-63.196,-79.769
EIG,Employers Holdings Inc,NYSE,Finance,Property-Casualty Insurers,882399660.0,False,False,True,48.79,-0.692,2.142,-0.442,-0.206,171180.0,8791202.675,0.75,48.457,48.596,49.007,44.69,2.0,62.0,-2.205,-4.815,17.677,-6.571
EIKN,Eikon Therapeutics Inc.,NASDAQ,Health Care,Biotechnology: Biological Products (No Diagnostic Substances),397029670.0,False,True,True,7.54,2.865,9.526,-22.67,-2.38,530544.0,6088602.662,0.915,7.956,8.566,9.75,,,,-31.204,-35.0,-20.127,-56.667
EIX,Edison International,NYSE,Utilities,Electric Utilities: Central,20737625328.0,True,False,False,54.24,0.649,3.731,-15.057,-4.036,5299090.0,283573619.2,0.904,53.976,55.762,63.855,67.267,1.0,42.0,-3.659,-28.387,-24.519,-33.546
EJH,E-Home Household Service Holdings Limited,NASDAQ,Consumer Discretionary,Other Consumer Services,4768229.0,False,True,False,1.24,-16.779,18.93,-6.242,-0.33,567554.0,484914.575,0.073,1.382,1.343,1.323,6.426,4.0,7.0,5.085,-26.627,-37.056,-95.321
EL,Estee Lauder Companies Inc. (The),NYSE,Consumer Discretionary,Package Goods/Cosmetics,33322825617.0,True,False,False,93.3,1.446,3.436,-0.598,-0.174,3177686.0,279296643.2,0.877,93.917,95.031,93.861,91.504,3.0,70.0,-7.496,10.868,32.533,-22.498
ELA,Envela Corporation,AMEX,Consumer Discretionary,Consumer Specialties,315715868.0,False,False,True,12.05,-0.905,4.683,-20.568,-4.392,131684.0,1663677.497,0.551,12.386,12.911,15.17,17.459,1.0,73.0,-12.3,-48.811,-28.656,-59.4
ELAB,PMGC Holdings Inc.,NASDAQ,Health Care,Biotechnology: Pharmaceutical Preparations,2720185.0,False,True,False,3.27,-2.679,17.034,-48.247,-2.832,56176.4,239893.376,0.728,3.845,4.397,6.319,70.979,4.0,1.0,-37.476,-72.521,-91.484,-99.878
ELDN,Eledon Pharmaceuticals Inc.,NASDAQ,Health Care,Biotechnology: Pharmaceutical Preparations,202340268.0,False,True,True,2.5,0.402,6.218,-19.808,-3.186,957626.0,2239980.281,0.752,2.574,2.704,3.118,3.037,1.0,54.0,-14.676,-36.387,-19.094,-45.652
ELE,Elemental Royalty Corporation,NASDAQ,Basic Materials,Precious Metals,1463030702.0,False,True,False,18.08,-0.495,5.226,-9.368,-1.793,354642.0,10033233.888,0.948,19.309,19.911,19.949,18.764,1.0,64.0,-16.401,11.637,-3.197,-32.591
ELMD,Electromed Inc.,AMEX,Health Care,Biotechnology: Electromedical & Electrotherapeutic Apparatus,232867089.0,False,False,True,28.32,0.783,4.123,-15.78,-3.827,94426.0,2601909.8,0.736,28.045,28.589,33.626,31.391,1.0,61.0,2.572,-38.031,19.949,-40.253
ELMT,The Elmet Group Co.,NASDAQ,Industrials,Metal Fabrications,674068691.0,False,True,True,21.29,-3.796,8.83,19.597,2.219,753592.0,29068406.288,0.778,20.447,19.784,17.801,,,,30.055,32.813,,-14.942
ELPW,Elong Power Holding Limited Class A,NASDAQ,Miscellaneous,Industrial Machinery/Components,2768398.0,False,True,False,2.93,-1.347,20.356,-27.914,-1.371,700432.42,1499209.425,0.043,2.931,3.132,4.065,1489.163,4.0,1.0,-7.278,-92.304,-96.054,-99.995
ELTX,Elicio Therapeutics Inc.,NASDAQ,Health Care,Biotechnology: Pharmaceutical Preparations,50461213.0,False,True,False,1.92,0.0,7.542,-24.57,-3.258,319386.0,695601.597,0.627,1.906,2.034,2.545,7.374,4.0,11.0,-23.2,-31.429,-82.006,-88.0
ELV,Elevance Health Inc.,NYSE,Health Care,Medical Specialities,83804799735.0,True,False,False,394.51,2.091,2.528,-0.492,-0.195,1076436.0,497368459.2,0.662,393.911,397.694,396.462,363.184,2.0,64.0,-4.473,-5.401,31.469,-9.172
ELVA,Electrovaya Inc. Common Shares,NASDAQ,Miscellaneous,Industrial Machinery/Components,331492687.0,False,True,False,6.36,-4.072,5.168,-11.445,-2.215,497660.0,2183607.5,0.563,6.452,6.554,7.182,8.666,1.0,45.0,-5.778,-29.176,-21.092,-50.235
ELVN,Enliven Therapeutics Inc.,NASDAQ,Health Care,Biotechnology: Pharmaceutical Preparations,3441527644.0,False,True,True,45.47,-3.194,4.449,-17.258,-3.879,1190392.0,74430350.2,0.69,46.94,49.246,54.954,40.559,2.0,93.0,-23.772,-10.703,16.769,-27.038
EMAT,Evolution Metals & Technologies Corp.,NASDAQ,Miscellaneous,Industrial Machinery/Components,1279489318.0,False,True,True,2.055,0.735,21.704,-36.857,-1.698,1117620.0,4792225.1,1.098,2.672,2.978,3.254,,,,-37.538,-64.385,-74.053,-91.468
EMBC,Embecta Corp.,NASDAQ,Health Care,Medical/Dental Instruments,320126734.0,False,True,True,5.88,4.071,4.795,17.752,3.702,1403358.0,6009849.875,0.744,5.688,5.524,4.994,6.925,4.0,78.0,3.339,74.833,-33.82,-59.265
EME,EMCOR Group Inc.,NYSE,Industrials,Engineering & Construction,34697289226.0,True,False,False,779.2,-0.942,2.922,0.854,0.292,387916.0,275229716.8,1.02,766.496,762.865,772.605,773.02,2.0,65.0,5.11,1.461,2.964,-18.106
EMPD,Empery Digital Inc. Common stock,NASDAQ,Industrials,Auto Manufacturing,87984647.0,False,True,False,3.09,-1.278,6.017,3.272,0.544,361518.0,627443.152,0.153,3.06,3.055,2.992,3.979,4.0,15.0,-9.384,-22.75,-30.405,-61.899
EMR,Emerson Electric Company,NYSE,Technology,Consumer Electronics/Appliances,90146058000.0,True,False,False,162.33,0.446,2.407,4.874,2.024,2642730.0,379338310.4,0.81,157.716,155.629,154.786,143.973,2.0,76.0,8.069,18.106,23.277,-2.086
ENGN,enGene Therapeutics Inc.,NASDAQ,Health Care,Biotechnology: Biological Products (No Diagnostic Substances),130011653.0,False,True,False,1.87,-3.608,4.406,1.267,0.288,705968.0,1486802.7,1.35,1.94,1.923,1.847,5.043,4.0,17.0,2.186,-2.604,-74.171,-84.735
ENGS,Energys Group Limited,NASDAQ,Industrials,Engineering & Construction,165238435.0,False,True,False,3.07,0.656,4.007,8.888,2.218,1629694.0,6298518.625,0.245,2.985,2.923,2.819,1.743,2.0,91.0,14.552,8.481,151.639,-75.401
ENLT,Enlight Renewable Energy Ltd.,NASDAQ,Utilities,Electric Utilities: Central,9284185515.0,False,True,False,65.94,-0.961,3.943,-15.332,-3.888,192506.0,14288572.275,0.811,68.772,71.295,77.88,75.864,1.0,87.0,-14.872,-19.781,-4.49,-39.31
ENOV,Enovis Corporation,NYSE,Health Care,Industrial Specialties,1024786908.0,False,False,True,18.69,5.177,5.474,-18.273,-3.338,1566898.0,37450870.0,0.871,18.338,19.036,22.869,23.758,4.0,21.0,-3.66,-26.763,-17.882,-45.478
ENPH,Enphase Energy Inc.,NASDAQ,Technology,Semiconductors,4422881369.0,False,True,True,33.45,-0.06,5.205,-9.333,-1.793,4616658.0,167579096.8,0.81,33.292,34.257,36.893,41.238,1.0,35.0,-7.877,-22.191,-0.565,-54.638
ENR,Energizer Holdings Inc.,NYSE,Miscellaneous,Industrial Machinery/Components,1514173214.0,False,False,True,21.2,-4.116,3.854,-1.281,-0.332,1002108.0,19939701.55,1.198,21.617,21.534,21.475,19.762,2.0,51.0,2.663,3.86,29.854,-11.009
ENRD,Einride AB American Depositary Shares,NASDAQ,Technology,EDP Services,488475399.0,False,True,False,3.19,-4.204,14.189,-32.675,-2.303,234252.0,950313.2,1.142,3.651,3.924,4.738,,,,-26.835,-61.192,,-90.618
ENSG,The Ensign Group Inc.,NASDAQ,Health Care,Hospital/Nursing Management,10011756513.0,False,True,False,172.89,0.646,2.197,-2.12,-0.965,358492.0,66576602.2,1.329,173.187,173.862,176.635,181.628,4.0,53.0,0.502,1.22,-12.605,-20.605
ENTA,Enanta Pharmaceuticals Inc.,NASDAQ,Health Care,Biotechnology: Pharmaceutical Preparations,377465210.0,False,True,True,12.6,-2.778,4.666,-3.794,-0.813,242736.0,3734527.088,0.902,12.663,12.742,13.097,13.485,4.0,62.0,-10.128,-11.641,-4.906,-26.531
ENTG,Entegris Inc.,NASDAQ,Industrials,Plastic Products,25436616000.0,False,True,False,166.92,0.27,4.071,17.316,4.254,2321650.0,299204314.4,0.979,155.798,150.016,142.282,132.397,2.0,89.0,27.712,23.676,44.517,-10.634
ENTX,Entera Bio Ltd.,NASDAQ,Health Care,Biotechnology: Biological Products (No Diagnostic Substances),497418144.0,False,True,False,2.62,-8.392,7.973,-11.71,-1.469,2230988.08,1384220.044,0.562,2.804,2.845,2.967,1.805,2.0,92.0,-11.186,57.831,120.168,-37.619
ENVA,Enova International Inc.,NYSE,Finance,Finance: Consumer Services,4304679362.0,False,False,True,178.0,2.956,4.225,-20.104,-4.758,362186.0,76927712.2,1.079,175.002,185.659,222.791,182.357,1.0,78.0,-23.661,-24.895,28.27,-33.446
ENVB,Enveric Biosciences Inc.,NASDAQ,Health Care,Biotechnology: Pharmaceutical Preparations,6624308.0,False,True,False,1.51,2.027,6.156,2.491,0.405,102368.0,105787.5,0.53,1.494,1.489,1.473,2.289,4.0,11.0,4.861,4.138,-24.121,-88.604
ENVX,Enovix Corporation,NASDAQ,Miscellaneous,Industrial Machinery/Components,614455898.0,False,True,True,2.67,-4.643,8.054,-23.518,-2.92,7665592.0,20997421.3,0.594,2.823,2.971,3.491,5.646,4.0,8.0,-20.772,-46.439,-53.565,-81.21
EOG,EOG Resources Inc.,NYSE,Energy,Oil & Gas Production,74157934903.0,True,False,False,144.08,1.91,2.496,-0.15,-0.06,3060820.0,480045286.4,0.824,141.868,142.87,144.297,131.076,2.0,77.0,-1.288,7.886,2.255,-6.539
EOLS,Evolus Inc.,NASDAQ,Health Care,Biotechnology: Pharmaceutical Preparations,471600142.0,False,True,True,7.47,4.622,5.139,-5.256,-1.023,939074.0,6424119.2,0.837,7.751,7.923,7.884,6.16,2.0,80.0,-17.459,7.637,79.567,-19.764
EOSE,Eos Energy Enterprises Inc.,NASDAQ,Miscellaneous,Industrial Machinery/Components,1168978458.0,False,True,True,3.27,1.869,8.501,-11.069,-1.302,27236339.92,100383687.2,0.873,3.317,3.477,3.677,7.328,4.0,12.0,-6.571,-31.013,-32.438,-83.535
EPAC,Enerpac Tool Group Corp.,NYSE,Technology,Industrial Machinery/Components,1822545703.0,False,False,True,36.02,1.066,2.571,-0.972,-0.378,388996.0,16193942.3,1.108,35.536,35.703,36.374,36.944,4.0,46.0,-2.491,4.984,1.408,-19.956
EPC,Edgewell Personal Care Company,NYSE,Consumer Discretionary,Package Goods/Cosmetics,1243018038.0,False,False,True,26.75,-0.816,3.569,-3.712,-1.04,578408.0,17007971.9,1.162,27.153,27.324,27.781,22.693,2.0,74.0,-5.629,1.073,27.191,-10.198
EPOW,E-Power Inc. Class A,NASDAQ,Miscellaneous,Industrial Machinery/Components,9819358.0,False,True,False,3.77,-10.664,25.081,-59.994,-2.392,94978.48,167974.609,0.476,4.9,6.181,9.424,16.505,4.0,5.0,-61.823,-76.025,-81.383,-89.811
EPR,EPR Properties,NYSE,Real Estate,Real Estate Investment Trusts,4324573647.0,False,False,True,55.59,-1.523,1.968,-5.993,-3.045,823970.0,52571635.1,0.946,56.419,57.119,59.134,55.473,2.0,50.0,-7.584,-5.65,12.705,-13.1
EPRX,Eupraxia Pharmaceuticals Inc.,NASDAQ,Health Care,Pharmaceuticals and Biotechnology,477164016.0,False,True,False,7.745,6.975,7.486,5.287,0.706,590852.0,6410459.612,3.004,8.026,7.985,7.356,7.338,2.0,78.0,3.267,16.466,9.085,-16.899
EPSM,Epsium Enterprise Limited Class A,NASDAQ,Consumer Staples,Beverages (Production/Distribution),16797543.0,False,True,False,1.21,-3.2,12.114,-13.676,-1.129,319490.0,1242500.5,0.07,1.286,1.326,1.402,1.55,4.0,10.0,-15.972,-9.701,-10.37,-97.15
EPSN,Epsilon Energy Ltd. Common Share,NASDAQ,Energy,Oil & Gas Production,173828891.0,False,True,True,6.06,5.575,3.733,3.939,1.055,153482.0,857035.505,0.818,5.92,5.942,5.83,5.462,2.0,78.0,-2.212,13.783,-2.505,-6.904
EQ,Equillium Inc.,NASDAQ,Health Care,Biotechnology: Pharmaceutical Preparations,89405396.0,False,True,False,1.45,2.837,10.779,-31.299,-2.904,571516.0,1453409.65,1.388,1.632,1.802,2.111,2.076,1.0,38.0,-34.685,-49.653,-27.861,-59.04
EQBK,Equity Bancshares Inc.,NYSE,Finance,Major Banks,982879548.0,False,False,True,47.54,-0.398,2.184,-4.183,-1.916,101596.0,5291928.95,1.241,47.816,48.325,49.615,46.736,2.0,63.0,-6.35,-1.927,6.693,-8.626
EQIX,Equinix Inc. Common Stock REIT,NASDAQ,Real Estate,Real Estate Investment Trusts,101209521764.0,True,True,False,1023.44,-0.222,2.531,-1.678,-0.663,564626.0,518905972.8,0.653,1022.018,1027.027,1040.91,981.539,2.0,73.0,-1.671,0.528,1.706,-8.512
EQPT,EquipmentShare.com Inc,NASDAQ,Consumer Discretionary,Diversified Commercial Services,4687455316.0,False,True,True,18.9,2.162,6.273,0.886,0.141,2982056.0,65745243.2,1.004,18.092,18.113,18.734,,,,4.19,5.117,-3.621,-46.761
EQT,EQT Corporation,NYSE,Energy,Oil & Gas Production,31382137720.0,True,False,False,51.12,1.894,2.792,-3.101,-1.111,6898584.0,409233288.8,1.234,50.455,51.208,52.756,55.246,4.0,47.0,-8.074,-0.927,-14.86,-24.641
ERAS,Erasca Inc.,NASDAQ,Health Care,Biotechnology: Pharmaceutical Preparations,5155492396.0,False,True,True,14.72,-0.136,6.824,-12.497,-1.831,3962822.0,73147722.6,1.384,14.71,15.19,16.822,14.037,2.0,98.0,-9.471,-19.826,-14.019,-39.374
ERIC,Ericsson American Depositary Shares,NASDAQ,Technology,Radio And Television Broadcasting And Communications Equipment,31319857618.0,False,True,False,9.22,-0.753,2.193,-5.958,-2.717,9376942.0,72518652.0,0.636,9.376,9.549,9.804,10.66,1.0,54.0,-7.431,-13.334,-18.741,-31.901
ERIE,Erie Indemnity Company,NASDAQ,Finance,Specialty Insurers,10211941044.0,True,True,False,221.46,0.835,3.152,-9.159,-2.906,265538.0,44276669.2,0.502,223.794,230.41,243.788,245.394,4.0,28.0,-13.715,-13.042,-11.332,-31.42
ERII,Energy Recovery Inc.,NASDAQ,Technology,Industrial Machinery/Components,345573804.0,False,True,True,6.83,0.886,3.244,-10.942,-3.374,998408.0,6784845.2,0.873,6.833,7.024,7.669,10.287,4.0,15.0,-10.719,-22.386,-34.453,-62.718
ES,Eversource Energy (D/B/A),NYSE,Utilities,Electric Utilities: Central,24295521633.0,True,False,False,64.69,0.295,1.872,-6.402,-3.42,2350530.0,176169211.2,0.989,64.791,65.94,69.114,68.748,1.0,40.0,-8.421,-12.439,-4.625,-14.521
ESAB,ESAB Corporation,NYSE,Industrials,Industrial Machinery/Components,4345529919.0,False,False,True,71.46,2.232,4.41,-7.581,-1.719,821662.0,69335692.6,1.719,68.722,69.863,77.322,97.545,4.0,22.0,-4.166,-23.859,-25.419,-47.787
ESLT,Elbit Systems Ltd.,NASDAQ,Industrials,Military/Government/Technical,32380914423.0,False,True,False,709.37,1.887,2.496,-5.735,-2.297,78924.0,56410908.0,1.423,710.701,719.945,752.525,773.693,1.0,75.0,1.162,-8.813,-23.019,-30.018
ESOA,Energy Services of America Corporation,NASDAQ,Industrials,Water Sewer Pipeline Comm & Power Line Construction,205437583.0,False,True,True,11.0,-0.091,3.407,-10.554,-3.098,153190.0,1186851.912,0.453,11.023,11.2,12.298,13.468,1.0,53.0,-2.214,-34.325,-15.613,-44.518
ESQ,Esquire Financial Holdings Inc.,NASDAQ,Finance,Commercial Banks,1451581593.0,False,True,True,118.02,-1.584,2.851,-3.031,-1.063,169978.0,25804208.8,0.972,119.317,119.655,121.709,112.644,2.0,62.0,-2.656,-1.909,8.259,-12.217
ESRT,Empire State Realty Trust Inc.,NYSE,Real Estate,Real Estate Investment Trusts,717930731.0,False,False,True,4.23,1.439,3.416,-6.632,-1.942,3279296.0,21914710.45,2.27,4.139,4.201,4.53,5.381,4.0,20.0,-3.511,-22.599,-15.002,-45.982
ESS,Essex Property Trust Inc.,NYSE,Real Estate,Real Estate Investment Trusts,17265716137.0,True,False,False,271.93,1.221,1.649,-2.163,-1.312,507898.0,148275583.2,0.861,270.3,271.673,277.942,263.457,2.0,52.0,-1.48,-7.976,11.804,-9.502
ESTA,Establishment Labs Holdings Inc. Common Shares,NASDAQ,Health Care,Industrial Specialties,1909109137.0,False,True,False,66.47,3.762,4.337,-11.078,-2.554,423432.0,22357511.55,0.926,65.814,67.88,74.751,73.208,1.0,78.0,-8.064,-26.988,10.177,-31.889
ESYN,EnerSyn Global Inc.,NASDAQ,Health Care,Other Pharmaceuticals,64803552.0,False,True,False,2.12,-2.752,10.927,10.117,0.926,202602.0,259304.945,0.096,2.255,2.208,1.925,1.49,2.0,89.0,11.579,81.197,103.846,-31.833
ETB,Eaton Vance Tax-Managed Buy-Write Income Fund Eaton Vance Tax-Managed Buy-Write Income Fund Common Shares of Beneficial Interest,NYSE,Finance,Investment Bankers/Brokers/Service,451732101.0,False,False,True,15.39,0.065,1.093,-0.185,-0.17,50882.0,795670.078,1.079,15.4,15.422,15.419,14.852,2.0,60.0,-0.921,1.274,9.022,-2.099
ETD,Ethan Allen Interiors Inc.,NYSE,Consumer Discretionary,Home Furnishings,530764713.0,False,False,True,21.08,0.095,2.557,1.337,0.523,569290.0,10591218.425,0.896,21.142,21.172,20.802,19.234,2.0,58.0,-3.612,15.232,15.05,-11.237
ETN,Eaton Corporation PLC,NYSE,Technology,Industrial Machinery/Components,169385124000.0,True,False,False,432.6,-0.805,3.138,2.435,0.776,2132642.0,883185920.0,0.669,432.115,427.336,422.317,388.104,2.0,69.0,8.934,9.6,19.504,-9.498
ETON,Eton Pharmaceuticals Inc.,NASDAQ,Health Care,Biotechnology: Pharmaceutical Preparations,1582362354.0,False,True,True,55.62,0.47,6.343,1.364,0.215,618128.0,32572743.4,0.656,55.752,56.291,54.872,32.307,2.0,95.0,-7.145,47.377,122.48,-16.197
ETOR,eToro Group Ltd. Class A Common Shares,NASDAQ,Finance,Investment Bankers/Brokers/Service,2047487785.0,False,True,False,25.69,1.062,3.998,-15.96,-3.992,1200940.0,29214817.7,0.559,26.362,27.547,30.569,33.71,4.0,21.0,-21.557,-36.584,-14.877,-41.891
ETR,Entergy Corporation,NYSE,Utilities,Electric Utilities: Central,47087784463.0,True,False,False,100.82,-0.089,1.955,-4.081,-2.088,2684038.0,322884863.2,0.793,100.456,101.693,105.11,105.411,1.0,52.0,-6.458,-11.953,-10.993,-14.376
ETS,Elite Express Holding Inc.,NASDAQ,Industrials,Trucking Freight/Courier Services,78433842.0,False,True,False,1.66,3.106,15.186,28.086,1.849,297448.0,1023761.806,0.253,1.694,1.619,1.296,0.773,2.0,96.0,99.519,106.725,149.624,-39.636
ETV,Eaton Vance Corporation Eaton Vance Tax-Managed Buy-Write Opportunities Fund Common Shares of Beneficial Interest,NYSE,Finance,Investment Bankers/Brokers/Service,1632469134.0,False,False,True,14.86,-0.535,1.476,-0.886,-0.6,161510.0,2793672.5,1.134,15.018,15.07,14.993,14.231,2.0,61.0,-2.241,0.895,12.474,-4.067
ETW,Eaton Vance Corporation Eaton Vance Tax-Managed Global Buy-Write Opportunites Fund Common Shares of Beneficial Interest,NYSE,Finance,Investment Managers,1040082989.0,False,False,True,9.49,0.0,1.101,-1.281,-1.164,275386.0,2616163.538,1.485,9.532,9.575,9.613,9.11,2.0,61.0,-3.188,1.316,11.021,-3.966
EU,enCore Energy Corp. Common Shares,NASDAQ,Basic Materials,Other Metals and Minerals,198166590.0,False,True,True,1.07,4.902,10.214,-7.727,-0.756,5613120.0,8791555.781,0.321,1.095,1.113,1.16,1.82,4.0,13.0,-15.079,-15.079,-43.085,-74.402
EVAX,Evaxion A/S American Depositary Share,NASDAQ,Health Care,Biotechnology: Biological Products (No Diagnostic Substances),28868746.0,False,True,False,3.15,-1.562,4.821,0.867,0.18,250120.0,136460.25,0.153,3.214,3.201,3.123,3.68,4.0,29.0,2.273,-4.834,-15.436,-74.074
EVC,Entravision Communications Corporation,NYSE,Industrials,Broadcasting,681087691.0,False,False,True,7.12,-3.523,5.209,-19.037,-3.655,1470468.0,9341459.75,0.671,7.473,7.758,8.794,6.403,2.0,97.0,-14.814,-39.797,138.516,-47.859
EVCM,EverCommerce Inc.,NASDAQ,Technology,Computer Software: Prepackaged Software,1579387299.0,False,True,True,9.07,1.454,6.921,-2.203,-0.318,159148.0,1471812.306,0.622,8.632,8.468,9.274,10.598,4.0,36.0,14.376,-9.93,-25.103,-37.058
EVER,EverQuote Inc.,NASDAQ,Technology,Computer Software: Programming Data Processing,687175145.0,False,True,True,19.41,-0.462,6.068,-17.887,-2.948,771890.0,20999852.55,1.286,19.869,20.994,23.638,20.871,4.0,47.0,-23.311,-23.19,26.45,-32.44
EVEX,Eve Holding Inc.,NYSE,Industrials,Aerospace,606366219.0,False,False,True,1.7,-2.299,7.189,-26.718,-3.716,970248.0,2133263.912,1.054,1.905,2.023,2.32,2.941,4.0,13.0,-24.779,-33.333,-36.803,-67.054
EVGO,EVgo Inc.,NASDAQ,Consumer Discretionary,Automotive Aftermarket,434031694.0,False,True,True,1.35,-2.174,6.499,-7.938,-1.221,3944292.0,5581043.962,0.766,1.349,1.378,1.466,2.106,4.0,11.0,-6.25,-25.824,-27.027,-73.938
EVH,Evolent Health Inc,NYSE,Consumer Discretionary,Other Consumer Services,391185299.0,False,False,True,3.61,4.335,6.212,-9.242,-1.488,3095296.0,8893247.9,0.433,3.586,3.745,3.978,3.83,4.0,37.0,-15.258,-34.124,56.277,-57.329
EVI,EVI Industries Inc.,AMEX,Consumer Discretionary,Other Consumer Services,248426882.0,False,False,True,19.15,-0.726,5.739,19.631,3.421,82532.0,1092431.655,0.813,19.123,18.251,16.008,19.109,3.0,39.0,46.969,19.464,-10.598,-39.837
EVLV,Evolv Technologies Holdings Inc.,NASDAQ,Technology,Computer peripheral equipment,827746487.0,False,True,True,4.48,-1.969,3.867,-14.798,-3.827,2094438.0,11177623.725,1.034,4.706,4.852,5.258,5.887,4.0,20.0,-9.859,-27.036,-26.437,-49.149
EVMN,Evommune Inc.,NYSE,Health Care,Biotechnology: Pharmaceutical Preparations,251141422.0,False,False,True,6.65,-3.902,10.515,-42.537,-4.045,647112.0,9287641.775,2.11,8.025,9.122,11.573,18.897,4.0,,-44.583,-50.15,-72.945,-79.97
EVN,Eaton Vance Municipal Income Trust,NYSE,Finance,Investment Managers,368111273.0,False,False,True,9.07,-2.263,2.3,-12.052,-5.239,106172.0,1509818.528,2.612,9.468,9.778,10.313,10.45,4.0,34.0,-13.851,-16.666,-9.487,-18.294
EVO,Evotec SE American Depositary Shares,NASDAQ,Health Care,Biotechnology: Pharmaceutical Preparations,569208902.0,False,True,False,1.66,3.75,4.154,-9.24,-2.225,102706.0,283140.05,3.179,1.633,1.671,1.829,2.69,4.0,13.0,-12.632,-41.754,-36.641,-61.124
EVRG,Evergy Inc.,NASDAQ,Utilities,Power Generation,18254003007.0,True,True,False,79.09,-0.101,1.503,-2.703,-1.799,2131870.0,190106434.8,0.915,78.945,79.526,81.287,80.034,1.0,51.0,-3.466,-8.459,-2.7,-10.009
EW,Edwards Lifesciences Corporation,NYSE,Health Care,Industrial Specialties,49080460000.0,True,False,False,87.23,2.443,2.426,-1.516,-0.625,3534954.0,306809012.0,0.938,86.623,87.184,88.573,85.139,2.0,57.0,-2.84,-8.005,7.439,-9.409
EWBC,East West Bancorp Inc.,NASDAQ,Finance,Major Banks,17292266346.0,False,True,False,126.84,0.499,1.961,-2.059,-1.05,725642.0,110292454.4,1.281,126.109,126.875,129.507,120.793,2.0,65.0,-2.886,-2.2,16.813,-7.733
EWTX,Edgewise Therapeutics Inc.,NASDAQ,Health Care,Biotechnology: Pharmaceutical Preparations,4496210941.0,False,True,True,40.3,-2.657,5.273,-5.987,-1.136,1426192.0,74483885.3,1.146,41.111,41.907,42.866,34.889,2.0,92.0,-3.933,-6.562,22.754,-16.924
EXC,Exelon Corporation,NASDAQ,Utilities,Power Generation,42043704076.0,True,True,False,40.82,0.221,1.755,-6.166,-3.513,7739436.0,356572372.0,1.166,40.896,41.574,43.502,44.903,4.0,40.0,-7.459,-13.373,-15.006,-17.875
EXE,Expand Energy Corporation,NASDAQ,Energy,Oil & Gas Production,19798204035.0,True,True,False,86.43,1.064,2.647,-6.842,-2.585,3131998.0,315476754.4,0.765,86.596,88.675,92.778,97.358,4.0,38.0,-12.741,-2.915,-15.524,-30.539
EXEL,Exelixis Inc.,NASDAQ,Health Care,Biotechnology: Biological Products (No Diagnostic Substances),14467972996.0,False,True,False,58.85,0.788,2.803,5.27,1.88,2365394.0,125609675.2,1.091,58.201,57.702,55.904,49.164,2.0,76.0,-0.474,3.101,33.811,-3.746
EXFY,Expensify Inc.,NASDAQ,Technology,Computer Software: Prepackaged Software,205169994.0,False,True,True,2.35,4.444,5.587,2.917,0.522,847244.0,1290539.731,0.607,2.289,2.297,2.283,1.509,2.0,92.0,-3.292,37.427,176.471,-16.37
EXLS,ExlService Holdings Inc.,NASDAQ,Consumer Discretionary,Business Services,5420146839.0,False,True,False,35.9,0.42,2.911,1.231,0.423,2265268.0,71969470.4,1.256,35.417,35.451,35.464,33.009,3.0,64.0,-3.805,28.951,16.294,-18.186
EXOD,Exodus Movement Inc.,AMEX,Finance,Finance: Consumer Services,221389881.0,False,False,True,6.85,-6.548,10.02,1.059,0.106,92552.0,574159.354,0.864,7.205,7.18,6.778,8.589,4.0,27.0,-6.164,43.006,8.215,-78.733
EXP,Eagle Materials Inc,NYSE,Industrials,Building Materials,5256523692.0,False,False,True,169.82,-0.899,2.883,-12.858,-4.459,449052.0,84780053.6,0.969,174.515,179.376,194.878,206.514,4.0,27.0,-12.155,-20.172,-8.302,-30.742
EXPD,Expeditors International of Washington Inc.,NYSE,Industrials,Integrated Freight & Logistics,25019295016.0,True,False,False,194.12,0.857,2.097,4.786,2.283,1013072.0,214400619.6,1.612,189.567,188.87,185.255,162.505,2.0,85.0,3.735,17.123,34.131,-0.614
EXPE,Expedia Group Inc.,NASDAQ,Consumer Discretionary,Transportation Services,30341411115.0,True,True,False,260.17,-1.823,4.37,-12.641,-2.892,1926606.0,663211628.8,0.67,266.721,274.996,297.818,259.203,2.0,66.0,-14.175,-3.455,13.997,-23.817
EXPO,Exponent Inc.,NASDAQ,Consumer Discretionary,Professional Services,3199851453.0,False,True,True,68.75,2.155,3.082,1.806,0.586,501808.0,40579925.9,1.285,66.973,67.055,67.53,65.921,3.0,62.0,-1.42,11.254,4.293,-14.938
EXR,Extra Space Storage Inc,NYSE,Real Estate,Real Estate Investment Trusts,28151668604.0,True,False,False,132.91,-0.255,1.976,-5.606,-2.837,1280790.0,211502291.6,0.873,133.517,135.118,140.803,138.854,1.0,45.0,-4.616,-8.974,1.399,-15.362
EXTR,Extreme Networks Inc.,NASDAQ,Telecommunications,Computer Communications Equipment,3055786468.0,False,True,True,23.33,0.908,3.532,-1.515,-0.429,1570718.0,32773633.3,1.16,22.194,22.236,23.689,21.425,2.0,67.0,6.578,-22.285,50.906,-30.833
EXYN,Exyn Technologies Inc.,NASDAQ,Technology,Computer Software: Prepackaged Software,18612259.0,False,True,False,2.65,13.248,11.953,4.718,0.395,797466.0,194501.599,0.158,2.451,2.521,2.531,,,,-6.028,-56.198,,-63.194
EYE,National Vision Holdings Inc.,NASDAQ,Health Care,Ophthalmic Goods,1296736733.0,False,True,True,16.52,0.732,4.303,-10.705,-2.488,2220012.0,39146235.5,0.748,16.47,16.753,18.501,22.308,4.0,21.0,-2.075,-16.481,-33.333,-44.97
EYPT,EyePoint Inc.,NASDAQ,Industrials,Biotechnology: Laboratory Analytical Instruments,280189449.0,False,True,True,3.15,-3.077,12.898,-53.946,-4.183,4586142.0,13386072.125,0.602,3.446,3.983,6.84,12.467,4.0,9.0,-31.072,-77.532,-75.973,-83.516
EZPW,EZCORP Inc. Class A Non Voting,NASDAQ,Consumer Discretionary,Other Specialty Stores,1855589985.0,False,True,True,30.5,0.993,3.831,-1.076,-0.281,913630.0,20633313.05,0.524,30.462,30.818,30.832,28.594,2.0,79.0,-8.408,-13.939,14.748,-17.856
EZRA,Reliance Global Group Inc.,NASDAQ,Finance,Specialty Insurers,3695859.0,False,True,False,2.39,8.636,10.692,-5.854,-0.547,2359806.0,442284.156,0.351,2.469,2.553,2.539,7.21,4.0,5.0,-15.845,-18.151,-67.17,-95.369
F,Ford Motor Company,NYSE,Industrials,Auto Manufacturing,47392597451.0,True,False,False,12.15,0.413,3.065,-11.372,-3.71,48045516.08,633871148.8,0.741,12.474,12.88,13.709,13.263,1.0,49.0,-15.684,-9.428,7.118,-30.925
FA,First Advantage Corporation,NASDAQ,Technology,EDP Services,3107024270.0,False,True,True,18.37,1.548,4.523,-11.043,-2.441,2017300.0,35385526.9,0.96,18.834,19.521,20.65,15.882,2.0,73.0,-12.607,-8.425,64.164,-26.958
FABC,Fabric.AI Inc.,NASDAQ,Consumer Discretionary,Telecommunications Equipment,16388454.0,False,True,False,2.31,-1.282,7.116,-9.069,-1.275,182820.0,281731.902,0.438,2.312,2.355,2.54,2.941,4.0,19.0,-9.766,-18.947,5.963,-70.573
FAC,Factorial Energy Inc.,NASDAQ,Miscellaneous,Industrial Machinery/Components,642139470.0,False,True,True,5.47,-8.833,8.683,-0.104,-0.012,363230.0,2837939.65,0.947,5.994,5.865,5.476,9.23,4.0,16.0,3.992,-43.897,-46.79,-78.405
FANG,Diamondback Energy Inc.,NASDAQ,Energy,Oil & Gas Production,51723298243.0,True,True,False,184.08,-0.341,2.77,-6.535,-2.359,2446262.0,640232265.6,1.16,186.711,190.512,196.95,183.269,2.0,73.0,-9.293,2.511,-4.199,-15.131
FAST,Fastenal Company,NASDAQ,Consumer Discretionary,RETAIL: Building Materials,58235501830.0,True,True,False,50.69,-0.118,1.917,1.476,0.77,7057956.0,347239534.4,0.788,50.251,50.043,49.953,45.95,2.0,64.0,2.966,8.19,11.706,-4.214
FATE,Fate Therapeutics Inc.,NASDAQ,Health Care,Biotechnology: Biological Products (No Diagnostic Substances),277983592.0,False,True,True,2.43,4.741,6.277,-1.866,-0.297,1664936.0,4023467.294,2.031,2.384,2.41,2.476,1.858,2.0,92.0,0.413,-19.536,104.202,-24.768
FATN,FatPipe Inc.,NASDAQ,Technology,Computer Software: Prepackaged Software,78836851.0,False,True,False,5.48,-1.792,6.45,-6.877,-1.066,88102.0,389550.324,0.345,5.49,5.569,5.885,3.904,2.0,89.0,-8.667,7.241,162.201,-36.331
FBGL,FBS Global Limited,NASDAQ,Consumer Discretionary,Homebuilding,5143500.0,False,True,False,3.55,-6.824,16.121,-15.541,-0.964,223144.2,2299349.707,0.048,3.831,3.914,4.203,6.353,4.0,15.0,-11.028,-39.728,-39.212,-74.643
FBIN,Fortune Brands Innovations Inc.,NYSE,Basic Materials,Forest Products,4602964153.0,False,False,True,38.66,0.259,3.726,-12.406,-3.329,2407042.0,91037221.4,0.69,38.845,39.883,44.135,45.754,4.0,29.0,-8.41,-23.83,3.776,-39.305
FBIO,Fortress Biotech Inc.,NASDAQ,Health Care,Biotechnology: Pharmaceutical Preparations,67702516.0,False,True,False,2.09,2.956,4.973,-21.717,-4.367,476444.0,663564.655,1.162,2.196,2.339,2.67,2.964,4.0,32.0,-22.878,-30.1,-16.733,-53.863
FBIZ,First Business Financial Services Inc.,NASDAQ,Finance,Major Banks,593564938.0,False,True,True,70.64,-0.409,1.972,0.182,0.092,59832.0,4274019.125,1.015,70.181,70.405,70.512,60.391,2.0,80.0,-1.943,12.059,27.606,-4.204
FBK,FB Financial Corporation,NYSE,Finance,Major Banks,2669832132.0,False,False,True,52.58,-1.572,2.004,-7.803,-3.894,450778.0,36503118.3,1.23,52.783,53.68,57.03,55.521,4.0,43.0,-7.738,-7.337,-1.298,-16.08
FBLA,FB Bancorp Inc.,NASDAQ,Finance,Banks,270481099.0,False,True,True,17.07,0.649,1.58,7.16,4.532,95014.0,1769724.428,0.718,16.626,16.382,15.929,14.345,2.0,80.0,7.901,13.952,23.249,-0.594
FBLG,FibroBiologics Inc.,NASDAQ,Health Care,Biotechnology: Pharmaceutical Preparations,8256159.0,False,True,False,1.18,-4.839,12.001,-8.097,-0.675,235392.0,194627.5,0.4,1.3,1.362,1.284,2.816,4.0,17.0,-32.955,40.476,-13.869,-89.649
FBNC,First Bancorp,NASDAQ,Finance,Major Banks,2580388638.0,False,True,True,61.79,-0.866,2.216,-2.936,-1.325,208210.0,16111743.6,1.419,62.22,62.676,63.659,59.289,2.0,64.0,-3.592,-1.791,10.629,-7.115
FBRT,Franklin BSP Realty Trust Inc.,NYSE,Real Estate,Real Estate Investment Trusts,520694758.0,False,False,True,6.17,-1.595,4.395,-18.254,-4.154,2000470.0,19002657.5,0.858,6.635,6.995,7.548,8.246,4.0,23.0,-25.448,-18.783,-22.39,-38.269
FBYD,Falcon's Beyond Global Inc.,NASDAQ,Consumer Discretionary,Services-Misc. Amusement & Recreation,1038585459.0,False,True,True,8.15,-4.845,9.518,-8.004,-0.841,123836.0,1193846.172,0.623,7.998,7.957,8.859,10.829,4.0,27.0,2.003,-56.603,-33.087,-71.916
FC,Franklin Covey Company,NYSE,Consumer Discretionary,Other Consumer Services,195722819.0,False,False,True,17.35,0.115,3.572,-10.388,-2.908,66496.0,1001532.403,0.603,17.345,17.746,19.361,19.568,1.0,39.0,-5.707,-20.009,-25.408,-35.285
FCBC,First Community Bankshares Inc. (VA),NASDAQ,Finance,Major Banks,907695792.0,False,True,True,47.88,-0.25,2.174,-0.447,-0.206,92084.0,4980485.562,1.045,47.538,47.586,48.095,42.05,2.0,81.0,-2.166,8.969,15.551,-4.564
FCCO,First Community Corporation,NASDAQ,Finance,Major Banks,307089212.0,False,True,True,32.58,-0.275,2.827,-3.349,-1.185,59610.0,2331086.706,0.656,32.708,33.023,33.709,30.942,2.0,65.0,-4.289,0.003,10.429,-8.391
FCEL,FuelCell Energy Inc.,NASDAQ,Energy,Industrial Machinery/Components,1476754000.0,False,True,True,18.07,-2.166,8.073,-2.27,-0.281,7328716.0,100282009.0,0.749,17.199,17.184,18.49,14.367,2.0,96.0,23.177,-30.393,170.915,-52.297
FCF,First Commonwealth Financial Corporation,NYSE,Finance,Major Banks,2077709818.0,False,False,True,20.38,-0.875,1.839,-3.388,-1.843,914894.0,23152782.8,1.328,20.566,20.742,21.095,18.944,2.0,68.0,-3.686,1.203,13.944,-8.174
FCFS,FirstCash Holdings Inc.,NASDAQ,Consumer Discretionary,Other Specialty Stores,9123691848.0,False,True,False,211.33,0.461,3.021,-1.939,-0.642,404668.0,82728432.4,0.884,213.492,215.723,215.509,202.013,2.0,73.0,-5.623,-5.15,11.426,-11.551
FCN,FTI Consulting Inc.,NYSE,Consumer Discretionary,Professional Services,3766218830.0,False,False,True,138.02,1.188,3.429,-7.441,-2.17,447770.0,71342472.8,0.841,137.212,140.096,149.116,162.219,4.0,36.0,-10.003,-12.916,-25.001,-27.089
FCNCA,First Citizens BancShares Inc.,NASDAQ,Finance,Major Banks,23415832595.0,False,True,False,2091.07,0.849,2.307,-3.305,-1.433,60478.0,141637993.6,1.113,2084.567,2103.812,2162.539,2057.572,2.0,66.0,-5.099,0.031,8.675,-8.85
FCPT,Four Corners Property Trust Inc.,NYSE,Real Estate,Real Estate Investment Trusts,2365250549.0,False,False,True,21.23,-1.485,1.96,-11.63,-5.934,933408.0,28769967.55,1.703,21.877,22.513,24.024,23.954,1.0,38.0,-14.299,-14.735,-6.692,-19.751
FCUV,Focus Universal Inc.,NASDAQ,Industrials,Industrial Machinery/Components,4306123.0,False,True,False,4.32,-1.482,24.316,-39.503,-1.625,2545544.08,727509.275,0.005,4.737,5.556,7.141,14.374,4.0,15.0,-78.06,48.966,-81.185,-97.943
FCX,Freeport-McMoRan Inc.,NYSE,Basic Materials,Metal Mining,103450702357.0,True,False,False,72.6,0.777,3.797,2.636,0.694,12965682.0,838526795.2,1.057,71.544,71.697,70.736,63.567,2.0,90.0,0.055,22.663,19.47,-9.521
FDMT,4D Molecular Therapeutics Inc.,NASDAQ,Health Care,Biotechnology: Biological Products (No Diagnostic Substances),755188364.0,False,True,True,12.92,-5.486,7.384,-4.044,-0.548,948948.0,14911588.6,2.224,14.057,14.201,13.465,10.45,2.0,80.0,-12.109,0.78,29.98,-23.686
FDS,FactSet Research Systems Inc.,NYSE,Technology,Computer Software: Programming Data Processing,9460434438.0,True,False,False,276.44,3.925,4.464,-2.15,-0.482,894762.0,252399995.6,0.659,272.883,276.192,282.514,247.259,3.0,59.0,-11.669,7.426,20.739,-13.742
FDUS,Fidus Investment Corporation,NASDAQ,Finance,Finance/Investors Services,731001051.0,False,True,True,19.13,-0.675,1.594,-0.797,-0.5,337096.0,6492637.7,0.624,19.242,19.231,19.284,18.023,2.0,56.0,0.271,0.942,13.336,-5.519
FDX,FedEx Corporation,NYSE,Consumer Discretionary,Air Freight/Delivery Services,68719627507.0,True,False,False,289.13,-0.424,2.301,-7.324,-3.183,1561226.0,487504088.0,1.207,290.669,297.052,311.978,297.295,1.0,75.0,-10.498,-7.228,0.761,-15.64
FDXF,FedEx Freight Holding Company Inc.,NYSE,Consumer Discretionary,Air Freight/Delivery Services,16879102034.0,True,False,False,111.58,-1.16,4.132,-14.694,-3.556,1451462.0,221703403.2,1.018,113.863,118.272,130.8,,,,-12.273,-22.899,,-44.21
FE,FirstEnergy Corp.,NYSE,Utilities,Electric Utilities: Central,25078254653.0,True,False,False,43.64,0.692,1.669,-5.42,-3.247,4359178.0,194803957.2,0.994,43.758,44.425,46.141,46.747,1.0,46.0,-7.228,-8.922,-12.726,-14.927
FEAM,5E Advanced Materials Inc.,NASDAQ,Industrials,Mining & Quarrying of Nonmetallic Minerals (No Fuels),192583299.0,False,True,True,3.92,1.031,8.134,106.958,13.149,912498.0,2762353.401,1.298,3.17,2.699,1.894,1.987,3.0,97.0,148.101,192.537,161.333,-47.733
FEIM,Frequency Electronics Inc.,NASDAQ,Industrials,Electrical Products,969840881.0,False,True,True,85.46,-0.663,5.505,17.357,3.153,350978.0,35609043.0,1.763,84.578,81.417,72.82,60.926,2.0,94.0,42.695,37.351,57.53,-4.791
FELE,Franklin Electric Co. Inc.,NASDAQ,Consumer Discretionary,Metal Fabrications,4361460924.0,False,True,True,99.04,0.395,2.078,-2.275,-1.095,279822.0,32683455.2,1.661,97.356,97.704,101.345,99.79,1.0,52.0,-0.232,-3.384,5.498,-14.27
FEMY,Femasys Inc.,NASDAQ,Health Care,Medical/Dental Instruments,17168805.0,False,True,False,2.02,-1.463,11.171,-24.328,-2.178,904892.0,209404.501,0.252,2.244,2.42,2.669,7.246,4.0,11.0,-33.987,-47.804,-76.512,-90.901
FENC,Fennec Pharmaceuticals Inc.,NASDAQ,Health Care,Biotechnology: Biological Products (No Diagnostic Substances),357346800.0,False,True,True,10.62,4.118,5.144,-4.716,-0.917,204682.0,1822871.862,0.577,10.625,10.841,11.146,8.944,2.0,70.0,-15.378,1.143,65.421,-19.849
FER,Ferrovial N.V.,NASDAQ,Industrials,Military/Government/Technical,38591713817.0,False,True,False,51.84,-3.356,2.233,-13.224,-5.922,1547744.0,100089734.8,2.043,54.128,55.404,59.74,65.377,4.0,33.0,-10.775,-21.276,-20.913,-30.007
FERG,Ferguson Enterprises Inc.,NYSE,Miscellaneous,Miscellaneous,43203795288.0,True,False,False,222.93,-0.179,2.569,-3.692,-1.437,2642826.0,318470993.6,0.496,222.319,223.026,231.476,236.27,4.0,50.0,-0.134,0.261,-6.055,-17.0
FET,Forum Energy Technologies Inc.,NYSE,Consumer Discretionary,Oil and Gas Field Machinery,953840195.0,False,False,True,87.37,5.088,3.852,12.004,3.116,200124.0,15263158.7,1.292,83.048,81.971,78.006,58.497,2.0,97.0,6.718,84.014,47.734,-2.847
FF,FutureFuel Corp.  Common shares,NYSE,Industrials,Major Chemicals,226334721.0,False,False,True,5.1,-1.163,3.725,-3.635,-0.976,438492.0,1727472.65,0.431,5.154,5.225,5.292,4.343,2.0,79.0,-3.592,12.054,22.235,-26.901
FFAI,Faraday Future Intelligent Electric Inc.,NASDAQ,Industrials,Auto Manufacturing,7536209.0,False,True,False,1.17,-4.878,30.876,-58.232,-1.886,2516080.0,5991045.75,0.718,1.35,1.742,2.801,57.896,4.0,3.0,-33.523,-96.609,-96.486,-99.536
FFBC,First Financial Bancorp.,NASDAQ,Finance,Major Banks,3351669932.0,False,True,True,31.51,-1.13,1.969,-3.706,-1.883,810118.0,30720623.7,0.977,31.704,31.945,32.723,30.02,2.0,65.0,-4.021,-7.423,12.009,-12.378
FFIN,First Financial Bankshares Inc.,NASDAQ,Finance,Major Banks,4607979350.0,False,True,True,32.03,-0.373,1.976,-4.327,-2.19,727260.0,28664582.15,1.388,32.126,32.447,33.479,32.161,1.0,47.0,-3.288,-6.998,6.806,-11.709
FFIV,F5 Inc.,NASDAQ,Telecommunications,Computer Communications Equipment,25711005715.0,True,True,False,458.53,0.989,2.903,11.095,3.822,609488.0,245284438.4,0.62,445.176,435.179,412.736,346.075,2.0,81.0,16.927,9.93,49.048,-0.751
FG,F&G Annuities & Life Inc.,NYSE,Finance,Life Insurance,2870099781.0,False,False,True,22.01,0.411,3.687,-10.518,-2.853,641222.0,16742982.375,1.154,22.074,22.565,24.597,26.243,4.0,27.0,-10.549,-22.782,-14.701,-35.284
FGC,FG Communities Holdings Inc. Common Stock ,NASDAQ,Finance,Property-Casualty Insurers,32670848.0,False,True,False,6.875,-0.937,10.251,-8.185,-0.799,111160.0,706466.948,0.107,7.1,7.333,7.488,8.176,4.0,39.0,-17.169,48.488,49.782,-78.38
FGI,FGI Industries Ltd.,NASDAQ,Industrials,Industrial Specialties,14986663.0,False,True,False,7.575,-2.384,9.932,4.434,0.446,2186644.0,402778.951,0.003,7.954,8.004,7.253,5.893,2.0,94.0,9.942,80.788,97.266,-61.992
FGL,Founder Group Limited Class A,NASDAQ,Consumer Discretionary,Engineering & Construction,3621830.0,False,True,False,4.14,-5.046,65.192,-87.712,-1.345,205323.86,2236107.196,0.084,4.595,8.501,33.691,503.402,4.0,1.0,-68.276,-97.064,-98.268,-99.941
FHB,First Hawaiian Inc.,NASDAQ,Finance,Major Banks,3073670952.0,False,True,True,25.04,-0.871,1.837,-4.591,-2.5,2003458.0,55623915.2,1.024,25.094,25.345,26.245,26.276,1.0,47.0,-3.692,-16.382,0.074,-17.339
FHI,Federated Hermes Inc.,NYSE,Finance,Investment Managers,4186201956.0,False,False,True,56.5,0.767,2.511,-7.23,-2.88,612332.0,40663074.7,0.928,57.001,58.046,60.903,56.563,1.0,59.0,-9.106,-2.535,-0.518,-15.414
FHTX,Foghorn Therapeutics Inc.,NASDAQ,Health Care,Biotechnology: Pharmaceutical Preparations,119958336.0,False,True,False,2.0,-0.99,20.139,-60.398,-2.999,671110.0,3814128.828,1.453,3.113,3.746,5.05,5.034,4.0,15.0,-58.932,-66.667,-59.016,-73.719
FIBK,First Interstate BancSystem Inc. Common Stock (DE),NASDAQ,Finance,Major Banks,3430965852.0,False,True,True,35.62,-1.056,1.994,-4.424,-2.219,1152238.0,49592649.0,1.922,36.14,36.497,37.269,35.659,1.0,60.0,-4.963,-7.918,7.92,-11.184
FICO,Fair Isaac Corporation,NYSE,Consumer Discretionary,Business Services,14281436144.0,True,False,False,689.61,4.289,8.398,-32.223,-3.837,595976.0,715685940.8,1.959,746.14,837.215,1017.473,1213.144,4.0,12.0,-38.369,-46.964,-36.983,-63.441
FIEE,FiEE Inc,NASDAQ,Utilities,Telecommunications Equipment,31299955.0,False,True,False,3.69,0.545,6.499,-4.921,-0.757,520850.0,57068.901,0.009,3.718,3.801,3.881,5.019,1.0,89.0,-9.559,6.957,-49.033,-65.156
FIGR,Figure Technology Solutions Inc.,NASDAQ,Finance,Finance: Consumer Services,6401500688.0,False,True,False,27.94,-2.068,7.832,-14.635,-1.869,4552562.0,166015407.2,0.944,30.299,31.941,32.73,36.443,4.0,28.0,-22.839,-10.002,-13.498,-64.179
FIGS,FIGS Inc.,NYSE,Consumer Discretionary,Apparel,2246216072.0,False,False,True,13.63,0.814,4.848,1.424,0.294,2900232.0,36510214.6,0.674,13.554,13.541,13.439,12.781,2.0,93.0,-10.329,37.677,1.716,-22.025
FINV,FinVolution Group American Depositary Shares,NYSE,Finance,Finance: Consumer Services,684672606.0,False,False,True,2.92,0.69,4.267,-25.163,-5.897,939272.0,3302841.512,0.374,3.061,3.236,3.902,4.665,4.0,13.0,-11.515,-38.004,-39.232,-59.425
FIP,FTAI Infrastructure Inc. Common Stock ,NASDAQ,Industrials,Railroads,317317964.0,False,True,True,2.71,0.931,7.588,-22.749,-2.998,1429824.0,4270040.45,0.575,2.84,3.014,3.508,4.677,4.0,18.0,-19.585,-37.78,-46.408,-58.667
FIRY,Firy Inc.,NYSE,Technology,EDP Services,207279545.0,False,False,True,12.57,0.802,5.664,20.61,3.639,616326.0,1955501.15,0.197,12.191,11.619,10.422,6.827,2.0,97.0,27.356,36.63,404.819,-37.15
FIS,Fidelity National Information Services Inc.,NYSE,Consumer Discretionary,Business Services,16729499947.0,True,False,False,33.58,3.514,3.362,-14.849,-4.417,6357752.0,231988665.6,1.249,34.048,35.49,39.436,45.647,4.0,19.0,-19.659,-20.263,-26.401,-49.576
FISI,Financial Institutions Inc.,NASDAQ,Finance,Major Banks,787860273.0,False,True,True,39.63,-0.875,2.067,-2.639,-1.277,150238.0,5717103.975,0.79,39.766,40.018,40.704,35.452,2.0,79.0,-3.007,3.717,22.92,-7.048
FISN,Deep Fission Inc.,NASDAQ,Utilities,Electric Utilities: Central,328106075.0,False,True,True,5.38,-3.411,12.761,-29.095,-2.28,292664.0,2778547.65,0.673,5.93,6.478,7.588,,,,-24.65,-48.12,,-71.684
FISV,Fiserv Inc.,NASDAQ,Consumer Discretionary,Business Services,23589171744.0,True,True,False,46.14,4.013,3.516,-9.315,-2.649,7553658.0,366432588.8,0.781,46.035,47.356,50.879,56.644,4.0,16.0,-12.498,-12.464,-18.075,-64.467
FITB,Fifth Third Bancorp,NYSE,Finance,Major Banks,46133624731.0,True,False,False,50.8,-0.138,2.039,-6.45,-3.164,5667614.0,342720100.8,1.211,51.198,52.02,54.302,50.882,1.0,58.0,-6.818,-11.564,8.464,-13.912
FIVE,Five Below Inc.,NASDAQ,Consumer Discretionary,Department/Specialty Retail Stores,12177402002.0,False,True,False,215.93,-2.378,4.27,-8.074,-1.891,1086492.0,254464278.4,1.187,223.802,229.053,234.897,214.954,2.0,84.0,-10.014,22.513,-7.612,-18.171
FIVN,Five9 Inc.,NASDAQ,Technology,EDP Services,2567500525.0,False,True,True,34.37,0.029,5.681,5.469,0.963,2720106.0,85960873.6,0.825,34.804,34.374,32.588,22.661,2.0,91.0,0.792,37.563,126.566,-14.075
FIX,Comfort Systems USA Inc.,NYSE,Industrials,Engineering & Construction,60816152455.0,True,False,False,1713.07,-0.865,3.924,3.431,0.874,388312.0,511656273.6,0.658,1673.021,1654.509,1656.239,1558.566,2.0,88.0,8.409,1.813,19.562,-17.327
FIZZ,National Beverage Corp.,NASDAQ,Consumer Staples,Beverages (Production/Distribution),2838415957.0,False,True,True,29.84,-1.583,2.921,-5.116,-1.751,375676.0,13764940.05,1.154,30.09,30.55,31.449,31.228,1.0,45.0,-8.071,1.639,-3.275,-13.603
FLEX,Flex Ltd.,NASDAQ,Technology,Electrical Products,43076081265.0,True,True,False,116.76,0.129,4.544,2.364,0.52,3690260.0,349900404.8,0.706,113.634,112.939,114.063,99.871,2.0,89.0,8.221,-11.223,72.467,-30.025
FLG,Flagstar Bank N.A.,NYSE,Finance,Banks,4856586181.0,False,False,True,11.57,-1.111,2.413,-12.886,-5.339,4653254.0,65430451.0,1.8,11.978,12.371,13.281,13.604,1.0,40.0,-14.105,-21.501,-14.615,-25.009
FLGT,Fulgent Genetics Inc.,NASDAQ,Health Care,Medical Specialities,591028494.0,False,True,True,22.45,4.516,3.111,11.855,3.811,308738.0,7141151.325,0.998,21.778,21.373,20.071,19.985,3.0,63.0,14.249,6.803,36.724,-27.674
FLL,Full House Resorts Inc.,NASDAQ,Consumer Discretionary,Hotels/Resorts,50935827.0,False,True,False,1.37,-1.439,8.426,-32.05,-3.804,154250.0,348699.4,1.275,1.553,1.707,2.016,2.413,4.0,13.0,-33.171,-48.496,-46.484,-59.347
FLNC,Fluence Energy Inc.,NASDAQ,Miscellaneous,Industrial Machinery/Components,1404778368.0,False,True,True,7.65,0.526,7.69,-28.573,-3.715,7883794.0,71866703.0,0.71,7.782,8.42,10.71,16.872,4.0,26.0,-25.0,-52.778,-42.045,-77.171
FLO,Flowers Foods Inc.,NYSE,Consumer Staples,Packaged Foods,1181159818.0,False,False,True,5.6,0.539,3.921,-14.591,-3.722,7073026.0,47333315.2,1.115,5.698,5.911,6.557,8.135,4.0,15.0,-11.365,-33.524,-29.575,-53.989
FLOC,Flowco Holdings Inc.,NYSE,Consumer Discretionary,Oil and Gas Field Machinery,1667920589.0,False,False,True,18.49,0.163,4.307,-10.544,-2.448,563842.0,12480709.925,1.204,18.813,19.438,20.669,21.596,1.0,66.0,-13.759,-3.27,-9.418,-33.904
FLWS,1-800-FLOWERS.COM Inc.,NASDAQ,Consumer Discretionary,Other Specialty Stores,164313846.0,False,True,True,2.54,-0.781,7.657,-26.848,-3.506,313914.0,1345290.603,1.126,2.642,2.842,3.472,3.772,4.0,18.0,-29.05,-32.626,-20.872,-64.225
FLX,BingEx Limited American Depositary Shares,NASDAQ,Industrials,Trucking Freight/Courier Services,103113173.0,False,True,False,1.52,7.801,13.706,-11.96,-0.873,170846.0,250474.64,0.73,1.366,1.39,1.726,2.409,4.0,15.0,-20.0,-28.302,-37.705,-65.843
FLXS,Flexsteel Industries Inc.,NASDAQ,Consumer Discretionary,Home Furnishings,363428436.0,False,True,True,88.05,-0.867,3.977,9.82,2.469,84508.0,8130076.725,0.59,86.276,84.52,80.177,59.457,2.0,91.0,9.874,26.967,90.538,-2.586
FLY,Firefly Aerospace Inc.,NASDAQ,Industrials,Military/Government/Technical,3903876321.0,False,True,True,22.59,-3.13,7.342,-0.736,-0.1,3079614.0,75789606.4,1.166,22.884,22.674,22.758,27.852,1.0,42.0,7.265,-11.964,-35.179,-63.664
FLYE,Fly-E Group Inc.,NASDAQ,Industrials,Aerospace,2260855.0,False,True,False,1.32,-4.693,15.372,-21.16,-1.377,1758994.0,170868.75,0.007,1.423,1.523,1.674,2.74,4.0,6.0,-40.541,-37.143,-38.318,-94.0
FLYW,Flywire Corporation Voting,NASDAQ,Consumer Discretionary,Business Services,2138917709.0,False,True,True,18.17,3.356,3.13,1.801,0.575,1702276.0,25376619.25,0.714,17.591,17.66,17.849,15.117,2.0,75.0,-2.834,-2.049,52.689,-7.907
FMAO,Farmers & Merchants Bancorp Inc.,NASDAQ,Finance,Savings Institutions,488809519.0,False,True,True,35.37,-0.338,2.53,2.081,0.823,65206.0,1771888.55,0.989,35.114,35.027,34.649,28.845,2.0,83.0,0.512,17.636,39.125,-2.076
FMBH,First Mid Bancshares Inc.,NASDAQ,Finance,Major Banks,1329563562.0,False,True,True,49.67,-0.62,1.8,-1.902,-1.057,126392.0,6888622.075,1.219,49.525,49.766,50.633,44.809,2.0,74.0,-2.76,3.719,19.192,-6.447
FMC,FMC Corporation,NYSE,Industrials,Major Chemicals,1312861969.0,False,False,True,9.0,6.635,6.331,-15.209,-2.403,3779520.0,42593199.1,1.665,9.237,9.829,10.614,12.984,4.0,13.0,-30.047,-21.657,-46.872,-71.429
FMNB,Farmers National Banc Corp.,NASDAQ,Finance,Major Banks,908857754.0,False,True,True,15.28,-0.391,1.799,-1.932,-1.074,392538.0,5962076.175,0.645,15.294,15.381,15.581,13.954,2.0,65.0,-2.306,7.702,15.578,-6.105
FND,Floor & Decor Holdings Inc.,NYSE,Consumer Discretionary,RETAIL: Building Materials,4844228508.0,False,False,True,46.55,2.33,4.298,-10.963,-2.551,2513452.0,120813319.6,1.211,46.565,47.585,52.282,56.453,4.0,24.0,-5.731,-17.727,-5.731,-39.904
FNKO,Funko Inc.,NASDAQ,Consumer Discretionary,Recreational Games/Products/Toys,328135189.0,False,True,True,6.07,3.584,5.079,3.27,0.644,1227978.0,5772089.675,0.621,5.638,5.638,5.878,4.816,2.0,89.0,6.678,12.407,78.006,-17.415
FNRN,First Northern Community Bancorp Common stock,NASDAQ,Finance,Savings Institutions,291508487.0,False,True,True,17.73,-0.281,2.294,1.46,0.637,109714.0,1876501.544,0.696,17.454,17.371,17.475,15.975,2.0,76.0,2.249,0.169,12.93,-7.896
FNUC,Frontier Nuclear and Minerals Inc. Common Shares,NASDAQ,Basic Materials,Other Metals and Minerals,45950779.0,False,True,False,1.25,-2.344,8.52,-20.61,-2.419,358432.0,613565.51,0.684,1.364,1.43,1.574,2.304,4.0,11.0,-17.763,-23.313,-49.187,-83.176
FOA,Finance of America Companies Inc.,NYSE,Finance,Finance: Consumer Services,233643015.0,False,False,True,13.51,0.074,5.516,-26.199,-4.749,61492.0,1071262.85,0.8,13.712,14.683,18.306,20.5,4.0,20.0,-21.681,-49.306,-25.442,-54.649
FOCL,EDAP TMS S.A. American Depositary Shares,NASDAQ,Health Care,Biotechnology: Electromedical & Electrotherapeutic Apparatus,193002390.0,False,True,False,4.23,0.714,6.075,-11.123,-1.831,132236.0,374419.442,0.703,4.362,4.383,4.759,4.334,1.0,83.0,1.439,-20.935,22.254,-33.906
FOF,Cohen & Steers Closed-End Opportunity Fund Inc.,NYSE,Finance,Investment Managers,614232850.0,False,False,True,12.27,-1.84,1.447,-6.261,-4.326,58800.0,1004240.462,1.86,12.418,12.585,13.09,13.2,1.0,47.0,-7.971,-9.104,-1.723,-14.201
FOFO,Hang Feng Technology Innovation Co. Ltd.,NASDAQ,Consumer Discretionary,Professional Services,15823553.0,False,True,False,2.11,0.957,10.296,-6.26,-0.608,176032.0,1012540.749,0.097,2.08,2.097,2.251,3.855,4.0,7.0,-3.211,-28.716,-62.456,-90.33
FOR,Forestar Group Inc Common Stock ,NYSE,Finance,Real Estate,1313703895.0,False,False,True,25.35,-1.553,3.049,-8.999,-2.951,139304.0,5002050.0,1.515,26.06,26.517,27.857,27.424,1.0,40.0,-8.418,-16.115,0.996,-20.93
FORM,FormFactor Inc. FormFactor Inc.,NASDAQ,Technology,Semiconductors,11651706134.0,False,True,False,147.99,-0.778,4.929,27.404,5.56,1274772.0,257072591.6,10.928,138.19,129.187,116.158,109.0,2.0,96.0,52.945,39.547,41.658,-7.662
FORR,Forrester Research Inc.,NASDAQ,Industrials,Diversified Commercial Services,213617580.0,False,True,True,11.23,0.089,4.418,-3.133,-0.709,116300.0,1530670.2,0.762,11.451,11.549,11.593,8.201,2.0,83.0,-10.016,16.253,100.178,-11.922
FOSL,Fossil Group Inc.,NASDAQ,Consumer Discretionary,Consumer Specialties,402138754.0,False,True,True,7.22,6.176,5.749,31.211,5.429,907206.0,5242545.025,1.778,6.441,6.046,5.503,4.533,2.0,96.0,40.741,75.243,48.866,-1.501
FOUR,Shift4 Payments Inc.,NYSE,Consumer Discretionary,Business Services,2855987540.0,False,False,True,37.55,3.815,5.794,-15.179,-2.62,1997310.0,87741965.0,0.99,37.622,39.354,44.27,48.764,4.0,17.0,-15.026,-26.603,-11.103,-53.631
FOX,Fox Corporation,NASDAQ,Industrials,Broadcasting,23567338734.0,True,True,False,56.7,1.449,2.73,-1.255,-0.46,1143598.0,72120988.1,0.923,56.56,57.199,57.421,56.362,3.0,67.0,-6.234,15.813,6.544,-15.972
FOXA,Fox Corporation,NASDAQ,Industrials,Broadcasting,26261833178.0,True,True,False,63.33,1.686,2.727,-1.551,-0.569,4960718.0,318821172.8,1.017,63.151,63.929,64.328,62.786,3.0,67.0,-6.469,15.823,7.268,-16.322
FOXF,Fox Factory Holding Corp.,NASDAQ,Consumer Discretionary,Motor Vehicles,783878169.0,False,True,True,19.23,3.11,4.32,-3.136,-0.726,540664.0,10964790.275,1.684,18.798,19.087,19.853,18.255,2.0,47.0,-7.37,13.118,19.071,-26.081
FPH,Five Point Holdings LLC Class A Common Shares,NYSE,Finance,Real Estate,671373675.0,False,False,True,4.46,-1.762,2.591,-11.554,-4.458,168206.0,789997.245,0.69,4.67,4.794,5.043,5.168,4.0,30.0,-12.549,-12.205,-10.442,-31.066
FPI,Farmland Partners Inc.,NYSE,Real Estate,Real Estate Investment Trusts,490409315.0,False,False,True,11.15,-0.801,2.603,8.513,3.271,601902.0,8269864.462,1.757,11.039,10.842,10.275,10.512,2.0,71.0,6.734,17.319,-0.66,-13.526
FRA,Blackrock Floating Rate Income Strategies Fund Inc,NYSE,Finance,Investment Bankers/Brokers/Service,1560518321.0,False,False,True,10.29,-1.907,1.216,-3.538,-2.909,149892.0,1637890.334,2.244,10.497,10.564,10.667,10.549,1.0,44.0,-4.754,-2.386,0.869,-10.058
FRBA,First Bank,NASDAQ,Finance,Major Banks,447141029.0,False,True,True,17.69,-0.562,2.288,-2.472,-1.08,101846.0,1637320.931,1.157,17.638,17.732,18.138,16.739,2.0,62.0,-2.534,1.688,9.221,-8.484
FRBT,Forbright Inc.,NASDAQ,Finance,Major Banks,903098320.0,False,True,True,17.68,-0.618,4.915,-5.419,-1.103,142844.0,3285117.788,0.515,17.742,17.985,18.693,,,,-7.386,-11.156,,-19.636
FRD,Friedman Industries Inc.,NASDAQ,Industrials,Steel/Iron Ore,296301454.0,False,True,True,42.2,2.726,4.493,2.062,0.459,72648.0,2348144.956,0.507,40.378,40.816,41.348,27.334,2.0,93.0,-6.966,30.436,143.3,-13.471
FRHC,Freedom Holding Corp.,NASDAQ,Finance,Investment Bankers/Brokers/Service,11035266218.0,False,True,False,173.49,0.283,3.679,6.725,1.828,105338.0,15541409.65,1.491,171.537,169.557,162.558,144.664,2.0,66.0,6.149,13.355,12.839,-2.534
FRME,First Merchants Corporation,NASDAQ,Finance,Major Banks,2521477133.0,False,True,True,39.77,-0.946,1.851,-4.338,-2.343,440248.0,21822822.1,1.087,40.172,40.554,41.574,39.935,1.0,54.0,-4.697,-6.343,1.291,-11.488
FRMI,Fermi Inc.,NASDAQ,Real Estate,Real Estate Investment Trusts,2581083412.0,False,True,True,4.06,0.744,8.046,-25.766,-3.202,18742580.0,84535403.2,0.711,4.344,4.659,5.469,6.996,4.0,8.0,-16.461,-44.986,-20.858,-87.465
FRMM,Forum Markets Incorporated,NASDAQ,Finance,Finance: Consumer Services,63750919.0,False,True,False,4.75,-1.656,5.962,-11.298,-1.895,150540.0,578179.23,0.591,4.831,4.93,5.355,4.653,3.0,47.0,-14.26,-16.667,120.418,-82.472
FRNM,Freenome Inc. Common stock,NASDAQ,Health Care,Medical Specialities,1753532004.0,False,True,True,16.83,3.125,5.406,20.248,3.746,891998.0,13986872.462,0.866,16.103,15.741,13.996,12.482,2.0,91.0,-0.414,46.348,53.418,-3.829
FROG,JFrog Ltd.,NASDAQ,Technology,Computer Software: Prepackaged Software,11775275201.0,False,True,False,97.86,2.471,5.187,8.621,1.662,2014490.0,149266153.6,0.524,94.322,93.084,90.093,68.567,2.0,91.0,8.001,1.726,98.459,-7.47
FRPH,FRP Holdings Inc.,NASDAQ,Finance,Real Estate,389341544.0,False,True,True,20.03,-1.233,2.328,-8.516,-3.658,102708.0,2230125.119,1.131,20.753,21.155,21.895,22.781,4.0,32.0,-10.74,-18.61,-9.693,-22.183
FRPT,Freshpet Inc.,NASDAQ,Consumer Staples,Packaged Foods,2895979539.0,False,True,True,61.33,1.776,3.709,-7.078,-1.908,1233718.0,65367244.4,0.83,59.629,61.361,66.002,63.601,1.0,69.0,-11.983,12.511,3.932,-28.686
FRSH,Freshworks Inc.,NASDAQ,Technology,Computer Software: Prepackaged Software,3334567466.0,False,True,True,13.22,3.443,3.685,5.906,1.602,6140186.0,54702124.2,0.582,12.819,12.719,12.483,10.204,3.0,80.0,-1.048,27.36,60.242,-5.504
FRST,Primis Financial Corp.,NASDAQ,Finance,Major Banks,387361505.0,False,True,True,15.51,-0.704,2.061,-3.11,-1.509,162904.0,2347531.706,0.569,15.564,15.702,16.008,14.503,2.0,78.0,-3.724,-0.853,16.396,-8.116
FRSX,Foresight Autonomous Holdings Ltd. American Depositary Shares,NASDAQ,Technology,Computer Software: Prepackaged Software,3337949.0,False,True,False,1.08,-3.571,8.264,-8.915,-1.079,118528.0,263270.848,0.111,1.121,1.134,1.186,2.178,4.0,7.0,-0.461,-35.714,-53.043,-86.415
FRT,Federal Realty Investment Trust,NYSE,Real Estate,Real Estate Investment Trusts,9270201600.0,True,False,False,105.97,-0.675,1.64,-7.777,-4.742,878960.0,111574407.0,0.969,108.117,109.939,114.906,110.219,1.0,52.0,-8.572,-12.278,1.243,-16.452
FRVO,Fervo Energy Company Class A common stock,NASDAQ,Utilities,Electric Utilities: Central,4259328226.0,False,True,True,13.46,-6.851,10.565,-25.006,-2.367,5924222.0,107351241.0,2.001,14.646,15.496,17.948,,,,-21.562,-43.445,,-68.441
FSBC,Five Star Bancorp,NASDAQ,Finance,Major Banks,1071023201.0,False,True,True,43.43,-0.504,2.177,-4.657,-2.139,184442.0,9169271.0,0.742,43.492,44.115,45.551,41.829,2.0,69.0,-6.421,-10.786,13.952,-13.129
FSCO,FS Credit Opportunities Corp.,NYSE,Finance,Trusts Except Educational Religious and Charitable,1013598649.0,False,False,True,5.07,-0.783,2.154,0.089,0.041,918528.0,5204210.65,0.987,5.137,5.146,5.066,4.996,3.0,48.0,-2.571,7.052,8.863,-18.871
FSK,FS KKR Capital Corp.,NYSE,Finance,Investment Managers,3031452872.0,False,False,True,10.99,0.182,2.507,-3.43,-1.368,2023490.0,21533495.1,1.269,11.136,11.266,11.38,10.866,3.0,49.0,-7.475,9.17,10.632,-21.181
FSLR,First Solar Inc.,NASDAQ,Technology,Semiconductors,18765299683.0,True,True,False,176.16,0.888,4.839,-14.891,-3.077,2410798.0,473987393.6,0.639,179.816,187.779,206.981,223.821,4.0,30.0,-15.071,-22.642,-9.925,-45.113
FSLY,Fastly Inc.,NASDAQ,Technology,Computer Software: Prepackaged Software,4111533000.0,False,True,True,26.01,0.775,8.545,6.578,0.77,6817924.0,215426815.6,0.373,25.746,25.215,24.405,20.042,2.0,97.0,23.153,39.914,-17.533,-25.302
FSTR,L.B. Foster Company,NASDAQ,Industrials,Metal Fabrications,392071567.0,False,True,True,36.95,-0.859,3.107,-3.756,-1.209,59032.0,1789855.85,2.051,37.067,37.314,38.392,35.17,2.0,70.0,-1.071,-12.544,22.676,-19.341
FSUN,FirstSun Capital Bancorp,NASDAQ,Finance,Major Banks,1840998613.0,False,True,True,39.45,-0.177,2.282,-0.653,-0.286,337996.0,16241504.85,0.688,39.222,39.381,39.709,37.84,2.0,54.0,-2.928,2.361,9.401,-6.826
FSV,FirstService Corporation Common Shares,NASDAQ,Finance,Real Estate,5639077400.0,False,True,False,128.28,-0.658,2.574,-6.923,-2.689,221916.0,27126182.5,0.336,129.37,131.58,137.822,143.29,4.0,27.0,-10.025,-11.272,-8.836,-31.944
FT,Franklin Universal Trust,NYSE,Finance,Trusts Except Educational Religious and Charitable,177933810.0,False,False,True,7.03,-0.706,1.214,-6.913,-5.694,57778.0,451442.431,1.586,7.106,7.23,7.552,7.758,4.0,40.0,-8.042,-12.068,-11.084,-13.001
FTAI,FTAI Aviation Ltd.,NASDAQ,Industrials,Misc Corporate Leasing Services,17155165410.0,False,True,False,164.7,-1.395,5.026,-16.307,-3.245,1466880.0,240159806.8,0.503,171.963,178.968,196.791,234.742,1.0,37.0,-17.398,-27.46,-33.01,-48.804
FTCI,FTC Solar Inc.,NASDAQ,Technology,Semiconductors,35521001.0,False,True,False,1.94,-9.767,13.018,-20.076,-1.542,352922.0,1103432.388,1.78,2.221,2.299,2.427,5.522,4.0,16.0,-23.016,-61.2,-48.267,-84.784
FTDR,Frontdoor Inc.,NASDAQ,Consumer Discretionary,Diversified Commercial Services,5321319728.0,False,True,True,77.62,0.492,3.386,-2.609,-0.77,553578.0,49181191.0,1.159,75.921,77.011,79.699,67.221,2.0,65.0,-6.154,-1.02,39.204,-16.922
FTEK,Fuel Tech Inc.,NASDAQ,Industrials,Pollution Control Equipment,51819870.0,False,True,False,1.65,-0.602,7.517,6.824,0.908,171724.0,357700.55,0.414,1.678,1.664,1.545,1.49,3.0,30.0,15.385,-7.303,34.146,-52.174
FTF,Franklin Limited Duration Income Trust Common Shares of Beneficial Interest,AMEX,Finance,Finance/Investors Services,216976858.0,False,False,True,5.32,-0.931,1.391,-4.952,-3.559,192206.0,1253902.408,1.445,5.389,5.46,5.597,5.595,1.0,45.0,-6.276,-5.232,-2.683,-7.881
FTFT,Future FinTech Group Inc.,NASDAQ,Consumer Discretionary,Business Services,31968750.0,False,True,False,3.47,1.76,27.225,-0.584,-0.021,6644797.58,79872732.798,0.007,3.829,3.897,3.49,19.276,4.0,2.0,110.303,-62.608,-81.304,-97.76
FTH,Faeth Therapeutics Inc.,NASDAQ,Health Care,Biotechnology: Pharmaceutical Preparations,732576049.0,False,True,True,27.1,-4.409,10.248,-14.854,-1.449,354220.0,14829954.85,1.165,29.427,31.096,31.828,24.106,2.0,97.0,-30.513,3.792,-18.814,-35.695
FTHY,First Trust High Yield Opportunities 2027 Term Fund,NYSE,Finance,Investment Managers,463707391.0,False,False,True,12.63,0.159,0.972,-3.18,-3.273,109362.0,1793674.656,1.743,12.723,12.818,13.045,12.964,1.0,47.0,-3.96,-4.6,-0.341,-5.475
FTK,Flotek Industries Inc.,NYSE,Industrials,Major Chemicals,1120660073.0,False,False,True,29.67,-4.105,6.316,5.316,0.842,597156.0,14558090.6,0.856,29.522,28.872,28.172,21.268,2.0,92.0,24.979,32.455,92.662,-25.208
FTNT,Fortinet Inc.,NASDAQ,Technology,Computer peripheral equipment,132765485510.0,True,True,False,184.13,1.757,3.383,12.082,3.571,4668462.0,683402393.6,0.656,177.803,173.514,164.281,119.083,2.0,92.0,17.76,16.046,123.757,-0.271
FTRE,Fortrea Holdings Inc.,NASDAQ,Health Care,Medical Specialities,1902000000.0,False,True,True,21.11,5.55,4.858,12.023,2.475,1502754.0,31248443.75,1.508,19.976,19.552,18.844,15.209,2.0,95.0,13.373,20.767,134.295,-1.309
FTV,Fortive Corporation Common Stock ,NYSE,Industrials,Industrial Machinery/Components,17356919978.0,True,False,False,57.38,-0.157,1.964,-1.527,-0.777,2421548.0,123665401.6,1.509,56.209,56.353,58.27,58.18,1.0,58.0,-0.209,-8.154,1.404,-11.013
FTW,Presidio Production Company,NYSE,Energy,Oil & Gas Production,309952492.0,False,False,True,9.71,-1.321,2.481,-9.165,-3.694,91390.0,761754.303,1.472,10.023,10.215,10.69,10.863,1.0,40.0,-10.589,-16.792,-4.94,-41.251
FUBO,FuboTV Inc.,NYSE,Consumer Discretionary,Movies/Entertainment,945644245.0,False,False,True,8.62,-0.462,6.714,-13.933,-2.075,1408024.0,12521016.125,0.761,9.242,9.69,10.015,14.238,4.0,10.0,-25.626,-12.487,-28.583,-83.637
FUFU,BitFuFu Inc. Class A,NASDAQ,Finance,Finance: Consumer Services,233315037.0,False,True,False,1.495,6.786,6.817,10.275,1.507,143342.0,101151.3,0.907,1.411,1.389,1.356,1.992,4.0,21.0,12.406,9.926,-21.316,-63.177
FUL,H. B. Fuller Company,NYSE,Industrials,Home Furnishings,2702221774.0,False,False,True,50.44,0.478,3.615,-8.329,-2.304,782642.0,52802797.2,1.539,50.211,51.125,55.023,58.978,4.0,36.0,-6.018,-11.998,-12.231,-25.877
FULC,Fulcrum Therapeutics Inc.,NASDAQ,Health Care,Biotechnology: Pharmaceutical Preparations,281536878.0,False,True,True,3.71,0.542,2.067,-1.906,-0.922,1562840.0,5297457.575,0.68,3.726,3.754,3.782,6.568,4.0,21.0,-3.385,-1.592,-52.618,-76.429
FULT,Fulton Financial Corporation,NASDAQ,Finance,Major Banks,4354761182.0,False,True,True,22.69,-0.526,1.873,-3.657,-1.952,1641860.0,41968919.5,0.932,22.76,22.962,23.551,21.718,2.0,66.0,-4.136,-5.56,11.044,-9.304
FUN,Six Flags Entertainment Corporation Common Stock New,NYSE,Consumer Discretionary,Services-Misc. Amusement & Recreation,1186869219.0,False,False,True,12.13,4.569,6.234,-18.684,-2.997,2288668.0,30641311.6,1.378,11.79,12.543,14.917,17.52,4.0,17.0,-19.295,-36.525,-32.159,-55.681
FUTU,Futu Holdings Limited American Depositary Shares,NASDAQ,Finance,Investment Bankers/Brokers/Service,14320926451.0,False,True,False,109.7,7.37,3.856,-2.001,-0.519,1194886.0,110635362.4,1.826,109.437,111.082,111.94,130.678,4.0,43.0,-10.089,16.665,-21.001,-44.967
FVCB,FVCBankcorp Inc.,NASDAQ,Finance,Major Banks,320828507.0,False,True,True,17.7,-0.506,2.161,-3.489,-1.615,79030.0,1277491.906,0.677,17.772,17.935,18.34,16.219,2.0,76.0,-3.987,2.95,16.888,-7.378
FVN,Future Vision II Acquisition Corporation Ordinary shares,NASDAQ,Unknown,Unknown,0.0,False,True,False,8.87,10.806,12.557,-15.704,-1.251,96820.0,347121.152,0.163,9.208,9.585,10.522,10.707,4.0,32.0,-12.004,-19.069,-17.257,-59.464
FVR,FrontView REIT Inc.,NYSE,Real Estate,Real Estate Investment Trusts,407925296.0,False,False,True,16.2,-2.878,3.628,-13.724,-3.782,202340.0,3948498.925,1.162,16.958,17.487,18.777,17.38,1.0,58.0,-14.276,-20.737,4.625,-26.391
FWDI,Forward Industries Inc.,NASDAQ,Finance,Finance: Consumer Services,622511834.0,False,True,True,8.11,-0.613,7.214,36.408,5.047,1858374.0,17667852.2,1.188,7.911,7.472,5.945,5.32,3.0,84.0,21.407,88.167,84.318,-69.568
FWONA,Liberty Media Corporation Series A,NASDAQ,Industrials,Broadcasting,20906580564.0,False,True,False,87.49,4.917,2.715,-3.044,-1.121,164712.0,18786134.95,2.011,85.735,86.808,90.237,84.586,3.0,44.0,-2.464,-4.215,9.967,-12.088
FWONK,Liberty Media Corporation Series C,NASDAQ,Industrials,Broadcasting,22864613832.0,False,True,False,95.0,4.167,2.809,-3.476,-1.238,2106884.0,230198145.6,1.709,93.617,94.783,98.421,92.213,3.0,44.0,-2.001,-3.875,10.209,-13.133
FWRD,Forward Air Corporation,NASDAQ,Industrials,Integrated Freight & Logistics,537453514.0,False,True,True,15.07,-5.28,5.71,-8.824,-1.545,567636.0,7846929.45,0.926,15.336,15.615,16.528,18.605,4.0,38.0,-7.603,15.038,-13.341,-51.668
FWRG,First Watch Restaurant Group Inc.,NASDAQ,Consumer Discretionary,Restaurants,652300438.0,False,True,True,10.51,-0.568,4.772,-10.809,-2.265,1212480.0,14591088.35,1.299,10.404,10.69,11.784,12.841,4.0,25.0,-10.171,-18.274,-7.482,-44.164
FXHO,UTime Limited Class A,NASDAQ,Technology,Consumer Electronics/Appliances,270990348.0,False,True,False,10.07,1.359,12.899,-8.127,-0.63,154466.0,728124.654,0.221,10.205,10.655,10.961,20.177,4.0,4.0,-17.796,-33.311,-60.664,-99.841
GAB,Gabelli Equity Trust Inc. (The),NYSE,Finance,Investment Managers,1539602196.0,False,False,True,5.18,-1.145,1.665,-5.127,-3.08,858510.0,6501875.3,1.524,5.267,5.329,5.46,5.446,4.0,45.0,-6.411,-5.581,1.493,-10.91
GABC,German American Bancorp Inc.,NASDAQ,Finance,Major Banks,1856393115.0,False,True,True,49.28,-0.243,1.819,-1.066,-0.586,140586.0,6835538.15,0.893,49.105,49.225,49.811,44.38,2.0,72.0,-1.024,4.038,16.89,-5.065
GAIA,Gaia Inc.,NASDAQ,Consumer Discretionary,Movies/Entertainment,35341852.0,False,True,False,1.4,0.719,7.035,-7.846,-1.115,114078.0,115590.6,0.487,1.364,1.383,1.519,2.544,4.0,9.0,-16.667,-32.692,-45.736,-78.091
GAIN,Gladstone Investment Corporation Business Development Company,NASDAQ,Finance,Finance: Consumer Services,623612003.0,False,True,True,15.54,-0.766,1.903,-3.476,-1.827,180688.0,2599176.5,0.545,15.709,15.818,16.1,14.877,2.0,64.0,-4.647,0.859,9.412,-7.781
GALT,Galectin Therapeutics Inc.,NASDAQ,Health Care,Biotechnology: Pharmaceutical Preparations,393313612.0,False,True,True,3.73,-4.359,6.661,0.129,0.019,330334.0,1154301.559,0.85,3.868,3.891,3.725,3.252,3.0,51.0,-14.253,-19.089,45.703,-47.686
GAME,GameSquare Holdings Inc.,NASDAQ,Consumer Discretionary,Services-Misc. Amusement & Recreation,40238112.0,False,True,False,3.06,-0.649,7.343,-2.978,-0.406,174050.1,411371.3,1.11,3.121,3.165,3.154,3.108,4.0,41.0,3.03,22.204,50.0,-55.523
GANX,Gain Therapeutics Inc.,NASDAQ,Health Care,Biotechnology: Pharmaceutical Preparations,74630588.0,False,True,False,1.69,-1.17,5.935,-7.726,-1.302,452880.0,795664.8,0.765,1.742,1.769,1.831,2.001,4.0,61.0,-7.143,-6.63,-9.14,-61.06
GASS,StealthGas Inc.,NASDAQ,Consumer Discretionary,Marine Transportation,347314307.0,False,True,False,9.14,-2.141,3.105,-0.414,-0.133,120182.0,1097734.402,0.845,9.121,9.165,9.178,8.868,2.0,79.0,-2.036,7.403,-4.891,-13.365
GAUZ,Gauzy Ltd.,NASDAQ,Miscellaneous,Industrial Machinery/Components,5913570.0,False,True,False,4.66,-9.427,19.481,-34.325,-1.762,304385.9,185111.585,0.069,5.707,6.273,7.096,12.577,4.0,3.0,-40.256,-49.458,-68.933,-96.709
GBAB,Guggenheim Taxable Municipal Bond & Investment Grade Debt Trust Common Shares of Beneficial Interest,NYSE,Finance,Investment Managers,281977034.0,False,False,True,12.47,-0.953,1.517,-6.699,-4.416,126890.0,2241351.731,1.293,12.622,12.847,13.365,13.749,4.0,38.0,-7.708,-9.942,-8.552,-14.549
GBDC,Golub Capital BDC Inc.,NASDAQ,Finance,Finance: Consumer Services,3256030926.0,False,True,True,12.38,-1.276,1.661,-2.058,-1.239,1277322.0,19870066.35,1.501,12.526,12.546,12.64,12.345,3.0,51.0,-2.021,-0.33,1.729,-6.316
GBFH,GBank Financial Holdings Inc.,NASDAQ,Finance,Major Banks,260280074.0,False,True,True,17.66,-1.506,4.219,-14.682,-3.48,98032.0,1470377.95,0.437,18.415,19.027,20.699,27.98,4.0,14.0,-11.479,-43.794,-36.498,-58.181
GBX,Greenbrier Companies Inc. (The),NYSE,Industrials,Railroads,1255532458.0,False,False,True,40.53,-0.123,2.819,-9.593,-3.403,380710.0,17592080.85,0.849,41.25,42.111,44.83,48.599,4.0,39.0,-5.282,-10.838,-15.02,-30.569
GCMG,GCM Grosvenor Inc.,NASDAQ,Finance,Investment Managers,2646436905.0,False,True,True,13.18,0.996,2.938,0.168,0.057,466256.0,6290336.55,0.754,13.011,13.028,13.158,11.572,2.0,66.0,-1.273,-0.481,39.06,-10.563
GCO,Genesco Inc.,NYSE,Consumer Discretionary,Clothing/Shoe/Accessory Stores,376541290.0,False,False,True,35.66,2.471,3.668,0.925,0.252,208310.0,6228443.488,0.683,34.692,34.542,35.333,32.639,2.0,70.0,3.542,6.639,20.636,-18.211
GCT,GigaCloud Technology Inc Class A,NASDAQ,Consumer Discretionary,Catalog/Specialty Distribution,1919425239.0,False,True,True,54.66,1.693,4.512,8.315,1.843,646192.0,34051196.0,0.868,53.058,52.464,50.464,42.272,2.0,95.0,7.45,62.244,20.026,-2.861
GCTK,GlucoTrack Inc.,NASDAQ,Health Care,Medical/Dental Instruments,1026841.0,False,True,False,1.11,-8.264,40.092,-73.277,-1.828,2415987.24,10094797.475,0.096,1.692,2.252,4.154,17.407,4.0,2.0,-66.566,-79.444,-91.084,-99.186
GCTS,GCT Semiconductor Holding Inc.,NYSE,Technology,Semiconductors,206931884.0,False,False,True,2.09,-7.111,6.204,3.599,0.58,1958362.0,3058925.725,0.648,2.136,2.087,2.017,1.779,2.0,77.0,19.429,-15.041,53.676,-46.819
GD,General Dynamics Corporation,NYSE,Industrials,Marine Transportation,89308224498.0,True,False,False,331.72,0.494,1.852,-9.959,-5.379,1129568.0,451984566.4,1.221,336.574,344.952,368.408,353.397,1.0,44.0,-9.334,-11.456,-4.742,-17.07
GDC,GD Culture Group Limited,NASDAQ,Industrials,Steel/Iron Ore,5952375.0,False,True,False,1.32,-7.692,26.132,-15.988,-0.612,1451586.0,2595158.551,0.127,1.379,1.458,1.571,468.287,4.0,5.0,-14.286,-23.256,-99.825,-99.935
GDDY,GoDaddy Inc.,NYSE,Technology,EDP Services,12311423306.0,True,False,False,99.74,2.603,4.572,3.043,0.665,2333050.0,264534952.4,0.667,97.504,97.667,96.795,93.294,3.0,44.0,-3.754,11.666,20.43,-28.471
GDHG,Golden Heaven Group Holdings Ltd. Class A,NASDAQ,Consumer Discretionary,Services-Misc. Amusement & Recreation,76624353.0,False,True,False,1.165,-0.427,5.804,-7.975,-1.374,271590.0,838649.31,0.069,1.168,1.187,1.266,1.689,4.0,10.0,-8.984,-21.284,-37.027,-85.045
GDOT,Green Dot Corporation Class A Common Stock $0.001 par value,NYSE,Finance,Finance: Consumer Services,712314738.0,False,False,True,12.52,0.16,2.049,-4.826,-2.355,381466.0,5598938.05,0.906,12.573,12.779,13.155,12.56,1.0,46.0,-5.865,-5.865,11.786,-8.945
GDRX,GoodRx Holdings Inc.,NASDAQ,Technology,EDP Services,1118956873.0,False,True,True,3.36,2.439,3.479,-2.129,-0.612,1374102.0,2879556.75,0.642,3.325,3.361,3.433,2.755,2.0,55.0,-4.816,10.891,62.319,-42.169
GDS,GDS Holdings Limited ADS,NASDAQ,Technology,Computer Software: Programming Data Processing,5524410790.0,False,True,False,29.29,6.239,4.92,-8.637,-1.755,1556388.0,43407270.0,1.339,30.607,31.26,32.059,37.533,4.0,32.0,-5.88,-3.683,-25.338,-39.745
GDTC,CytoMed Therapeutics Limited,NASDAQ,Health Care,Biotechnology: Pharmaceutical Preparations,10882160.0,False,True,False,1.01,9.783,10.364,12.625,1.218,96126.0,16138.965,0.664,0.922,0.91,0.897,1.025,4.0,24.0,14.773,4.124,-4.717,-72.554
GDV,Gabelli Dividend & Income Trust Common Shares of Beneficial Interest,NYSE,Finance,Investment Managers,2558647490.0,False,False,True,28.37,0.0,1.295,-4.078,-3.15,88298.0,2441914.156,1.073,28.562,28.872,29.576,28.246,2.0,58.0,-5.449,-3.449,6.484,-7.56
GDYN,Grid Dynamics Holdings Inc.,NASDAQ,Technology,Computer Software: Prepackaged Software,650637586.0,False,True,True,7.84,-2.244,4.117,1.959,0.476,1399182.0,7275969.25,0.541,7.894,7.858,7.689,7.048,3.0,75.0,-4.39,32.881,37.786,-23.213
GE,GE Aerospace,NYSE,Technology,Consumer Electronics/Appliances,321187851524.0,True,False,False,306.34,-0.89,2.675,-9.971,-3.728,3867528.0,1445819843.2,1.398,313.929,319.402,340.269,322.993,1.0,46.0,-7.999,-16.397,6.408,-21.097
GECC,Great Elm Capital Corp.,NASDAQ,Finance,Finance: Consumer Services,69726545.0,False,True,False,4.98,-0.797,4.172,-8.51,-2.04,58770.0,343191.484,1.307,5.192,5.323,5.443,5.394,4.0,31.0,-12.768,-0.378,4.639,-35.873
GEF,Greif Inc.,NYSE,Unknown,Unknown,3794112620.0,False,False,True,82.05,-0.158,2.494,-2.724,-1.092,335292.0,32681673.9,1.0,81.932,82.401,84.348,72.339,2.0,79.0,-2.766,12.535,24.831,-8.724
GEHC,GE HealthCare Technologies Inc. Common Stock ,NASDAQ,Health Care,Medical Electronics,29038909141.0,True,True,False,65.74,2.255,2.344,-4.477,-1.91,3825558.0,244783636.0,1.124,65.444,66.098,68.821,71.148,4.0,44.0,-5.709,1.367,-6.567,-26.662
GEMI,Gemini Space Station Inc.,NASDAQ,Finance,Finance: Consumer Services,605475783.0,False,True,True,4.77,2.141,9.132,5.247,0.575,2593222.0,15347899.975,0.547,5.07,5.0,4.532,5.906,4.0,16.0,-1.446,13.842,9.655,-82.168
GEN,Gen Digital Inc.,NASDAQ,Technology,Computer Software: Prepackaged Software,13162928834.0,True,True,False,22.28,1.319,5.366,-20.105,-3.746,8060822.0,304819772.8,1.467,23.329,25.216,27.886,24.4,1.0,36.0,-28.886,-16.437,16.149,-29.605
GENB,Generate Biomedicines Inc.,NASDAQ,Health Care,Biotechnology: Pharmaceutical Preparations,1757144849.0,False,True,True,13.91,1.607,7.295,-10.165,-1.393,1155728.0,19430233.3,0.969,14.874,15.373,15.484,,,,-14.871,-14.242,14.959,-38.641
GENC,Gencor Industries Inc.,AMEX,Industrials,Construction/Ag Equipment/Trucks,257828978.0,False,False,True,17.68,0.512,3.326,1.877,0.564,61796.0,1102774.691,1.269,17.444,17.531,17.354,15.331,2.0,76.0,-2.482,16.316,19.702,-12.432
GENK,GEN Restaurant Group Inc.,NASDAQ,Consumer Discretionary,Restaurants,56187301.0,False,True,False,1.61,0.0,8.021,-13.086,-1.631,239154.0,64680.7,0.085,1.667,1.715,1.852,1.952,4.0,23.0,-14.815,-15.263,3.871,-50.0
GEO,Geo Group Inc (The) REIT,NYSE,Consumer Discretionary,Homebuilding,4127590154.0,False,False,True,32.34,3.125,4.141,3.514,0.849,2155336.0,78153687.7,2.151,31.211,31.188,31.242,23.067,2.0,87.0,4.728,11.402,81.992,-2.502
GEOS,Geospace Technologies Corporation Common Stock (Texas),NASDAQ,Industrials,Industrial Machinery/Components,62090894.0,False,True,False,4.75,-1.042,4.621,-14.624,-3.165,111522.0,408377.65,1.814,4.901,5.039,5.564,9.739,4.0,9.0,-7.946,-28.464,-61.909,-84.108
GERN,Geron Corporation,NASDAQ,Health Care,Biotechnology: Pharmaceutical Preparations,770968091.0,False,True,True,1.21,0.833,5.114,-14.644,-2.864,10991054.0,13451957.35,0.579,1.244,1.296,1.418,1.445,1.0,36.0,-19.868,-18.792,-30.857,-39.801
GEV,GE Vernova Inc.,NYSE,Technology,Consumer Electronics/Appliances,263324011535.0,True,False,False,990.0,0.131,3.629,2.639,0.727,2226158.0,2037513267.2,0.748,966.69,957.773,964.547,918.587,2.0,78.0,5.113,-8.085,10.38,-17.22
GEVO,Gevo Inc.,NASDAQ,Industrials,Major Chemicals,323880606.0,False,True,True,1.29,-1.527,5.359,-16.081,-3.001,2849440.0,4435446.762,0.856,1.369,1.439,1.537,1.799,4.0,26.0,-21.341,-11.644,-40.553,-56.566
GFF,Griffon Corporation,NYSE,Industrials,Building Products,4256344463.0,False,False,True,94.09,0.128,2.821,-3.271,-1.16,350048.0,34829761.0,1.318,94.632,95.34,97.272,87.295,2.0,68.0,-3.744,2.111,31.3,-13.144
GFS,GlobalFoundries Inc.,NASDAQ,Technology,Semiconductors,27965691313.0,False,True,False,48.56,-3.209,4.222,1.315,0.311,4140806.0,183952411.6,1.075,48.133,47.591,47.93,54.126,1.0,65.0,9.324,-26.06,11.791,-47.324
GFUZ,General Fusion Group Ltd. Common Shares,NASDAQ,Utilities,Electric Utilities: Central,481699305.0,False,True,True,7.53,-0.66,7.675,-6.137,-0.8,182614.0,883299.45,0.861,7.673,7.794,8.022,9.706,4.0,31.0,-6.343,-8.727,-25.776,-49.293
GGAL,Grupo Financiero Galicia S.A. American Depositary Shares,NASDAQ,Finance,Commercial Banks,5764844637.0,False,True,False,38.25,6.576,4.26,-11.872,-2.787,809722.0,33239491.35,2.252,38.177,39.798,43.403,46.585,4.0,76.0,-14.189,-24.893,-15.348,-36.483
GH,Guardant Health Inc.,NASDAQ,Health Care,Medical Specialities,23860079026.0,False,True,False,187.22,5.298,4.092,12.695,3.102,2002874.0,315291756.8,0.868,178.196,174.743,166.129,124.367,2.0,95.0,16.257,14.915,108.811,-0.25
GHM,Graham Corporation,NYSE,Industrials,Industrial Machinery/Components,1073821149.0,False,False,True,90.48,-1.104,4.219,-4.135,-0.98,184758.0,14320122.1,0.672,88.055,88.344,94.383,90.766,1.0,75.0,5.258,-14.738,9.368,-28.088
GHRS,GH Research PLC,NASDAQ,Health Care,Biotechnology: Pharmaceutical Preparations,1572701572.0,False,True,False,22.17,-3.357,5.974,-19.75,-3.306,283228.0,7324667.4,0.731,24.067,25.351,27.626,21.012,2.0,81.0,-20.595,-17.553,46.433,-29.482
GIC,Global Industrial Company,NYSE,Industrials,Industrial Machinery/Components,1661904751.0,False,False,True,43.58,-0.069,2.338,10.536,4.506,138806.0,6308062.625,1.006,42.347,41.401,39.426,33.253,2.0,83.0,11.259,33.583,40.264,-0.729
GIII,G-III Apparel Group LTD.,NASDAQ,Consumer Discretionary,Apparel,1173530024.0,False,True,True,26.99,-1.388,3.005,-13.689,-4.556,641400.0,22512971.3,0.912,27.355,28.015,31.271,30.813,4.0,43.0,-0.524,-20.143,-3.975,-27.844
GILD,Gilead Sciences Inc.,NASDAQ,Health Care,Biotechnology: Biological Products (No Diagnostic Substances),179471109135.0,True,True,False,144.63,-0.076,2.326,1.176,0.506,6090086.0,878370188.8,1.008,148.003,147.8,142.949,135.363,2.0,74.0,-3.819,6.662,4.475,-6.395
GILT,Gilat Satellite Networks Ltd.,NASDAQ,Technology,Radio And Television Broadcasting And Communications Equipment,756973608.0,False,True,False,9.4,-6.281,4.206,-9.836,-2.338,542768.0,4744567.938,1.427,9.854,9.958,10.425,14.387,4.0,26.0,-8.738,-23.948,-45.57,-55.088
GIS,General Mills Inc.,NYSE,Consumer Staples,Packaged Foods,17115335479.0,True,False,False,31.68,-1.031,3.428,-14.621,-4.265,9438384.0,382589820.8,1.313,33.274,34.697,37.105,37.941,4.0,26.0,-19.307,-13.131,-13.001,-34.352
GITS,Global Interactive Technologies Inc.,NASDAQ,Technology,Computer Software: Programming Data Processing,7607618.0,False,True,False,1.71,-5.525,13.869,-15.981,-1.152,97940.0,55011.6,0.18,1.914,1.986,2.035,1.999,1.0,92.0,-18.182,-16.99,-31.873,-75.882
GL,Globe Life Inc.,NYSE,Finance,Life Insurance,12732416379.0,True,False,False,165.92,0.345,1.864,-4.688,-2.514,507910.0,74584800.2,0.739,166.872,168.747,174.08,156.887,2.0,62.0,-5.817,-5.897,16.18,-13.207
GLAD,Gladstone Capital Corporation,NASDAQ,Consumer Discretionary,Textiles,432657271.0,False,True,True,19.12,-0.157,1.696,-0.554,-0.327,162198.0,3057330.769,0.995,19.263,19.298,19.226,18.4,3.0,51.0,-3.294,2.039,10.365,-4.575
GLBE,Global-E Online Ltd.,NASDAQ,Technology,Computer Software: Prepackaged Software,6587109401.0,False,True,False,39.76,1.145,3.735,0.48,0.129,1478276.0,61522267.6,0.602,39.68,39.386,39.57,35.571,3.0,64.0,3.839,7.692,26.786,-9.616
GLBS,Globus Maritime Limited,NASDAQ,Consumer Discretionary,Marine Transportation,75538054.0,False,True,False,3.38,-3.429,7.277,-3.709,-0.51,170570.0,624422.052,0.835,3.492,3.548,3.51,2.445,2.0,94.0,-10.106,18.596,52.941,-16.749
GLIBK,Liberty Capital Corporation Series C GCI Group,NASDAQ,Telecommunications,Cable & Other Pay Television Services,927392061.0,False,True,True,23.55,1.334,3.258,-5.054,-1.552,368524.0,7996291.575,0.634,23.64,24.11,24.804,30.155,4.0,34.0,-10.011,4.713,-35.761,-42.805
GLND,Greenland Energy Company,NASDAQ,Energy,Oil & Gas Production,163113624.0,False,True,True,3.71,-0.536,18.966,74.375,3.922,14845914.08,141333152.397,0.305,3.891,3.25,2.128,,,,183.206,79.227,-53.097,-83.87
GLNG,Golar Lng Ltd,NASDAQ,Consumer Discretionary,Marine Transportation,4999207878.0,False,True,False,49.74,1.077,2.601,-1.685,-0.648,1349866.0,72293902.8,0.892,49.341,49.945,50.593,48.263,2.0,72.0,-4.328,-1.029,-9.896,-13.077
GLOB,Globant S.A. Common Shares,NYSE,Technology,EDP Services,1515602416.0,False,False,True,35.75,1.852,5.327,-4.765,-0.895,1467150.0,36839368.1,0.466,35.495,36.125,37.539,44.68,4.0,35.0,-11.4,12.954,-23.349,-50.416
GLOO,Gloo Holdings Inc.,NASDAQ,Technology,EDP Services,377107889.0,False,True,True,4.16,0.971,8.841,13.898,1.572,667558.0,6897192.488,1.075,4.327,4.179,3.652,5.065,4.0,,35.948,10.053,-25.979,-58.317
GLPI,Gaming and Leisure Properties Inc.,NASDAQ,Real Estate,Real Estate Investment Trusts,10961867220.0,False,True,False,37.91,0.61,1.857,-8.177,-4.404,3450540.0,138226893.6,1.063,38.43,39.233,41.286,43.584,4.0,36.0,-8.678,-12.221,-12.847,-19.913
GLRE,Greenlight Capital Re Ltd. Class A,NASDAQ,Finance,Property-Casualty Insurers,481459824.0,False,True,False,14.74,-0.068,2.374,-4.595,-1.936,137724.0,2141033.4,0.936,14.803,14.946,15.45,15.77,1.0,59.0,-4.78,-10.231,-18.066,-23.981
GLSI,Greenwich LifeSciences Inc.,NASDAQ,Health Care,Biotechnology: Pharmaceutical Preparations,249235972.0,False,True,True,16.91,-0.412,8.044,3.865,0.481,124010.0,2136881.263,0.796,17.566,17.374,16.281,21.934,1.0,83.0,8.189,-8.939,-23.241,-50.411
GLUE,Monte Rosa Therapeutics Inc.,NASDAQ,Health Care,Biotechnology: Biological Products (No Diagnostic Substances),895790711.0,False,True,True,10.27,-2.19,7.244,-29.473,-4.068,1346174.0,16401390.75,1.299,11.46,12.283,14.562,18.152,4.0,75.0,-28.581,-57.91,-39.338,-60.147
GLW,Corning Incorporated,NYSE,Industrials,Telecommunications Equipment,141431350067.0,True,False,False,159.37,-2.936,5.002,4.124,0.824,10506656.0,1286749452.8,0.624,157.607,156.108,153.058,150.462,2.0,86.0,9.158,-13.869,9.157,-41.25
GLXY,Galaxy Digital Inc.,NASDAQ,Finance,Investment Bankers/Brokers/Service,9013902415.0,False,True,False,22.65,-1.778,7.066,-1.536,-0.217,5888588.0,118259666.4,0.753,23.495,23.786,23.003,24.867,4.0,30.0,-14.528,-8.411,23.906,-50.675
GM,General Motors Company,NYSE,Industrials,Auto Manufacturing,68678132114.0,True,False,False,80.23,2.504,3.232,-5.908,-1.828,6635980.0,654197804.8,0.978,80.555,82.084,85.268,80.369,1.0,76.0,-7.824,5.742,9.724,-12.47
GMAB,Genmab A/S ADS,NASDAQ,Health Care,Biotechnology: Pharmaceutical Preparations,4464569356.0,False,True,False,38.48,10.734,3.07,17.093,5.567,2624520.0,119038630.1,4.725,35.551,34.827,32.863,29.662,2.0,81.0,11.828,31.871,38.667,-4.207
GMEX,GMEX ROBOTICS CORPORATION Class A,NASDAQ,Consumer Discretionary,Recreational Games/Products/Toys,1843691.0,False,True,False,2.31,-5.714,15.258,100.187,6.566,2622886.0,2197385.937,0.023,1.979,1.542,1.154,47.434,1.0,1.0,195.019,-11.154,-93.381,-99.411
GMM,Global Mofy AI Limited Class A,NASDAQ,Technology,Computer Software: Programming Data Processing,17649323.0,False,True,False,1.74,-3.867,9.777,-27.237,-2.786,553488.0,39343.74,0.028,1.858,1.986,2.391,36.199,4.0,9.0,-19.07,-15.122,-97.711,-98.294
GNE,Genie Energy Ltd. Class B Common Stock Stock,NYSE,Utilities,Power Generation,432431406.0,False,False,True,16.11,-1.948,2.396,5.993,2.501,75860.0,1326655.703,1.642,16.119,15.927,15.199,14.262,2.0,67.0,5.225,13.475,16.044,-4.278
GNK,Genco Shipping & Trading Limited Ordinary Shares New (Marshall Islands),NYSE,Consumer Discretionary,Marine Transportation,1206041360.0,False,False,True,27.6,-0.253,3.056,5.466,1.789,565520.0,16446135.4,0.729,26.961,26.845,26.17,22.821,2.0,87.0,1.136,13.722,20.613,-2.885
GNL,Global Net Lease Inc.,NYSE,Real Estate,Real Estate Investment Trusts,1908372320.0,False,False,True,8.14,-1.333,1.89,-8.251,-4.365,2520818.0,24210606.3,1.501,8.407,8.598,8.872,8.959,1.0,53.0,-10.941,-7.311,-9.002,-15.486
GNLX,Genelux Corporation,NASDAQ,Health Care,Biotechnology: Pharmaceutical Preparations,115828058.0,False,True,False,2.6,1.562,5.259,-1.396,-0.265,298922.0,608381.748,1.061,2.528,2.536,2.637,2.833,4.0,25.0,3.175,-12.458,-4.762,-69.537
GNPX,Genprex Inc.,NASDAQ,Health Care,Biotechnology: Pharmaceutical Preparations,2155835.0,False,True,False,2.72,3.422,12.373,-32.652,-2.639,289632.0,800817.1,0.524,2.953,3.24,4.039,24.492,4.0,2.0,-20.584,-79.08,-91.473,-99.775
GNRC,Generac Holdlings Inc.,NYSE,Consumer Discretionary,Metal Fabrications,12792579065.0,True,False,False,215.2,-0.738,4.466,7.029,1.574,1298656.0,297564317.6,0.717,207.875,203.346,201.066,212.885,2.0,67.0,17.583,-8.736,10.065,-27.405
GNSS,Genasys Inc.,NASDAQ,Consumer Staples,Consumer Electronics/Appliances,66035913.0,False,True,False,1.43,-1.379,5.906,-9.972,-1.689,82574.0,103011.4,0.504,1.462,1.49,1.588,1.84,4.0,23.0,0.0,-14.371,-17.816,-42.105
GNTX,Gentex Corporation,NASDAQ,Consumer Discretionary,Auto Parts:O.E.M.,4651887948.0,False,True,True,21.91,-0.77,2.084,-4.809,-2.307,2440814.0,48581843.2,0.924,22.11,22.328,23.017,23.238,1.0,35.0,-4.072,-8.403,2.997,-19.964
GNW,Genworth Financial Inc,NYSE,Finance,Life Insurance,3608477403.0,False,False,True,9.59,0.419,2.806,-3.266,-1.164,3536814.0,47425406.8,1.384,9.516,9.687,9.914,9.103,2.0,58.0,-7.611,0.524,12.295,-10.29
GO,Grocery Outlet Holding Corp.,NASDAQ,Consumer Staples,Food Chains,1151361797.0,False,True,True,11.42,-1.721,4.499,3.485,0.775,2594960.0,26887207.95,1.099,11.391,11.38,11.035,9.296,2.0,51.0,-7.154,11.851,60.845,-32.784
GOAI,Eva Live Inc.,NASDAQ,Technology,Computer Software: Programming Data Processing,72389393.0,False,True,False,1.82,0.552,15.62,-12.576,-0.805,173040.0,377491.748,0.209,1.943,2.07,2.082,,,,-31.321,-29.457,-55.392,-89.889
GOGO,Gogo Inc.,NASDAQ,Consumer Discretionary,Telecommunications Equipment,285921589.0,False,True,True,2.14,1.422,6.236,-25.586,-4.103,1816806.0,3796778.719,2.206,2.241,2.38,2.876,3.911,4.0,9.0,-19.245,-39.718,-48.558,-78.449
GOLD,Gold.com Inc.,NYSE,Industrials,Other Specialty Stores,1230488913.0,False,False,True,41.64,-1.537,4.362,-4.107,-0.942,553850.0,27276451.6,0.808,42.949,43.564,43.423,43.228,1.0,81.0,2.971,-1.471,0.819,-35.419
GOLF,Acushnet Holdings Corp.,NYSE,Consumer Discretionary,Recreational Games/Products/Toys,4885581931.0,False,False,True,83.39,-0.311,2.619,-5.899,-2.252,383734.0,29097248.6,0.761,83.188,83.969,88.617,94.036,1.0,42.0,-3.411,-27.006,-11.616,-30.099
GOOD,Gladstone Commercial Corporation Real Estate Investment Trust,NASDAQ,Real Estate,Real Estate,626393063.0,False,True,True,12.79,-1.159,1.829,0.644,0.352,423102.0,6141485.8,1.664,12.701,12.694,12.708,11.813,2.0,65.0,-0.981,4.508,14.891,-2.847
GOOG,Alphabet Inc. Class C Capital Stock,NASDAQ,Technology,Computer Software: Programming Data Processing,4162480500000.0,True,True,False,343.83,1.022,2.499,0.494,0.198,17755360.0,6101851648.0,0.785,340.247,340.224,342.14,337.196,2.0,73.0,1.467,-5.381,15.656,-14.886
GOOGL,Alphabet Inc.,NASDAQ,Technology,Computer Software: Programming Data Processing,4201005000000.0,True,True,False,346.47,0.865,2.53,0.493,0.195,26590714.0,9437483340.8,0.962,343.482,343.471,344.772,338.747,2.0,73.0,1.23,-5.541,15.637,-15.102
GOSS,Gossamer Bio Inc.,NASDAQ,Health Care,Biotechnology: Pharmaceutical Preparations,65506548.0,False,True,False,10.65,-0.56,12.244,-17.369,-1.419,407752.08,3624996.438,0.959,11.145,11.528,12.889,63.025,4.0,7.0,-24.361,-25.211,-61.525,-96.56
GOW,GOWell Energy Technology Ordinary shares,NASDAQ,Consumer Discretionary,Oil and Gas Field Machinery,180884497.0,False,True,False,4.33,11.886,35.04,-52.538,-1.499,749318.0,6829143.127,2.768,4.768,6.339,9.123,10.084,4.0,13.0,-60.348,-58.84,-58.365,-66.738
GPAC,General Purpose Acquisition Corp. Class A,NASDAQ,Unknown,Unknown,0.0,False,True,False,10.1,0.0,0.064,0.467,7.248,67642.0,327698.909,0.0,10.088,10.079,10.053,,,,0.398,1.0,1.815,0.0
GPC,Genuine Parts Company,NYSE,Consumer Discretionary,Automotive Aftermarket,17541275608.0,True,False,False,126.24,-0.786,2.344,-3.956,-1.688,1065808.0,121583804.8,0.664,127.536,129.063,131.44,118.054,2.0,48.0,-7.555,-1.125,22.31,-14.372
GPCR,Structure Therapeutics Inc. American Depositary Shares,NASDAQ,Health Care,Biotechnology: Pharmaceutical Preparations,1973143743.0,False,True,True,27.59,-0.289,7.789,-37.689,-4.839,1008946.0,56902026.9,1.851,31.934,35.488,44.278,53.348,4.0,75.0,-41.719,-51.28,-46.707,-70.927
GPGI,GPGI Inc.,NYSE,Finance,Finance: Consumer Services,3739582058.0,False,False,True,12.98,0.62,5.276,-1.646,-0.312,1541014.0,19971211.4,1.27,12.34,12.482,13.197,16.588,4.0,23.0,-7.02,-17.985,-24.761,-51.502
GPI,Group 1 Automotive Inc.,NYSE,Consumer Discretionary,Retail-Auto Dealers and Gas Stations,2978648694.0,False,False,True,241.44,-3.362,4.834,-10.716,-2.217,240576.0,70690322.8,1.256,249.024,255.234,270.418,321.013,4.0,19.0,-15.085,-18.395,-25.885,-47.305
GPK,Graphic Packaging Holding Company,NYSE,Consumer Discretionary,Containers/Packaging,2599508411.0,False,False,True,8.61,-1.936,4.443,-17.984,-4.048,5705074.0,70000832.8,1.924,9.097,9.451,10.498,11.082,4.0,18.0,-18.592,-17.12,-8.322,-54.288
GPN,Global Payments Inc.,NYSE,Consumer Discretionary,Business Services,20740789408.0,True,False,False,82.18,4.848,3.244,-6.495,-2.002,2784698.0,209972337.6,0.869,82.809,84.69,87.889,76.055,2.0,56.0,-10.196,6.216,27.197,-14.046
GPOR,Gulfport Energy Corporation Common Shares,NYSE,Energy,Oil & Gas Production,2730388910.0,False,False,True,157.84,2.228,3.064,-5.119,-1.671,290644.0,47581735.5,1.125,156.514,160.509,166.356,181.949,4.0,39.0,-13.208,-5.264,-23.304,-30.091
GPRE,Green Plains Inc.,NASDAQ,Industrials,Major Chemicals,1067551845.0,False,True,True,15.15,-0.525,3.804,-1.653,-0.435,1503074.0,21339786.05,0.611,15.03,15.065,15.405,14.843,2.0,82.0,1.27,-4.114,-5.842,-22.901
GPRO,GoPro Inc.,NASDAQ,Consumer Discretionary,Industrial Machinery/Components,278581091.0,False,True,True,1.36,0.741,8.423,35.916,4.264,41690642.32,32158791.7,0.247,1.323,1.273,1.001,1.022,3.0,90.0,-2.158,94.009,74.136,-50.183
GRAB,Grab Holdings Limited Class A,NASDAQ,Consumer Discretionary,Business Services,12629483892.0,False,True,False,3.17,2.922,3.829,-5.48,-1.431,57420129.92,253590007.2,1.359,3.108,3.138,3.354,3.829,4.0,19.0,-7.31,-19.338,-10.955,-51.97
GRAL,GRAIL Inc. Common Stock ,NASDAQ,Health Care,Medical Specialities,6398884683.0,False,True,False,154.08,7.553,5.879,78.009,13.269,996902.0,162596182.4,1.474,130.328,114.534,86.558,74.02,2.0,97.0,91.119,123.986,197.797,-1.54
GRAN,Grande Group Limited Class A,NASDAQ,Finance,Finance: Consumer Services,23411875.0,False,True,False,1.06,12.766,12.484,-13.881,-1.112,89342.0,234102.315,0.016,1.022,1.063,1.231,1.796,4.0,23.0,-16.863,-29.333,-9.402,-82.064
GRBK,Green Brick Partners Inc.,NYSE,Consumer Discretionary,Homebuilding,2867092995.0,False,False,True,65.47,-1.785,2.717,-6.49,-2.389,324236.0,25899576.3,1.143,66.948,67.792,70.014,69.811,1.0,36.0,-7.502,-12.485,-1.192,-21.291
GRC,Gorman-Rupp Company (The),NYSE,Industrials,Fluid Controls,2040455374.0,False,False,True,77.55,0.375,2.93,0.217,0.074,188788.0,15656714.0,0.579,75.559,75.29,77.382,70.025,2.0,81.0,3.262,-2.612,24.032,-16.216
GRCE,Grace Therapeutics Inc.,NASDAQ,Health Care,Biotechnology: Pharmaceutical Preparations,43544375.0,False,True,False,2.06,-0.483,4.526,-3.801,-0.84,183984.0,337174.147,0.429,2.101,2.123,2.141,2.966,4.0,29.0,-3.738,-17.928,-49.386,-60.232
GRDN,Guardian Pharmacy Services Inc.,NYSE,Consumer Staples,Retail-Drug Stores and Proprietary Stores,2684446844.0,False,False,True,42.1,-0.661,3.837,2.885,0.752,515020.0,32177904.0,0.536,41.998,42.091,40.92,37.186,2.0,84.0,4.909,5.329,9.521,-12.891
GRDX,GridAI Technologies Corp.,NASDAQ,Health Care,Biotechnology: Pharmaceutical Preparations,27169579.0,False,True,False,3.83,0.525,11.093,13.413,1.209,112864.0,295309.859,1.701,3.584,3.5,3.377,3.403,2.0,74.0,28.956,-11.954,75.688,-44.725
GRFS,Grifols S.A. American Depositary Shares,NASDAQ,Health Care,Biotechnology: Pharmaceutical Preparations,5026026377.0,False,True,False,7.41,1.368,2.059,-3.966,-1.926,607878.0,4857863.05,0.811,7.354,7.43,7.716,8.07,4.0,36.0,-5.964,2.774,-8.752,-26.086
GRI,GRI Bio Inc.,NASDAQ,Health Care,Biotechnology: Pharmaceutical Preparations,4284785.0,False,True,False,1.91,-2.551,10.033,3.613,0.36,409778.0,263825.399,0.206,1.976,1.969,1.843,2.867,4.0,7.0,-16.594,4.372,-20.747,-97.021
GRML,Greenland Mines Ltd.,NASDAQ,Health Care,Biotechnology: Biological Products (No Diagnostic Substances),105175400.0,False,True,False,7.34,-6.853,31.474,-9.358,-0.297,9808013.68,270742525.247,0.479,9.231,8.614,8.098,14.794,4.0,11.0,63.839,-38.577,-55.244,-80.162
GRMN,Garmin Ltd. Common Stock (Switzerland),NYSE,Industrials,Industrial Machinery/Components,54222419022.0,True,False,False,285.52,1.551,2.507,-0.86,-0.343,932884.0,233169488.8,0.784,285.484,284.623,287.997,245.0,2.0,72.0,3.408,15.259,18.578,-8.799
GRNQ,Greenpro Capital Corp.,NASDAQ,Consumer Discretionary,Professional Services,15372425.0,False,True,False,8.69,2.476,20.816,-24.381,-1.171,64760.6,1728285.99,3.321,9.18,10.189,11.492,16.851,4.0,21.0,-39.231,-37.929,-64.704,-72.673
GRNT,Granite Ridge Resources Inc.,NYSE,Energy,Oil & Gas Production,589594082.0,False,False,True,4.51,0.895,3.587,-6.475,-1.805,1235812.0,7346739.3,1.006,4.502,4.635,4.822,4.823,1.0,52.0,-11.22,3.377,-19.666,-23.261
GRPN,Groupon Inc.,NASDAQ,Consumer Discretionary,Advertising,785246866.0,False,True,True,19.71,2.071,5.536,-7.54,-1.362,1259584.0,23382962.95,0.53,19.833,19.91,21.317,17.626,2.0,62.0,4.507,-26.592,63.433,-34.08
GRRR,Gorilla Technology Group Inc. Ordinary shares,NASDAQ,Technology,Computer Software: Prepackaged Software,365565933.0,False,True,False,12.25,-6.986,6.459,-10.719,-1.66,826730.0,6710563.2,1.053,13.413,13.627,13.721,13.689,1.0,28.0,-10.714,-30.673,13.007,-47.85
GRSD,Grandstand Limited,NASDAQ,Consumer Discretionary,Services-Misc. Amusement & Recreation,52996757.0,False,True,False,1.55,2.649,4.927,-14.896,-3.023,266064.0,327134.052,0.892,1.553,1.627,1.821,3.213,4.0,9.0,-18.848,-20.103,-59.53,-81.743
GRWG,GrowGeneration Corp.,NASDAQ,Consumer Discretionary,RETAIL: Building Materials,92505105.0,False,True,False,1.56,-0.637,4.222,-2.164,-0.512,378868.0,424160.125,0.546,1.556,1.568,1.595,1.426,3.0,55.0,-2.5,5.405,44.444,-35.0
GS,Goldman Sachs Group Inc. (The),NYSE,Finance,Investment Bankers/Brokers/Service,262799666004.0,True,False,False,893.46,-1.008,2.629,-10.457,-3.978,1999902.0,2052171238.4,0.949,917.43,943.351,997.804,952.277,1.0,56.0,-13.919,-13.916,4.127,-22.197
GSAT,Globalstar Inc.,NASDAQ,Consumer Discretionary,Telecommunications Equipment,10782265316.0,False,True,False,83.54,0.385,0.783,1.502,1.919,752616.0,47605094.2,0.793,82.879,82.626,82.303,74.006,2.0,89.0,1.903,4.282,14.974,-1.544
GSBC,Great Southern Bancorp Inc.,NASDAQ,Finance,Major Banks,863845380.0,False,True,True,79.47,0.252,1.918,0.385,0.201,89914.0,6780610.112,0.975,78.503,78.556,79.165,69.859,2.0,73.0,0.032,3.09,24.678,-3.624
GSBD,Goldman Sachs BDC Inc.,NYSE,Finance,Investment Managers,1021001438.0,False,False,True,9.05,-0.221,2.246,-2.264,-1.008,900280.0,7784698.575,0.672,9.177,9.259,9.26,8.673,2.0,58.0,-5.396,4.374,5.014,-9.727
GSHD,Goosehead Insurance Inc.,NASDAQ,Finance,Specialty Insurers,1616328837.0,False,True,True,46.19,1.494,6.508,-24.161,-3.713,466798.0,26919727.45,0.87,47.028,50.801,60.905,53.364,4.0,26.0,-31.142,-16.924,3.821,-42.154
GSIT,GSI Technology,NASDAQ,Technology,Semiconductors,215606830.0,False,True,True,5.64,0.535,4.954,-2.624,-0.53,521700.0,2686750.056,0.725,5.518,5.519,5.792,6.969,4.0,74.0,5.816,-12.422,3.867,-68.926
GSM,Ferroglobe PLC,NASDAQ,Basic Materials,Metal Mining,796025802.0,False,True,False,4.38,2.817,4.31,7.107,1.649,1485110.0,4996023.938,0.668,4.168,4.17,4.089,4.264,3.0,71.0,-2.961,27.786,9.498,-22.581
GT,The Goodyear Tire & Rubber Company,NASDAQ,Consumer Discretionary,Automotive Aftermarket,1393429887.0,False,True,True,4.68,-3.306,5.085,-20.997,-4.129,9137662.0,56052578.6,1.604,5.003,5.232,5.924,7.075,4.0,21.0,-23.404,-33.333,-30.973,-55.932
GTBP,GT Biopharma Inc.,NASDAQ,Health Care,Biotechnology: Pharmaceutical Preparations,11006712.0,False,True,False,6.16,0.984,12.72,109.794,8.632,337120.0,1045820.6,0.114,6.478,5.91,2.936,1.1,2.0,99.0,2344.444,1239.13,1284.27,-48.581
GTIM,Good Times Restaurants Inc.,NASDAQ,Consumer Discretionary,Restaurants,15836844.0,False,True,False,1.48,-1.333,3.405,-0.778,-0.228,59656.0,58257.4,0.738,1.497,1.501,1.492,1.317,2.0,51.0,-2.632,2.778,22.314,-29.187
GTLB,GitLab Inc.,NASDAQ,Technology,Computer Software: Prepackaged Software,8293348000.0,False,True,False,51.5,3.455,4.071,17.425,4.28,4845280.0,192104204.4,0.663,48.95,48.023,43.858,32.384,2.0,90.0,4.441,58.024,126.274,-7.291
GTM,ZoomInfo Technologies Inc,NASDAQ,Technology,Computer Software: Prepackaged Software,1080018271.0,False,True,True,3.75,1.078,5.504,-2.94,-0.534,6159664.0,21249044.75,1.119,3.787,3.835,3.864,5.362,4.0,28.0,-8.981,25.418,-36.869,-69.537
GTN,Gray Media Inc.,NYSE,Industrials,Broadcasting,467549099.0,False,False,True,4.63,1.982,4.015,-0.175,-0.044,1106926.0,4744036.025,0.911,4.577,4.614,4.638,4.464,3.0,59.0,-5.491,20.68,1.362,-25.395
GTX,Garrett Motion Inc.,NASDAQ,Consumer Discretionary,Auto Parts:O.E.M.,5048376717.0,False,True,False,26.68,-1.441,3.134,-3.468,-1.107,2572920.0,67885058.8,1.285,26.336,26.482,27.639,24.718,2.0,87.0,-2.378,-17.025,46.424,-26.181
GTY,Getty Realty Corporation,NYSE,Finance,Real Estate,1746502112.0,False,False,True,27.87,-1.17,2.173,-11.444,-5.266,601018.0,23232269.0,1.208,28.511,29.351,31.472,31.184,1.0,48.0,-13.184,-18.053,-11.706,-23.037
GURE,Gulf Resources Inc. (NV),NASDAQ,Industrials,Major Chemicals,5467796.0,False,True,False,3.09,2.318,12.597,-6.375,-0.506,84288.0,698896.35,0.234,3.165,3.263,3.3,4.161,4.0,28.0,-1.592,-12.465,-50.874,-73.88
GUT,Gabelli Utility Trust (The),NYSE,Finance,Trusts Except Educational Religious and Charitable,436724223.0,False,False,True,5.72,-3.866,2.961,-8.129,-2.746,201440.0,1534924.041,0.951,5.86,5.992,6.226,5.997,1.0,46.0,-11.136,-14.639,-0.534,-17.175
GUTS,Fractyl Health Inc.,NASDAQ,Health Care,Medical/Dental Instruments,64722526.0,False,True,False,4.56,-6.634,15.107,-40.673,-2.692,136092.44,998417.178,2.111,5.714,6.373,7.686,10.101,4.0,21.0,-44.687,-52.261,-16.849,-84.458
GVA,Granite Construction Incorporated,NYSE,Industrials,Military/Government/Technical,5248240039.0,False,False,True,118.9,-0.851,2.831,-0.886,-0.313,703790.0,76069701.2,1.817,116.78,116.963,119.963,126.867,1.0,48.0,-0.374,-17.378,-1.724,-26.499
GVH,Globavend Holdings Limited,NASDAQ,Industrials,Integrated Freight & Logistics,4777635.0,False,True,False,1.11,0.0,10.332,5.742,0.556,583384.0,510910.649,0.038,1.116,1.122,1.05,2.287,4.0,18.0,9.901,-70.712,-52.361,-82.817
GWAV,Greenwave Technology Solutions Inc.,NASDAQ,Industrials,Metal Fabrications,6874626.0,False,True,False,2.37,2.82,18.689,-34.669,-1.855,145212.0,178604.425,0.045,2.519,2.877,3.628,3.839,4.0,13.0,-53.069,-20.47,-33.427,-90.125
GWRS,Global Water Resources Inc.,NASDAQ,Utilities,Water Supply,243292656.0,False,True,True,8.01,-1.476,2.996,-3.484,-1.163,95856.0,665965.764,0.415,8.109,8.254,8.299,7.807,3.0,50.0,-9.943,14.993,6.5,-25.646
GWW,W.W. Grainger Inc.,NYSE,Industrials,Office Equipment/Supplies/Services,60303336043.0,True,False,False,1286.84,0.511,1.999,-1.019,-0.51,266592.0,356014150.4,0.778,1270.709,1275.051,1300.093,1204.591,2.0,70.0,-1.98,-4.945,15.639,-9.195
GXO,GXO Logistics Inc. Common Stock ,NYSE,Consumer Discretionary,Transportation Services,5339713998.0,False,False,True,45.99,-1.224,3.077,-2.683,-0.872,1451084.0,64566444.0,0.718,45.612,45.873,47.258,52.43,4.0,35.0,-2.522,-11.285,-13.259,-31.204
GYRE,Gyre Therapeutics Inc.,NASDAQ,Health Care,Biotechnology: Pharmaceutical Preparations,792835026.0,False,True,True,7.35,3.376,4.697,8.815,1.877,114152.0,1566501.447,1.59,7.239,7.137,6.755,7.079,3.0,53.0,14.13,4.85,3.23,-21.975
HAE,Haemonetics Corporation,NYSE,Health Care,Medical/Dental Instruments,4762631299.0,False,False,True,104.68,0.0,2.502,5.311,2.122,710380.0,59594736.8,0.919,105.347,104.827,99.401,75.14,2.0,94.0,1.779,39.797,79.063,-5.224
HAFC,Hanmi Financial Corporation,NASDAQ,Finance,Major Banks,938991906.0,False,True,True,31.5,-0.537,1.901,-0.624,-0.329,225790.0,7690956.9,1.026,31.545,31.635,31.698,29.176,2.0,70.0,-1.068,-1.215,19.422,-5.137
HAL,Halliburton Company,NYSE,Energy,Oilfield Services/Equipment,26535202189.0,True,False,False,32.78,2.92,2.805,-3.25,-1.159,10762224.0,349825940.8,0.84,32.588,33.303,33.881,35.186,1.0,73.0,-12.094,-2.539,-12.554,-24.129
HALO,Halozyme Therapeutics Inc.,NASDAQ,Health Care,Biotechnology: Biological Products (No Diagnostic Substances),12468890280.0,False,True,False,108.31,-1.411,2.774,4.687,1.69,2308244.0,287983363.6,0.804,110.25,109.608,103.461,78.547,2.0,88.0,-2.212,32.782,71.703,-7.309
HAO,Haoxi Health Technology Limited Class A,NASDAQ,Consumer Discretionary,Advertising,1721612.0,False,True,False,2.635,-2.407,21.805,-16.246,-0.745,247375.6,352479.501,0.179,2.781,3.016,3.146,1460.36,4.0,3.0,-21.81,-88.131,-99.902,-99.939
HAPN,Happen Inc.,NASDAQ,Finance,Finance: Consumer Services,1774966796.0,False,True,True,15.46,0.52,3.459,-12.356,-3.573,1471134.0,26173703.2,0.719,15.42,15.925,17.639,17.42,4.0,48.0,-12.059,-20.677,4.885,-28.657
HAS,Hasbro Inc.,NASDAQ,Consumer Discretionary,Recreational Games/Products/Toys,12629121575.0,True,True,False,92.38,3.172,2.561,0.601,0.235,1688466.0,161206428.0,1.26,89.436,89.642,91.828,89.326,2.0,79.0,-0.667,21.3,3.777,-11.682
HASI,HA Sustainable Infrastructure Capital Inc.,NYSE,Finance,Finance/Investors Services,4660542303.0,False,False,True,36.31,0.11,2.593,-4.891,-1.887,1053218.0,39084213.7,1.277,36.039,36.545,38.177,36.904,1.0,65.0,-7.773,-2.408,-1.322,-15.812
HAWK,HawkEye 360 Inc.,NYSE,Technology,EDP Services,1450869825.0,False,False,True,14.38,-2.903,6.183,-25.528,-4.129,1148016.0,23158160.9,1.295,15.312,16.198,19.309,,,,-16.975,-27.52,,-59.754
HAYW,Hayward Holdings Inc.,NYSE,Industrials,Industrial Machinery/Components,2630282817.0,False,False,True,12.43,0.242,2.694,-11.34,-4.21,2976352.0,51090523.7,1.025,12.513,12.839,14.02,14.879,4.0,30.0,-9.27,-24.392,-8.603,-29.893
HBAN,Huntington Bancshares Incorporated,NASDAQ,Finance,Major Banks,30972959283.0,True,True,False,15.29,-0.261,2.229,-7.785,-3.493,26328450.0,498084769.6,0.739,15.442,15.761,16.581,16.608,1.0,39.0,-9.488,-14.263,-2.254,-19.12
HBB,Hamilton Beach Brands Holding Company Class A Common Stock ,NYSE,Consumer Discretionary,Home Furnishings,510674193.0,False,False,True,36.37,-4.264,4.84,15.588,3.22,82842.0,3049173.425,1.307,36.439,34.891,31.465,22.163,2.0,96.0,14.913,71.112,98.603,-9.052
HBCP,Home Bancorp Inc.,NASDAQ,Finance,Banks,531511748.0,False,True,True,67.37,-0.237,1.965,-3.194,-1.625,77676.0,4383293.688,1.121,67.356,67.914,69.593,64.239,2.0,67.0,-3.633,-1.279,10.49,-9.57
HBNC,Horizon Bancorp Inc.,NASDAQ,Finance,Major Banks,1000191230.0,False,True,True,19.24,-1.232,2.044,-2.127,-1.041,559100.0,11805193.175,1.322,19.1,19.2,19.658,18.147,2.0,67.0,-1.359,-1.208,15.85,-7.782
HBT,HBT Financial Inc.,NASDAQ,Finance,Major Banks,1321526340.0,False,True,True,36.31,-0.083,1.931,0.914,0.473,131142.0,4686343.438,0.849,35.956,35.931,35.981,29.996,2.0,82.0,-0.138,13.448,34.812,-3.199
HCA,HCA Healthcare Inc.,NYSE,Health Care,Hospital/Nursing Management,92379025035.0,True,False,False,434.92,1.929,2.767,4.284,1.548,1412108.0,637815840.0,0.814,429.211,426.381,417.054,444.217,4.0,57.0,6.481,2.981,-9.779,-21.432
HCAT,Health Catalyst Inc,NASDAQ,Technology,Computer Software: Programming Data Processing,131698667.0,False,True,False,1.76,0.571,5.041,-2.363,-0.469,657568.0,788335.55,0.35,1.748,1.749,1.803,1.778,4.0,41.0,2.924,-22.467,52.381,-51.314
HCC,Warrior Met Coal Inc.,NYSE,Energy,Coal Mining,4717866473.0,False,False,True,92.29,3.29,4.121,-2.637,-0.64,653228.0,62225581.4,1.015,90.555,92.483,94.79,90.297,2.0,84.0,-10.632,18.82,-2.27,-17.169
HCI,HCI Group Inc.,NYSE,Finance,Property-Casualty Insurers,2291861245.0,False,False,True,185.91,0.901,2.373,1.562,0.658,163116.0,31835552.5,0.853,180.986,181.744,183.052,168.806,2.0,55.0,-2.111,3.276,21.32,-10.822
HCKT,Hackett Group Inc (The).,NASDAQ,Consumer Discretionary,Professional Services,268183471.0,False,True,True,10.82,0.371,3.813,0.478,0.125,270344.0,2300304.038,0.564,10.498,10.545,10.768,12.789,4.0,29.0,-1.247,1.879,-17.02,-45.884
HCM,HUTCHMED (China) Limited American Depositary Shares,NASDAQ,Health Care,Biotechnology: Pharmaceutical Preparations,2477410441.0,False,True,False,14.31,0.775,3.005,11.167,3.716,72712.0,919400.55,0.895,14.199,13.889,12.872,13.218,3.0,69.0,1.417,29.152,-7.379,-12.744
HCSG,Healthcare Services Group Inc.,NASDAQ,Health Care,Hospital/Nursing Management,1432354056.0,False,True,True,21.19,1.533,2.616,-3.606,-1.379,701764.0,15273800.75,1.09,21.01,21.291,21.983,21.1,2.0,63.0,-2.395,-13.12,12.773,-17.709
HCWB,HCW Biologics Inc.,NASDAQ,Health Care,Biotechnology: Pharmaceutical Preparations,3757024.0,False,True,False,1.64,-2.381,17.835,-35.696,-2.001,465458.0,1918585.2,0.176,1.79,2.004,2.55,4.745,4.0,13.0,-42.857,-63.311,-4.762,-94.399
HD,Home Depot Inc. (The),NYSE,Consumer Discretionary,RETAIL: Building Materials,282196510714.0,True,False,False,281.15,-0.601,2.304,-12.184,-5.287,4336606.0,1551518118.4,0.983,288.823,297.225,320.159,334.296,4.0,27.0,-11.608,-17.957,-12.645,-27.758
HDRN,Hadron Energy Inc. Common Stock  ,NASDAQ,Utilities,Electric Utilities: Central,88658564.0,False,True,False,1.2,-3.226,12.785,-29.07,-2.274,82882.0,125725.475,0.534,1.332,1.467,1.692,6.305,4.0,8.0,-34.426,-40.299,-88.732,-90.4
HDSN,Hudson Technologies Inc.,NASDAQ,Consumer Discretionary,Industrial Specialties,220123101.0,False,True,True,5.22,-0.191,2.887,-5.112,-1.77,555874.0,2227276.594,0.546,5.202,5.246,5.501,6.108,4.0,21.0,-0.571,-17.536,-10.616,-45.907
HE,Hawaiian Electric Industries Inc.,NYSE,Utilities,Electric Utilities: Central,1537279236.0,False,False,True,8.81,-1.011,3.148,-20.108,-6.388,2444172.0,29612433.8,1.524,9.143,9.626,11.027,13.537,4.0,27.0,-20.559,-34.007,-42.792,-49.31
HELE,Helen of Troy Limited,NASDAQ,Consumer Discretionary,Home Furnishings,622829711.0,False,True,False,25.64,-4.114,5.184,-9.59,-1.85,373524.0,11627582.55,1.557,27.395,27.754,28.36,23.138,2.0,64.0,-9.013,-8.559,64.359,-16.428
HELP,Helus Pharma Inc.,NASDAQ,Health Care,Biotechnology: Pharmaceutical Preparations,854821738.0,False,True,False,11.42,-2.393,7.532,-2.707,-0.359,1730924.0,22775302.55,0.762,12.264,12.429,11.738,7.43,2.0,96.0,-2.974,89.386,117.11,-24.62
HEPS,D-Market Electronic Services & Trading American Depositary Shares,NASDAQ,Consumer Discretionary,Catalog/Specialty Distribution,871629488.0,False,True,False,2.42,-0.82,4.176,-9.523,-2.281,349514.0,1571786.096,0.923,2.483,2.533,2.675,2.734,1.0,35.0,-9.701,-17.687,-8.679,-27.327
HESM,Hess Midstream LP Class A Representing Limited Partner Interests,NYSE,Energy,Oil & Gas Production,4845245758.0,False,False,True,38.41,1.748,2.2,-2.818,-1.281,1329984.0,51994298.1,0.741,38.341,38.8,39.524,37.133,2.0,65.0,-3.614,0.078,2.79,-7.043
HFFG,HF Foods Group Inc.,NASDAQ,Consumer Discretionary,Food Distributors,90632590.0,False,True,False,1.6,-1.84,4.76,-4.306,-0.905,203366.0,124442.4,0.352,1.611,1.63,1.672,1.858,4.0,22.0,-9.348,-14.439,-20.398,-43.543
HFWA,Heritage Financial Corporation,NASDAQ,Finance,Banks,1151363802.0,False,True,True,27.88,-0.924,1.974,-3.456,-1.751,394220.0,12727405.6,0.936,28.036,28.229,28.878,27.154,2.0,62.0,-4.619,-4.517,7.131,-10.047
HGBL,Heritage Global Inc.,NASDAQ,Consumer Discretionary,Business Services,44684884.0,False,True,False,1.3,0.775,4.339,5.4,1.245,225418.0,119357.4,0.263,1.306,1.308,1.233,1.282,2.0,44.0,0.0,5.691,-3.704,-21.212
HGTY,Hagerty Inc.,NYSE,Finance,Specialty Insurers,4928134590.0,False,False,True,13.75,1.029,3.034,4.469,1.473,382068.0,10218560.9,0.975,13.603,13.552,13.162,11.855,2.0,70.0,2.155,13.169,24.322,-2.964
HGV,Hilton Grand Vacations Inc. Common Stock ,NYSE,Consumer Discretionary,Hotels/Resorts,2709463695.0,False,False,True,34.05,-2.324,3.926,-18.508,-4.714,1129148.0,44319428.2,1.064,35.366,36.899,41.783,45.577,4.0,27.0,-18.657,-33.535,-18.404,-38.538
HHH,Howard Hughes Holdings Inc.,NYSE,Real Estate,Real Estate Investment Trusts,4242582397.0,False,False,True,71.66,0.873,3.485,8.614,2.472,616166.0,61229776.8,1.349,70.076,68.038,65.977,69.542,3.0,41.0,12.833,-3.005,11.864,-21.313
HHS,Harte Hanks Inc.,NASDAQ,Consumer Discretionary,Advertising,33991334.0,False,True,False,4.54,-0.439,2.609,20.476,7.847,200870.0,425497.804,0.25,4.557,4.449,3.768,2.978,2.0,94.0,7.838,96.537,85.306,-2.784
HIG,The Hartford Insurance Group Inc.,NYSE,Finance,Property-Casualty Insurers,34143415852.0,True,False,False,126.21,0.127,1.971,-6.997,-3.55,1626030.0,244570959.2,1.486,126.767,129.368,135.705,134.814,1.0,44.0,-9.85,-9.221,-6.638,-13.217
HII,Huntington Ingalls Industries Inc.,NYSE,Industrials,Marine Transportation,10581710747.0,True,False,False,266.48,-0.767,2.802,-9.11,-3.251,507026.0,145415027.2,1.117,268.499,273.532,293.188,341.144,4.0,49.0,-8.341,-7.51,-34.043,-41.548
HIMX,Himax Technologies Inc. American Depositary Shares,NASDAQ,Technology,Semiconductors,2658250929.0,False,True,False,14.71,-3.478,4.234,5.782,1.366,1164872.0,15078236.4,0.881,14.426,14.235,13.906,12.249,2.0,86.0,8.481,4.698,69.14,-40.339
HIPO,Hippo Holdings Inc.,NYSE,Finance,Property-Casualty Insurers,850793643.0,False,False,True,32.2,-0.124,2.953,0.021,0.007,187570.0,5580550.125,0.633,31.484,31.62,32.193,28.96,3.0,56.0,-5.82,13.3,24.806,-16.85
HITI,High Tide Inc. Common Shares,NASDAQ,Consumer Discretionary,Other Specialty Stores,234445075.0,False,True,False,2.73,3.802,3.751,9.974,2.659,634956.0,2548645.856,0.85,2.703,2.662,2.482,2.432,3.0,52.0,8.333,21.875,17.672,-28.158
HIVE,HIVE Digital Technologies Ltd. Common Shares,NASDAQ,Finance,Finance: Consumer Services,815975081.0,False,True,False,2.9,-2.685,6.666,-1.762,-0.264,17901026.0,37268929.0,0.546,3.038,3.059,2.952,2.9,3.0,38.0,-4.918,-8.805,47.208,-63.01
HIW,Highwoods Properties Inc.,NYSE,Real Estate,Real Estate Investment Trusts,3272785280.0,False,False,True,29.49,-0.607,2.464,-4.809,-1.952,1207134.0,36744048.8,1.17,29.62,30.006,30.98,26.465,2.0,56.0,-4.902,-6.62,41.573,-15.447
HKIT,Hitek Global Inc. Class A Ordinary Share,NASDAQ,Technology,Computer Software: Prepackaged Software,22299813.0,False,True,False,2.5,0.806,14.614,-12.296,-0.841,101376.0,108775.551,0.286,2.579,2.657,2.85,2202.334,4.0,3.0,-11.032,-40.048,-98.217,-99.984
HLIO,Helios Technologies Inc.,NYSE,Industrials,Metal Fabrications,2366430000.0,False,False,True,70.93,-1.088,3.198,-4.147,-1.297,340434.0,27200953.15,0.595,69.553,69.975,73.999,72.226,1.0,67.0,-1.636,-11.216,8.075,-25.264
HLIT,Harmonic Inc.,NASDAQ,Technology,Radio And Television Broadcasting And Communications Equipment,1218272191.0,False,True,True,11.22,0.448,3.91,-4.081,-1.044,1546178.0,17293229.65,0.963,10.986,11.185,11.697,11.524,1.0,50.0,-3.359,-16.456,20.775,-36.538
HLLY,Holley Inc.,NYSE,Consumer Discretionary,Auto Parts:O.E.M.,283687895.0,False,False,True,2.29,-2.137,5.731,-18.197,-3.175,1098112.0,3585867.656,0.75,2.423,2.538,2.799,3.16,4.0,36.0,-26.129,-6.911,-23.92,-48.884
HLMN,Hillman Solutions Corp.,NASDAQ,Consumer Discretionary,Industrial Machinery/Components,1369596793.0,False,True,True,6.96,-1.136,3.548,-11.421,-3.219,1641324.0,14365732.85,0.637,7.058,7.21,7.857,8.307,4.0,31.0,-9.375,-10.54,-14.914,-35.853
HLNE,Hamilton Lane Incorporated,NASDAQ,Finance,Investment Managers,4796829932.0,False,True,True,87.33,0.333,4.116,-9.083,-2.207,666878.0,59883527.6,0.928,87.599,89.934,96.054,101.562,4.0,40.0,-14.96,9.082,-7.105,-42.785
HLP,Hongli Group Inc. Class A,NASDAQ,Industrials,Industrial Machinery/Components,190583813.0,False,True,False,2.47,-3.137,6.488,57.999,8.939,90694.0,238784.927,0.278,2.337,2.09,1.563,1.057,2.0,98.0,75.801,197.232,188.889,-5.725
HLT,Hilton Worldwide Holdings Inc. Common Stock ,NYSE,Consumer Discretionary,Hotels/Resorts,71876729658.0,True,False,False,316.12,-1.015,2.004,-0.396,-0.198,1854320.0,518746448.0,0.768,315.617,314.543,317.377,316.015,2.0,61.0,0.563,-7.287,3.106,-11.658
HMH,HMH Holding Inc.,NASDAQ,Consumer Discretionary,Oil and Gas Field Machinery,807345631.0,False,True,True,19.18,4.752,5.132,-1.938,-0.378,218024.0,4482390.225,1.189,18.516,18.834,19.559,,,,-4.196,2.512,3.118,-21.714
HMN,Horace Mann Educators Corporation,NYSE,Finance,Property-Casualty Insurers,1833077704.0,False,False,True,45.6,0.751,2.255,-8.234,-3.651,289960.0,18145236.8,0.999,45.865,46.997,49.692,46.22,1.0,48.0,-11.546,-14.7,6.135,-17.325
HMR,Heidmar Maritime Holdings Corp.,NASDAQ,Consumer Discretionary,Marine Transportation,98516635.0,False,True,False,1.72,2.994,7.681,19.702,2.565,109118.0,311926.85,0.563,1.707,1.652,1.437,1.111,2.0,92.0,28.358,57.798,121.935,-14.64
HNI,HNI Corporation,NYSE,Consumer Discretionary,Office Equipment/Supplies/Services,3379551876.0,False,False,True,47.08,0.555,3.08,-0.486,-0.158,572644.0,27527236.1,1.138,46.735,46.876,47.31,40.92,2.0,70.0,-2.384,17.706,49.301,-8.494
HNRG,Hallador Energy Company,NASDAQ,Utilities,Electric Utilities: Central,635963886.0,False,True,True,13.95,3.41,4.76,-8.672,-1.822,753232.0,10560515.4,0.784,14.159,14.617,15.275,17.169,4.0,31.0,-13.408,-10.174,-13.246,-43.522
HNST,The Honest Company Inc.,NASDAQ,Consumer Discretionary,Catalog/Specialty Distribution,553587396.0,False,True,True,5.15,-0.194,4.089,1.39,0.34,2429492.0,9305735.4,0.449,5.206,5.257,5.079,3.566,2.0,88.0,-11.966,30.711,85.252,-14.309
HOG,Harley-Davidson Inc.,NYSE,Consumer Discretionary,Motor Vehicles,2554980047.0,False,False,True,26.19,6.68,3.863,-0.754,-0.195,1932350.0,49884126.4,1.916,25.388,25.831,26.389,23.019,2.0,55.0,-4.699,1.853,26.541,-8.629
HOLO,MicroCloud Hologram Inc.,NASDAQ,Technology,Computer Software: Programming Data Processing,35743282.0,False,True,False,1.54,-1.282,4.894,-7.624,-1.558,295932.0,370460.475,0.487,1.61,1.638,1.667,1.983,4.0,15.0,-12.5,0.654,-25.962,-72.792
HON,Honeywell International Inc.,NASDAQ,Industrials,Aerospace,67821992740.0,True,True,False,214.14,0.07,1.979,-2.994,-1.513,3026214.0,607754104.0,0.576,211.917,211.745,220.749,228.975,1.0,52.0,3.135,-4.562,-9.767,-17.028
HONA,Honeywell Aerospace Inc. Common Stock ,NASDAQ,Industrials,Aerospace,49010399867.0,True,True,False,155.74,0.718,3.759,-7.549,-2.008,4065744.0,639051320.0,0.615,156.891,159.13,168.456,,,,0.503,-34.601,,-47.65
HOOD,Robinhood Markets Inc.,NASDAQ,Finance,Investment Bankers/Brokers/Service,101362535458.0,True,True,False,114.11,1.215,5.276,7.875,1.493,21278550.0,2558100070.4,0.918,114.96,114.236,105.78,94.299,3.0,54.0,-8.507,1.072,63.528,-25.835
HOPE,Hope Bancorp Inc.,NASDAQ,Finance,Major Banks,1747508316.0,False,True,True,13.57,-0.804,2.071,-2.578,-1.245,947614.0,13109666.775,1.106,13.623,13.721,13.929,12.433,2.0,72.0,-3.071,2.655,17.552,-6.991
HOS,Hornbeck Offshore Services Inc.,NYSE,Energy,Oilfield Services/Equipment,1686244395.0,False,False,True,7.85,3.426,4.887,-15.44,-3.159,2137470.0,22892807.3,1.782,7.981,8.365,9.283,9.002,1.0,65.0,-16.4,-9.666,-18.229,-29.47
HOV,Hovnanian Enterprises Inc.,NYSE,Consumer Discretionary,Homebuilding,692539218.0,False,False,True,111.69,-3.881,4.577,-9.752,-2.131,132774.0,11587491.35,0.665,114.174,116.081,123.759,118.013,1.0,39.0,-7.862,-12.117,-1.081,-24.778
HOVR,New Horizon Aircraft Ltd. Class A Ordinary Share,NASDAQ,Industrials,Aerospace,112768221.0,False,True,False,1.63,-2.976,5.002,-7.899,-1.579,721592.0,712965.75,0.787,1.682,1.696,1.77,1.915,1.0,27.0,-2.395,-6.857,10.135,-61.005
HP,Helmerich & Payne Inc.,NYSE,Energy,Oil & Gas Production,3853645719.0,False,False,True,40.13,4.072,3.916,-1.0,-0.255,1268798.0,46312571.4,0.963,39.054,39.975,40.535,36.072,2.0,90.0,-10.862,26.785,16.302,-16.691
HPE,Hewlett Packard Enterprise Company,NYSE,Technology,Retail: Computer Software & Peripheral Equipment,92033133128.0,True,False,False,68.36,-1.399,5.361,21.986,4.101,21148433.92,1395028678.4,0.744,64.354,61.66,56.039,36.943,2.0,96.0,25.887,57.656,179.631,-2.746
HPK,HighPeak Energy Inc.,NASDAQ,Energy,Oil & Gas Production,992654511.0,False,True,True,8.09,3.057,5.697,3.997,0.702,486356.0,4545236.406,0.686,7.938,7.964,7.779,6.525,2.0,83.0,-2.413,22.205,14.752,-11.381
HPP,Hudson Pacific Properties Inc.,NYSE,Finance,Real Estate,623005147.0,False,False,True,11.25,-2.003,5.276,-13.675,-2.592,700054.0,7519446.8,0.699,11.565,11.886,13.032,10.842,3.0,65.0,-11.695,-29.863,88.127,-42.806
HPQ,HP Inc.,NYSE,Technology,Computer Manufacturing,28965525924.0,True,False,False,31.47,-2.024,4.281,3.113,0.727,15675630.0,513548643.2,0.569,31.817,31.8,30.52,23.228,2.0,86.0,-0.483,38.396,69.814,-13.138
HQ,Horizon Quantum Holdings Ltd. Class A,NASDAQ,Technology,EDP Services,852219143.0,False,True,False,16.03,1.52,10.722,6.151,0.574,363902.0,6428807.406,0.261,15.162,15.119,15.101,,,,1.52,-31.787,76.154,-64.378
HQH,abrdn Healthcare Investors Shares of Beneficial Interest,NYSE,Finance,Finance Companies,937405775.0,False,False,True,19.58,-1.111,2.816,-11.283,-4.007,191422.0,3646304.138,2.667,20.675,21.203,22.07,19.344,2.0,60.0,-13.554,-8.897,12.875,-19.016
HQL,abrdn Life Sciences Investors Shares of Beneficial Interest,NYSE,Finance,Investment Managers,454015964.0,False,False,True,17.68,0.0,3.078,-11.307,-3.673,151930.0,2494494.256,1.033,18.551,19.109,19.934,17.356,2.0,63.0,-14.631,-11.858,10.466,-19.789
HQY,HealthEquity Inc.,NASDAQ,Consumer Discretionary,Business Services,7447685252.0,False,True,False,91.55,1.677,2.916,-6.778,-2.324,858106.0,86019430.2,1.186,90.391,92.196,98.206,88.675,3.0,50.0,-7.319,-5.599,9.72,-14.932
HRB,H&R Block Inc.,NYSE,Consumer Discretionary,Other Consumer Services,5108178428.0,False,False,True,42.0,0.768,3.662,-10.299,-2.812,2214514.0,92898644.4,0.977,42.234,43.621,46.822,38.149,2.0,49.0,-17.808,6.409,31.197,-27.761
HRI,Herc Holdings Inc. Common Stock ,NYSE,Industrials,Misc Corporate Leasing Services,4625908906.0,False,False,True,135.51,-2.067,5.708,-9.492,-1.663,642100.0,129055556.4,0.853,134.485,137.704,149.722,140.088,1.0,71.0,-2.469,2.696,43.169,-26.984
HRL,Hormel Foods Corporation,NYSE,Consumer Staples,Meat/Poultry/Fish,11144603700.0,True,False,False,20.08,-0.84,2.312,-11.021,-4.767,4789994.0,99742913.0,1.284,20.139,20.59,22.567,22.802,4.0,34.0,-7.38,-17.73,-5.718,-24.026
HRMY,Harmony Biosciences Holdings Inc.,NASDAQ,Health Care,Biotechnology: Pharmaceutical Preparations,2308490619.0,False,True,True,39.92,0.706,3.278,0.729,0.222,883836.0,46252524.4,1.016,40.184,40.451,39.631,34.645,2.0,83.0,-4.634,4.339,44.064,-8.209
HROW,Harrow Inc.,NASDAQ,Health Care,Biotechnology: Pharmaceutical Preparations,1142629668.0,False,True,True,30.58,0.328,4.51,-17.275,-3.83,553088.0,20053327.6,1.061,31.762,33.294,36.966,40.28,4.0,23.0,-20.073,-33.738,-12.952,-44.248
HRTG,Heritage Insurance Holdings Inc.,NYSE,Finance,Property-Casualty Insurers,1010604820.0,False,False,True,33.99,0.0,2.609,2.226,0.853,311360.0,10119076.775,0.788,33.752,33.78,33.25,27.873,2.0,85.0,-2.719,24.963,27.638,-6.877
HRZN,Horizon Technology Finance Corporation,NASDAQ,Finance,Finance: Consumer Services,309696660.0,False,True,True,4.58,-0.866,2.634,-0.724,-0.275,626274.0,2118604.831,0.614,4.613,4.631,4.613,4.586,4.0,51.0,-3.918,4.467,12.23,-22.413
HSAI,Hesai Group American Depositary Share,NASDAQ,Industrials,Industrial Machinery/Components,2416847205.0,False,True,False,15.91,3.446,4.173,-8.114,-1.944,1475528.0,16875298.05,0.515,16.04,16.453,17.315,20.833,4.0,25.0,-13.814,-1.486,-23.177,-45.792
HSCS,HeartSciences Inc.,NASDAQ,Health Care,Industrial Specialties,20828813.0,False,True,False,4.36,1.395,10.569,36.485,3.452,130080.0,695728.048,1.149,4.271,4.092,3.194,2.68,2.0,89.0,29.762,51.389,92.92,-16.952
HSDT,Solana Company Class A Common Stock (DE),NASDAQ,Health Care,Biotechnology: Electromedical & Electrotherapeutic Apparatus,170497795.0,False,True,True,2.65,0.76,8.726,21.727,2.49,378352.0,1521073.378,0.775,2.7,2.601,2.177,2.167,3.0,32.0,12.766,44.022,39.474,-87.073
HSIC,Henry Schein Inc.,NASDAQ,Health Care,Medical Specialities,9459582485.0,True,True,False,84.23,-0.766,2.162,-3.943,-1.824,1163610.0,103885697.0,1.637,85.211,86.06,87.688,80.299,2.0,67.0,-7.297,-3.006,12.517,-8.624
HST,Host Hotels & Resorts Inc.,NASDAQ,Real Estate,Real Estate Investment Trusts,15456406441.0,True,True,False,22.44,-0.532,1.864,-1.152,-0.618,9109380.0,200095267.6,1.192,22.313,22.244,22.702,20.628,2.0,73.0,2.964,-3.033,22.256,-11.934
HSTM,HealthStream Inc.,NASDAQ,Technology,Computer Software: Programming Data Processing,942965237.0,False,True,True,31.54,2.336,2.402,8.592,3.577,196356.0,5680732.25,1.025,30.06,29.642,29.044,24.539,2.0,73.0,6.052,10.995,55.034,-0.942
HSY,The Hershey Company,NYSE,Consumer Staples,Specialty Foods,32186280995.0,True,False,False,161.01,0.512,2.168,-8.286,-3.822,1431070.0,256609289.6,1.114,163.049,166.784,175.556,188.528,4.0,40.0,-8.026,-7.772,-21.372,-31.717
HTB,HomeTrust Bancshares Inc.,NYSE,Finance,Savings Institutions,777735256.0,False,False,True,46.53,-0.129,1.982,-3.026,-1.527,210890.0,10657226.85,0.614,46.283,46.597,47.982,45.652,2.0,60.0,-1.126,-4.754,7.346,-11.104
HTCO,High-Trend International Group Class A,NASDAQ,Consumer Discretionary,Marine Transportation,15739905.0,False,True,False,2.185,-6.223,9.576,-19.663,-2.053,67740.0,114362.973,0.185,2.253,2.325,2.72,6.467,4.0,10.0,-18.47,-40.786,-69.225,-96.139
HTFL,Heartflow Inc.,NASDAQ,Health Care,Medical/Dental Instruments,4288552884.0,False,True,True,52.21,5.86,4.67,22.464,4.81,1915052.0,99455327.0,1.279,49.816,48.839,42.633,31.969,2.0,95.0,5.029,91.316,101.117,-1.621
HTGC,Hercules Capital Inc.,NYSE,Finance,Investment Managers,3133125360.0,False,False,True,16.69,-0.299,1.896,-1.693,-0.893,1515174.0,22218761.05,0.777,16.934,17.069,16.977,15.649,2.0,59.0,-5.813,7.315,16.494,-6.916
HTH,Hilltop Holdings Inc.,NYSE,Finance,Major Banks,2202662734.0,False,False,True,38.15,-0.78,1.794,-1.536,-0.856,287688.0,14410987.65,1.044,38.188,38.337,38.745,37.229,2.0,63.0,-1.928,-0.3,7.009,-4.968
HTHT,H World Group Limited American Depositary Shares,NASDAQ,Consumer Discretionary,Hotels/Resorts,12848345158.0,False,True,False,41.77,-0.024,2.271,-4.276,-1.883,1518412.0,60679993.6,1.075,42.481,43.005,43.636,45.888,4.0,63.0,-8.115,1.043,-15.745,-22.855
HTLD,Heartland Express Inc.,NASDAQ,Industrials,Trucking Freight/Courier Services,920258071.0,False,True,True,11.67,-1.933,3.44,-4.57,-1.329,763382.0,9176367.15,0.598,11.696,11.839,12.229,12.172,1.0,67.0,-5.416,-21.487,9.611,-29.648
HTO,H2O America,NASDAQ,Utilities,Water Supply,2516849625.0,False,True,True,58.44,-2.811,2.303,-6.744,-2.929,417516.0,30591346.0,1.733,60.942,61.767,62.666,57.476,2.0,67.0,-9.48,-4.722,0.908,-12.277
HTOO,Fusion Fuel Green PLC Class A,NASDAQ,Technology,Industrial Machinery/Components,16159957.0,False,True,False,2.095,-2.558,8.752,-7.962,-0.91,58516.0,302992.025,0.041,2.113,2.144,2.276,2.984,4.0,16.0,-10.47,-22.119,-24.91,-61.34
HTZ,Hertz Global Holdings Inc,NASDAQ,Consumer Discretionary,Rental/Leasing Companies,627354452.0,False,True,True,1.79,1.705,6.809,-9.96,-1.463,30577032.24,23489859.3,0.509,1.768,1.846,1.988,4.094,4.0,13.0,-21.145,-14.762,-66.29,-78.117
HUBB,Hubbell Inc,NYSE,Technology,Electrical Products,25122944162.0,True,False,False,475.52,0.0,2.507,0.846,0.338,534178.34,209552673.2,0.0,465.08,462.711,471.529,485.515,1.0,61.0,3.34,-0.396,-4.161,-15.397
HUBC,Hub Cyber Security Ltd.,NASDAQ,Telecommunications,Computer Communications Equipment,1350416.0,False,True,False,1.0,-0.99,64.884,-31.869,-0.491,346954.0,870804.827,0.393,1.688,1.951,1.468,1034.009,4.0,2.0,38.889,-27.536,-98.649,-99.997
HUBG,Hub Group Inc.,NASDAQ,Industrials,Integrated Freight & Logistics,1820539993.0,False,True,True,28.74,-3.46,5.319,-24.506,-4.607,1304620.0,46753860.6,0.668,30.422,32.232,38.069,41.437,4.0,31.0,-21.045,-37.391,-22.034,-45.48
HUCK,Huckleberry.ai Inc.,NASDAQ,Technology,Computer Software: Prepackaged Software,150515715.0,False,True,False,3.19,-0.313,5.254,-14.213,-2.705,1242588.0,4716367.038,0.565,3.361,3.5,3.718,4.244,4.0,14.0,-15.831,-11.634,12.324,-79.656
HUHU,HUHUTECH International Group Inc.,NASDAQ,Telecommunications,Metal Fabrications,121350245.0,False,True,False,4.4,-7.563,13.696,-10.792,-0.788,58580.0,355422.608,0.28,5.045,5.007,4.932,7.496,4.0,34.0,1.852,-42.029,-54.639,-63.934
HUIZ,Huize Holding Limited American Depositary Shares,NASDAQ,Finance,Specialty Insurers,13441081.0,False,True,False,1.31,-1.504,8.389,-7.388,-0.881,2365300.0,49086.4,0.004,1.357,1.396,1.415,1.684,4.0,22.0,-9.028,13.913,-12.081,-68.547
HUM,Humana Inc.,NYSE,Health Care,Medical Specialities,46634388415.0,True,False,False,404.07,4.045,3.484,4.773,1.37,1184556.0,424446848.0,1.282,388.946,388.76,385.661,293.213,2.0,90.0,-0.603,2.395,121.748,-5.785
HUN,Huntsman Corporation,NYSE,Industrials,Major Chemicals,1495979594.0,False,False,True,8.84,3.634,4.033,-8.452,-2.096,2799374.0,24853433.3,1.707,8.745,8.968,9.656,11.723,4.0,42.0,-5.059,-18.647,-28.432,-44.534
HURA,TuHURA Biosciences Inc.,NASDAQ,Health Care,Biotechnology: Pharmaceutical Preparations,121717838.0,False,True,False,1.87,-2.094,6.2,-11.73,-1.892,231728.0,455932.191,1.443,2.01,2.05,2.118,1.86,2.0,77.0,-10.952,-16.518,28.966,-45.481
HURN,Huron Consulting Group Inc.,NASDAQ,Consumer Discretionary,Professional Services,2579818175.0,False,True,True,160.1,-1.264,3.471,3.425,0.987,288448.0,39573069.5,0.742,159.754,157.947,154.798,138.167,3.0,87.0,1.265,51.138,22.804,-14.284
HUT,Hut 8 Corp.,NASDAQ,Finance,Finance: Consumer Services,11047746117.0,False,True,False,89.27,-0.402,8.034,-2.424,-0.302,4736682.0,418860230.4,0.734,91.771,92.429,91.487,80.514,2.0,91.0,1.34,-7.722,80.052,-36.598
HUYA,HUYA Inc. American depositary shares each  representing one Class A ordinary share,NYSE,Technology,Computer Software: Programming Data Processing,525242014.0,False,False,True,2.27,-1.304,3.011,0.585,0.194,1073482.0,2141106.119,0.492,2.275,2.243,2.257,2.801,4.0,33.0,8.612,-3.404,-25.438,-51.149
HVMC,Highview Merger Corp. Class A Ordinary Share,NASDAQ,Unknown,Unknown,0.0,False,True,False,10.29,0.195,0.051,0.506,9.947,78670.0,335600.452,0.318,10.27,10.262,10.238,10.132,2.0,,0.292,1.081,2.388,0.0
HVT,Haverty Furniture Companies Inc.,NYSE,Consumer Discretionary,Other Specialty Stores,428824715.0,False,False,True,27.89,1.418,2.431,1.651,0.679,133736.0,3380041.9,0.87,27.657,27.614,27.437,24.166,2.0,78.0,0.978,12.372,36.164,-5.371
HWC,Hancock Whitney Corporation,NASDAQ,Finance,Major Banks,5863503309.0,False,True,False,73.18,0.123,1.991,-2.73,-1.371,769686.0,67417243.2,1.062,73.046,73.616,75.234,69.414,2.0,64.0,-2.557,-2.025,14.072,-8.065
HWKN,Hawkins Inc.,NASDAQ,Consumer Discretionary,Specialty Chemicals,2743199125.0,False,True,True,132.06,0.495,3.068,4.223,1.377,170204.0,23464323.75,1.397,127.904,126.6,126.709,144.105,4.0,33.0,2.111,-2.931,-11.422,-28.662
HWM,Howmet Aerospace Inc.,NYSE,Industrials,Metal Fabrications,92230799547.0,True,False,False,229.57,-0.735,2.964,-10.661,-3.597,2959266.0,787435707.2,0.762,229.743,234.132,256.965,248.486,1.0,56.0,-11.87,-16.61,-2.869,-25.909
HY,Hyster-Yale Inc. Class A common stock,NYSE,Industrials,Construction/Ag Equipment/Trucks,559965986.0,False,False,True,31.94,2.273,4.427,-4.955,-1.119,121026.0,4411239.75,0.93,31.785,32.378,33.605,33.894,1.0,47.0,-6.389,1.952,-0.501,-21.821
HYFT,MindWalk Holdings Corp.,NASDAQ,Health Care,Biotechnology: Pharmaceutical Preparations,63129635.0,False,True,False,1.49,11.194,6.488,10.207,1.573,184008.0,317847.173,3.098,1.375,1.361,1.352,1.468,3.0,52.0,12.03,-1.325,31.858,-50.167
HYLN,Hyliion Holdings Corp.,AMEX,Consumer Discretionary,Construction/Ag Equipment/Trucks,809045398.0,False,False,True,4.14,-8.609,7.391,7.796,1.055,2514850.0,8203362.875,0.922,4.186,4.087,3.841,3.3,2.0,93.0,13.115,2.222,143.529,-51.237
HYMC,Hycroft Mining Holding Corporation,NASDAQ,Basic Materials,Precious Metals,1743429252.0,False,True,True,18.8,0.481,7.556,-17.531,-2.32,1939714.0,44418369.9,0.793,19.725,20.678,22.796,30.831,1.0,97.0,-19.313,-13.404,-47.763,-67.989
HYPD,Hyperion DeFi Inc.,NASDAQ,Health Care,Biotechnology: Pharmaceutical Preparations,57962089.0,False,True,False,3.89,4.29,7.099,19.748,2.782,505940.0,2198944.025,0.71,3.815,3.71,3.249,3.397,3.0,39.0,17.879,36.014,17.879,-67.256
HZO,MarineMax Inc.  (FL),NYSE,Consumer Discretionary,Auto & Home Supply Stores,1156241153.0,False,False,True,52.35,0.0,0.533,7.133,13.388,816846.0,40926830.7,1.253,52.34,52.012,48.864,34.802,2.0,93.0,0.364,47.092,90.641,-0.4
IA,Innovative Solutions and Support Inc.,NASDAQ,Technology,EDP Services,339905295.0,False,True,True,19.12,0.685,4.065,-2.602,-0.64,279340.0,4926406.725,0.637,18.761,18.843,19.631,20.442,1.0,82.0,4.196,4.538,-11.93,-38.203
IART,Integra LifeSciences Holdings Corporation,NASDAQ,Health Care,Medical/Dental Instruments,986155376.0,False,True,True,13.29,4.811,6.693,-20.024,-2.992,875816.0,16383136.6,2.123,15.072,15.575,16.617,14.053,1.0,53.0,-19.161,-23.883,42.75,-35.139
IBCP,Independent Bank Corporation,NASDAQ,Finance,Major Banks,807388359.0,False,True,True,35.91,-1.265,1.867,-3.029,-1.623,189978.0,7314271.1,0.956,35.844,36.093,37.032,34.767,2.0,66.0,-2.972,1.156,7.984,-7.815
IBEX,IBEX Limited Common Shares,NASDAQ,Technology,EDP Services,578682870.0,False,True,False,43.33,-0.574,3.566,12.332,3.458,129894.0,6972992.638,0.597,43.054,41.8,38.573,33.525,2.0,79.0,9.947,30.394,56.936,-4.307
IBIO,iBio Inc.,NASDAQ,Health Care,Biotechnology: Pharmaceutical Preparations,72345663.0,False,True,False,1.12,-0.885,6.576,-15.497,-2.357,662200.0,694485.254,1.701,1.17,1.213,1.325,1.814,4.0,83.0,-13.846,-29.56,-44.828,-70.681
IBKR,Interactive Brokers Group Inc.,NASDAQ,Finance,Investment Bankers/Brokers/Service,40006802499.0,True,True,False,89.05,0.849,3.05,-1.655,-0.543,4216352.0,339316420.8,0.696,88.248,89.184,90.549,81.288,2.0,67.0,-4.196,-5.752,30.022,-9.741
IBM,International Business Machines Corporation,NYSE,Technology,Computer Manufacturing,209756800590.0,True,False,False,221.58,-0.476,2.952,-4.363,-1.478,6042294.0,1403927907.2,1.045,225.052,228.457,231.688,252.371,4.0,29.0,-5.594,-27.1,-8.887,-32.873
IBOC,International Bancshares Corporation,NASDAQ,Finance,Major Banks,4343455338.0,False,True,True,69.49,-0.501,1.572,-3.121,-1.986,336902.0,28417125.6,1.272,69.543,70.015,71.729,70.814,1.0,49.0,-2.866,-7.623,2.824,-10.543
IBP,Installed Building Products Inc.,NYSE,Consumer Discretionary,Homebuilding,5129781161.0,False,False,True,191.11,-0.979,4.69,-14.598,-3.113,378488.0,97758351.0,1.259,196.095,203.167,223.778,253.529,4.0,32.0,-19.443,-13.82,-28.285,-44.584
IBRX,ImmunityBio Inc.,NASDAQ,Health Care,Biotechnology: Biological Products (No Diagnostic Substances),10900416068.0,False,True,False,10.38,0.924,5.896,28.719,4.871,10343856.0,121241695.6,1.623,9.319,8.877,8.064,7.246,2.0,97.0,26.74,18.493,46.61,-16.492
IBTA,Ibotta Inc.,NYSE,Consumer Discretionary,Advertising,964087639.0,False,False,True,41.35,-0.625,4.458,10.81,2.425,245640.0,8566249.45,0.587,40.663,40.201,37.316,30.557,2.0,85.0,10.739,23.543,33.603,-4.789
ICCM,IceCure Medical Ltd.,NASDAQ,Health Care,Medical/Dental Instruments,5379409.0,False,True,False,1.54,-1.911,12.312,-35.136,-2.854,131862.0,255395.352,1.207,1.695,1.87,2.374,9.713,4.0,3.0,-30.0,-63.158,-83.002,-96.333
ICE,Intercontinental Exchange Inc.,NYSE,Finance,Investment Bankers/Brokers/Service,84293382223.0,True,False,False,152.15,1.332,2.242,-1.882,-0.84,3483592.0,446657843.2,0.792,152.837,154.032,155.069,153.972,1.0,59.0,-7.251,11.877,-7.913,-12.685
ICFI,ICF International Inc.,NASDAQ,Consumer Discretionary,Professional Services,1468067744.0,False,True,True,82.86,1.222,2.914,-4.112,-1.411,198992.0,15853425.75,0.708,83.618,84.602,86.413,78.414,2.0,51.0,-7.79,7.806,22.924,-14.99
ICHR,Ichor Holdings,NASDAQ,Technology,Semiconductors,2356620089.0,False,True,True,63.33,0.652,5.356,3.08,0.575,798582.0,40935468.8,0.928,60.328,59.167,61.438,58.38,2.0,95.0,19.898,-25.503,32.601,-44.242
ICLR,ICON plc,NASDAQ,Health Care,Biotechnology: Commercial Physical & Biological Resarch,12407735016.0,False,True,False,168.33,3.875,3.903,0.576,0.148,857664.0,181557829.6,1.087,167.638,167.819,167.366,146.369,3.0,58.0,2.904,-0.231,53.558,-17.449
ICU,SeaStar Medical Holding Corporation,NASDAQ,Health Care,Medical/Dental Instruments,20668084.0,False,True,False,3.55,-24.307,10.752,7.366,0.685,66538.0,358518.24,8.926,3.724,3.55,3.306,3.282,2.0,31.0,21.993,-29.98,-22.489,-51.701
ICUI,ICU Medical Inc.,NASDAQ,Health Care,Medical/Dental Instruments,3985621716.0,False,True,True,161.4,1.267,2.883,-4.503,-1.562,285204.0,41146358.4,0.742,160.799,162.009,169.01,147.094,2.0,74.0,-2.941,3.881,31.23,-16.308
IDCC,InterDigital Inc.,NASDAQ,Miscellaneous,Multi-Sector Companies,8648367126.0,False,True,False,338.19,0.913,3.365,2.607,0.775,219324.0,73107627.8,1.143,332.65,332.016,329.597,316.418,3.0,66.0,0.679,22.835,8.111,-17.459
IDN,Intellicheck Inc.,NASDAQ,Technology,Computer Software: Prepackaged Software,46005507.0,False,True,False,2.26,-0.441,4.602,-22.935,-4.984,357198.0,589334.944,0.44,2.331,2.45,2.933,4.924,4.0,16.0,-21.528,-46.948,-70.687,-75.11
IDR,Idaho Strategic Resources Inc.,AMEX,Basic Materials,Precious Metals,437435339.0,False,False,True,27.87,0.832,5.38,-9.426,-1.752,223388.0,6307676.25,1.262,28.648,29.341,30.77,36.352,4.0,34.0,-11.27,-11.015,-20.417,-49.049
IDT,IDT Corporation,NYSE,Telecommunications,Telecommunications Equipment,1961759420.0,False,False,True,80.08,1.483,3.641,16.279,4.471,249564.0,28306210.45,1.925,75.319,72.703,68.869,56.445,2.0,89.0,16.617,31.223,62.291,-2.709
IDXX,IDEXX Laboratories Inc.,NASDAQ,Health Care,Biotechnology: In Vitro & In Vivo Diagnostic Substances,40839342723.0,True,True,False,527.07,1.674,2.464,-3.014,-1.223,543076.0,252412052.8,1.084,521.922,523.912,543.451,587.121,4.0,36.0,-0.419,-7.572,-8.723,-31.548
IDYA,IDEAYA Biosciences Inc.,NASDAQ,Health Care,Biotechnology: Pharmaceutical Preparations,3604847122.0,False,True,True,38.06,1.874,3.89,0.013,0.003,795152.0,33226507.2,0.828,37.908,38.098,38.055,34.094,2.0,72.0,-4.779,-6.048,17.687,-10.825
IEP,Icahn Enterprises L.P.,NASDAQ,Energy,Integrated oil Companies,4741803670.0,False,True,True,6.67,0.0,2.083,-3.838,-1.843,1088864.0,5755411.5,0.748,6.819,6.872,6.936,6.785,1.0,52.0,-3.89,-2.162,-1.207,-10.389
IESC,IES Holdings Inc.,NASDAQ,Industrials,Engineering & Construction,13522261930.0,False,True,False,339.62,0.083,4.637,1.391,0.3,299844.0,79738387.2,0.991,328.87,327.281,334.961,290.863,2.0,86.0,7.785,11.448,38.924,-16.812
IEX,IDEX Corporation,NYSE,Industrials,Fluid Controls,17175998569.0,True,False,False,235.29,0.987,2.033,2.586,1.272,636474.0,140473485.2,1.087,229.729,228.179,229.359,209.641,2.0,78.0,5.8,6.771,24.584,-3.183
IFF,International Flavors & Fragrances Inc.,NYSE,Industrials,Major Chemicals,21029459950.0,True,False,False,83.26,1.019,2.121,-0.623,-0.294,1639762.0,148241911.6,1.004,83.974,84.21,83.782,75.732,2.0,74.0,-3.245,2.229,17.077,-6.343
IFRX,InflaRx N.V.,NASDAQ,Health Care,Biotechnology: Pharmaceutical Preparations,253473340.0,False,True,False,1.68,-2.326,7.582,-15.646,-2.064,770752.0,975515.691,0.91,1.826,1.919,1.992,1.591,2.0,79.0,-24.664,-20.755,78.155,-43.032
IGIC,International General Insurance Holdings Ltd. Ordinary Share,NASDAQ,Finance,Property-Casualty Insurers,1054775358.0,False,True,False,24.8,0.731,2.348,-5.491,-2.339,95872.0,2426268.756,0.759,24.726,25.094,26.241,25.11,1.0,52.0,-7.359,-11.961,-1.199,-15.933
IHRT,iHeartMedia Inc.,NASDAQ,Consumer Discretionary,Broadcasting,259376306.0,False,True,True,2.05,5.67,7.534,-28.02,-3.719,643496.0,1732615.269,1.746,2.178,2.352,2.848,3.651,4.0,29.0,-27.817,-49.132,-35.938,-68.75
III,Information Services Group Inc.,NASDAQ,Consumer Discretionary,Professional Services,275956733.0,False,True,True,5.82,2.105,3.072,15.981,5.202,232012.0,1377380.956,1.821,5.537,5.385,5.018,4.611,3.0,84.0,14.454,44.618,50.203,-6.196
IIIN,Insteel Industries Inc.,NYSE,Industrials,Steel/Iron Ore,572229781.0,False,False,True,29.77,0.71,2.448,-3.278,-1.339,174926.0,4312700.375,0.579,29.504,29.774,30.779,31.178,4.0,40.0,-4.028,2.123,-11.219,-22.344
IIIV,i3 Verticals Inc.,NASDAQ,Technology,Computer Software: Prepackaged Software,375878289.0,False,True,True,14.97,4.832,4.887,-10.824,-2.215,549022.0,9331607.7,0.694,14.619,15.025,16.787,20.834,4.0,15.0,-9.492,-30.047,-33.82,-55.932
IIM,Invesco Value Municipal Income Trust,NYSE,Finance,Investment Managers,513987354.0,False,False,True,10.71,-1.923,2.157,-11.234,-5.208,152850.0,2733691.641,1.998,10.965,11.338,12.065,12.054,4.0,37.0,-13.006,-15.305,-7.003,-16.536
IIPR,Innovative Industrial Properties Inc.,NYSE,Finance,Real Estate,1392904551.0,False,False,True,50.54,0.04,2.391,-7.831,-3.275,364124.0,23161972.4,0.999,52.197,53.109,54.834,51.312,1.0,46.0,-7.808,-15.28,9.196,-19.906
IKT,Inhibikase Therapeutics Inc.,NASDAQ,Health Care,Biotechnology: Biological Products (No Diagnostic Substances),279071800.0,False,True,True,2.0,0.0,5.268,-13.752,-2.61,553114.0,1276305.125,0.736,2.068,2.159,2.319,1.943,2.0,65.0,-20.635,-2.439,11.732,-23.372
ILMN,Illumina Inc.,NASDAQ,Health Care,Medical Specialities,41229040000.0,True,True,False,293.69,7.563,4.139,32.962,7.963,2863084.0,1058496132.0,1.475,268.041,252.813,220.883,163.514,2.0,96.0,32.496,53.155,129.912,-0.864
ILPT,Industrial Logistics Properties Trust Common Shares of Beneficial Interest,NASDAQ,Real Estate,Real Estate Investment Trusts,472560837.0,False,True,True,7.11,0.424,3.062,-12.845,-4.195,326004.0,2600814.9,0.973,7.264,7.511,8.158,7.167,1.0,68.0,-13.714,-16.576,32.028,-24.602
IMCC,IM Cannabis Corp. Common Shares,NASDAQ,Health Care, Medicinal Chemicals and Botanical Products ,2024688.0,False,True,False,1.94,-4.902,35.729,-35.045,-0.981,3507692.94,33222265.525,0.031,2.372,2.534,2.987,15.213,4.0,3.0,-11.818,-58.28,-80.404,-97.484
IMCR,Immunocore Holdings plc American Depositary Shares,NASDAQ,Health Care,Biotechnology: Biological Products (No Diagnostic Substances),1530023911.0,False,True,False,29.59,-0.404,4.106,-12.605,-3.07,405058.0,13257178.175,0.813,30.713,31.772,33.858,32.151,4.0,35.0,-21.24,-11.407,-7.358,-27.324
IMDX,Insight Molecular Diagnostics Inc.,NASDAQ,Health Care,Biotechnology: In Vitro & In Vivo Diagnostic Substances,112571537.0,False,True,False,3.67,6.686,10.52,-12.323,-1.171,232046.0,1207578.35,1.76,3.64,3.792,4.186,5.068,4.0,82.0,-10.922,-25.558,8.902,-56.874
IMKTA,Ingles Markets Incorporated,NASDAQ,Consumer Staples,Food Chains,1645862680.0,False,True,True,86.51,-0.162,2.13,1.599,0.751,115444.0,9212749.25,0.789,84.96,84.377,85.148,84.737,2.0,65.0,4.696,-5.94,-6.404,-9.363
IMMP,Immutep Limited American Depositary Shares,NASDAQ,Health Care,Biotechnology: Pharmaceutical Preparations,32053440.0,False,True,False,4.27,-1.839,7.784,452.393,58.12,237338.0,157240.201,0.106,2.928,1.954,0.773,1.217,3.0,99.0,1054.054,848.889,1086.111,-12.32
IMMR,Immersion Corporation,NASDAQ,Technology,Computer peripheral equipment,245392643.0,False,True,True,7.27,-1.624,2.686,-2.716,-1.011,504224.0,2790249.106,0.519,7.307,7.339,7.473,6.554,2.0,64.0,-3.836,13.124,29.835,-9.689
IMMX,Immix Biopharma Inc.,NASDAQ,Health Care,Biotechnology: Pharmaceutical Preparations,802500566.0,False,True,True,10.13,4.649,8.68,-12.921,-1.489,1660234.0,20801096.8,0.962,10.817,11.429,11.633,9.168,2.0,96.0,-26.753,-15.724,17.928,-32.914
IMNM,Immunome Inc.,NASDAQ,Health Care,Biotechnology: Pharmaceutical Preparations,2373772446.0,False,True,True,21.17,1.292,5.301,-16.106,-3.038,1182696.0,32067839.1,1.028,22.033,23.193,25.234,22.745,1.0,86.0,-22.054,-13.202,-1.443,-29.574
IMNN,Imunon Inc.,NASDAQ,Health Care,Biotechnology: Pharmaceutical Preparations,7182596.0,False,True,False,1.24,-3.125,9.224,-18.314,-1.985,109736.0,235393.7,0.753,1.336,1.396,1.518,2.487,4.0,8.0,-20.513,-36.41,-60.51,-77.658
IMOS,ChipMOS TECHNOLOGIES INC. American Depositary Shares,NASDAQ,Technology,Semiconductors,2915429695.0,False,True,False,77.41,-7.071,4.913,32.963,6.709,95028.0,6846726.675,2.02,72.053,67.219,58.219,49.21,2.0,96.0,37.3,17.555,114.45,-7.669
IMPP,Imperial Petroleum Inc. Common Shares,NASDAQ,Consumer Discretionary,Marine Transportation,243249480.0,False,True,False,5.27,-2.045,4.218,2.948,0.699,427410.0,3273611.938,1.595,5.267,5.298,5.119,4.603,2.0,66.0,0.0,8.214,19.231,-19.787
IMRN,Immuron Limited American Depositary Shares,NASDAQ,Health Care,Biotechnology: Pharmaceutical Preparations,8797610.0,False,True,False,1.07,-1.835,9.049,-10.493,-1.16,2630768.08,656210.351,0.014,1.156,1.201,1.195,1.006,3.0,32.0,-3.604,-14.4,30.967,-55.23
IMRX,Immuneering Corporation,NASDAQ,Health Care,Biotechnology: Pharmaceutical Preparations,263318426.0,False,True,True,4.04,-0.737,4.471,-12.618,-2.822,656594.0,3026343.625,0.731,4.185,4.346,4.623,5.017,4.0,22.0,-19.841,-20.784,-25.185,-52.358
IMSR,Terrestrial Energy Inc. Common Stock  ,NASDAQ,Industrials,Metal Fabrications,400435260.0,False,True,True,3.75,-0.794,7.943,-24.675,-3.106,1507610.0,6652002.175,0.793,4.044,4.334,4.978,6.776,4.0,9.0,-26.181,-37.186,-39.711,-88.095
IMTX,Immatics N.V.,NASDAQ,Health Care,Biotechnology: Biological Products (No Diagnostic Substances),1135704421.0,False,True,False,7.73,1.845,5.884,-14.162,-2.407,651142.0,6561230.988,0.851,8.294,8.549,9.005,9.84,4.0,33.0,-18.288,-24.659,-25.024,-37.712
IMUX,Immunic Inc.,NASDAQ,Health Care,Biotechnology: Pharmaceutical Preparations,108609957.0,False,True,False,8.07,1.382,10.319,-38.286,-3.71,294030.0,4354027.825,1.667,9.107,10.235,13.076,11.363,1.0,49.0,-36.755,-47.461,-31.026,-53.701
IMVT,Immunovant Inc.,NASDAQ,Health Care,Biotechnology: Biological Products (No Diagnostic Substances),6944301169.0,False,True,False,33.25,-1.101,4.111,-14.841,-3.61,1293504.0,55913476.4,0.853,34.253,35.68,39.045,31.773,2.0,87.0,-15.005,-17.062,33.588,-26.794
IMXI,International Money Express Inc.,NASDAQ,Consumer Discretionary,Business Services,347735827.0,False,True,True,11.78,2.346,3.923,-9.631,-2.455,664722.0,7860000.75,1.033,11.771,12.263,13.035,14.722,4.0,32.0,-18.534,-19.26,-25.49,-26.144
INAB,IN8bio Inc.,NASDAQ,Health Care,Biotechnology: Biological Products (No Diagnostic Substances),13801736.0,False,True,False,1.42,1.429,6.082,26.036,4.281,58722.0,61394.651,1.824,1.295,1.225,1.127,1.543,4.0,33.0,22.414,2.158,0.709,-47.985
INBK,First Internet Bancorp,NASDAQ,Finance,Major Banks,241221314.0,False,True,True,26.83,-2.86,3.719,-4.211,-1.132,50490.0,1410007.291,0.568,26.895,27.195,28.01,24.144,2.0,67.0,-6.008,-1.026,23.509,-13.505
INBS,Intelligent Bio Solutions Inc.,NASDAQ,Health Care,Medical/Dental Instruments,5505893.0,False,True,False,1.67,0.602,10.111,-20.807,-2.058,174392.0,81512.65,0.447,1.724,1.855,2.109,3.917,4.0,8.0,-27.391,-25.112,-36.015,-93.293
INBX,Inhibrx Biosciences Inc.,NASDAQ,Health Care,Biotechnology: Biological Products (No Diagnostic Substances),1427465843.0,False,True,True,94.56,-2.505,7.117,-7.511,-1.055,297474.0,38870344.35,0.696,100.497,103.516,102.239,91.137,2.0,94.0,-22.657,-6.144,48.399,-39.107
INCY,Incyte Corp.,NASDAQ,Health Care,Biotechnology: Commercial Physical & Biological Resarch,23371050114.0,True,True,False,114.13,-1.015,2.907,-7.628,-2.623,1638730.0,204188203.2,1.189,120.031,121.967,123.554,106.941,2.0,70.0,-10.836,-3.321,20.314,-13.929
INDB,Independent Bank Corp.,NASDAQ,Finance,Major Banks,3792370066.0,False,True,True,79.71,-0.437,1.945,-3.064,-1.576,330066.0,32322095.5,1.375,79.62,80.311,82.229,78.922,2.0,61.0,-3.061,-4.807,4.104,-8.179
INDI,indie Semiconductor Inc.,NASDAQ,Technology,Semiconductors,688472383.0,False,True,True,2.91,-2.02,6.343,-16.86,-2.658,6234832.0,16223044.55,0.481,2.991,3.131,3.5,3.722,4.0,25.0,-16.138,-29.369,-1.02,-51.901
INDP,Indaptus Therapeutics Inc.,NASDAQ,Health Care,Biotechnology: Pharmaceutical Preparations,317116731.0,False,True,True,2.51,5.462,18.918,27.767,1.468,1028246.0,4294146.053,0.352,2.791,2.743,1.965,2.271,2.0,39.0,116.379,-5.993,43.429,-57.886
INDV,Indivior Pharmaceuticals Inc.,NASDAQ,Health Care,Biotechnology: Pharmaceutical Preparations,4214920363.0,False,True,False,35.99,0.784,2.688,-2.015,-0.75,2163216.0,71425129.6,1.388,35.828,35.785,36.73,35.736,2.0,79.0,3.33,-11.854,18.31,-15.931
INFQ,Infleqtion Inc.,NYSE,Technology,EDP Services,2963445234.0,False,False,True,12.66,-3.726,6.568,0.223,0.034,8761132.0,112345394.4,0.891,13.433,13.394,12.632,,,,0.0,8.576,21.148,-40.508
INFU,InfuSystems Holdings Inc.,AMEX,Health Care,Medical/Dental Instruments,262110102.0,False,False,True,13.49,2.508,3.148,12.077,3.836,146476.0,1868924.594,0.94,12.962,12.711,12.036,9.865,2.0,87.0,10.755,39.216,43.054,-2.599
INGN,Inogen Inc,NASDAQ,Health Care,Industrial Specialties,158433872.0,False,True,False,5.94,-0.503,3.833,4.718,1.231,306180.0,2180648.144,1.14,5.589,5.488,5.672,6.241,4.0,29.0,8.991,-9.174,-6.604,-34.94
INHD,Inno Holdings Inc.,NASDAQ,Industrials,Steel/Iron Ore,8015448.0,False,True,False,3.19,0.314,18.495,-61.999,-3.352,421334.0,270946.152,0.074,3.274,4.022,8.395,18.092,4.0,26.0,-34.362,-91.922,-68.353,-99.807
INIO,INNIO N.V.,NASDAQ,Consumer Discretionary,Metal Fabrications,14992500000.0,False,True,False,18.98,-5.053,7.57,-15.178,-2.005,4813146.0,117761901.8,0.894,19.074,19.691,22.376,,,,-6.41,-45.065,,-55.809
INLF,INLIF LIMITED Class A,NASDAQ,Industrials,Industrial Machinery/Components,3870558.0,False,True,False,3.38,-4.789,36.265,-17.258,-0.476,3428108.0,14493961.297,0.013,3.786,4.143,4.085,715.238,4.0,4.0,-8.152,-36.822,-99.639,-99.926
INM,InMed Pharmaceuticals Inc. Common Shares,NASDAQ,Health Care,Biotechnology: Pharmaceutical Preparations,7306668.0,False,True,False,1.33,0.0,5.409,-5.894,-1.09,95784.0,90019.675,0.309,1.352,1.361,1.413,1.181,2.0,59.0,0.0,-20.359,91.367,-46.8
INMB,INmune Bio Inc. Common stock,NASDAQ,Health Care,Biotechnology: Biological Products (No Diagnostic Substances),53564813.0,False,True,False,1.94,0.518,6.563,-8.62,-1.313,338810.0,777429.253,0.788,2.005,2.081,2.123,1.638,2.0,63.0,-14.537,11.494,57.724,-25.385
INMD,InMode Ltd.,NASDAQ,Health Care,Biotechnology: Electromedical & Electrotherapeutic Apparatus,809904077.0,False,True,False,14.13,0.284,1.361,-4.775,-3.508,483054.0,7252505.525,1.03,14.223,14.397,14.839,14.391,1.0,44.0,-4.784,-2.82,3.063,-15.591
INN,Summit Hotel Properties Inc.,NYSE,Real Estate,Real Estate Investment Trusts,649277847.0,False,False,True,5.99,-0.498,2.873,-0.959,-0.334,1012868.0,6851190.675,0.968,5.89,5.857,6.048,5.306,2.0,64.0,4.72,-6.465,41.648,-15.336
INNV,InnovAge Holding Corp.,NASDAQ,Health Care,Medical/Nursing Services,1222604768.0,False,True,True,9.0,0.446,5.701,-14.72,-2.582,467784.0,8368891.9,1.878,9.222,9.681,10.554,8.723,2.0,82.0,-16.435,-22.747,12.923,-28.797
INO,Inovio Pharmaceuticals Inc.,NASDAQ,Health Care,Biotechnology: Pharmaceutical Preparations,119941121.0,False,True,False,1.15,-0.862,7.477,3.399,0.455,4478480.0,3335507.9,0.66,1.188,1.201,1.112,1.352,4.0,21.0,-15.441,-4.959,1.77,-57.721
INOD,Innodata Inc.,NASDAQ,Technology,EDP Services,2409192356.0,False,True,True,66.97,-4.424,6.998,9.26,1.323,1476800.0,107870418.6,0.987,67.128,64.596,61.294,61.463,2.0,55.0,21.653,-3.862,71.279,-46.484
INR,Infinity Natural Resources Inc.,NYSE,Energy,Oil & Gas Production,818781351.0,False,False,True,13.21,2.324,4.188,-4.749,-1.134,292890.0,4683547.588,0.651,13.03,13.387,13.869,14.88,1.0,57.0,-16.02,3.934,-23.063,-32.55
INSE,Inspired Entertainment Inc.,NASDAQ,Technology,Computer Software: Prepackaged Software,91331759.0,False,True,False,3.98,14.863,8.716,-28.324,-3.25,252852.0,1695815.528,2.916,3.986,4.425,5.553,7.271,4.0,13.0,-28.801,-47.145,-42.067,-60.0
INSG,Inseego Corp.,NASDAQ,Telecommunications,Telecommunications Equipment,75698929.0,False,True,False,4.62,0.217,6.58,-3.81,-0.579,382418.0,1560462.155,0.826,4.203,4.235,4.803,10.004,4.0,10.0,14.64,-43.521,-62.193,-78.904
INSM,Insmed Incorporated,NASDAQ,Health Care,Biotechnology: Pharmaceutical Preparations,24266552613.0,False,True,False,103.83,-6.56,5.124,-13.297,-2.595,2526364.0,293210919.2,2.135,113.596,117.125,119.754,132.602,4.0,30.0,-18.038,-7.985,-36.616,-51.196
INSP,Inspire Medical Systems Inc.,NYSE,Health Care,Medical/Dental Instruments,2022858939.0,False,False,True,70.75,1.115,4.956,11.179,2.256,788472.0,70643643.6,0.802,70.662,69.586,63.636,61.095,3.0,82.0,13.856,41.274,30.68,-51.881
INTA,Intapp Inc.,NASDAQ,Technology,Computer Software: Prepackaged Software,2791891791.0,False,True,True,37.38,2.439,4.175,-1.296,-0.31,663962.0,20781769.2,0.744,36.73,37.178,37.871,30.324,3.0,77.0,-13.292,32.647,50.604,-22.011
INTC,Intel Corporation,NASDAQ,Technology,Semiconductors,630667344748.0,True,True,False,116.19,-2.631,5.157,14.64,2.839,108683431.92,12556258867.2,0.746,117.379,113.024,101.352,81.573,2.0,95.0,26.748,5.254,128.811,-18.377
INTG,Intergroup Corporation (The),NASDAQ,Real Estate,Building operators,59887390.0,False,True,False,28.25,1.363,8.499,-16.178,-1.903,96762.0,1980962.469,0.377,31.388,33.198,33.702,34.627,1.0,66.0,-21.875,-34.953,-23.957,-45.673
INTR,Inter & Co. Inc. Class A Common Shares,NASDAQ,Finance,Commercial Banks,2418442713.0,False,True,False,6.56,19.708,4.992,20.063,4.019,4848348.0,33512468.6,5.838,5.542,5.479,5.464,6.962,4.0,48.0,13.103,17.352,-17.067,-35.878
INTU,Intuit Inc.,NASDAQ,Technology,Computer Software: Prepackaged Software,75114694880.0,True,True,False,284.68,1.281,4.364,-11.902,-2.727,3906782.0,1091065116.8,0.755,284.701,296.445,323.14,389.825,4.0,20.0,-17.316,1.697,-31.276,-58.304
INVA,Innoviva Inc.,NASDAQ,Health Care,Biotechnology: Pharmaceutical Preparations,1481032443.0,False,True,True,20.64,0.683,2.353,-1.683,-0.715,809442.0,22285588.8,1.227,20.798,20.88,20.993,21.767,1.0,59.0,-3.326,-7.236,-10.339,-17.932
INVE,INVE Technologies Inc.,NASDAQ,Technology,Computer peripheral equipment,56954020.0,False,True,False,2.35,0.0,4.296,-10.708,-2.492,193056.0,330751.693,0.482,2.405,2.482,2.632,3.34,4.0,28.0,-16.071,-11.321,-36.486,-55.66
INVH,Invitation Homes Inc.,NYSE,Finance,Real Estate,15379828805.0,True,False,False,26.06,0.077,1.643,-8.303,-5.055,4560788.0,154507854.0,1.074,26.452,26.924,28.42,27.262,1.0,42.0,-7.369,-12.736,4.527,-14.694
INVX,Innovex International Inc.,NYSE,Consumer Discretionary,Oil and Gas Field Machinery,1909947435.0,False,False,True,28.41,4.028,4.006,-2.291,-0.572,787220.0,23747765.5,0.997,28.04,28.448,29.076,26.611,2.0,84.0,-7.76,18.129,14.603,-15.722
IONR,ioneer Ltd American Depositary Shares,NASDAQ,Industrials,Mining & Quarrying of Nonmetallic Minerals (No Fuels),225216938.0,False,True,False,2.98,1.706,6.315,-6.425,-1.017,84002.0,306371.754,0.464,3.059,3.101,3.185,3.977,4.0,24.0,0.676,-28.365,-21.579,-63.659
IONS,Ionis Pharmaceuticals Inc.,NASDAQ,Health Care,Biotechnology: Pharmaceutical Preparations,7235665380.0,False,True,False,43.5,-0.092,4.702,-18.913,-4.022,3288688.0,218711897.2,0.873,44.963,47.513,53.646,70.214,4.0,20.0,-25.168,-49.612,-41.477,-49.85
IOSP,Innospec Inc.,NASDAQ,Industrials,Major Chemicals,2399310288.0,False,True,True,97.65,0.246,2.253,4.952,2.198,195116.0,21828810.05,0.991,96.326,95.386,93.043,82.038,2.0,78.0,4.865,19.581,36.766,-2.816
IOVA,Iovance Biotherapeutics Inc.,NASDAQ,Health Care,Biotechnology: Biological Products (No Diagnostic Substances),6438988906.0,False,True,False,14.15,-0.492,5.91,67.361,11.397,17753824.0,217106204.4,0.661,12.852,11.461,8.455,4.792,2.0,98.0,62.644,225.287,328.788,-7.516
IP,International Paper Company,NYSE,Basic Materials,Paper,16930349543.0,True,False,False,32.05,0.25,3.667,-15.516,-4.231,4986086.0,191858535.2,1.339,33.398,34.506,37.936,37.236,4.0,28.0,-12.047,-14.517,-5.816,-33.877
IPAR,Interparfums Inc.,NASDAQ,Consumer Discretionary,Package Goods/Cosmetics,3649337745.0,False,True,True,113.76,-0.167,3.024,-2.212,-0.732,238150.0,25979414.5,0.83,114.042,114.214,116.334,100.502,2.0,66.0,0.498,-6.276,27.369,-11.379
IPDN,Professional Diversity Network Inc.,NASDAQ,Technology,Computer Software: Programming Data Processing,2143911.0,False,True,False,3.1,-3.727,22.373,152.803,6.83,12671100.0,13891781.397,0.004,3.366,2.846,1.226,0.872,2.0,99.0,3344.444,588.889,253.276,-59.74
IPGP,IPG Photonics Corporation,NASDAQ,Technology,Semiconductors,3575028003.0,False,True,True,83.6,-0.535,3.83,3.986,1.041,502048.0,33551892.7,0.944,80.456,79.472,80.395,101.31,1.0,51.0,9.338,-13.458,-24.275,-46.348
IPHA,Innate Pharma S.A. ADS,NASDAQ,Health Care,Biotechnology: Biological Products (No Diagnostic Substances),174252541.0,False,True,False,1.58,1.282,7.955,-18.897,-2.376,194282.0,108560.1,0.55,1.666,1.768,1.948,1.738,4.0,34.0,-25.118,-16.842,13.669,-41.697
IPI,Intrepid Potash Inc,NYSE,Industrials,Mining & Quarrying of Nonmetallic Minerals (No Fuels),440840640.0,False,False,True,33.38,1.893,4.536,-9.175,-2.023,204380.0,7183075.825,0.84,33.995,35.412,36.752,36.258,1.0,65.0,-18.406,-4.819,-20.562,-33.691
IPSC,Century Therapeutics Inc.,NASDAQ,Health Care,Biotechnology: Biological Products (No Diagnostic Substances),277045241.0,False,True,True,1.48,-3.268,7.65,-23.966,-3.133,522946.0,972244.15,1.475,1.655,1.764,1.946,2.074,1.0,94.0,-29.187,-35.931,-32.42,-51.316
IPST,IP Strategy Holdings Inc.,NASDAQ,Consumer Staples,Beverages (Production/Distribution),2222460.0,False,True,False,3.14,1.948,25.648,-21.274,-0.829,3123334.0,1065997.599,0.015,3.15,3.388,3.988,10.808,4.0,8.0,-23.971,34.188,-35.124,-99.118
IPW,iPower Inc.,NASDAQ,Consumer Discretionary,RETAIL: Building Materials,1305077.0,False,True,False,1.22,8.929,27.321,-52.747,-1.931,1174680.24,5760157.302,0.106,1.273,1.58,2.582,134.063,4.0,1.0,-33.696,-92.119,-98.781,-99.942
IPWR,Ideal Power Inc.,NASDAQ,Technology,Semiconductors,66560353.0,False,True,False,3.95,-2.469,7.483,-9.718,-1.299,194974.0,866948.516,0.46,4.032,4.169,4.375,4.289,1.0,36.0,-15.418,-14.502,26.198,-57.527
IPX,IperionX Limited American Depositary Share,NASDAQ,Basic Materials,Other Metals and Minerals,575934767.0,False,True,True,16.61,-2.121,7.573,-21.674,-2.862,296936.0,6888965.862,0.511,17.928,19.001,21.206,32.653,4.0,10.0,-23.527,-35.745,-38.23,-72.97
IQ,iQIYI Inc. American Depositary Shares,NASDAQ,Consumer Discretionary,Consumer Electronics/Video Chains,957401040.0,False,True,False,1.03,3.831,5.536,-6.001,-1.084,8280714.0,8805055.3,0.404,1.008,1.013,1.096,1.353,4.0,20.0,16.648,3.518,-22.556,-58.964
IQI,Invesco Quality Municipal Income Trust,NYSE,Finance,Finance Companies,472781145.0,False,False,True,8.73,-2.349,2.228,-10.073,-4.52,210386.0,2766926.206,1.457,8.96,9.227,9.708,9.638,1.0,41.0,-11.608,-12.88,-4.671,-14.42
IQMX,IQM Quantum Computers Oyj American Depositary Shares,NASDAQ,Technology,Computer Software: Prepackaged Software,1961285856.0,False,True,False,10.56,2.029,5.484,4.034,0.736,355332.0,3517780.919,0.907,10.316,10.264,10.15,10.627,1.0,45.0,-2.222,-18.076,1.538,-30.066
IQST,iQSTEL Inc.,NASDAQ,Telecommunications,Telecommunications Equipment,11243335.0,False,True,False,1.01,-1.942,6.06,-1.064,-0.176,696960.0,316193.87,0.267,1.013,1.005,1.021,1.624,4.0,9.0,10.503,-3.81,-44.044,-85.347
IQV,IQVIA Holdings Inc.,NYSE,Health Care,Biotechnology: Commercial Physical & Biological Resarch,42501366000.0,True,False,False,266.09,3.052,2.68,4.367,1.629,1532146.0,436501595.2,1.102,265.912,264.824,254.956,206.055,2.0,84.0,-2.036,27.787,55.863,-4.077
IR,Ingersoll Rand Inc.,NYSE,Industrials,Industrial Machinery/Components,29515116564.0,True,False,False,78.55,3.26,2.677,-0.671,-0.251,4284742.0,377597635.2,1.005,75.853,75.677,79.081,81.525,4.0,47.0,4.178,-0.18,-0.139,-22.14
IRD,Opus Genetics Inc.,NASDAQ,Health Care,Biotechnology: Pharmaceutical Preparations,381036869.0,False,True,True,4.38,-4.367,9.469,0.39,0.041,2695778.0,28208205.8,0.94,4.766,4.813,4.363,3.998,2.0,94.0,-4.783,8.148,-4.989,-38.048
IRDM,Iridium Communications Inc,NASDAQ,Consumer Discretionary,Telecommunications Equipment,5187820352.0,False,True,True,48.44,-1.062,2.098,1.327,0.632,1085134.0,55352965.3,0.981,48.225,47.991,47.806,36.943,2.0,93.0,3.51,-4.878,48.681,-15.009
IREN,IREN Limited,NASDAQ,Finance,Finance: Consumer Services,16455889140.0,False,True,False,40.48,-3.065,6.663,-2.371,-0.356,42125288.08,1568422278.4,0.79,42.318,42.763,41.463,45.593,1.0,45.0,-2.809,1.67,15.229,-47.34
IRM,Iron Mountain Incorporated (Delaware)Common Stock REIT,NYSE,Real Estate,Real Estate Investment Trusts,33756521853.0,True,False,False,112.33,-0.935,2.767,-4.842,-1.75,1675690.0,184515574.0,1.085,112.625,113.689,118.046,110.961,2.0,62.0,-1.546,-2.201,9.215,-15.947
IRMD,iRadimed Corporation,NASDAQ,Health Care,Medical/Dental Instruments,1092009031.0,False,True,True,86.47,1.253,2.51,-0.804,-0.32,128750.0,11758503.025,0.598,85.595,85.426,87.171,93.278,4.0,61.0,-0.139,-13.539,-9.19,-19.336
IRON,Disc Medicine Inc.,NASDAQ,Health Care,Biotechnology: Pharmaceutical Preparations,2476722366.0,False,True,True,63.33,-1.829,4.328,-15.181,-3.508,468384.0,40379196.9,0.974,65.603,68.219,74.665,71.67,4.0,41.0,-20.209,-20.599,-3.783,-36.352
IRT,Independence Realty Trust Inc.,NYSE,Real Estate,Real Estate Investment Trusts,3420653667.0,False,False,True,14.72,1.447,2.129,-6.64,-3.119,3349300.0,67374374.6,1.337,14.618,14.858,15.767,15.929,4.0,41.0,-7.62,-14.116,-0.049,-15.814
IRTC,iRhythm Holdings Inc.,NASDAQ,Health Care,Medical/Dental Instruments,3638126641.0,False,True,True,109.09,-1.16,3.942,-7.867,-1.996,592198.0,61541159.4,1.058,111.49,113.09,118.405,128.303,4.0,25.0,-11.618,-12.791,-6.936,-48.542
IRWD,Ironwood Pharmaceuticals Inc.,NASDAQ,Health Care,Biotechnology: Pharmaceutical Preparations,601473407.0,False,True,True,3.65,0.275,5.306,-12.251,-2.309,2066146.0,9123590.125,1.077,3.945,4.059,4.16,3.999,1.0,93.0,-14.918,-18.345,3.399,-36.851
ISBA,Isabella Bank Corporation Common stock,NASDAQ,Finance,Major Banks,290812639.0,False,True,True,37.87,-0.656,2.93,-3.09,-1.055,61818.0,1621461.292,0.859,37.9,38.156,39.077,43.267,4.0,61.0,-3.861,-6.086,-16.719,-34.284
ISPC,iSpecimen Inc.,NASDAQ,Health Care,Biotechnology: Commercial Physical & Biological Resarch,2720077.0,False,True,False,1.05,-2.778,11.192,-37.418,-3.343,819854.0,1707154.2,0.152,1.185,1.305,1.678,6.039,4.0,3.0,-31.818,-56.25,-82.843,-97.9
ISRG,Intuitive Surgical Inc.,NASDAQ,Health Care,Industrial Specialties,138467326994.0,True,True,False,406.48,3.707,2.898,6.571,2.268,2566356.0,926673686.4,0.648,400.593,394.234,381.418,446.475,4.0,46.0,9.91,-4.872,-10.186,-32.689
ISTR,Investar Holding Corporation,NASDAQ,Finance,Major Banks,405182335.0,False,True,True,29.36,-0.17,1.997,-2.241,-1.123,110438.0,2949710.475,0.632,29.351,29.604,30.033,28.556,2.0,70.0,-4.001,0.998,6.514,-6.447
IT,Gartner Inc.,NYSE,Consumer Discretionary,Other Consumer Services,11669930765.0,True,False,False,187.76,1.602,4.443,2.491,0.561,1288400.0,195324798.8,0.486,186.374,185.679,183.196,172.79,3.0,62.0,-3.939,33.352,20.506,-28.292
ITG,ITG Inc.,NASDAQ,Industrials,Water Sewer Pipeline Comm & Power Line Construction,854201667.0,False,True,True,6.98,1.453,15.037,-41.475,-2.758,365426.0,6183015.294,1.013,8.486,9.855,11.927,,,,-46.017,-48.676,,-63.759
ITGR,Integer Holdings Corporation,NYSE,Health Care,Biotechnology: Electromedical & Electrotherapeutic Apparatus,4298294470.0,False,False,True,126.45,0.0,0.316,2.335,7.397,1144366.0,95649035.6,0.515,126.349,125.905,123.565,96.369,2.0,85.0,0.757,37.595,47.67,-0.276
ITIC,Investors Title Company,NASDAQ,Finance,Specialty Insurers,547896439.0,False,True,True,293.39,1.099,2.512,0.403,0.161,65670.0,17119445.85,0.577,290.026,291.304,292.211,257.361,2.0,65.0,-2.069,6.179,32.069,-5.072
ITRI,Itron Inc.,NASDAQ,Industrials,Electrical Products,3787992002.0,False,True,True,87.79,1.48,2.957,-8.75,-2.959,807886.0,57104317.2,1.164,88.534,90.538,96.209,91.75,4.0,35.0,-8.121,3.967,-3.655,-38.176
ITRN,Ituran Location and Control Ltd.,NASDAQ,Technology,Electronic Components,1045009757.0,False,True,False,52.5,-0.057,2.396,0.909,0.379,123022.0,5039775.962,0.568,51.73,51.624,52.027,51.603,2.0,78.0,3.661,-3.754,4.178,-21.768
ITW,Illinois Tool Works Inc.,NYSE,Industrials,Industrial Machinery/Components,74879616000.0,True,False,False,264.19,0.483,2.015,-4.531,-2.248,1279012.0,372995909.6,0.92,265.06,267.304,276.728,265.363,1.0,53.0,-2.116,-1.914,3.495,-11.929
IVA,Inventiva S.A. American Depository Shares,NASDAQ,Health Care,Biotechnology: Pharmaceutical Preparations,841157519.0,False,True,False,3.48,-2.247,8.038,-19.087,-2.375,1445732.0,9225977.4,1.174,3.554,3.75,4.301,5.016,4.0,20.0,-28.099,-23.684,-38.624,-56.407
IVR,INVESCO MORTGAGE CAPITAL INC,NYSE,Real Estate,Real Estate Investment Trusts,614626781.0,False,False,True,5.7,-0.175,2.931,-16.821,-5.738,2978154.0,23362303.3,1.263,6.055,6.31,6.853,7.327,4.0,35.0,-18.187,-23.49,-23.004,-31.038
IVT,InvenTrust Properties Corp.,NYSE,Real Estate,Real Estate Investment Trusts,2370544302.0,False,False,True,29.76,-2.105,1.94,-7.727,-3.983,644378.0,22185593.65,1.175,30.325,30.769,32.252,31.48,1.0,48.0,-7.817,-16.068,-1.679,-19.383
IVZ,Invesco Ltd,NYSE,Finance,Investment Managers,13536383255.0,True,False,False,30.5,-0.522,2.831,-2.714,-0.959,4450968.0,138240972.8,0.819,30.616,30.898,31.351,27.553,2.0,77.0,-6.756,12.058,35.244,-9.388
IXHL,Incannex Healthcare Inc.,NASDAQ,Health Care,Biotechnology: Pharmaceutical Preparations,40268253.0,False,True,False,3.21,0.0,5.607,-2.91,-0.519,90648.0,317013.85,0.308,3.288,3.332,3.306,5.062,4.0,19.0,-1.231,-13.477,25.391,-78.6
IZEA,IZEA Worldwide Inc.,NASDAQ,Consumer Discretionary,Advertising,42669901.0,False,True,False,2.43,-0.816,5.437,-18.533,-3.409,56986.0,107418.425,0.532,2.528,2.641,2.983,3.621,4.0,21.0,-19.269,-31.742,-32.5,-58.525
IZM,ICZOOM Group Inc. Class A,NASDAQ,Consumer Discretionary,Consumer Electronics/Video Chains,2884346.0,False,True,False,1.05,-12.5,14.429,93.613,6.488,681984.0,173567.109,0.27,1.148,0.997,0.542,0.71,3.0,97.0,335.685,196.61,85.185,-61.538
J,Jacobs Solutions Inc.,NYSE,Industrials,Military/Government/Technical,16158350635.0,True,False,False,138.67,0.442,2.605,-3.142,-1.206,864674.0,113310257.2,0.699,138.964,140.543,143.168,132.567,2.0,50.0,-6.012,6.691,8.91,-16.797
JACK,Jack In The Box Inc.,NASDAQ,Consumer Discretionary,Restaurants,238782659.0,False,True,True,12.36,-0.723,6.071,-20.579,-3.389,707746.0,7304061.175,0.506,13.072,13.683,15.563,15.374,4.0,29.0,-18.47,-21.173,16.494,-48.198
JAGX,Jaguar Health Inc.,NASDAQ,Health Care,Biotechnology: Pharmaceutical Preparations,4691531.0,False,True,False,4.73,29.235,84.129,-54.916,-0.653,1551595.0,71454870.108,12.427,5.871,7.163,10.492,171.246,4.0,1.0,-54.563,-88.145,-97.803,-99.627
JAKK,JAKKS Pacific Inc.,NASDAQ,Consumer Discretionary,Recreational Games/Products/Toys,310732076.0,False,True,True,27.78,2.32,3.047,10.466,3.435,99292.0,1786185.5,1.033,25.816,25.302,25.148,21.573,2.0,86.0,15.509,23.26,35.002,-0.573
JANX,Janux Therapeutics Inc.,NASDAQ,Health Care,Biotechnology: Pharmaceutical Preparations,1035045567.0,False,True,True,16.54,-2.304,4.375,-3.307,-0.756,837008.0,15590414.7,0.638,16.881,17.088,17.106,15.004,3.0,39.0,-16.465,2.415,10.71,-53.198
JAZZ,Jazz Pharmaceuticals plc Common Stock (Ireland),NASDAQ,Health Care,Biotechnology: Pharmaceutical Preparations,15298418362.0,False,True,False,236.04,0.157,2.514,-4.382,-1.743,902810.0,180630822.8,0.936,236.18,238.877,246.858,212.244,2.0,82.0,-4.657,-4.715,26.326,-11.39
JBGS,JBG SMITH Properties Common Shares ,NYSE,Real Estate,Real Estate Investment Trusts,787970811.0,False,False,True,10.83,2.557,3.53,-7.811,-2.213,968892.0,12376816.125,1.319,10.586,10.876,11.748,14.226,4.0,18.0,-7.83,-26.517,-21.477,-49.066
JBHT,J.B. Hunt Transport Services Inc.,NASDAQ,Industrials,Trucking Freight/Courier Services,21994878714.0,True,True,False,229.74,-1.904,3.35,-11.456,-3.42,995694.0,297600552.8,0.82,232.281,240.149,259.463,243.003,1.0,80.0,-13.722,-16.317,6.066,-23.229
JBI,Janus International Group Inc.,NYSE,Industrials,Building Products,574394676.0,False,False,True,4.34,3.088,4.472,-10.431,-2.333,1952478.0,10435543.275,0.839,4.269,4.401,4.845,5.598,4.0,17.0,-13.373,-16.378,-13.2,-57.946
JBIO,Jade Biosciences Inc.,NASDAQ,Health Care,Biotechnology: Pharmaceutical Preparations,897995104.0,False,True,True,14.07,-0.354,7.581,-27.247,-3.594,890064.0,17343107.7,0.682,14.728,16.047,19.339,18.323,1.0,78.0,-29.118,-37.327,-12.987,-49.75
JBL,Jabil Inc.,NYSE,Technology,Electrical Products,31898237762.0,True,False,False,300.94,-1.14,4.517,-4.947,-1.095,1200038.0,455099672.8,0.871,304.617,306.733,316.604,301.998,1.0,71.0,-1.628,-6.252,12.563,-29.824
JBLU,JetBlue Airways Corporation,NASDAQ,Consumer Discretionary,Air Freight/Delivery Services,1565845551.0,False,True,True,4.06,-2.169,4.48,-18.293,-4.083,25289456.0,78337811.6,0.705,4.242,4.381,4.969,5.078,4.0,31.0,-11.931,-29.021,-11.16,-38.671
JBSS,John B. Sanfilippo & Son Inc.,NASDAQ,Consumer Staples,Specialty Foods,801237318.0,False,True,True,68.03,-0.715,2.76,-8.989,-3.256,139410.0,8493281.825,1.012,67.719,68.941,74.749,75.541,1.0,47.0,-7.037,-21.147,-13.564,-24.375
JCAP,Jefferson Capital Inc.,NASDAQ,Finance,Finance Companies,1105441568.0,False,True,True,19.67,2.182,3.22,-5.553,-1.725,325484.0,5287913.588,0.743,19.539,19.961,20.827,19.783,1.0,68.0,-7.998,9.313,3.458,-18.641
JCI,Johnson Controls International plc Ordinary Share,NYSE,Industrials,Industrial Machinery/Components,94641047273.0,True,False,False,156.85,0.39,2.269,7.475,3.295,3327970.0,487312308.8,0.873,150.625,147.892,145.941,137.123,2.0,80.0,10.588,11.854,17.925,-0.432
JD,JD.com Inc. American Depositary Shares,NASDAQ,Consumer Discretionary,Other Specialty Stores,34648320000.0,False,True,False,26.36,2.25,2.003,-8.889,-4.437,7428950.0,163162464.4,0.988,26.513,26.965,28.932,28.502,4.0,35.0,-4.975,-0.491,-4.245,-24.649
JDZG,JIADE LIMITED Class A,NASDAQ,Real Estate,Other Consumer Services,26288378.0,False,True,False,5.17,6.818,11.576,-31.646,-2.734,578796.0,4020010.011,0.921,4.502,4.692,7.564,84.807,4.0,11.0,71.761,-89.66,-68.855,-99.491
JELD,JELD-WEN Holding Inc.,NYSE,Basic Materials,Forest Products,163982792.0,False,False,True,1.76,-6.878,10.299,-8.685,-0.843,1784064.0,3073906.994,0.713,1.863,1.906,1.927,1.858,4.0,46.0,-22.467,40.8,61.468,-64.588
JEM,707 Cayman Holdings Limited,NASDAQ,Consumer Discretionary,Clothing/Shoe/Accessory Stores,2517134.0,False,True,False,3.64,0.552,13.203,-16.353,-1.239,835196.0,129711.977,0.031,3.68,3.879,4.352,20.809,4.0,3.0,-15.349,-77.531,-84.984,-97.308
JFIN,Jiayin Group Inc. American Depositary Shares,NASDAQ,Finance,Finance: Consumer Services,68551705.0,False,True,False,1.41,7.634,7.462,-27.005,-3.619,51344.0,68740.69,0.651,1.425,1.534,1.932,4.263,4.0,5.0,-21.884,-52.685,-67.735,-87.887
JFU,9F Inc. American Depositary Shares,NASDAQ,Finance,Finance: Consumer Services,31321775.0,False,True,False,2.6,-2.256,6.925,1.434,0.207,164636.0,7079.175,0.019,2.683,2.667,2.563,3.656,4.0,78.0,3.175,2.767,-10.437,-72.574
JILL,J. Jill Inc.,NYSE,Consumer Discretionary,Apparel,369196349.0,False,False,True,24.62,-0.886,3.793,17.41,4.589,142958.0,6557190.731,3.265,24.3,23.505,20.969,16.106,2.0,92.0,27.506,57.694,118.41,-2.049
JJSF,J & J Snack Foods Corp.,NASDAQ,Consumer Staples,Specialty Foods,1461835826.0,False,True,True,78.19,-0.077,2.515,-5.689,-2.262,215402.0,16447689.35,1.741,78.105,79.399,82.907,80.954,4.0,42.0,-8.158,2.622,-0.628,-18.334
JKHY,Jack Henry & Associates Inc.,NASDAQ,Technology,EDP Services,9993851144.0,True,True,False,145.12,1.81,2.91,-7.527,-2.586,978478.0,162472410.4,0.751,146.878,150.769,156.933,156.362,4.0,53.0,-13.495,-0.724,-7.462,-24.074
JLHL,Julong Holding Limited Class A,NASDAQ,Consumer Discretionary,Military/Government/Technical,88572542.0,False,True,False,3.94,-1.253,16.767,-37.013,-2.208,1090236.0,711036.141,0.072,4.599,5.158,6.255,9.526,1.0,47.0,-36.246,-8.796,-32.879,-93.201
JMSB,John Marshall Bancorp Inc.,NASDAQ,Finance,Major Banks,324720203.0,False,True,True,23.0,-0.043,2.329,-0.478,-0.205,61316.0,2161089.488,1.127,22.982,23.015,23.111,21.234,2.0,67.0,-1.414,5.562,13.082,-4.794
JNJ,Johnson & Johnson,NYSE,Health Care,Biotechnology: Pharmaceutical Preparations,617006337790.0,True,False,False,252.93,-1.211,1.992,-4.645,-2.331,6720602.0,1826210054.4,1.492,262.737,265.213,265.25,239.96,2.0,71.0,-9.158,-4.888,6.088,-10.012
JOE,St. Joe Company (The),NYSE,Real Estate,Homebuilding,3722112886.0,False,False,True,66.21,1.27,2.315,0.56,0.242,237746.0,19684025.95,1.2,65.55,65.505,65.841,65.152,2.0,78.0,0.212,11.331,2.431,-9.323
JOYY,JOYY Inc. American Depositary Shares,NASDAQ,Technology,EDP Services,4095864546.0,False,True,False,80.5,1.654,2.281,7.858,3.445,351810.0,29017576.15,0.821,79.124,77.757,74.635,63.995,2.0,83.0,10.039,17.929,44.872,-0.789
JPM,JP Morgan Chase & Co.,NYSE,Finance,Major Banks,883527927494.0,True,False,False,332.38,0.0,1.873,-5.526,-2.95,6947412.0,2899904537.6,0.767,336.744,341.841,351.82,320.265,2.0,58.0,-8.198,-2.016,13.006,-9.31
JRSH,Jerash Holdings (US) Inc.,NASDAQ,Consumer Discretionary,Apparel,78104631.0,False,True,False,6.03,-1.951,4.131,12.504,3.027,91740.0,552685.377,1.791,5.831,5.693,5.36,3.868,2.0,92.0,10.037,33.496,106.725,-2.427
JRVR,James River Group Holdings Inc.,NASDAQ,Finance,Property-Casualty Insurers,161409143.0,False,True,False,3.43,-1.719,3.594,-15.422,-4.292,273090.0,1292064.072,2.182,3.523,3.661,4.055,5.226,4.0,22.0,-17.93,-24.589,-44.216,-52.044
JTAI,Jet.AI Inc.,NASDAQ,Consumer Discretionary,Transportation Services,5514158.0,False,True,False,1.5,-3.226,10.165,-6.273,-0.617,313576.0,907803.375,0.123,1.524,1.503,1.6,2.831,4.0,94.0,16.279,178.067,88.357,-97.673
JUNS,Jupiter Neurosciences Inc.,NASDAQ,Health Care,Biotechnology: Pharmaceutical Preparations,3362229.0,False,True,False,2.42,-5.098,17.963,-45.281,-2.521,1135115.98,153784.15,0.013,2.636,3.021,4.423,27.786,4.0,2.0,-25.767,-85.062,-90.538,-98.217
JVA,Coffee Holding Co. Inc.,NASDAQ,Consumer Staples,Packaged Foods,22720224.0,False,True,False,4.0,0.503,3.125,9.254,2.961,59842.0,313079.348,0.618,3.981,3.921,3.661,3.781,2.0,59.0,15.274,16.618,-6.542,-20.477
JWEL,Jowell Global Ltd.,NASDAQ,Consumer Discretionary,Other Consumer Services,5821521.0,False,True,False,2.495,1.837,9.559,5.314,0.556,1780204.0,80379.975,0.002,2.451,2.408,2.369,2.319,3.0,83.0,10.889,19.378,3.742,-51.741
JYNT,The Joint Corp.,NASDAQ,Miscellaneous,Multi-Sector Companies,102962161.0,False,True,False,7.185,-1.305,4.017,-13.11,-3.264,79056.0,834430.591,1.794,7.707,7.955,8.269,8.773,4.0,28.0,-13.225,-19.721,-18.814,-32.662
JZXN,Jiuzi Holdings Inc.,NASDAQ,Consumer Discretionary,Retail-Auto Dealers and Gas Stations,58209418.0,False,True,False,1.14,0.885,9.837,-9.127,-0.928,1444146.0,3295819.55,0.934,1.127,1.144,1.254,1.312,4.0,12.0,-0.87,-3.39,27.374,-93.804
KAI,Kadant Inc,NYSE,Industrials,Industrial Machinery/Components,3174644923.0,False,False,True,267.14,-0.629,3.481,-10.48,-3.011,147498.0,47975512.1,1.122,268.767,274.709,298.412,309.211,1.0,38.0,-10.223,-11.721,-7.205,-24.379
KALU,Kaiser Aluminum Corporation,NASDAQ,Industrials,Metal Fabrications,2485470711.0,False,True,True,155.76,2.453,4.215,-3.514,-0.834,240080.0,34240058.0,1.073,151.991,153.848,161.433,150.801,2.0,87.0,-3.116,-8.431,20.532,-22.077
KARD,Kardigan Inc.,NASDAQ,Health Care,Biotechnology: Pharmaceutical Preparations,1382919708.0,False,True,True,15.24,3.043,8.554,-20.208,-2.362,489894.0,14709575.75,0.778,15.241,16.355,19.1,,,,-26.519,-36.047,,-43.556
KARO,Karooooo Ltd.,NASDAQ,Technology,Computer Software: Prepackaged Software,1853598000.0,False,True,False,61.0,1.667,3.546,-4.719,-1.331,85084.0,4911640.762,0.792,61.68,62.805,64.021,52.134,2.0,65.0,-7.323,8.173,25.78,-11.337
KAZR,Skyline Builders Group Holding Limited Class A,NASDAQ,Consumer Discretionary,Engineering & Construction,45752340.0,False,True,False,2.4,-5.882,10.655,8.558,0.803,228172.0,828869.748,0.361,2.564,2.462,2.211,2.899,4.0,33.0,14.286,-6.615,-30.435,-51.02
KBDC,Kayne Anderson BDC Inc.,NYSE,Unknown,Unknown,836699053.0,False,False,True,12.7,0.237,1.925,-1.993,-1.036,383966.0,4726956.325,1.069,12.679,12.726,12.958,13.168,4.0,53.0,-2.668,-3.811,-4.277,-13.32
KBH,KB Home,NYSE,Consumer Discretionary,Homebuilding,2804920056.0,False,False,True,45.04,-1.552,3.487,-14.306,-4.102,1272334.0,91151003.2,1.117,46.865,48.254,52.559,54.601,4.0,25.0,-13.898,-22.918,-11.452,-32.721
KBR,KBR Inc.,NYSE,Industrials,Military/Government/Technical,4316559931.0,False,False,True,34.52,0.818,3.081,-5.725,-1.859,1478264.0,54924156.5,1.08,34.989,35.502,36.616,37.285,4.0,32.0,-7.011,-5.439,-7.425,-27.018
KC,Kingsoft Cloud Holdings Limited American Depositary Shares,NASDAQ,Technology,Computer Software: Prepackaged Software,2694326976.0,False,True,False,9.27,3.0,3.951,-11.927,-3.019,1455700.0,12410967.925,0.522,9.35,9.641,10.525,12.279,4.0,30.0,-11.546,-1.801,-31.688,-49.946
KD,Kyndryl Holdings Inc.,NYSE,Technology,EDP Services,2517979120.0,False,False,True,11.61,0.433,5.23,-9.762,-1.866,4237802.0,51888446.4,1.043,11.769,12.092,12.866,14.82,4.0,18.0,-12.969,-6.295,-10.07,-62.536
KDK,Kodiak AI Inc. Common Stock ,NASDAQ,Technology,EDP Services,329013799.0,False,True,True,1.73,5.488,16.001,-52.346,-3.271,2523924.0,12675271.0,3.666,2.223,2.724,3.63,6.806,4.0,10.0,-52.989,-65.878,-77.056,-84.758
KDP,Keurig Dr Pepper Inc.,NASDAQ,Consumer Staples,Beverages (Production/Distribution),41328286774.0,True,True,False,30.89,1.712,2.669,-0.589,-0.221,11221572.0,346712732.0,1.042,30.894,31.064,31.073,29.009,2.0,67.0,-5.371,-1.194,21.928,-8.001
KE,Kimball Electronics Inc.,NASDAQ,Technology,Electrical Products,690729536.0,False,True,True,28.23,-1.945,3.462,11.276,3.257,202872.0,4943917.275,0.907,27.519,26.668,25.369,25.896,3.0,59.0,15.507,14.616,18.315,-11.781
KEEL,Keel Infrastructure Corp.,NASDAQ,Finance,Finance: Consumer Services,2235615027.0,False,True,False,3.45,-4.696,7.863,-3.736,-0.475,34596650.0,111409452.4,0.793,3.61,3.624,3.584,3.454,1.0,72.0,2.985,-22.297,59.722,-53.189
KELYA,Kelly Services Inc.,NASDAQ,Consumer Discretionary,Professional Services,545986144.0,False,True,True,15.8,0.509,2.89,-2.231,-0.772,312326.0,4267057.375,0.652,16.18,16.252,16.16,11.735,2.0,82.0,-5.446,17.484,81.579,-10.579
KEY,KeyCorp,NYSE,Finance,Major Banks,21427941364.0,True,False,False,20.18,0.498,2.005,-6.818,-3.4,11819846.0,329159712.8,1.069,20.334,20.709,21.657,21.257,1.0,53.0,-8.77,-12.823,-0.411,-15.358
KEYS,Keysight Technologies Inc.,NYSE,Industrials,Industrial Machinery/Components,65482938717.0,True,False,False,384.17,-0.122,2.765,14.535,5.257,1226888.0,369178048.8,0.693,365.479,353.319,335.416,303.427,2.0,92.0,19.078,24.279,31.152,-1.178
KFRC,Kforce Inc.,NYSE,Consumer Discretionary,Professional Services,946669740.0,False,False,True,51.8,-2.005,3.466,-5.833,-1.683,264096.0,12210427.7,0.535,52.304,52.62,55.009,41.417,2.0,87.0,-3.233,-4.034,77.615,-15.361
KFY,Korn Ferry,NYSE,Consumer Discretionary,Diversified Commercial Services,3923872564.0,False,False,True,71.71,-0.292,2.656,-10.422,-3.925,473888.0,51119699.3,1.726,72.873,74.944,80.053,69.488,2.0,57.0,-15.612,-0.746,14.92,-17.464
KGEI,Kolibri Global Energy Inc. Common stock,NASDAQ,Energy,Oil & Gas Production,221461209.0,False,True,True,6.42,4.221,4.366,7.39,1.693,156552.0,1180323.444,1.324,6.337,6.345,5.978,5.065,2.0,83.0,2.229,31.828,20.225,-7.493
KHC,The Kraft Heinz Company,NYSE,Consumer Staples,Packaged Foods,26313429190.0,True,False,False,21.84,-1.577,2.724,-11.513,-4.226,18132099.92,519033135.2,0.905,22.998,23.609,24.682,23.254,1.0,37.0,-12.71,-12.296,-4.152,-21.007
KIDS,OrthoPediatrics Corp.,NASDAQ,Health Care,Medical/Dental Instruments,578592902.0,False,True,True,22.89,3.294,3.709,0.229,0.062,218468.0,4212919.1,1.395,22.423,22.52,22.838,18.976,2.0,77.0,1.328,15.489,43.601,-14.398
KIDZ,KIDZ AI Inc.,NASDAQ,Real Estate,Other Consumer Services,1970950.0,False,True,False,2.38,3.93,19.545,-47.309,-2.42,899708.66,1879291.224,0.055,2.574,2.997,4.517,416.961,4.0,1.0,-40.5,-78.442,-99.491,-99.976
KIM,Kimco Realty Corporation (HC),NYSE,Real Estate,Real Estate Investment Trusts,14918355656.0,True,False,False,22.03,-0.944,1.508,-6.671,-4.424,5041144.0,128186779.6,0.993,22.339,22.645,23.605,22.835,1.0,50.0,-6.81,-11.859,0.334,-16.357
KINS,Kingstone Companies Inc.,NASDAQ,Finance,Property-Casualty Insurers,267808461.0,False,True,True,18.55,0.27,2.94,-4.687,-1.594,97098.0,1857045.647,0.782,18.415,18.74,19.462,17.134,2.0,67.0,-8.259,-8.198,27.953,-10.966
KITT,Nauticus Robotics Inc. Common stock,NASDAQ,Industrials,Industrial Machinery/Components,1892897.0,False,True,False,1.48,-2.632,25.592,-66.841,-2.612,416746.68,1768054.261,0.539,2.161,2.859,4.463,20.321,4.0,2.0,-64.251,-77.37,-94.071,-99.155
KKR,KKR & Co. Inc.,NYSE,Finance,Investment Managers,81047518414.0,True,False,False,89.96,-0.365,3.392,-12.744,-3.757,4376352.0,397846606.4,1.123,93.415,96.625,103.098,102.45,4.0,33.0,-18.039,-5.265,-0.815,-37.536
KLAC,KLA Corporation,NASDAQ,Technology,Electronic Components,269992793130.0,True,True,False,206.85,-0.019,3.68,10.568,2.872,10177512.0,1718803878.4,0.784,195.579,190.243,187.08,177.932,2.0,84.0,19.608,-4.336,34.636,-32.627
KLC,KinderCare Learning Companies Inc.,NYSE,Consumer Discretionary,Other Consumer Services,220441681.0,False,False,True,1.81,-2.688,8.025,-42.852,-5.34,833358.0,1395181.144,1.128,1.993,2.215,3.167,3.732,4.0,13.0,-32.714,-64.44,-32.714,-74.507
KLIC,Kulicke and Soffa Industries Inc.,NASDAQ,Technology,Semiconductors,5273204919.0,False,True,False,98.73,-2.024,4.051,12.351,3.049,859590.0,67482524.2,0.841,93.716,90.42,87.877,82.98,2.0,91.0,25.584,-6.503,48.844,-27.11
KLRA,Kailera Therapeutics Inc.,NASDAQ,Health Care,Biotechnology: Pharmaceutical Preparations,1346997794.0,False,True,True,10.84,4.331,9.459,-30.301,-3.203,894762.0,16864708.75,2.025,11.473,12.586,15.553,,,,-31.131,-51.259,,-61.601
KLRS,Kalaris Therapeutics Inc.,NASDAQ,Health Care,Biotechnology: Biological Products (No Diagnostic Substances),64273449.0,False,True,False,2.83,4.815,7.582,-21.828,-2.879,70976.0,254729.2,0.386,2.934,3.138,3.62,6.069,4.0,13.0,-28.173,-41.408,-54.864,-76.178
KLTR,Kaltura Inc.,NASDAQ,Technology,Computer Software: Prepackaged Software,199842102.0,False,True,True,1.32,0.763,4.415,-11.231,-2.544,590222.0,315712.352,0.277,1.323,1.366,1.487,1.423,4.0,48.0,-13.725,2.326,18.919,-35.61
KLXE,KLX Energy Services Holdings Inc.,NASDAQ,Energy,Oilfield Services/Equipment,145834492.0,False,True,False,1.37,-0.725,7.812,-17.47,-2.236,728646.0,1402793.25,0.644,1.445,1.491,1.66,2.389,4.0,25.0,-10.458,-44.758,-52.265,-69.556
KMB,Kimberly-Clark Corporation,NASDAQ,Consumer Discretionary,Containers/Packaging,31382158026.0,True,True,False,95.41,1.113,2.187,-8.408,-3.845,3993846.0,473338973.6,0.791,96.827,98.652,104.169,100.378,4.0,33.0,-10.556,-15.849,0.919,-18.711
KMDA,Kamada Ltd.,NASDAQ,Health Care,Biotechnology: Pharmaceutical Preparations,479572635.0,False,True,False,8.0,-3.73,3.17,0.944,0.298,136556.0,1135333.961,1.007,8.403,8.387,7.925,7.765,2.0,74.0,-3.265,11.705,-1.381,-10.714
KMI,Kinder Morgan Inc.,NYSE,Utilities,Natural Gas Distribution,69186740905.0,True,False,False,31.41,1.094,2.311,-0.016,-0.007,11553258.0,411306200.0,0.847,30.943,31.079,31.415,31.089,2.0,61.0,-0.601,-2.42,-3.595,-8.924
KMPR,Kemper Corporation,NYSE,Finance,Property-Casualty Insurers,1512557363.0,False,False,True,25.81,0.545,3.624,-5.313,-1.466,890596.0,23880847.5,0.939,25.817,26.233,27.258,30.205,4.0,21.0,-10.038,-11.469,-15.651,-47.353
KMRK,K-Tech Solutions Company Limited Class A,NASDAQ,Consumer Discretionary,Recreational Games/Products/Toys,24265000.0,False,True,False,1.17,1.739,9.49,6.742,0.71,111082.0,215307.894,0.105,1.081,1.061,1.096,1.637,4.0,49.0,5.405,9.346,-26.875,-82.246
KMT,Kennametal Inc.,NYSE,Industrials,Industrial Machinery/Components,2490315011.0,False,False,True,32.86,0.798,3.279,5.806,1.771,1527214.0,43887463.8,1.417,31.384,30.867,31.057,34.218,1.0,80.0,11.655,-0.841,-8.305,-24.107
KMTS,Kestra Medical Technologies Ltd.,NASDAQ,Health Care,Medical/Dental Instruments,1633780037.0,False,True,True,28.34,3.318,5.025,9.474,1.885,344790.0,11220905.4,0.852,27.189,26.516,25.887,23.604,3.0,69.0,12.729,1.759,46.687,-5.533
KN,Knowles Corporation,NYSE,Consumer Staples,Consumer Electronics/Appliances,3420683556.0,False,False,True,39.4,-1.623,3.052,8.153,2.671,817038.0,24767651.7,1.042,37.891,37.067,36.43,31.795,2.0,86.0,13.349,14.203,51.016,-8.223
KNF,Knife Riv Holding Co.,NYSE,Industrials,Mining & Quarrying of Nonmetallic Minerals (No Fuels),2856902929.0,False,False,True,51.97,3.258,4.652,-16.832,-3.618,970584.0,63055053.8,1.166,52.52,54.904,62.488,76.333,4.0,23.0,-16.353,-36.264,-30.54,-46.022
KNSA,Kiniksa Pharmaceuticals International plc Class A,NASDAQ,Health Care,Biotechnology: Pharmaceutical Preparations,5913439945.0,False,True,False,76.31,0.686,3.182,-1.243,-0.391,607060.0,44514108.7,0.645,75.985,76.415,77.27,56.388,2.0,89.0,-5.17,13.405,54.006,-7.994
KO,Coca-Cola Company (The),NYSE,Consumer Staples,Beverages (Production/Distribution),368513342663.0,True,False,False,86.51,1.004,1.424,-1.308,-0.919,15788332.0,1402083308.8,1.347,86.816,87.246,87.657,79.213,2.0,73.0,-2.009,3.541,13.427,-5.907
KOD,Kodiak Sciences Inc,NASDAQ,Health Care,Biotechnology: Biological Products (No Diagnostic Substances),5936131214.0,False,True,False,93.81,-0.678,8.07,109.872,13.615,1746182.0,292887920.7,1.852,75.862,61.263,44.699,35.979,2.0,98.0,158.003,144.935,140.538,-9.798
KODK,Eastman Kodak Company Common New,NYSE,Consumer Discretionary,Industrial Machinery/Components,960399000.0,False,False,True,10.03,2.243,3.275,6.664,2.035,876172.0,7611861.525,1.029,9.708,9.586,9.403,9.2,2.0,88.0,9.617,23.674,-12.707,-32.549
KOP,Koppers Holdings Inc.,NYSE,Basic Materials,Forest Products,870688591.0,False,False,True,47.04,2.172,2.986,-0.032,-0.011,181154.0,7942088.375,1.557,46.107,46.18,47.055,40.005,2.0,85.0,0.384,0.795,31.977,-11.072
KOPN,Kopin Corporation,NASDAQ,Technology,Semiconductors,912634535.0,False,True,True,4.87,-0.815,5.664,7.724,1.364,3860160.0,16394327.0,0.702,4.769,4.705,4.521,3.669,2.0,91.0,14.052,28.496,88.76,-26.324
KPLT,Katapult Holdings Inc.,NASDAQ,Consumer Discretionary,Diversified Commercial Services,383517729.0,False,True,True,4.5,-0.442,14.075,-33.382,-2.372,184754.0,2574237.131,0.99,5.378,6.196,6.755,6.718,1.0,13.0,-33.824,-41.022,-36.441,-71.998
KR,Kroger Company (The),NYSE,Consumer Staples,Food Chains,34862450961.0,True,False,False,58.78,-0.424,2.573,1.168,0.454,6948808.0,504112134.4,0.933,59.189,59.044,58.101,62.893,4.0,47.0,0.461,1.099,-18.533,-22.31
KRC,Kilroy Realty Corporation,NYSE,Real Estate,Real Estate Investment Trusts,3911471266.0,False,False,True,33.28,-1.041,2.129,-6.532,-3.068,1316508.0,50056554.6,0.962,33.552,34.01,35.606,33.73,4.0,39.0,-8.497,-12.836,21.552,-18.605
KREF,KKR Real Estate Finance Trust Inc.,NYSE,Real Estate,Real Estate Investment Trusts,360840160.0,False,False,True,6.08,-1.299,3.712,-13.65,-3.677,855262.0,6184113.362,0.948,6.276,6.517,7.041,6.822,4.0,31.0,-18.296,-13.125,3.052,-26.31
KRG,Kite Realty Group Trust,NYSE,Real Estate,Real Estate Investment Trusts,4886461696.0,False,False,True,24.13,-1.066,1.774,-7.877,-4.44,2340194.0,55552541.3,1.26,24.639,25.061,26.193,25.727,1.0,53.0,-7.512,-15.506,0.289,-19.352
KRMD,KORU Medical Systems Inc. Common Stock (DE),NASDAQ,Health Care,Medical/Dental Instruments,136668830.0,False,True,False,3.01,1.689,5.043,-10.815,-2.145,259552.0,924952.827,0.795,3.066,3.139,3.375,4.283,4.0,31.0,-6.522,-34.423,-29.343,-54.449
KRMN,Karman Holdings Inc.,NYSE,Industrials,Military/Government/Technical,4524700791.0,False,False,True,33.02,-3.281,7.512,-26.628,-3.545,3196588.0,149496284.0,0.956,33.797,35.957,45.004,68.622,4.0,15.0,-18.509,-35.846,-61.649,-72.107
KRNT,Kornit Digital Ltd.,NASDAQ,Industrials,Industrial Machinery/Components,751484680.0,False,True,False,18.23,4.231,3.453,11.684,3.384,313080.0,5507717.938,1.057,16.675,16.331,16.323,15.474,2.0,78.0,13.583,17.689,20.889,-7.836
KRNY,Kearny Financial Corp,NASDAQ,Finance,Savings Institutions,605141840.0,False,True,True,9.27,-0.536,2.239,-3.546,-1.584,598156.0,4732303.788,0.828,9.316,9.439,9.611,8.351,2.0,77.0,-7.853,0.733,22.828,-9.473
KRO,Kronos Worldwide Inc,NYSE,Basic Materials,Major Chemicals,895458674.0,False,False,True,7.94,2.057,4.575,0.134,0.029,424084.0,3441647.644,0.707,7.955,8.054,7.929,6.542,2.0,88.0,-6.036,33.764,27.863,-12.915
KROS,Keros Therapeutics Inc.,NASDAQ,Health Care,Biotechnology: Pharmaceutical Preparations,225236856.0,False,True,True,11.52,1.408,4.1,5.066,1.236,193862.0,2181622.188,0.683,11.385,11.315,10.964,12.871,4.0,38.0,3.69,-1.116,-2.949,-48.914
KRRO,Korro Bio Inc.,NASDAQ,Health Care,Biotechnology: Pharmaceutical Preparations,141955227.0,False,True,False,9.97,3.423,8.543,-16.353,-1.914,141646.0,2373412.066,0.792,10.069,10.749,11.919,11.7,1.0,21.0,-14.2,-31.194,-27.701,-82.161
KRT,Karat Packaging Inc.,NASDAQ,Industrials,Plastic Products,1087674015.0,False,True,True,54.68,0.202,3.191,14.096,4.418,162130.0,9718393.2,1.063,53.059,51.597,47.925,32.29,2.0,95.0,16.192,62.0,99.712,-1.228
KRUS,Kura Sushi USA Inc.,NASDAQ,Consumer Discretionary,Restaurants,504582689.0,False,True,True,40.37,-2.793,4.937,-9.19,-1.862,204788.0,10444941.675,1.903,39.855,40.287,44.455,55.503,4.0,26.0,-7.195,-23.686,-44.394,-50.062
KRYS,Krystal Biotech Inc.,NASDAQ,Health Care,Biotechnology: Biological Products (No Diagnostic Substances),9539112866.0,False,True,False,334.85,3.9,3.315,-2.211,-0.667,295172.0,98344522.8,1.142,334.412,338.477,342.42,301.856,2.0,84.0,-9.858,-9.156,27.903,-12.466
KSPI,Joint Stock Company Kaspi.kz American Depository Shares,NASDAQ,Unknown,Unknown,17806812383.0,False,True,False,93.98,-0.074,3.01,-2.632,-0.874,597620.0,61193629.8,1.055,94.78,96.098,96.52,81.902,2.0,73.0,-10.914,8.893,32.636,-12.64
KSS,Kohl's Corporation,NYSE,Consumer Discretionary,Department/Specialty Retail Stores,2132610930.0,False,False,True,19.53,3.828,4.723,6.95,1.472,4066566.0,70013943.0,1.262,18.414,18.097,18.261,16.653,3.0,81.0,1.665,17.315,48.66,-20.218
KTB,Kontoor Brands Inc. Common Stock ,NYSE,Industrials,Garments and Clothing,3536635750.0,False,False,True,64.2,-0.788,3.48,-13.481,-3.874,730142.0,50199757.3,0.922,64.874,66.854,74.203,70.706,4.0,31.0,-12.222,-26.658,-6.462,-27.309
KTF,DWS Municipal Income Trust,NYSE,Finance,Finance Companies,319957598.0,False,False,True,8.04,-0.741,1.089,-6.099,-5.598,262116.0,3191794.762,2.892,8.148,8.267,8.562,8.703,4.0,41.0,-6.591,-11.155,-7.338,-11.633
KTOS,Kratos Defense & Security Solutions Inc.,NASDAQ,Industrials,Military/Government/Technical,8085157554.0,False,True,False,42.02,-2.438,5.262,-17.699,-3.364,3822888.0,196031301.2,1.448,44.101,45.958,51.056,68.791,4.0,17.0,-12.64,-16.528,-43.285,-68.642
KURA,Kura Oncology Inc.,NASDAQ,Health Care,Biotechnology: Pharmaceutical Preparations,947430592.0,False,True,True,10.62,-0.282,4.904,-4.989,-1.017,1940220.0,21104287.4,0.667,10.872,11.167,11.178,9.806,3.0,61.0,-19.24,-11.426,25.088,-23.597
KUST,Kustom Entertainment Inc.,NASDAQ,Technology,Radio And Television Broadcasting And Communications Equipment,2915073.0,False,True,False,4.51,0.67,18.582,-50.419,-2.713,224529.0,453116.45,0.114,5.304,6.251,9.096,39.623,4.0,2.0,-49.326,-53.021,-87.644,-98.608
KVHI,KVH Industries Inc.,NASDAQ,Consumer Discretionary,Telecommunications Equipment,127168144.0,False,True,False,6.96,-0.713,4.274,-9.667,-2.262,143736.0,761760.3,0.495,7.089,7.196,7.705,8.139,1.0,61.0,-1.556,-21.622,-23.6,-46.462
KVUE,Kenvue Inc.,NYSE,Consumer Discretionary,Package Goods/Cosmetics,33037303632.0,True,False,False,17.39,1.105,1.818,-5.375,-2.956,23253084.0,455971976.8,0.599,17.555,17.757,18.378,17.538,1.0,58.0,-7.137,-10.042,4.093,-11.606
KVYO,Klaviyo Inc. Series A,NYSE,Technology,Computer Software: Prepackaged Software,4473068035.0,False,False,True,16.7,6.302,5.593,-5.046,-0.902,6481750.0,103583937.2,0.656,16.077,16.429,17.587,19.137,4.0,31.0,-15.486,-3.02,-13.066,-49.933
KWR,Quaker Houghton,NYSE,Industrials,Major Chemicals,2765793942.0,False,False,True,161.05,0.199,2.753,-0.461,-0.167,153024.0,23558324.5,1.255,159.343,159.251,161.796,148.489,2.0,71.0,0.449,5.326,34.696,-11.363
KXIN,Kaixin Holdings,NASDAQ,Consumer Discretionary,Retail-Auto Dealers and Gas Stations,62484402.0,False,True,False,1.43,3.623,21.215,-54.88,-2.587,2338262.08,7693890.9,0.024,1.441,1.663,3.169,22.142,4.0,2.0,11.719,-67.426,-75.966,-99.828
KYIV,Kyivstar Group Ltd. Common Shares,NASDAQ,Telecommunications,Telecommunications Equipment,2900613936.0,False,True,False,12.57,0.48,3.259,-5.546,-1.702,390612.0,4779226.2,0.914,12.746,12.988,13.308,12.919,4.0,51.0,-11.913,-19.783,22.157,-24.048
KYMR,Kymera Therapeutics Inc.,NASDAQ,Health Care,Biotechnology: Biological Products (No Diagnostic Substances),8929544867.0,False,True,False,109.85,2.291,4.769,-4.028,-0.845,708400.0,91629706.4,1.03,111.812,113.655,114.46,93.156,2.0,86.0,-6.335,-7.875,28.826,-15.532
KYN,Kayne Anderson Energy Infrastructure Fund Inc.,NYSE,Finance,Finance/Investors Services,1893589582.0,False,False,True,14.06,1.078,1.761,-2.398,-1.362,304254.0,4571287.675,1.261,13.969,14.149,14.405,13.468,2.0,67.0,-5.059,1.579,4.859,-6.502
KYTX,Kyverna Therapeutics Inc.,NASDAQ,Health Care,Biotechnology: Biological Products (No Diagnostic Substances),384666222.0,False,True,True,6.32,1.608,7.047,-17.815,-2.528,832976.0,6844135.05,0.977,6.709,7.039,7.69,8.337,4.0,42.0,-24.311,-34.711,-29.621,-53.767
KZIA,Kazia Therapeutics Limited American Depositary Shares,NASDAQ,Health Care,Biotechnology: Pharmaceutical Preparations,144138099.0,False,True,False,9.35,0.863,8.628,-22.589,-2.618,286398.0,2957275.338,0.84,9.745,10.401,12.078,10.469,4.0,78.0,-23.109,-28.626,27.384,-46.264
L,Loews Corporation,NYSE,Finance,Property-Casualty Insurers,21675471152.0,True,False,False,105.67,-0.34,1.44,-4.386,-3.046,861220.0,118320733.4,1.312,105.778,106.788,110.517,108.9,1.0,48.0,-3.971,-9.594,-1.837,-12.628
LADR,Ladder Capital Corp,NYSE,Real Estate,Real Estate Investment Trusts,1093578912.0,False,False,True,8.52,-1.16,2.169,-9.035,-4.166,1265530.0,13551977.45,1.178,8.793,8.994,9.366,9.656,4.0,37.0,-10.971,-11.242,-8.546,-19.455
LAES,SEALSQ Corp,NASDAQ,Technology,Semiconductors,527974378.0,False,True,False,2.41,1.688,4.49,-1.737,-0.387,8339002.0,10731707.025,0.373,2.351,2.364,2.453,3.163,4.0,24.0,0.417,-13.929,1.261,-72.331
LAKE,Lakeland Industries Inc.,NASDAQ,Health Care,Industrial Specialties,101994923.0,False,True,False,11.77,14.606,5.182,5.144,0.993,58372.0,855326.814,5.491,10.553,10.629,11.194,10.064,3.0,46.0,-2.968,-0.591,32.844,-34.486
LAMR,Lamar Advertising Company,NASDAQ,Real Estate,Real Estate Investment Trusts,14635340458.0,False,True,False,143.93,-0.132,1.822,-4.108,-2.255,597236.0,80245524.8,1.503,144.542,145.655,150.096,139.699,2.0,62.0,-3.949,-9.067,14.743,-12.484
LAND,Gladstone Land Corporation,NASDAQ,Real Estate,Real Estate Investment Trusts,412385638.0,False,True,True,9.68,1.255,2.554,8.382,3.282,706096.0,5823060.95,0.784,9.529,9.435,8.931,9.424,2.0,70.0,-0.323,14.933,-4.688,-22.819
LASR,nLIGHT Inc.,NASDAQ,Technology,Semiconductors,2341068194.0,False,True,True,39.5,-2.661,5.142,-17.716,-3.445,1209590.0,33280258.7,0.51,39.869,40.826,48.005,57.864,1.0,59.0,-4.75,-33.062,-32.131,-54.572
LAUR,Laureate Education Inc.,NASDAQ,Real Estate,Other Consumer Services,5319880283.0,False,True,True,38.51,-0.285,2.772,3.045,1.099,977908.0,39598713.9,2.038,37.838,37.438,37.372,35.176,2.0,64.0,7.121,-3.387,12.602,-5.901
LAW,CS Disco Inc.,NYSE,Technology,Computer Software: Prepackaged Software,271364618.0,False,False,True,4.18,0.0,4.255,-0.892,-0.21,217438.0,755727.156,0.72,4.191,4.201,4.218,4.503,4.0,41.0,-4.348,5.025,10.875,-54.116
LBGJ,Li Bang International Corporation Class A,NASDAQ,Industrials,Industrial Machinery/Components,1442165.0,False,True,False,1.95,-3.941,95.649,-32.31,-0.338,867891.88,1009871.501,0.055,2.028,3.373,2.881,3841.979,4.0,3.0,-15.217,-99.226,-99.035,-99.992
LBRT,Liberty Energy Inc. Class A common stock,NYSE,Energy,Oilfield Services/Equipment,3151226243.0,False,False,True,19.59,1.45,4.872,0.43,0.088,4434980.0,76662828.4,0.789,18.953,19.163,19.506,24.688,1.0,78.0,-3.45,-16.835,-28.681,-42.763
LBRX,LB Pharmaceuticals Inc,NASDAQ,Health Care,Biotechnology: Pharmaceutical Preparations,1193266883.0,False,True,True,34.62,-6.407,5.985,-21.07,-3.52,350756.0,14519952.85,1.41,38.087,40.276,43.862,30.977,2.0,90.0,-27.146,0.962,28.508,-30.981
LBTYA,Liberty Global Ltd. Class A Common Shares,NASDAQ,Telecommunications,Cable & Other Pay Television Services,3042501089.0,False,True,False,8.99,0.785,3.488,-12.474,-3.576,2753980.0,30302576.9,1.405,9.306,9.666,10.271,11.282,4.0,30.0,-15.666,-16.372,-28.08,-33.506
LBTYK,Liberty Global Ltd. Class C Common Shares,NASDAQ,Telecommunications,Cable & Other Pay Television Services,2984516203.0,False,True,False,8.8,0.571,3.233,-12.169,-3.764,1689110.0,18972945.8,0.633,9.095,9.436,10.019,11.018,4.0,29.0,-15.385,-15.87,-26.544,-32.927
LCID,Lucid Group Inc.,NASDAQ,Industrials,Auto Manufacturing,1627509827.0,False,True,True,4.17,0.969,6.806,-22.18,-3.259,11406690.0,44919332.6,0.672,4.146,4.313,5.359,7.613,4.0,8.0,-9.348,-30.442,-55.305,-83.472
LCII,LCI Industries,NYSE,Consumer Discretionary,Auto Parts:O.E.M.,2013235895.0,False,False,True,82.58,-0.278,3.352,-15.043,-4.488,300128.0,30675726.8,1.407,84.52,87.753,97.202,113.035,4.0,38.0,-18.27,-21.101,-31.154,-46.672
LCUT,Lifetime Brands Inc.,NASDAQ,Consumer Discretionary,Industrial Machinery/Components,209658184.0,False,True,True,9.06,-0.658,5.342,1.373,0.257,183946.0,1435332.641,1.42,8.873,8.839,8.937,6.655,2.0,93.0,2.838,14.983,45.94,-10.914
LDOS,Leidos Holdings Inc.,NYSE,Technology,EDP Services,14775452688.0,True,False,False,119.45,1.452,3.031,-8.344,-2.753,1364678.0,163738650.8,1.224,122.363,125.21,130.324,145.995,4.0,34.0,-9.461,10.379,-24.587,-41.278
LE,Lands' End Inc.,NASDAQ,Consumer Discretionary,Clothing/Shoe/Accessory Stores,304009345.0,False,True,True,10.63,3.304,3.621,-7.605,-2.1,182734.0,1854931.194,1.106,10.42,10.587,11.505,12.975,4.0,29.0,-1.756,-11.784,-2.477,-46.956
LECO,Lincoln Electric Holdings Inc. Common Shares,NASDAQ,Industrials,Industrial Machinery/Components,14955289606.0,False,True,False,274.94,0.204,2.674,1.482,0.554,458078.0,113518750.8,0.802,268.932,267.62,270.926,262.676,2.0,69.0,0.699,7.793,16.182,-10.494
LEGH,Legacy Housing Corporation Common Stock (TX),NASDAQ,Consumer Discretionary,Homebuilding,698032165.0,False,True,True,29.2,-0.511,3.162,3.618,1.144,104404.0,2265033.9,0.755,28.949,28.652,28.18,23.714,2.0,70.0,4.697,12.611,43.489,-6.828
LEGN,Legend Biotech Corporation American Depositary Shares,NASDAQ,Health Care,Biotechnology: Pharmaceutical Preparations,3611649829.0,False,True,True,18.775,1.104,4.926,-5.06,-1.027,2425996.0,44700441.1,0.727,18.902,19.107,19.776,22.391,4.0,22.0,-13.678,-32.171,0.509,-49.933
LEN,Lennar Corporation,NYSE,Consumer Discretionary,Homebuilding,19225841283.0,True,False,False,74.44,-6.728,4.339,-10.866,-2.505,3696936.0,489827897.6,2.883,80.017,80.866,83.515,93.333,4.0,23.0,-11.853,-13.669,-15.004,-43.468
LENZ,LENZ Therapeutics Inc.,NASDAQ,Health Care,Biotechnology: Biological Products (No Diagnostic Substances),112484828.0,False,True,False,3.59,0.279,7.228,-24.501,-3.39,770482.0,3201867.55,1.009,3.842,4.112,4.755,9.275,4.0,5.0,-38.422,-39.153,-62.643,-92.798
LEO,BNY Mellon Strategic Municipals Inc.,NYSE,Finance,Trusts Except Educational Religious and Charitable,348205874.0,False,False,True,5.47,-2.147,1.407,-8.505,-6.044,213480.0,1235508.3,1.434,5.603,5.717,5.978,6.154,4.0,39.0,-10.166,-12.865,-9.47,-14.87
LEU,Centrus Energy Corp.,NYSE,Industrials,Mining & Quarrying of Nonmetallic Minerals (No Fuels),2748341367.0,False,False,True,141.44,1.558,6.08,-16.106,-2.649,668392.0,111264008.2,0.915,143.51,150.043,168.593,200.019,4.0,16.0,-17.025,-14.61,-22.934,-69.534
LEXX,Lexaria Bioscience Corp.,NASDAQ,Health Care,Biotechnology: Pharmaceutical Preparations,6066683.0,False,True,False,2.77,-3.819,31.002,-59.994,-1.935,74519.88,364575.98,0.519,3.287,4.352,6.924,9.609,4.0,9.0,-77.516,-65.157,-82.579,-87.176
LFCR,Lifecore Biomedical Inc.,NASDAQ,Health Care,Biotechnology: Pharmaceutical Preparations,247559012.0,False,True,True,6.52,-0.306,4.4,38.429,8.735,263712.0,2981572.35,3.188,5.88,5.35,4.71,5.66,3.0,79.0,49.885,34.156,60.197,-27.394
LFMD,LifeMD Inc.,NASDAQ,Health Care,Medical/Nursing Services,132070293.0,False,True,False,2.72,-0.73,6.356,-16.585,-2.609,891080.0,2712809.794,0.9,2.901,3.014,3.261,3.787,4.0,15.0,-10.82,-44.262,-24.022,-62.842
LFS,LEIFRAS Co. Ltd. American Depositary Shares  ,NASDAQ,Real Estate,Other Consumer Services,55983725.0,False,True,False,2.18,1.869,5.002,-2.352,-0.47,1070424.0,425582.002,0.068,2.134,2.152,2.233,2.395,4.0,,-2.242,-0.909,-14.51,-82.546
LFST,LifeStance Health Group Inc.,NASDAQ,Health Care,Medical/Nursing Services,4520883559.0,False,True,True,12.22,3.297,3.628,1.315,0.362,4708972.0,73887956.4,0.686,12.09,12.216,12.061,8.824,2.0,92.0,-4.754,12.11,90.938,-9.882
LFTO,Liftoff Mobile Inc.,NASDAQ,Technology,EDP Services,2565372634.0,False,True,True,15.26,0.726,6.004,-21.379,-3.561,874404.0,16423219.025,0.635,15.891,16.723,19.41,,,,-18.483,-31.784,,-49.302
LFUS,Littelfuse Inc.,NASDAQ,Energy,Electrical Products,11595289968.0,False,True,False,451.42,-1.119,3.254,5.864,1.802,252780.0,82255912.6,0.881,433.752,426.688,426.415,386.661,2.0,87.0,8.975,11.854,33.722,-9.645
LFVN,Lifevantage Corporation Common Stock (Delaware),NASDAQ,Health Care,Biotechnology: Pharmaceutical Preparations,76417925.0,False,True,False,6.03,-0.659,4.526,-5.369,-1.186,50292.0,257358.949,0.553,6.19,6.238,6.372,5.843,3.0,38.0,-1.228,-2.596,46.337,-48.096
LGCL,Lucas GC Limited Class A,NASDAQ,Technology,Computer Software: Programming Data Processing,3287728.0,False,True,False,2.43,-3.571,170.482,-95.789,-0.562,381026.72,429134.55,0.078,2.971,8.824,57.712,182.063,4.0,2.0,-38.325,-98.493,-98.754,-99.714
LGHL,Lion Group Holding Ltd. American Depositary Share,NASDAQ,Finance,Investment Bankers/Brokers/Service,185037.0,False,True,False,3.84,-4.239,50.039,-66.787,-1.335,699360.2,6968047.855,0.155,5.408,6.997,11.562,156.597,4.0,1.0,-56.364,-93.67,-97.74,-99.895
LGIH,LGI Homes Inc.,NASDAQ,Consumer Discretionary,Homebuilding,1119171814.0,False,True,True,46.45,-3.511,4.929,-14.595,-2.961,306236.0,15052519.95,1.236,48.271,49.765,54.388,50.475,1.0,40.0,-14.724,-21.164,19.562,-29.887
LGN,Legence Corp. Class A Common stock,NASDAQ,Consumer Discretionary,Engineering & Construction,5793926483.0,False,True,False,53.79,0.336,5.462,-7.139,-1.307,1079212.0,53807435.8,1.385,53.43,54.196,57.925,63.441,1.0,80.0,2.204,-23.594,-2.36,-49.841
LGND,Ligand Pharmaceuticals Incorporated,NASDAQ,Health Care,Biotechnology: Pharmaceutical Preparations,6039692103.0,False,True,False,306.77,1.258,3.08,5.108,1.659,252408.0,79732618.2,0.649,302.845,297.985,291.861,242.324,2.0,83.0,5.878,-3.963,50.665,-6.08
LGVN,Longeveron Inc.,NASDAQ,Health Care,Biotechnology: Pharmaceutical Preparations,8225553.0,False,True,False,2.51,-2.713,19.267,-57.889,-3.004,109438.0,610942.451,0.404,2.939,3.817,5.96,6.995,4.0,15.0,-61.854,-60.285,-77.182,-79.594
LH,Labcorp Holdings Inc.,NYSE,Health Care,Medical Specialities,25018539000.0,True,False,False,308.65,0.052,2.259,-3.323,-1.471,741420.0,264942000.0,0.952,309.883,313.307,319.259,279.525,2.0,65.0,-6.893,8.966,13.008,-9.505
LHAI,Linkhome Holdings Inc. Common stock,NASDAQ,Finance,Real Estate,17191200.0,False,True,False,1.03,-0.962,10.054,8.289,0.824,2213544.0,239842.302,0.04,1.042,1.045,0.951,1.825,4.0,11.0,-14.876,-20.155,-14.876,-93.423
LHX,L3Harris Technologies Inc.,NYSE,Industrials,Industrial Machinery/Components,44058378146.0,True,False,False,236.88,0.118,2.166,-9.968,-4.603,1673050.0,404313867.2,0.761,239.158,244.404,263.107,307.929,4.0,32.0,-9.203,-19.426,-33.382,-36.764
LI,Li Auto Inc. American Depositary Shares,NASDAQ,Industrials,Auto Manufacturing,10447064116.0,False,True,False,10.85,1.497,3.602,-11.308,-3.139,3041724.0,36903149.4,0.95,11.277,11.565,12.233,15.352,4.0,18.0,-10.033,-9.959,-41.224,-57.267
LICN,Lichen International Limited Class A,NASDAQ,Consumer Discretionary,Professional Services,16438469.0,False,True,False,1.025,2.5,8.1,-10.465,-1.292,51826.0,14697.625,0.025,1.031,1.06,1.145,2.704,4.0,12.0,-12.017,-35.938,-77.273,-89.204
LIDR,AEye Inc.,NASDAQ,Consumer Discretionary,Auto Parts:O.E.M.,52272829.0,False,True,False,1.1,-1.786,5.268,-10.46,-1.986,3554970.0,770414.754,0.153,1.169,1.199,1.229,1.641,4.0,17.0,-19.708,-17.91,-37.143,-72.5
LIEN,Chicago Atlantic BDC Inc.,NASDAQ,Finance,Finance: Consumer Services,216795605.0,False,True,True,9.57,0.737,2.273,-0.024,-0.01,55706.0,591348.541,1.388,9.656,9.716,9.572,9.262,2.0,57.0,-4.198,1.397,8.148,-6.543
LIF,Life360 Inc.,NASDAQ,Technology,EDP Services,3511803904.0,False,True,True,42.57,-1.23,4.592,-8.979,-1.955,769738.0,24767500.4,0.788,41.391,41.957,46.769,49.109,4.0,17.0,-2.985,-24.374,6.107,-62.173
LIFE,Ethos Technologies Inc.,NASDAQ,Finance,Specialty Insurers,2175472570.0,False,True,True,36.13,5.891,7.422,7.103,0.957,1617016.0,66663591.5,1.362,34.839,35.356,33.734,,,,-4.19,85.758,196.148,-15.088
LII,Lennox International Inc.,NYSE,Industrials,Industrial Machinery/Components,12313968503.0,True,False,False,361.15,1.361,3.048,-9.049,-2.969,552578.0,179872283.2,0.794,362.06,368.563,397.084,482.686,4.0,22.0,-6.103,-34.908,-19.886,-38.27
LILA,Liberty Latin America Ltd.,NASDAQ,Telecommunications,Cable & Other Pay Television Services,1671027000.0,False,True,True,8.81,3.283,2.968,3.356,1.131,460106.0,3136878.425,0.625,8.552,8.558,8.524,6.361,2.0,86.0,0.456,16.844,52.928,-1.948
LILAK,Liberty Latin America Ltd.,NASDAQ,Telecommunications,Cable & Other Pay Television Services,1665150000.0,False,True,True,8.77,3.176,3.251,3.75,1.154,1380966.0,11817155.85,0.724,8.506,8.511,8.453,6.384,2.0,85.0,1.037,17.718,49.07,-1.626
LIME,Neutron Holdings Inc.,NASDAQ,Technology,Computer Software: Prepackaged Software,1768869652.0,False,True,True,27.17,-0.184,7.534,-20.558,-2.729,385698.0,13664569.15,0.663,28.592,30.32,34.201,,,,-30.028,12.459,,-38.779
LIMN,Liminatus Pharma Inc.,NASDAQ,Health Care,Biotechnology: Biological Products (No Diagnostic Substances),5238511.0,False,True,False,3.99,2.308,9.19,-13.404,-1.459,280631.6,92838.025,0.064,3.904,3.963,4.608,14.269,4.0,4.0,7.838,-38.615,-57.326,-97.18
LIN,Linde plc,NASDAQ,Basic Materials,Major Chemicals,221030768555.0,True,True,False,482.38,0.605,1.73,0.694,0.401,2096764.0,1005635638.4,1.334,473.443,472.591,479.056,483.8,1.0,49.0,0.039,-10.081,-2.797,-11.717
LINC,Lincoln Educational Services Corporation,NASDAQ,Real Estate,Other Consumer Services,695017605.0,False,True,True,22.2,1.324,5.885,-22.55,-3.832,927762.0,17932735.65,0.839,22.66,23.828,28.664,36.116,1.0,48.0,-12.873,-60.129,-47.936,-60.596
LIND,Lindblad Expeditions Holdings Inc.,NASDAQ,Consumer Discretionary,Transportation Services,2282252783.0,False,True,True,35.6,2.358,4.065,18.621,4.58,881694.0,27164221.05,0.974,31.642,30.125,30.012,22.464,2.0,95.0,36.818,38.683,103.661,-1.221
LINE,Lineage Inc.,NASDAQ,Real Estate,Real Estate Investment Trusts,7819561812.0,False,True,False,34.98,1.864,2.955,-9.756,-3.301,956164.0,37656339.8,1.752,35.1,36.057,38.762,37.645,1.0,39.0,-7.332,-19.273,10.226,-22.361
LITE,Lumentum Holdings Inc.,NASDAQ,Telecommunications,Telecommunications Equipment,97362174000.0,True,True,False,1091.67,0.576,5.976,23.269,3.894,4813162.0,4647895257.6,0.624,1002.637,963.577,885.599,749.306,2.0,98.0,28.83,56.196,41.357,-2.911
LITS,Lite Strategy Inc.,NASDAQ,Health Care,Biotechnology: Pharmaceutical Preparations,41962030.0,False,True,False,1.4,1.449,8.072,30.743,3.809,505964.0,1253053.984,0.855,1.336,1.257,1.071,1.114,3.0,56.0,34.615,44.33,22.807,-52.862
LIVN,LivaNova PLC,NASDAQ,Health Care,Biotechnology: Electromedical & Electrotherapeutic Apparatus,4135869570.0,False,True,False,76.43,1.812,2.911,-3.48,-1.195,668446.0,52095522.3,0.836,76.502,77.399,79.186,71.419,2.0,74.0,-5.874,-8.555,20.362,-10.879
LKFN,Lakeland Financial Corporation,NASDAQ,Finance,Major Banks,1468352609.0,False,True,True,58.31,-1.287,1.957,-3.712,-1.897,170680.0,12442268.9,1.11,58.696,59.155,60.558,59.228,1.0,46.0,-2.865,-4.482,1.635,-9.667
LKFT,Lakefront Biotherapeutics American Depositary Shares,NASDAQ,Health Care,Biotechnology: Pharmaceutical Preparations,1935396975.0,False,True,False,29.51,0.477,2.857,4.113,1.44,280108.0,9849838.75,1.57,29.378,29.112,28.344,30.133,4.0,38.0,1.688,-3.499,0.374,-21.89
LKQ,LKQ Corporation,NASDAQ,Consumer Discretionary,Motor Vehicles,5768447561.0,False,True,False,22.4,-1.754,2.918,-7.743,-2.653,3405376.0,77090389.2,0.782,22.991,23.407,24.28,27.611,4.0,29.0,-11.287,-13.533,-20.88,-37.643
LLY,Eli Lilly and Company,NYSE,Health Care,Biotechnology: Pharmaceutical Preparations,1075829921735.0,True,False,False,1143.12,0.024,2.756,-2.734,-0.992,2534992.0,2583455846.4,0.78,1157.246,1160.183,1175.256,1071.809,2.0,74.0,-1.421,-7.349,23.695,-11.568
LLYVA,Liberty Live Holdings Inc. Series A Liberty Live Group,NASDAQ,Consumer Discretionary,Services-Misc. Amusement & Recreation,8806754591.0,False,True,False,96.17,0.47,2.728,-2.106,-0.772,140392.0,14129256.25,0.767,95.545,95.934,98.239,93.264,2.0,53.0,-1.576,-7.055,-0.062,-9.321
LLYVK,Liberty Live Holdings Inc. Series C Liberty Live Group,NASDAQ,Consumer Discretionary,Services-Misc. Amusement & Recreation,9004566149.0,False,True,False,98.87,1.022,2.767,-2.783,-1.006,294000.0,32187912.1,1.442,98.287,98.919,101.7,96.062,2.0,52.0,-2.399,-7.676,0.122,-9.913
LMAT,LeMaitre Vascular Inc.,NASDAQ,Health Care,Medical/Dental Instruments,1805756533.0,False,True,True,80.99,2.571,2.755,-3.326,-1.207,347264.0,21966981.2,1.065,80.842,81.017,83.777,94.16,4.0,38.0,0.621,-23.148,-25.4,-30.995
LMB,Limbach Holdings Inc.,NASDAQ,Consumer Discretionary,Engineering & Construction,585517156.0,False,True,True,49.94,1.711,5.071,-1.944,-0.383,406860.0,17149323.15,0.482,49.747,49.791,50.93,74.565,4.0,17.0,0.787,-36.056,-37.661,-56.555
LMND,Lemonade Inc.,NYSE,Finance,Property-Casualty Insurers,3598168631.0,False,False,True,46.67,0.387,4.343,-7.806,-1.797,1234760.0,52139309.4,0.712,46.28,47.474,50.621,61.606,4.0,34.0,-15.269,-39.85,-24.653,-53.283
LMNR,Limoneira Co,NASDAQ,Consumer Staples,Farming/Seeds/Milling,217402764.0,False,True,True,11.98,-0.083,3.537,-10.467,-2.96,107990.0,2229109.85,1.794,12.16,12.566,13.381,13.393,4.0,34.0,-20.133,-10.863,-8.55,-21.887
LMRI,Lumexa Imaging Holdings Inc.,NASDAQ,Health Care,Medical Specialities,991493752.0,False,True,True,10.77,4.36,4.896,-4.429,-0.905,439292.0,4752758.119,1.403,10.463,10.726,11.269,11.707,,,-9.496,-12.368,20.47,-44.627
LMT,Lockheed Martin Corporation,NYSE,Industrials,Military/Government/Technical,116643954474.0,True,False,False,506.63,0.241,2.217,-8.347,-3.765,1139630.0,642979307.2,0.888,514.261,523.41,552.772,557.126,1.0,54.0,-4.939,-4.785,-19.564,-25.852
LNAI,Lunai Bioworks Inc.,NASDAQ,Health Care,Biotechnology: Pharmaceutical Preparations,5894057.0,False,True,False,1.14,-12.308,21.892,-47.699,-2.179,221582.0,103029.976,0.311,1.629,1.875,2.18,3.54,4.0,6.0,-51.489,-59.574,-49.468,-91.416
LNN,Lindsay Corporation,NYSE,Industrials,Industrial Machinery/Components,1162812000.0,False,False,True,114.39,0.035,2.704,-0.863,-0.319,143096.0,19353266.55,0.802,114.109,114.953,115.385,117.377,1.0,40.0,-6.886,-0.409,11.902,-22.183
LNSR,LENSAR Inc.,NASDAQ,Health Care,Medical/Dental Instruments,82929589.0,False,True,False,6.67,-1.185,4.662,-8.03,-1.722,123806.0,442871.753,0.416,6.878,7.141,7.252,7.992,4.0,32.0,-19.152,8.809,13.243,-48.454
LNT,Alliant Energy Corporation,NASDAQ,Utilities,Power Generation,16679784687.0,True,True,False,64.29,-0.062,1.763,-5.261,-2.983,2582392.0,183723748.8,1.155,64.26,65.157,67.86,69.571,1.0,42.0,-5.456,-16.576,-9.919,-17.804
LNTH,Lantheus Holdings Inc.,NASDAQ,Health Care,Biotechnology: In Vitro & In Vivo Diagnostic Substances,6524626005.0,False,True,False,100.19,0.23,0.56,-0.499,-0.891,1489236.0,100299074.8,0.442,99.928,100.137,100.692,88.246,2.0,86.0,-0.782,-3.114,32.02,-10.433
LNZA,LanzaTech Global Inc.,NASDAQ,Industrials,Major Chemicals,79058545.0,False,True,False,5.91,-2.152,5.854,-2.275,-0.389,64728.0,384219.244,1.301,5.892,5.953,6.048,11.495,4.0,19.0,-5.136,2.249,-67.176,-86.568
LOB,Live Oak Bancshares Inc.,NYSE,Finance,Major Banks,1697683182.0,False,False,True,36.54,-0.382,2.421,-8.89,-3.672,213112.0,8179800.025,0.85,36.968,37.729,40.105,38.134,1.0,50.0,-7.634,-11.049,8.244,-17.88
LOCO,El Pollo Loco Holdings Inc.,NASDAQ,Consumer Discretionary,Restaurants,432756364.0,False,True,True,14.4,1.266,2.67,-5.417,-2.029,239010.0,3284327.4,0.89,14.332,14.524,15.225,13.671,2.0,75.0,-4.0,-11.275,0.699,-17.241
LODE,Comstock Inc.,AMEX,Industrials,Major Chemicals,173264147.0,False,False,True,2.28,0.0,7.647,-23.954,-3.132,1325450.0,3715524.9,1.088,2.416,2.602,2.998,3.406,4.0,21.0,-29.193,-41.085,-34.104,-54.217
LOGI,Logitech International S.A.,NASDAQ,Technology,Computer peripheral equipment,14937406794.0,False,True,False,101.38,-2.818,2.839,0.878,0.309,901808.0,71421799.4,0.463,101.879,101.167,100.498,97.921,3.0,50.0,1.332,6.132,11.445,-20.512
LONA,LeonaBio Inc.,NASDAQ,Health Care,Biotechnology: Biological Products (No Diagnostic Substances),45412416.0,False,True,False,5.58,15.768,16.427,-19.149,-1.166,210586.0,2102828.553,1.404,4.833,5.487,6.902,7.656,1.0,72.0,-27.532,-36.156,-49.227,-60.732
LOPE,Grand Canyon Education Inc.,NASDAQ,Real Estate,Other Consumer Services,4060672114.0,False,True,True,154.93,-0.552,2.779,3.55,1.277,322970.0,52144096.4,1.076,151.991,151.14,149.619,158.533,4.0,34.0,1.627,1.288,-10.284,-30.537
LOVE,The Lovesac Company,NASDAQ,Consumer Discretionary,Other Specialty Stores,212024465.0,False,True,True,14.83,0.884,4.974,-7.006,-1.408,246960.0,4868934.3,0.867,14.905,15.034,15.947,15.142,1.0,36.0,-7.022,-19.533,-0.803,-22.941
LOW,Lowe's Companies Inc.,NYSE,Consumer Discretionary,RETAIL: Building Materials,101438566635.0,True,False,False,179.5,-0.719,2.416,-12.225,-5.061,3133546.0,634997129.6,0.885,185.76,190.867,204.5,229.543,4.0,27.0,-11.095,-18.239,-22.842,-38.075
LPBB,Launch Two Acquisition Corp. Class A,NASDAQ,Unknown,Unknown,0.0,False,True,False,10.81,0.0,0.136,0.118,0.865,60496.0,826712.912,0.018,10.821,10.818,10.797,10.66,2.0,54.0,0.093,0.746,1.885,-0.369
LPG,Dorian LPG Ltd.,NYSE,Consumer Discretionary,Marine Transportation,2447597180.0,False,False,True,57.64,0.752,3.801,13.321,3.504,604264.0,36097469.3,1.084,55.804,54.821,50.864,38.193,2.0,94.0,7.598,50.743,75.127,-3.885
LPLA,LPL Financial Holdings Inc.,NASDAQ,Finance,Investment Bankers/Brokers/Service,24917210248.0,False,True,False,331.98,4.911,3.52,-4.167,-1.184,721928.0,268378645.2,1.871,318.417,325.412,346.415,326.704,3.0,63.0,-7.898,8.019,12.952,-16.804
LPTH,LightPath Technologies Inc.,NASDAQ,Technology,Semiconductors,773200222.0,False,True,True,10.81,-2.083,6.559,-4.119,-0.628,3016302.0,29091122.15,0.747,10.419,10.423,11.274,12.126,1.0,66.0,12.137,-14.882,-5.918,-42.925
LPX,Louisiana-Pacific Corporation,NYSE,Basic Materials,Forest Products,4552013991.0,False,False,True,65.29,0.292,3.594,-6.93,-1.928,1143902.0,76710379.0,1.345,65.62,66.527,70.152,76.07,4.0,29.0,-3.603,-12.336,-8.725,-34.15
LQDA,Liquidia Corporation,NASDAQ,Health Care,Biotechnology: Pharmaceutical Preparations,2563534638.0,False,True,True,27.64,-3.492,21.65,-60.962,-2.816,2351580.0,157282832.8,3.298,46.86,56.077,70.803,54.16,1.0,78.0,-59.726,-65.973,-26.587,-70.473
LQDT,Liquidity Services Inc.,NASDAQ,Consumer Discretionary,Business Services,1354465846.0,False,True,True,43.22,-0.023,2.792,3.246,1.163,227960.0,10431407.175,1.282,43.167,42.859,41.861,35.777,2.0,84.0,6.716,13.647,37.731,-3.956
LRCX,Lam Research Corporation,NASDAQ,Technology,Industrial Machinery/Components,434857451551.0,True,True,False,345.8,-0.486,3.91,12.786,3.27,9435786.0,2868868524.8,0.648,326.247,315.984,306.598,275.528,2.0,91.0,18.283,6.144,56.996,-21.056
LRHC,La Rosa Holdings Corp.,NASDAQ,Finance,Real Estate,888637.0,False,True,False,1.58,1.282,16.104,17.844,1.108,952958.0,757645.551,0.063,2.08,2.02,1.341,12.44,4.0,8.0,239.785,50.476,-72.759,-99.793
LRMR,Larimar Therapeutics Inc.,NASDAQ,Health Care,Biotechnology: Pharmaceutical Preparations,307493494.0,False,True,True,2.86,-3.378,7.496,-25.801,-3.442,1228294.0,5186890.1,0.721,3.209,3.444,3.854,3.922,4.0,30.0,-25.326,-16.129,-43.366,-55.452
LRN,Stride Inc.,NYSE,Real Estate,Other Consumer Services,3278656172.0,False,False,True,78.88,-0.013,2.946,-4.518,-1.534,889890.0,58568729.6,0.976,78.586,79.767,82.613,84.664,1.0,29.0,-8.065,-13.385,-11.757,-49.129
LSAK,Lesaka Technologies Inc.,NASDAQ,Finance,Investment Bankers/Brokers/Service,371618327.0,False,True,False,4.58,5.774,3.902,1.823,0.467,133998.0,835151.442,1.86,4.31,4.325,4.498,4.698,1.0,53.0,-0.651,-5.955,-6.911,-17.329
LSCC,Lattice Semiconductor Corporation,NASDAQ,Technology,Semiconductors,19032056448.0,False,True,False,132.85,-0.858,4.067,9.75,2.397,1756004.0,221595414.8,1.287,126.417,122.806,121.048,112.715,2.0,85.0,16.915,1.723,36.621,-15.388
LSTA,Lisata Therapeutics Inc.,NASDAQ,Health Care,Biotechnology: Pharmaceutical Preparations,15881977.0,False,True,False,1.26,-14.286,14.376,-11.055,-0.769,343682.0,451867.55,0.264,1.461,1.511,1.417,3.082,4.0,36.0,-23.171,-61.468,-74.8,-75.148
LSTR,Landstar System Inc.,NASDAQ,Industrials,Trucking Freight/Courier Services,5887377749.0,False,True,False,171.22,-1.303,2.62,-3.095,-1.181,429358.0,59850453.4,0.856,169.798,171.184,176.689,174.536,1.0,69.0,-1.784,-15.857,4.063,-24.884
LTBR,Lightbridge Corporation,NASDAQ,Basic Materials,Major Chemicals,239357201.0,False,True,True,6.36,-0.469,5.471,-16.721,-3.056,824880.0,5780351.85,0.683,6.497,6.764,7.637,11.007,4.0,11.0,-14.973,-22.722,-39.601,-79.706
LTC,LTC Properties Inc.,NYSE,Real Estate,Real Estate Investment Trusts,2317939209.0,False,False,True,42.43,-1.326,1.973,3.328,1.687,562530.0,29093338.2,1.255,42.759,42.456,41.063,37.869,2.0,72.0,1.716,9.64,14.573,-2.572
LTRX,Lantronix Inc.,NASDAQ,Telecommunications,Computer Communications Equipment,337062886.0,False,True,True,7.13,-0.834,5.09,20.557,4.039,1066230.0,7566364.875,0.577,6.863,6.472,5.914,6.08,2.0,85.0,36.59,33.022,30.109,-18.514
LUCK,Lucky Strike Entertainment Corporation,NYSE,Consumer Discretionary,Services-Misc. Amusement & Recreation,721175226.0,False,False,True,5.26,-0.567,5.23,-14.065,-2.689,80110.0,430352.85,0.473,5.334,5.502,6.121,7.543,4.0,18.0,-14.893,-26.85,-38.044,-49.159
LULU,lululemon athletica inc.,NASDAQ,Consumer Discretionary,Apparel,9974415285.0,True,True,False,93.14,-1.397,4.26,-16.475,-3.867,5164110.0,582033372.8,1.365,97.359,100.705,111.512,144.387,4.0,20.0,-23.512,-19.058,-40.364,-58.784
LUNG,Pulmonx Corporation,NASDAQ,Health Care,Medical/Dental Instruments,78595332.0,False,True,False,1.88,2.732,6.591,-8.203,-1.245,545868.0,528391.4,0.52,1.924,1.972,2.048,1.679,3.0,80.0,-16.814,22.876,38.235,-34.948
LUNR,Intuitive Machines Inc.,NASDAQ,Industrials,Industrial Machinery/Components,3367473040.0,False,True,True,14.29,-2.855,7.141,-6.616,-0.926,8722526.0,116428460.4,0.862,14.683,14.908,15.302,20.235,1.0,68.0,-2.789,-19.944,-37.653,-69.433
LUV,Southwest Airlines Company,NYSE,Consumer Discretionary,Air Freight/Delivery Services,20776672296.0,True,False,False,41.85,-1.46,2.924,-0.461,-0.158,5282506.0,254163918.4,1.097,41.739,41.359,42.044,43.162,1.0,66.0,8.056,-14.938,10.607,-23.041
LVO,LiveOne Inc.,NASDAQ,Consumer Discretionary,Restaurants,36062005.0,False,True,False,2.65,0.76,11.931,-27.431,-2.299,92796.0,359110.277,0.978,2.66,2.932,3.652,4.81,4.0,19.0,-21.598,-48.544,-45.918,-63.143
LVS,Las Vegas Sands Corp.,NYSE,Consumer Discretionary,Hotels/Resorts,23466213896.0,True,False,False,36.61,1.049,2.767,-16.11,-5.823,5429326.0,242701593.6,1.08,38.053,39.667,43.64,51.089,4.0,25.0,-17.749,-20.009,-31.853,-47.123
LVWR,LiveWire Group Inc.,NYSE,Consumer Discretionary,Motor Vehicles,322497557.0,False,False,True,1.47,-6.369,11.545,6.045,0.524,5124695.92,619920.205,0.024,1.495,1.428,1.386,1.798,4.0,52.0,27.826,59.783,-7.547,-77.174
LWAY,Lifeway Foods Inc.,NASDAQ,Consumer Staples,Packaged Foods,320414104.0,False,True,True,21.0,-0.99,3.931,-18.702,-4.758,146422.0,3605724.15,1.057,21.76,22.826,25.831,24.655,1.0,30.0,-18.161,-28.377,-7.692,-35.799
LWLG,Lightwave Logic Inc.,NASDAQ,Industrials,Containers/Packaging,878753354.0,False,True,True,5.55,-2.632,6.726,-6.726,-1.0,2889760.0,15468966.4,1.445,5.349,5.376,5.95,7.3,1.0,79.0,8.398,-17.656,-29.479,-70.337
LXEH,Lixiang Education Holding Co. Ltd. American Depositary Shares,NASDAQ,Real Estate,Other Consumer Services,3009167.0,False,True,False,1.55,-1.274,12.874,-5.594,-0.435,634446.0,2371198.43,0.038,1.6,1.614,1.642,1.775,4.0,16.0,-0.45,16.541,-11.932,-94.816
LXEO,Lexeo Therapeutics Inc.,NASDAQ,Health Care,Biotechnology: Biological Products (No Diagnostic Substances),289623280.0,False,True,True,3.41,-3.399,8.444,-22.447,-2.658,1177794.0,6632323.269,1.578,3.569,3.83,4.397,5.846,4.0,20.0,-29.545,-28.81,-40.901,-68.972
LXP,LXP Industrial Trust Common Stock (Maryland REIT),NYSE,Real Estate,Real Estate Investment Trusts,3593445241.0,False,False,True,60.92,-0.049,0.238,0.218,0.919,783240.0,55966273.5,1.202,60.908,60.855,60.787,52.746,2.0,76.0,0.329,8.206,33.959,-1.12
LXRX,Lexicon Pharmaceuticals Inc.,NASDAQ,Health Care,Biotechnology: Pharmaceutical Preparations,809819800.0,False,True,True,1.74,-4.396,6.765,-20.454,-3.023,2996114.0,6749502.65,0.907,1.876,1.966,2.187,1.847,1.0,64.0,-23.009,-26.582,9.434,-35.075
LXU,LSB Industries Inc.,NYSE,Basic Materials,Major Chemicals,709895389.0,False,False,True,10.18,3.245,4.311,-3.673,-0.852,839866.0,8854221.9,0.603,10.088,10.346,10.568,11.65,1.0,76.0,-9.35,-7.286,-32.133,-40.883
LYB,LyondellBasell Industries NV Ordinary Shares Class A (Netherlands),NYSE,Industrials,Major Chemicals,18923563228.0,True,False,False,59.22,1.093,3.233,-4.547,-1.406,3920620.0,228092256.0,0.728,59.181,60.404,62.041,61.07,1.0,83.0,-8.555,9.581,-23.102,-27.976
LYEL,Lyell Immunopharma Inc.,NASDAQ,Health Care,Biotechnology: Pharmaceutical Preparations,226917606.0,False,True,True,9.07,-2.052,7.415,-29.472,-3.975,145698.0,1603602.675,0.888,9.859,10.753,12.86,18.859,4.0,24.0,-36.662,-42.992,-58.184,-79.844
LYFT,Lyft Inc.,NASDAQ,Consumer Discretionary,Business Services,5852232250.0,False,True,False,15.73,1.746,3.325,-3.05,-0.917,10537338.0,148806408.8,1.088,15.283,15.468,16.225,15.39,3.0,35.0,-8.97,1.878,14.818,-38.41
LYTS,LSI Industries Inc.,NASDAQ,Consumer Discretionary,Building Products,791803390.0,False,True,True,20.84,-1.929,3.32,-3.967,-1.195,391490.0,8002102.675,0.844,20.821,20.767,21.701,21.815,1.0,40.0,3.63,-16.126,12.202,-23.637
LYV,Live Nation Entertainment Inc.,NYSE,Consumer Discretionary,Services-Misc. Amusement & Recreation,39767926552.0,True,False,False,170.67,1.126,2.359,-3.635,-1.541,2005960.0,359675800.0,1.412,169.85,171.225,177.107,163.959,2.0,54.0,-3.842,-7.204,6.589,-9.818
LZ,LegalZoom.com Inc.,NASDAQ,Technology,EDP Services,959082947.0,False,True,True,5.87,4.821,4.595,-5.654,-1.231,2876316.0,16714704.9,1.402,5.731,5.832,6.222,6.897,4.0,22.0,-8.281,-19.918,-3.454,-52.661
LZB,La-Z-Boy Incorporated,NYSE,Consumer Discretionary,Home Furnishings,1199179964.0,False,False,True,29.52,-1.403,3.092,-14.05,-4.544,701514.0,24194808.4,1.329,29.842,30.545,34.345,35.67,4.0,34.0,-7.577,-23.905,-6.702,-33.752
LZMH,LZ Technology Holdings Limited Class B,NASDAQ,Technology,EDP Services,10774200.0,False,True,False,1.09,-9.167,11.896,-8.779,-0.738,493378.0,250477.15,0.076,1.16,1.178,1.195,11.638,4.0,8.0,-11.741,-16.794,-96.813,-98.511
MA,Mastercard Incorporated,NYSE,Consumer Discretionary,Business Services,483785249464.0,True,False,False,564.59,2.233,1.713,-1.157,-0.676,2896522.0,1568976224.0,0.83,560.42,564.267,571.201,531.153,2.0,56.0,-3.606,6.38,12.963,-6.094
MAA,Mid-America Apartment Communities Inc.,NYSE,Real Estate,Real Estate Investment Trusts,13373850983.0,True,False,False,116.47,1.041,1.816,-8.604,-4.739,1071998.0,158256161.6,1.479,117.83,120.35,127.434,129.125,4.0,36.0,-9.404,-16.859,-4.452,-18.414
MAAS,Maase Inc. Class A,NASDAQ,Finance,Investment Managers,6057805419.0,False,True,False,13.02,-4.963,14.835,-21.39,-1.442,292142.0,7971738.738,0.796,15.115,15.559,16.563,10.886,2.0,96.0,-21.802,-21.566,120.678,-47.711
MAGN,Magnera Corporation,NYSE,Basic Materials,Paper,417786000.0,False,False,True,11.68,0.086,3.705,-5.275,-1.424,419154.0,4376551.15,1.092,11.672,11.798,12.33,12.235,4.0,60.0,-5.806,-7.228,26.27,-24.742
MAIN,Main Street Capital Corporation,NYSE,Finance,Finance/Investors Services,5153251286.0,False,False,True,54.99,-0.218,1.851,-2.493,-1.347,510338.0,26575136.2,1.1,55.388,55.727,56.396,54.392,3.0,51.0,-4.356,7.011,5.606,-10.995
MAKO,Mako Mining Corp,NASDAQ,Basic Materials,Precious Metals,811230717.0,False,True,False,9.08,-1.944,4.552,-5.411,-1.189,188090.0,1878948.959,0.738,9.547,9.743,9.599,7.851,2.0,84.0,-12.271,17.464,42.32,-18.198
MAMA,Mama's Creations Inc.,NASDAQ,Consumer Staples,Specialty Foods,609616774.0,False,True,True,12.82,-0.851,4.919,-18.563,-3.774,661112.0,11741740.675,0.668,13.146,13.741,15.742,15.481,1.0,53.0,-19.674,-30.25,-16.861,-38.952
MAN,ManpowerGroup,NYSE,Consumer Discretionary,Professional Services,2518741671.0,False,False,True,54.2,0.074,4.409,-6.018,-1.365,935796.0,50699170.6,0.97,55.984,56.811,57.671,37.82,2.0,89.0,-11.884,37.773,93.925,-15.153
MANE,Veradermics Incorporated,NYSE,Health Care,Biotechnology: Pharmaceutical Preparations,4878248679.0,False,False,True,118.87,1.807,5.044,10.49,2.08,751270.0,86239631.6,0.714,115.986,112.543,107.584,,,,21.606,1.772,86.258,-9.425
MANH,Manhattan Associates Inc.,NASDAQ,Technology,Computer Software: Prepackaged Software,11902668509.0,False,True,False,205.45,0.637,3.173,0.794,0.25,806154.0,131040753.6,0.772,204.867,206.022,203.832,161.362,2.0,76.0,-7.601,29.892,50.601,-9.505
MAR,Marriott International,NASDAQ,Consumer Discretionary,Hotels/Resorts,93604666740.0,True,True,False,355.89,-0.855,1.979,1.318,0.666,1634502.0,550181979.2,0.838,353.627,350.213,351.261,348.529,2.0,68.0,5.898,-6.339,5.715,-13.229
MARA,MARA Holdings Inc.,NASDAQ,Finance,Finance: Consumer Services,4338141105.0,False,True,True,11.17,-0.534,7.491,-0.55,-0.073,46191518.16,538281956.8,0.725,11.748,11.801,11.232,10.974,2.0,31.0,-3.707,-7.303,26.215,-52.367
MAS,Masco Corporation,NYSE,Industrials,Industrial Specialties,13479732715.0,True,False,False,68.46,0.146,2.566,-4.701,-1.832,2462146.0,164132698.0,0.714,68.368,69.008,71.837,69.647,1.0,46.0,-4.144,-13.335,15.747,-17.79
MASS,908 Devices Inc.,NASDAQ,Industrials,Industrial Machinery/Components,524524716.0,False,True,True,12.8,0.867,4.481,26.6,5.936,440820.0,4283525.138,0.952,11.966,11.356,10.111,7.758,2.0,93.0,27.49,58.612,86.861,-1.005
MAT,Mattel Inc.,NASDAQ,Consumer Discretionary,Recreational Games/Products/Toys,4362639000.0,False,True,True,16.05,5.108,4.85,11.578,2.387,4965108.0,109082616.8,2.963,14.258,14.038,14.385,15.866,3.0,65.0,12.238,19.598,10.613,-28.603
MATH,Metalpha Technology Holding Limited,NASDAQ,Finance,Finance: Consumer Services,52767164.0,False,True,False,1.09,-1.802,8.376,18.796,2.244,106976.0,213107.255,0.349,1.054,1.012,0.918,1.231,4.0,18.0,30.852,9.0,0.926,-73.415
MATV,Mativ Holdings Inc.,NYSE,Basic Materials,Paper,656762166.0,False,False,True,12.11,1.765,3.702,4.315,1.166,559952.0,5830666.788,0.726,11.935,11.959,11.609,10.19,3.0,89.0,-3.275,57.349,47.488,-19.371
MATW,Matthews International Corporation,NASDAQ,Telecommunications,Metal Fabrications,602102107.0,False,True,True,19.33,0.207,3.548,-12.469,-3.514,887616.0,25810468.95,3.169,19.368,19.848,22.084,25.094,4.0,28.0,-8.389,-27.629,-23.003,-36.247
MAX,MediaAlpha Inc.,NYSE,Consumer Discretionary,Business Services,589359468.0,False,False,True,9.64,0.208,5.449,-18.993,-3.485,769232.0,9064291.525,1.363,9.77,10.332,11.9,10.711,4.0,35.0,-21.113,-29.481,3.212,-34.422
MAZE,Maze Therapeutics Inc.,NASDAQ,Health Care,Biotechnology: Biological Products (No Diagnostic Substances),1468164510.0,False,True,True,26.43,0.0,6.513,-2.027,-0.311,571668.0,23477056.45,1.029,26.378,26.254,26.977,32.918,4.0,49.0,2.165,-19.519,-8.862,-50.736
MB,MasterBeef Group,NASDAQ,Consumer Discretionary,Restaurants,67076050.0,False,True,False,3.94,0.767,8.072,-12.776,-1.583,676136.0,28620.15,0.012,4.002,4.113,4.517,5.619,4.0,16.0,-5.967,-12.639,-32.174,-80.051
MBC,MasterBrand Inc.,NYSE,Consumer Discretionary,Home Furnishings,1428503240.0,False,False,True,6.98,-0.57,5.445,-14.415,-2.648,2463828.0,24297677.9,1.174,7.046,7.265,8.156,9.302,4.0,19.0,-14.565,-22.616,-14.878,-49.982
MBGL,Mobility Global Inc.,NYSE,Consumer Discretionary,Business Services,5073874917.0,False,False,True,17.59,2.208,3.974,-10.966,-2.759,4095800.0,82247029.2,1.982,17.982,18.62,19.756,,,,-14.027,-16.785,,-32.148
MBI,MBIA Inc.,NYSE,Finance,Property-Casualty Insurers,224472354.0,False,False,True,4.47,1.591,2.95,-7.053,-2.391,497742.0,1940348.216,0.606,4.402,4.494,4.809,5.915,4.0,20.0,-6.485,-32.782,-24.493,-43.202
MBIN,Merchants Bancorp,NASDAQ,Finance,Major Banks,2294606846.0,False,True,True,49.72,-0.46,2.873,-5.891,-2.05,191374.0,12271229.925,1.605,50.514,51.269,52.832,46.046,2.0,81.0,-5.279,4.979,11.382,-12.391
MBLY,Mobileye Global Inc.,NASDAQ,Technology,Computer Software: Prepackaged Software,6308391977.0,False,True,False,7.58,2.156,4.635,-8.549,-1.845,5315734.0,46847099.7,1.104,7.628,7.835,8.289,8.897,4.0,21.0,-8.894,-20.211,3.27,-52.056
MBOT,Microbot Medical Inc.,NASDAQ,Health Care,Medical/Dental Instruments,77911169.0,False,True,False,1.07,-7.759,6.312,-28.96,-4.588,622830.0,759170.811,3.045,1.226,1.309,1.506,1.951,4.0,11.0,-25.694,-43.684,-54.661,-69.075
MBUU,Malibu Boats Inc.,NASDAQ,Industrials,Marine Transportation,452774121.0,False,True,True,22.78,-1.0,4.053,-14.458,-3.567,227248.0,5992347.25,1.294,23.285,24.074,26.63,27.746,4.0,28.0,-14.618,-11.154,-6.178,-34.858
MBWM,Mercantile Bank Corporation,NASDAQ,Finance,Major Banks,1028599408.0,False,True,True,59.09,-0.689,2.15,-1.669,-0.776,113880.0,6860696.225,0.8,59.303,59.613,60.093,53.81,2.0,74.0,-3.652,3.598,16.281,-6.132
MBX,MBX Biosciences Inc.,NASDAQ,Health Care,Biotechnology: Pharmaceutical Preparations,2817847217.0,False,True,True,58.54,0.051,5.852,-7.248,-1.239,483884.0,33711550.9,1.205,58.292,59.436,63.114,43.653,2.0,95.0,-4.689,-5.581,87.029,-19.411
MC,Moelis & Company,NYSE,Finance,Investment Managers,4408113910.0,False,False,True,56.05,-0.479,3.725,-13.126,-3.524,872198.0,55273875.9,1.069,57.837,59.824,64.519,64.573,4.0,34.0,-18.933,-18.955,1.317,-26.176
MCB,Metropolitan Bank Holding Corp.,NYSE,Finance,Major Banks,1106501687.0,False,False,True,88.54,-0.796,2.249,-2.781,-1.237,121180.0,11785279.65,1.673,88.543,89.2,91.073,88.879,1.0,61.0,-3.834,-8.442,4.856,-12.904
MCBS,MetroCity Bankshares Inc.,NASDAQ,Finance,Major Banks,1013962698.0,False,True,True,35.07,-0.454,1.891,-0.697,-0.369,79144.0,2970099.581,1.324,34.875,34.976,35.316,31.637,2.0,70.0,-1.406,-1.597,19.218,-5.616
MCD,McDonald's Corporation,NYSE,Consumer Discretionary,Restaurants,164094994624.0,True,False,False,233.04,0.496,1.907,-9.542,-5.004,5143314.0,1500412137.6,1.088,236.234,242.434,257.622,285.974,4.0,31.0,-10.242,-16.836,-23.719,-30.473
MCFT,MasterCraft Boat Holdings Inc.,NASDAQ,Industrials,Marine Transportation,489221357.0,False,True,True,19.71,-1.94,4.575,-13.575,-2.967,228602.0,6138178.062,0.531,20.046,20.623,22.806,22.557,1.0,38.0,-15.517,-17.772,-2.859,-30.696
MCGA,Yorkville Acquisition Corp. Class A Ordinary Share,NASDAQ,Utilities,Electric Utilities: Central,0.0,False,True,False,10.355,0.048,0.11,0.406,3.682,79058.0,548219.578,0.006,10.353,10.348,10.313,10.206,2.0,50.0,-0.145,1.321,2.221,-4.386
MCHB,Mechanics Bancorp,NASDAQ,Finance,Major Banks,3282649709.0,False,True,True,14.93,0.201,2.089,-5.48,-2.624,555452.0,8178987.45,0.97,14.993,15.19,15.796,14.555,2.0,65.0,-5.745,-5.629,6.35,-12.742
MCHP,Microchip Technology Incorporated,NASDAQ,Technology,Semiconductors,44157466752.0,True,True,False,81.49,0.209,3.398,7.703,2.267,9315634.0,621927385.6,0.626,78.246,76.703,75.662,78.267,2.0,67.0,11.462,-2.578,22.57,-22.206
MCK,McKesson Corporation,NYSE,Health Care,Other Pharmaceuticals,105197152728.0,True,False,False,915.45,1.46,2.648,4.136,1.562,950314.0,770512582.4,0.734,886.873,884.257,879.094,846.457,2.0,73.0,-0.644,13.513,7.081,-8.165
MCO,Moody's Corporation,NYSE,Finance,Finance: Consumer Services,76443552000.0,True,False,False,448.15,1.538,2.426,-6.679,-2.753,773690.0,392849844.8,1.22,455.834,464.471,480.222,469.385,4.0,42.0,-11.134,-10.269,1.367,-17.506
MCRB,Seres Therapeutics Inc.,NASDAQ,Health Care,Biotechnology: Pharmaceutical Preparations,29531656.0,False,True,False,2.85,-3.061,11.284,-37.245,-3.301,65384.0,249465.802,0.968,3.382,3.827,4.542,8.336,4.0,5.0,-49.468,-64.988,-67.65,-90.494
MCRI,Monarch Casino & Resort Inc.,NASDAQ,Consumer Discretionary,Hotels/Resorts,2106792344.0,False,True,True,118.17,0.527,2.274,-2.536,-1.115,158758.0,24305827.9,0.934,117.653,118.751,121.245,110.504,2.0,59.0,-2.007,-6.573,20.987,-12.848
MCS,Marcus Corporation (The),NYSE,Consumer Discretionary,Movies/Entertainment,834318223.0,False,False,True,26.66,-1.478,3.028,-6.353,-2.098,288088.0,6302519.65,0.748,27.563,27.762,28.469,20.697,2.0,88.0,-3.301,21.868,45.615,-17.527
MD,Pediatrix Medical Group Inc.,NYSE,Health Care,Hospital/Nursing Management,2110147448.0,False,False,True,26.1,0.501,3.116,-1.022,-0.328,772674.0,20463083.35,1.234,25.999,26.126,26.369,23.311,2.0,77.0,-2.902,-2.793,20.332,-6.586
MDAI,Spectral AI Inc.,NASDAQ,Health Care,Medical/Dental Instruments,53426980.0,False,True,False,1.69,1.807,3.561,4.573,1.284,147378.0,207893.149,0.898,1.643,1.629,1.616,1.699,1.0,36.0,8.333,-2.874,1.807,-43.098
MDB,MongoDB Inc.,NASDAQ,Technology,Computer Software: Prepackaged Software,28835947824.0,False,True,False,359.23,0.355,7.281,-8.1,-1.113,2302454.0,1133750238.4,1.279,367.574,377.617,390.894,342.557,3.0,69.0,-6.56,-0.578,40.869,-24.069
MDGL,Madrigal Pharmaceuticals Inc.,NASDAQ,Health Care,Biotechnology: Pharmaceutical Preparations,11538200524.0,False,True,False,493.62,-1.157,3.305,-5.479,-1.658,290642.0,124394379.2,0.848,507.759,515.567,522.235,510.309,4.0,55.0,-9.029,-9.487,-7.541,-19.737
MDLN,Medline Inc.,NASDAQ,Health Care,Medical/Dental Instruments,46816733790.0,False,True,False,35.8,0.534,3.468,1.488,0.429,8058358.0,317797865.6,1.317,34.831,34.543,35.275,40.308,,,-2.159,-16.764,-18.414,-29.633
MDLZ,Mondelez International Inc.,NASDAQ,Consumer Staples,Packaged Foods,74268365837.0,True,True,False,58.49,0.516,1.962,-4.71,-2.401,8217470.0,496735672.0,0.982,59.043,59.861,61.381,58.599,1.0,49.0,-3.975,-2.014,1.922,-11.467
MDT,Medtronic plc.,NYSE,Health Care,Biotechnology: Electromedical & Electrotherapeutic Apparatus,110491930938.0,True,False,False,87.97,1.841,2.379,-1.581,-0.665,10129644.0,1386694888.0,4.313,88.011,88.927,89.384,87.108,3.0,52.0,-4.735,5.799,3.722,-14.525
MDU,MDU Resources Group Inc. Common Stock (Holding Company),NYSE,Industrials,Mining & Quarrying of Nonmetallic Minerals (No Fuels),3914603376.0,False,False,True,18.69,0.43,1.998,-4.356,-2.181,1738330.0,39420605.6,1.283,18.639,18.833,19.541,20.395,4.0,52.0,-4.565,-9.212,-11.426,-17.516
MDWD,MediWound Ltd.,NASDAQ,Health Care, Medicinal Chemicals and Botanical Products ,174546959.0,False,True,False,13.51,-0.074,3.305,-0.693,-0.21,86694.0,1228512.45,0.576,13.631,13.587,13.604,15.797,4.0,33.0,2.271,-9.572,-18.22,-32.551
MDXG,MiMedx Group Inc,NASDAQ,Health Care,Medical/Dental Instruments,669040548.0,False,True,True,4.55,-0.871,3.817,1.644,0.431,1283244.0,5726484.5,0.697,4.648,4.637,4.476,4.492,3.0,39.0,2.709,8.333,17.268,-42.911
MEC,Mayville Engineering Company Inc.,NYSE,Industrials,Industrial Specialties,419225442.0,False,False,True,16.39,-0.304,7.189,-21.208,-2.95,603106.0,10052112.05,0.715,16.542,17.468,20.802,23.043,1.0,63.0,-15.646,-50.453,-9.796,-57.714
MEDP,Medpace Holdings Inc.,NASDAQ,Health Care,Biotechnology: Commercial Physical & Biological Resarch,16732199823.0,False,True,False,620.51,3.51,2.807,3.328,1.186,253508.0,158641297.6,1.346,613.306,610.601,600.524,524.122,2.0,71.0,4.57,13.586,25.103,-8.466
MEDS,DataMeds AI Inc.,NASDAQ,Health Care,Other Pharmaceuticals,10427405.0,False,True,False,3.35,-8.967,29.498,44.16,1.497,7402883.92,82548722.565,0.087,3.512,3.148,2.324,7.635,4.0,10.0,248.595,12.416,-34.951,-95.411
MEI,Methode Electronics Inc.,NYSE,Technology,Electrical Products,561053134.0,False,False,True,15.4,-2.16,6.731,1.094,0.162,660476.0,8611931.925,0.648,14.62,14.62,15.233,10.887,2.0,94.0,0.522,-1.59,169.68,-24.189
MELI,MercadoLibre Inc.,NASDAQ,Consumer Discretionary,Business Services,86010166401.0,False,True,False,1860.61,9.67,3.431,-0.045,-0.013,530056.0,1260825993.6,2.375,1766.229,1798.183,1861.444,1837.248,3.0,42.0,-6.552,2.592,8.784,-23.369
MEOH,Methanex Corporation,NASDAQ,Industrials,Major Chemicals,4520393887.0,False,True,False,60.65,3.799,3.271,4.792,1.465,808656.0,55774396.8,0.802,59.463,59.49,57.877,54.165,2.0,90.0,2.484,32.371,-0.885,-8.576
MESH,Meshflow Acquisition Corp. Class A,NASDAQ,Unknown,Unknown,0.0,False,True,False,10.09,0.0,0.13,0.288,2.214,172388.0,2740689.3,0.071,10.088,10.082,10.061,,,,0.099,0.799,2.022,-0.395
MESO,Mesoblast Limited American Depositary Shares,NASDAQ,Health Care,Biotechnology: Biological Products (No Diagnostic Substances),1831594139.0,False,True,False,14.22,0.994,3.746,-9.804,-2.617,205348.0,3176603.05,0.878,14.683,15.105,15.766,15.924,4.0,41.0,-17.036,-0.49,-4.371,-33.86
MET,MetLife Inc.,NYSE,Finance,Life Insurance,60008086217.0,True,False,False,96.88,2.595,1.967,0.495,0.251,3385136.0,307526548.0,1.305,95.791,96.084,96.403,83.063,2.0,71.0,-2.368,6.338,38.27,-4.013
META,Meta Platforms Inc.,NASDAQ,Technology,Computer Software: Programming Data Processing,1854788332298.0,True,True,False,741.9,1.898,3.371,18.211,5.402,19658640.0,16698462720.0,0.773,726.32,701.168,627.607,627.819,2.0,68.0,21.583,20.616,29.694,-4.863
METC,Ramaco Resources Inc.,NASDAQ,Energy,Coal Mining,516152936.0,False,True,True,8.0,-1.356,8.687,-25.358,-2.919,2246558.0,19155459.7,0.977,8.715,9.516,10.718,14.465,4.0,9.0,-35.223,-34.211,-49.367,-86.159
METCB,Ramaco Resources Inc.,NASDAQ,Energy,Coal Mining,275748576.0,False,True,True,4.42,2.079,9.121,-27.083,-2.969,88174.0,511724.299,0.423,4.595,5.051,6.062,9.621,4.0,9.0,-30.937,-43.55,-57.359,-79.526
MF,MindForge Inc. Class A,NASDAQ,Technology,Computer Software: Programming Data Processing,25738388.0,False,True,False,14.3,0.917,15.376,8.755,0.569,226580.0,1072873.976,0.285,14.545,14.279,13.149,24.922,4.0,98.0,32.53,228.736,-65.952,-82.874
MFA,MFA Financial Inc.,NYSE,Real Estate,Real Estate Investment Trusts,773322726.0,False,False,True,7.35,0.823,2.42,-11.59,-4.789,1623546.0,15574521.25,1.964,7.591,7.823,8.314,8.673,1.0,38.0,-13.044,-17.597,-18.234,-23.251
MFIC,MidCap Financial Investment Corporation,NASDAQ,Finance,Finance/Investors Services,710052053.0,False,True,True,8.51,-1.276,2.184,-7.587,-3.474,581358.0,5320090.212,1.226,8.772,8.917,9.209,9.938,4.0,33.0,-8.402,-11.89,-21.558,-26.1
MFIN,Medallion Financial Corp.,NASDAQ,Finance,Finance: Consumer Services,273456566.0,False,True,True,11.81,-0.84,2.551,3.057,1.199,72480.0,906356.9,1.565,11.91,11.879,11.46,9.969,2.0,78.0,-1.665,20.28,41.559,-3.67
MFM,Aberdeen Municipal Income Fund Common Shares of Beneficial Interest,NYSE,Finance,Finance Companies,201407516.0,False,False,True,4.78,-2.249,1.848,-8.144,-4.406,384228.0,2764651.466,1.794,4.91,5.002,5.204,5.266,1.0,41.0,-9.621,-12.401,-6.413,-14.255
MFP,Midera Food Processing Inc.,NASDAQ,Industrials,Industrial Machinery/Components,1885657669.0,False,True,True,42.54,2.039,7.625,-5.469,-0.717,641624.0,21964227.5,1.229,42.231,43.019,45.001,,,,-3.34,16.23,,-78.73
MG,Mistras Group Inc,NYSE,Consumer Discretionary,Military/Government/Technical,657700290.0,False,False,True,20.63,-0.097,2.99,10.104,3.379,337014.0,10985602.2,1.291,20.806,20.42,18.737,16.619,2.0,91.0,8.237,24.053,33.011,-5.237
MGEE,MGE Energy Inc,NASDAQ,Energy,Electric Utilities: Central,2673974529.0,False,True,True,70.27,-0.707,2.278,-8.466,-3.716,178848.0,15783206.175,1.867,70.741,72.403,76.769,77.384,4.0,36.0,-9.446,-14.852,-9.22,-18.119
MGIH,Millennium Group International Holdings Limited,NASDAQ,Consumer Discretionary,Publishing,16762500.0,False,True,False,1.49,0.0,4.381,-3.437,-0.785,349004.0,21183.095,0.033,1.493,1.509,1.543,1.483,2.0,32.0,-1.325,-0.334,6.429,-39.919
MGM,MGM Resorts International,NYSE,Consumer Discretionary,Hotels/Resorts,7873689399.0,True,False,False,30.17,-1.017,3.776,-25.831,-6.842,3321002.0,175755787.2,1.517,32.625,35.221,40.677,39.716,1.0,30.0,-26.647,-35.313,-19.761,-41.52
MGN,Megan Holdings Limited Class A,NASDAQ,Consumer Staples,Farming/Seeds/Milling,3431750.0,False,True,False,3.68,-0.809,280.696,-95.298,-0.34,527206.82,7140685.111,0.12,6.188,21.388,78.259,1004.363,4.0,2.0,-97.379,-97.762,-98.196,-99.941
MGNI,Magnite Inc.,NASDAQ,Technology,Computer Software: Programming Data Processing,3546879403.0,False,True,True,24.96,0.93,4.301,6.192,1.44,2505980.0,54695946.5,0.607,24.773,24.479,23.505,16.913,2.0,85.0,1.34,21.637,105.263,-7.004
MGNX,MacroGenics Inc.,NASDAQ,Health Care,Biotechnology: Pharmaceutical Preparations,228046669.0,False,True,True,3.77,5.307,6.14,-5.807,-0.946,586992.0,2353601.05,1.032,3.808,3.906,4.002,3.277,2.0,90.0,-11.294,-20.632,18.553,-25.787
MGPI,MGP Ingredients Inc.,NASDAQ,Consumer Staples,Beverages (Production/Distribution),273886032.0,False,True,True,12.77,-0.156,4.594,-20.285,-4.415,233502.0,4177402.888,1.668,13.164,13.875,16.02,18.93,4.0,18.0,-21.848,-22.7,-32.498,-51.113
MGRC,McGrath RentCorp,NASDAQ,Consumer Discretionary,Diversified Commercial Services,2871480942.0,False,True,True,116.57,-0.842,2.199,1.105,0.502,155384.0,17973826.5,1.197,114.688,113.907,115.296,112.686,2.0,56.0,6.069,3.054,7.967,-6.979
MGTX,MeiraGTx Holdings plc,NASDAQ,Health Care,Biotechnology: Biological Products (No Diagnostic Substances),1036303927.0,False,True,True,10.92,1.205,5.61,-15.071,-2.686,772632.0,11934330.1,1.219,11.285,11.894,12.858,10.11,2.0,64.0,-21.833,-25.512,14.706,-28.86
MGX,Metagenomi Therapeutics Inc.,NASDAQ,Health Care,Biotechnology: Biological Products (No Diagnostic Substances),38532647.0,False,True,False,1.04,1.961,4.681,-11.55,-2.467,138176.0,170548.9,1.181,1.092,1.12,1.176,1.373,4.0,15.0,-10.345,-21.212,-23.529,-73.671
MHD,Blackrock MuniHoldings Fund Inc.,NYSE,Finance,Investment Bankers/Brokers/Service,1536716325.0,False,False,True,10.1,-2.227,1.822,-9.093,-4.991,546534.0,9694245.7,1.674,10.391,10.617,11.11,11.315,4.0,39.0,-9.57,-12.985,-7.806,-15.074
MHO,M/I Homes Inc.,NYSE,Consumer Discretionary,Homebuilding,3407141258.0,False,False,True,132.0,-2.048,2.864,-9.455,-3.301,205508.0,28920541.7,1.371,136.242,138.969,145.784,138.175,1.0,39.0,-10.496,-12.164,7.615,-19.345
MIAX,Miami International Holdings Inc.,NYSE,Finance,Investment Bankers/Brokers/Service,3275611943.0,False,False,True,34.32,3.969,4.464,-16.762,-3.755,1459566.0,63227041.4,1.15,34.864,36.741,41.231,42.597,4.0,31.0,-19.644,-21.5,-17.559,-39.937
MIDD,Middleby Corporation (The),NASDAQ,Industrials,Industrial Machinery/Components,4728901035.0,False,True,True,105.11,0.516,2.799,-9.649,-3.447,590328.0,69888895.6,1.13,106.237,108.432,116.335,121.367,1.0,37.0,-6.486,-24.522,-3.221,-29.243
MIN,Aberdeen Intermediate Income Fund Common Shares of Beneficial Interest,NYSE,Finance,Trusts Except Educational Religious and Charitable,267711806.0,False,False,True,2.28,-2.146,1.297,-3.971,-3.062,216018.0,731390.912,1.316,2.317,2.333,2.374,2.393,4.0,44.0,-5.755,-4.589,-3.137,-8.044
MIND,MIND Technology Inc. Common Stock (DE),NASDAQ,Industrials,Industrial Machinery/Components,40991638.0,False,True,False,4.53,0.443,5.616,-0.251,-0.045,97020.0,450712.145,0.859,4.421,4.381,4.541,6.702,4.0,27.0,2.489,-3.822,-49.158,-68.759
MIR,Mirion Technologies Inc.,NYSE,Industrials,Industrial Machinery/Components,3635949646.0,False,False,True,14.92,2.192,4.477,-3.675,-0.821,3885486.0,56686237.2,1.14,14.948,15.256,15.489,19.087,4.0,27.0,-10.979,-7.098,-21.266,-50.722
MIRM,Mirum Pharmaceuticals Inc.,NASDAQ,Health Care,Biotechnology: Pharmaceutical Preparations,5384827595.0,False,True,False,81.43,-1.809,4.542,-16.538,-3.641,697068.0,75450580.0,1.406,86.641,90.315,97.566,98.325,1.0,46.0,-19.08,-36.537,-15.389,-37.362
MITK,Mitek Systems Inc.,NASDAQ,Technology,Computer peripheral equipment,800922139.0,False,True,True,17.7,-0.282,4.452,-0.648,-0.145,682632.0,10689196.625,0.558,17.528,17.596,17.815,15.158,2.0,84.0,-6.101,-8.904,29.481,-15.914
MITT,TPG Mortgage Investment Trust Inc.,NYSE,Real Estate,Real Estate Investment Trusts,183188016.0,False,False,True,5.63,-2.257,2.622,-11.284,-4.304,336272.0,2629434.119,1.293,5.818,5.98,6.346,7.124,4.0,33.0,-13.356,-23.919,-19.281,-32.594
MIY,Blackrock MuniYield Michigan Quality Fund Inc.,NYSE,Finance,Investment Bankers/Brokers/Service,1661676801.0,False,False,True,11.11,-0.537,2.276,-8.344,-3.667,70018.0,1008321.195,0.64,11.437,11.707,12.121,11.871,1.0,49.0,-10.576,-7.935,-1.26,-12.811
MKC,McCormick & Company Incorporated,NYSE,Consumer Staples,Packaged Foods,12019110277.0,True,False,False,45.54,1.948,3.281,-11.733,-3.576,3172546.0,189619032.0,1.369,46.876,48.471,51.594,54.803,4.0,28.0,-13.389,-12.792,-8.736,-35.973
MKDW,MKDWELL Tech Inc. Ordinary Share,NASDAQ,Technology,Consumer Electronics/Appliances,51639647.0,False,True,False,1.38,-8.609,65.741,-83.553,-1.271,154040.0,1905702.838,0.623,2.141,3.876,8.391,6.892,4.0,16.0,-86.932,-88.205,-79.706,-89.335
MKSI,MKS Inc.,NASDAQ,Industrials,Industrial Machinery/Components,18875441316.0,False,True,False,280.5,0.484,4.124,2.071,0.502,1410474.0,326323693.6,0.798,267.701,264.963,274.809,272.304,2.0,86.0,12.357,-19.684,18.564,-37.277
MKTX,MarketAxess Holdings Inc.,NASDAQ,Finance,Investment Bankers/Brokers/Service,5776561129.0,False,True,False,164.04,-0.061,0.343,2.352,6.853,1203824.0,147330680.2,0.693,163.907,163.205,160.27,155.353,3.0,79.0,0.429,38.98,-5.371,-15.425
MKZR,MacKenzie Realty Capital Inc.,NASDAQ,Real Estate,Real Estate Investment Trusts,3714752.0,False,True,False,1.35,0.822,5.546,-5.323,-0.96,70324.0,17225.84,0.063,1.361,1.386,1.426,2.743,4.0,11.0,-8.784,-19.643,-60.236,-77.5
MLAB,Mesa Laboratories Inc.,NASDAQ,Industrials,Industrial Machinery/Components,741732436.0,False,True,True,142.23,7.303,3.612,18.608,5.152,140892.0,16510238.2,1.05,133.105,130.18,119.916,99.592,2.0,93.0,10.659,48.093,51.313,-0.837
MLCO,Melco Resorts & Entertainment Limited American Depositary Shares,NASDAQ,Consumer Discretionary,Hotels/Resorts,1648619196.0,False,True,False,4.23,0.955,4.098,-17.759,-4.333,1692428.0,9268189.825,1.036,4.454,4.65,5.143,5.712,4.0,17.0,-18.34,-19.582,-25.397,-55.614
MLKN,MillerKnoll Inc.,NASDAQ,Consumer Discretionary,Office Equipment/Supplies/Services,1392507851.0,False,True,True,20.64,1.976,4.013,-6.716,-1.673,640810.0,15732353.4,1.024,20.316,20.703,22.126,18.925,2.0,72.0,-7.816,2.093,46.769,-15.797
MLM,Martin Marietta Materials Inc.,NYSE,Industrials,Mining & Quarrying of Nonmetallic Minerals (No Fuels),34250975031.0,True,False,False,485.5,0.67,2.724,-6.604,-2.424,740040.0,441400302.4,0.955,486.014,493.897,519.829,587.192,4.0,29.0,-4.606,-18.157,-18.63,-31.42
MLR,Miller Industries Inc.,NYSE,Consumer Discretionary,Construction/Ag Equipment/Trucks,617445288.0,False,False,True,54.3,-0.165,2.988,-0.054,-0.018,96690.0,4894959.9,1.052,53.938,54.188,54.33,47.317,2.0,79.0,-1.243,14.025,19.45,-8.703
MLTX,MoonLake Immunotherapeutics Class A,NASDAQ,Health Care,Biotechnology: Pharmaceutical Preparations,971067276.0,False,True,True,11.38,-0.263,5.82,-24.098,-4.141,1457560.0,23223334.55,1.281,11.846,12.572,14.993,16.75,4.0,73.0,-25.082,-40.574,-32.98,-51.138
MLYS,Mineralys Therapeutics Inc.,NASDAQ,Health Care,Biotechnology: Pharmaceutical Preparations,2089054693.0,False,True,True,23.3,-1.397,6.061,-13.029,-2.149,1095730.0,42017220.5,0.985,25.102,26.087,26.79,28.359,4.0,20.0,-17.58,-23.506,-17.464,-51.102
MMED,MiniMed Group Inc.,NASDAQ,Health Care,Medical/Dental Instruments,5542593641.0,False,True,False,20.16,2.335,4.479,-1.173,-0.262,2120204.0,73787076.8,7.239,20.253,20.623,20.399,,,,-15.436,31.165,52.381,-17.479
MMI,Marcus & Millichap Inc.,NYSE,Finance,Real Estate,1081974556.0,False,False,True,28.62,0.175,2.878,-7.216,-2.507,143528.0,5471113.45,1.435,29.25,29.85,30.846,28.394,2.0,47.0,-10.143,-9.919,11.144,-14.0
MMM,3M Company,NYSE,Health Care,Medical/Dental Instruments,83490302088.0,True,False,False,163.19,0.803,2.136,-5.6,-2.621,2988762.0,507111971.2,0.782,165.23,166.725,172.871,159.475,3.0,59.0,-3.042,3.73,14.015,-11.355
MMS,Maximus Inc.,NYSE,Consumer Discretionary,Business Services,2756636222.0,False,False,True,54.41,3.343,3.092,-4.769,-1.542,650998.0,42054304.6,1.124,53.828,54.783,57.135,66.996,4.0,26.0,-6.88,-3.725,-13.63,-44.717
MMSI,Merit Medical Systems Inc.,NASDAQ,Health Care,Medical/Dental Instruments,5097478555.0,False,True,True,87.14,2.073,2.185,-0.476,-0.218,836308.0,52697340.1,0.836,86.658,86.91,87.557,76.734,3.0,71.0,-1.615,20.793,28.506,-8.032
MMT,Aberdeen Multi-Market Income Fund Common Shares of Beneficial Interest,NYSE,Finance,Trusts Except Educational Religious and Charitable,257248678.0,False,False,True,4.21,-2.546,1.609,-2.896,-1.8,286448.0,1375262.466,1.133,4.281,4.302,4.336,4.354,1.0,47.0,-4.304,-2.107,-2.578,-6.885
MMYT,MakeMyTrip Limited,NASDAQ,Consumer Discretionary,Transportation Services,4196897498.0,False,True,False,45.0,0.852,4.632,-17.61,-3.802,727962.0,48855550.7,2.465,46.82,48.691,54.619,54.347,4.0,21.0,-21.232,-23.339,10.457,-53.416
MNDR,Mobile-health Network Solutions Class A,NASDAQ,Technology,Computer Software: Prepackaged Software,4850389.0,False,True,False,1.281,-2.955,9.206,-17.246,-1.873,226522.0,217067.065,0.113,1.32,1.383,1.548,4.313,4.0,4.0,-16.275,-60.217,-75.146,-96.061
MNDY,monday.com Ltd.,NASDAQ,Technology,Computer Software: Prepackaged Software,3381067187.0,False,True,False,82.66,4.898,6.006,-6.902,-1.149,1419470.0,103186754.0,0.623,81.977,84.509,88.788,88.239,4.0,25.0,-15.072,-1.712,22.098,-60.73
MNKD,MannKind Corporation,NASDAQ,Health Care,Biotechnology: Pharmaceutical Preparations,1221869039.0,False,True,True,3.82,0.526,5.819,-0.877,-0.151,4608154.0,19418327.8,0.624,3.674,3.684,3.854,3.971,4.0,47.0,-3.535,-9.479,49.219,-41.321
MNOV,Medicinova Inc,NASDAQ,Health Care,Biotechnology: Pharmaceutical Preparations,87613818.0,False,True,False,1.76,-1.124,16.01,1.115,0.07,394194.0,2727392.388,0.54,2.037,2.088,1.741,1.507,2.0,82.0,8.642,22.222,24.823,-54.872
MNPR,Monopar Therapeutics Inc.,NASDAQ,Health Care,Biotechnology: Pharmaceutical Preparations,523348051.0,False,True,True,78.29,0.41,6.12,-26.461,-4.324,206270.0,13782999.7,0.622,84.107,91.602,106.461,76.497,2.0,45.0,-33.96,-17.78,45.846,-37.278
MNRO,Monro Inc.,NASDAQ,Consumer Discretionary,Automotive Aftermarket,443324371.0,False,True,True,13.64,-3.808,4.732,6.295,1.33,1106596.0,13106717.75,0.739,13.698,13.407,12.832,16.157,4.0,31.0,8.254,-19.494,-8.526,-39.882
MNST,Monster Beverage Corporation,NASDAQ,Consumer Staples,Beverages (Production/Distribution),126182650320.0,True,True,False,43.51,1.327,2.299,-4.204,-1.828,10394652.0,439503179.2,1.0,42.907,43.492,45.42,42.426,2.0,65.0,-1.293,-10.215,17.341,-13.275
MNTK,Montauk Renewables Inc.,NASDAQ,Utilities,Natural Gas Distribution,408519069.0,False,True,True,2.91,1.394,8.148,36.332,4.459,430368.0,2292858.144,4.203,2.748,2.572,2.135,1.683,2.0,94.0,29.333,77.439,157.522,-11.28
MNTN,MNTN Inc.,NYSE,Consumer Discretionary,Advertising,739803282.0,False,False,True,10.08,1.921,5.676,-12.238,-2.156,990096.0,9372020.4,0.542,10.486,10.951,11.486,10.18,4.0,24.0,-25.111,-10.4,8.387,-46.226
MNTS,Momentus Inc.,NASDAQ,Industrials,Military/Government/Technical,81484218.0,False,True,False,3.58,-3.504,7.317,-16.027,-2.19,885128.0,2514886.238,0.667,3.888,4.03,4.263,6.256,4.0,11.0,-13.735,-42.444,1.994,-89.612
MO,Altria Group Inc.,NYSE,Health Care, Medicinal Chemicals and Botanical Products ,112457253416.0,True,False,False,67.88,0.787,2.023,0.446,0.221,8841234.0,544643131.2,1.048,68.072,68.17,67.578,65.48,2.0,57.0,-0.757,-5.477,5.177,-10.506
MOB,Mobilicom Limited,NASDAQ,Industrials,Aerospace,54172819.0,False,True,False,4.02,-4.513,7.905,-22.958,-2.904,130202.0,599844.453,1.303,4.516,4.756,5.218,5.823,4.0,16.0,-19.115,-16.424,-29.35,-63.521
MOBI,Mobia Medical Inc.,NASDAQ,Health Care,Medical/Dental Instruments,305612261.0,False,True,True,9.59,4.466,8.493,-11.368,-1.338,199560.0,2846785.2,0.801,9.397,9.79,10.82,,,,-17.541,-22.348,,-37.279
MODD,Modular Medical Inc.,NASDAQ,Health Care,Medical/Dental Instruments,19276521.0,False,True,False,2.3,13.3,13.606,-11.217,-0.824,308568.0,402298.853,0.243,2.161,2.333,2.591,6.191,4.0,5.0,-32.749,-46.262,-58.484,-89.411
MOMO,Hello Group Inc. American Depositary Shares,NASDAQ,Technology,Computer Software: Prepackaged Software,697367733.0,False,True,False,4.64,-1.695,2.869,-14.416,-5.025,763312.0,5107203.55,1.852,4.838,4.978,5.422,5.904,4.0,23.0,-9.02,-21.222,-19.393,-35.876
MORN,Morningstar Inc.,NASDAQ,Finance,Investment Managers,6885615957.0,False,True,False,189.16,3.056,3.597,-6.021,-1.674,336680.0,58763144.4,0.88,191.34,195.136,201.28,185.041,3.0,49.0,-12.099,11.272,7.682,-16.474
MOS,Mosaic Company (The),NYSE,Industrials,Agricultural Chemicals,6698061261.0,True,False,False,21.29,1.044,4.948,-9.049,-1.829,8143480.0,201440814.0,1.088,22.376,23.121,23.408,24.097,1.0,31.0,-15.77,1.658,-18.188,-38.689
MOV,Movado Group Inc.,NYSE,Consumer Discretionary,Consumer Specialties,751030167.0,False,False,True,33.45,-0.624,2.724,-3.696,-1.357,192170.0,6681962.825,1.002,33.516,33.573,34.734,29.32,2.0,84.0,0.65,-10.69,39.216,-16.423
MOVE,Corvex Inc.,NASDAQ,Technology,EDP Services,367584004.0,False,True,True,11.35,-2.575,9.609,-0.717,-0.075,444910.0,2353068.356,0.209,11.519,11.561,11.432,12.743,1.0,92.0,-20.74,-31.914,49.065,-57.522
MPAA,Motorcar Parts  of America Inc.,NASDAQ,Consumer Discretionary,Auto Parts:O.E.M.,199366670.0,False,True,True,10.62,0.855,3.665,-10.008,-2.73,124748.0,1430942.153,0.641,10.591,10.823,11.801,12.034,4.0,25.0,-9.924,-25.63,0.094,-41.391
MPB,Mid Penn Bancorp,NASDAQ,Finance,Major Banks,922201826.0,False,True,True,36.42,0.055,2.047,-1.931,-0.943,119898.0,3661785.888,0.665,36.205,36.406,37.137,33.73,2.0,72.0,-1.886,4.925,12.381,-6.412
MPC,Marathon Petroleum Corporation,NYSE,Energy,Integrated oil Companies,118600722158.0,True,False,False,433.47,2.638,3.598,17.908,4.977,2653102.0,1227933718.4,0.8,409.217,400.104,367.633,261.862,2.0,95.0,11.803,63.202,80.744,-0.96
MPLT,MapLight Therapeutics Inc.,NASDAQ,Health Care,Biotechnology: Pharmaceutical Preparations,636076811.0,False,True,True,9.275,-5.55,9.201,-22.631,-2.46,940488.0,5644082.25,0.279,10.234,11.059,11.988,21.453,4.0,,-29.414,-74.973,-58.978,-77.059
MPT,Medical Properties Trust Inc. common stock,NYSE,Real Estate,Real Estate Investment Trusts,1952844000.0,False,False,True,3.31,1.223,4.166,-15.773,-3.786,9200006.0,42131019.4,1.363,3.445,3.563,3.93,4.586,4.0,22.0,-16.134,-25.698,-24.918,-45.626
MPTI,M-tron Industries Inc.,AMEX,Technology,Industrial Machinery/Components,335156764.0,False,False,True,75.94,-1.517,3.899,-4.573,-1.173,142106.0,6264295.288,0.844,76.107,76.346,79.579,73.797,2.0,71.0,4.73,-12.279,13.632,-27.573
MPWR,Monolithic Power Systems Inc.,NASDAQ,Technology,Semiconductors,70752651390.0,True,True,False,1479.89,2.789,3.673,13.341,3.632,740610.0,948349008.0,0.925,1370.194,1327.84,1305.692,1282.007,2.0,85.0,22.117,16.441,25.788,-13.404
MQ,Marqeta Inc.,NASDAQ,Technology,Computer Software: Prepackaged Software,1722835703.0,False,True,True,17.03,2.9,3.095,3.332,1.076,942350.0,15295380.05,1.172,16.701,16.529,16.481,16.703,3.0,45.0,0.294,6.905,6.438,-23.564
MQY,Blackrock MuniYield Quality Fund Inc.,NYSE,Finance,Investment Bankers/Brokers/Service,1493575209.0,False,False,True,9.85,-1.892,1.637,-8.483,-5.181,696030.0,11890863.0,2.124,10.063,10.259,10.763,11.031,4.0,37.0,-8.967,-13.675,-7.395,-14.482
MRAM,Everspin Technologies Inc.,NASDAQ,Technology,Semiconductors,458510669.0,False,True,True,18.22,-3.24,6.035,9.61,1.592,1083864.0,15004117.5,0.726,18.016,17.452,16.623,16.37,2.0,88.0,14.953,3.054,91.789,-64.621
MRBK,Meridian Corporation,NASDAQ,Finance,Major Banks,226294041.0,False,True,True,18.88,-0.474,2.518,-3.313,-1.315,89156.0,1458795.844,0.695,19.031,19.19,19.527,18.944,1.0,67.0,-3.08,-3.083,-2.704,-11.594
MRCY,Mercury Systems Inc,NASDAQ,Technology,Electrical Products,5165492544.0,False,True,True,82.94,-2.274,4.283,-10.212,-2.384,705714.0,56058574.2,0.763,83.44,84.627,92.373,91.914,1.0,43.0,-2.089,-28.395,9.477,-35.43
MRDN,Meridian Holdings Inc.,NASDAQ,Technology,Computer Software: Prepackaged Software,151400274.0,False,True,False,11.55,-3.347,6.213,-14.256,-2.295,71288.0,745977.953,0.682,12.376,12.879,13.47,10.717,2.0,60.0,-14.19,-14.444,68.122,-28.216
MRK,Merck & Company Inc. Common Stock (new),NYSE,Health Care,Biotechnology: Pharmaceutical Preparations,356012867363.0,True,False,False,139.54,-3.299,2.517,-1.65,-0.655,10078100.0,1475993049.6,0.941,145.234,145.719,141.881,121.666,2.0,82.0,-7.862,8.927,16.982,-10.551
MRKR,Marker Therapeutics Inc.,NASDAQ,Health Care,Biotechnology: Pharmaceutical Preparations,17506783.0,False,True,False,1.06,0.952,7.996,-11.989,-1.499,70632.0,84160.15,1.041,1.107,1.15,1.204,1.427,4.0,56.0,-14.516,-36.905,-24.823,-56.911
MRLN,Merlin Inc.,NASDAQ,Technology,EDP Services,172825911.0,False,True,True,1.57,-8.187,16.277,-49.034,-3.012,2251770.0,7833028.0,1.402,1.855,2.175,3.08,7.418,4.0,6.0,-53.274,-63.991,-77.312,-90.765
MRNA,Moderna Inc.,NASDAQ,Health Care,Biotechnology: Biological Products (No Diagnostic Substances),75858811269.0,True,True,False,203.21,6.947,6.83,60.492,8.857,20080540.08,2576333088.0,0.96,189.144,174.579,126.617,69.252,2.0,98.0,36.502,154.745,316.67,-2.725
MRP,Millrose Properties Inc.,NYSE,Finance,Real Estate,4086439483.0,False,False,True,22.51,-5.5,4.316,-19.924,-4.616,1584782.0,70338269.6,4.597,25.105,26.358,28.111,27.598,4.0,29.0,-26.682,-17.879,-14.43,-27.707
MRSH,Marsh,NYSE,Finance,Specialty Insurers,81154548236.0,True,False,False,170.43,0.218,2.006,-6.688,-3.335,2479880.0,495574360.0,0.852,170.925,173.617,182.646,174.857,4.0,41.0,-9.04,-3.15,-0.88,-16.2
MRTN,Marten Transport Ltd.,NASDAQ,Industrials,Trucking Freight/Courier Services,1089366664.0,False,True,True,13.05,-2.174,2.578,-7.936,-3.078,690816.0,10755142.125,1.042,13.159,13.412,14.175,14.34,1.0,57.0,-7.44,-23.976,-4.357,-28.837
MRVI,Maravai LifeSciences Holdings Inc.,NASDAQ,Health Care,Biotechnology: Pharmaceutical Preparations,2051421638.0,False,True,True,8.52,7.848,4.916,19.846,4.037,3287132.0,18555590.3,0.8,7.728,7.518,7.109,4.873,2.0,96.0,15.604,43.919,188.814,-9.554
MRVL,Marvell Technology Inc.,NASDAQ,Technology,Semiconductors,238771101000.0,True,True,False,271.25,-0.382,4.76,18.83,3.956,21667948.0,4272466150.4,0.593,261.917,252.079,228.267,167.803,2.0,95.0,29.89,17.606,147.879,-17.753
MRX,Marex Group Limited,NASDAQ,Finance,Investment Bankers/Brokers/Service,5393163892.0,False,True,False,75.21,3.381,4.25,7.145,1.681,725916.0,55675996.1,1.205,72.502,72.32,70.194,53.956,2.0,92.0,-0.582,12.149,64.255,-4.93
MS,Morgan Stanley,NYSE,Finance,Investment Bankers/Brokers/Service,298894471031.0,True,False,False,190.19,-0.063,2.449,-8.94,-3.651,4890260.0,1126565984.0,0.879,193.704,198.897,208.863,192.579,1.0,63.0,-12.415,-13.873,15.44,-17.659
MSBI,Midland States Bancorp Inc.,NASDAQ,Finance,Major Banks,687724992.0,False,True,True,33.0,-0.422,2.301,-0.412,-0.179,175306.0,5863673.338,0.645,32.921,32.993,33.137,26.756,2.0,89.0,-1.581,10.063,45.059,-5.051
MSCI,MSCI Inc.,NYSE,Consumer Discretionary,Business Services,38963565000.0,True,False,False,552.35,3.06,2.269,-1.369,-0.603,594824.0,322321407.2,0.821,546.342,550.075,560.016,569.633,1.0,46.0,-3.881,-8.842,1.759,-14.027
MSEX,Middlesex Water Company,NASDAQ,Utilities,Water Supply,1009281748.0,False,True,True,53.07,-0.915,2.148,-6.336,-2.95,128118.0,7431648.3,2.118,53.56,54.563,56.66,53.384,1.0,50.0,-9.251,-4.34,1.837,-12.358
MSFT,Microsoft Corporation,NASDAQ,Technology,Computer Software: Prepackaged Software,3842942557957.0,True,True,False,525.18,1.478,2.249,7.12,3.165,27778908.08,10927956019.2,0.957,511.744,505.404,490.274,431.715,2.0,78.0,2.952,35.318,41.415,-4.374
MSGE,Madison Square Garden Entertainment Corp.,NYSE,Consumer Discretionary,Services-Misc. Amusement & Recreation,3778269040.0,False,False,True,80.01,0.175,3.372,0.852,0.253,415872.0,45593024.7,1.775,79.992,79.66,79.334,68.121,2.0,84.0,2.841,6.708,32.841,-11.503
MSGM,Motorsport Games Inc.,NASDAQ,Technology,Computer Software: Prepackaged Software,22301578.0,False,True,False,5.38,10.7,6.431,24.017,3.735,84310.0,565186.798,2.835,4.735,4.568,4.338,4.089,2.0,90.0,33.831,14.712,37.772,-3.203
MSGY,Masonglory Limited Class A Ordinary Shares ,NASDAQ,Consumer Discretionary,Engineering & Construction,9315752.0,False,True,False,4.89,11.263,28.14,84.524,3.004,3118422.82,34601813.249,0.19,4.239,3.555,2.65,6.93,4.0,36.0,162.903,32.305,37.669,-90.739
MSI,Motorola Solutions Inc.,NYSE,Technology,Radio And Television Broadcasting And Communications Equipment,74043575689.0,True,False,False,455.37,1.779,1.858,-1.247,-0.671,938060.0,395142524.0,0.889,452.857,456.781,461.119,429.28,2.0,61.0,-3.321,7.623,3.744,-7.74
MSS,Maison Solutions Inc.,NASDAQ,Consumer Staples,Food Chains,1330052.0,False,True,False,1.63,4.823,14.25,4.233,0.297,5261772.0,10518990.4,0.017,1.647,1.646,1.564,7.169,4.0,3.0,10.135,-45.847,-77.361,-96.97
MSTR,Strategy Inc Common Stock Class A,NASDAQ,Technology,Computer Software: Prepackaged Software,67283725450.0,False,True,False,164.43,2.762,5.538,31.479,5.684,23166718.0,3356362457.6,0.783,157.308,149.876,125.062,135.976,3.0,75.0,13.541,68.889,28.773,-54.977
MTB,M&T Bank Corporation,NYSE,Finance,Major Banks,31647379655.0,True,False,False,218.26,-0.402,1.878,-7.98,-4.25,1016068.0,252813172.0,1.187,220.493,224.931,237.187,221.531,1.0,57.0,-9.081,-8.376,4.332,-14.175
MTCH,Match Group Inc.,NASDAQ,Technology,Computer Software: Programming Data Processing,9255495715.0,False,True,False,40.33,0.523,2.929,0.195,0.067,3308114.0,147305687.6,1.085,40.48,40.816,40.251,35.146,2.0,67.0,-4.475,3.448,27.575,-9.801
MTD,Mettler-Toledo International Inc.,NYSE,Industrials,Biotechnology: Laboratory Analytical Instruments,29778133620.0,True,False,False,1541.63,3.73,2.804,9.122,3.254,189584.0,304630421.2,0.885,1493.843,1458.884,1412.764,1319.38,3.0,75.0,13.67,18.991,21.711,-0.849
MTH,Meritage Homes Corporation,NYSE,Consumer Discretionary,Homebuilding,4161365838.0,False,False,True,62.28,-2.459,3.477,-8.864,-2.549,786492.0,60220154.4,1.339,63.888,64.799,68.338,68.726,4.0,34.0,-7.004,-19.877,0.127,-26.512
MTLS,Materialise NV American Depositary Shares,NASDAQ,Technology,Computer Software: Prepackaged Software,502071081.0,False,True,False,8.55,0.588,3.005,17.73,5.899,146780.0,1828428.725,1.121,8.356,8.048,7.262,6.153,2.0,85.0,21.622,21.449,72.032,-3.061
MTN,Vail Resorts Inc.,NYSE,Consumer Discretionary,Services-Misc. Amusement & Recreation,5030278666.0,False,False,True,139.3,-1.318,3.334,-2.91,-0.873,781308.0,153187970.4,1.055,139.116,139.33,143.475,135.188,3.0,47.0,2.381,-2.696,9.139,-13.203
MTRX,Matrix Service Company,NASDAQ,Consumer Discretionary,Engineering & Construction,290840948.0,False,True,True,10.42,1.362,3.689,-3.869,-1.049,354098.0,5115897.2,1.044,10.055,10.162,10.839,11.993,4.0,32.0,-1.232,-16.305,-10.635,-34.753
MTSI,MACOM Technology Solutions Holdings Inc.,NASDAQ,Technology,Semiconductors,24560891410.0,False,True,False,328.3,2.083,4.525,18.649,4.121,1375270.0,378592652.8,0.863,296.836,286.457,276.699,274.036,2.0,92.0,26.294,7.703,40.877,-21.628
MTUS,Metallus Inc. Common Shares,NYSE,Industrials,Steel/Iron Ore,824426259.0,False,False,True,21.04,5.782,3.565,5.385,1.511,358564.0,6663579.175,1.676,19.538,19.422,19.965,18.939,2.0,74.0,9.812,13.301,31.336,-6.82
MTVA,MetaVia Inc.,NASDAQ,Health Care,Biotechnology: Pharmaceutical Preparations,10145676.0,False,True,False,1.54,0.0,6.596,-2.433,-0.369,80138.0,144502.5,0.663,1.595,1.617,1.578,2.364,4.0,19.0,-16.304,-2.532,26.23,-89.63
MTW,Manitowoc Company Inc. (The),NYSE,Industrials,Construction/Ag Equipment/Trucks,837358920.0,False,False,True,23.51,1.249,4.163,20.29,4.873,429800.0,11090638.625,1.144,22.402,21.746,19.544,14.653,2.0,96.0,14.963,91.606,99.406,-1.508
MTX,Minerals Technologies Inc.,NYSE,Basic Materials,Major Chemicals,2067883660.0,False,False,True,66.2,-0.346,2.463,-6.379,-2.59,213192.0,12642099.175,1.261,66.475,67.491,70.711,71.214,1.0,50.0,-6.563,-9.277,-2.505,-21.255
MU,Micron Technology Inc.,NASDAQ,Technology,Semiconductors,1213973404078.0,True,True,False,1063.96,-1.017,4.187,10.956,2.617,31367016.0,26310616064.0,0.58,1061.213,1035.136,958.906,685.655,2.0,97.0,11.042,13.383,181.693,-15.209
MUA,Blackrock MuniAssets Fund Inc,NYSE,Finance,Investment Bankers/Brokers/Service,1417706349.0,False,False,True,9.39,-1.469,1.434,-4.7,-3.277,402752.0,4700701.638,0.797,9.514,9.607,9.853,10.314,4.0,37.0,-4.798,-12.597,-8.019,-14.015
MUC,Blackrock MuniHoldings California Quality Fund Inc.,NYSE,Finance,Investment Bankers/Brokers/Service,1448946468.0,False,False,True,9.64,-1.027,1.415,-6.765,-4.781,526240.0,7536438.825,1.763,9.813,9.975,10.339,10.443,1.0,41.0,-7.086,-10.863,-4.462,-12.3
MUJ,Blackrock MuniHoldings New Jersey Quality Fund Inc.,NYSE,Finance,Investment Bankers/Brokers/Service,1681015922.0,False,False,True,11.1,-1.77,1.667,-6.406,-3.844,118762.0,2007616.638,1.273,11.318,11.489,11.86,11.864,1.0,46.0,-7.619,-8.921,-0.884,-10.367
MVBF,MVB Financial Corp.,NASDAQ,Finance,Major Banks,394990263.0,False,True,True,29.92,-1.773,2.676,-1.316,-0.492,54072.0,1593769.25,1.32,29.979,30.152,30.319,27.546,2.0,66.0,-3.203,5.133,18.056,-6.089
MVIS,MicroVision Inc.,NASDAQ,Technology,Industrial Machinery/Components,44622040.0,False,True,False,1.47,-0.676,11.303,-34.638,-3.064,1538220.42,2112356.85,0.428,1.527,1.641,2.249,7.718,4.0,4.0,-11.446,-74.211,-84.444,-93.636
MWA,MUELLER WATER PRODUCTS,NYSE,Industrials,Metal Fabrications,3381682207.0,False,False,True,21.76,0.462,2.284,-9.55,-4.182,1240756.0,35820301.6,1.659,21.753,22.284,24.058,26.022,4.0,35.0,-8.954,-13.078,-21.17,-29.434
MWC,Micware Co. Ltd. American Depositary Shares,NASDAQ,Technology,EDP Services,103651063.0,False,True,False,1.57,-7.101,12.731,-0.431,-0.034,247898.0,331571.552,1.284,1.719,1.708,1.577,,,,10.563,-52.711,,-88.746
MWH,SOLV Energy Inc.,NASDAQ,Industrials,Military/Government/Technical,5110264731.0,False,True,True,25.09,-0.634,5.04,-7.002,-1.389,1710008.0,35368081.2,0.726,24.981,25.414,26.979,,,,1.661,-13.572,-13.183,-48.161
MWYN,Marwynn Holdings Inc. Common stock,NASDAQ,Consumer Discretionary,Food Distributors,22214284.0,False,True,False,1.26,14.545,12.614,25.887,2.052,231762.0,95260.181,0.717,1.088,1.07,1.001,0.882,2.0,76.0,-5.97,17.757,71.196,-12.5
MXCT,MaxCyte Inc.,NASDAQ,Health Care,Biotechnology: Commercial Physical & Biological Resarch,110430640.0,False,True,False,1.08,0.935,5.427,-10.396,-1.916,613414.0,407554.0,0.318,1.133,1.168,1.205,1.08,4.0,45.0,-14.286,-16.279,51.261,-42.091
MXL,MaxLinear Inc.,NASDAQ,Technology,Semiconductors,9607129723.0,False,True,False,105.49,-0.415,6.523,43.867,6.725,2952952.0,261943888.8,0.954,93.22,85.824,73.325,54.057,2.0,98.0,77.443,22.92,471.761,-17.779
MYE,Myers Industries Inc.,NYSE,Industrials,Plastic Products,1189859554.0,False,False,True,31.92,0.917,3.202,-1.045,-0.326,376742.0,9948238.825,0.647,31.401,31.38,32.257,25.199,2.0,88.0,3.546,6.081,53.137,-14.399
MYGN,Myriad Genetics Inc.,NASDAQ,Health Care,Biotechnology: In Vitro & In Vivo Diagnostic Substances,434249388.0,False,True,True,4.58,0.881,5.627,25.81,4.587,2280656.0,8867500.15,1.21,4.241,4.029,3.64,4.738,4.0,23.0,41.796,-21.843,-1.927,-46.682
MYI,Blackrock MuniYield Quality Fund III Inc,NYSE,Finance,Investment Bankers/Brokers/Service,1453409342.0,False,False,True,9.54,-2.354,1.691,-8.01,-4.738,472846.0,7696037.162,1.828,9.745,9.927,10.371,10.565,4.0,39.0,-8.731,-11.578,-6.812,-13.55
MYRG,MYR Group Inc.,NASDAQ,Industrials,Water Sewer Pipeline Comm & Power Line Construction,4745040323.0,False,True,True,302.65,-0.696,3.944,-1.466,-0.372,291868.0,70731348.6,0.651,294.847,294.102,307.154,329.685,1.0,70.0,6.529,-27.782,5.065,-39.899
MYSE,Myseum.AI Inc.,NASDAQ,Telecommunications,Telecommunications Equipment,8833931.0,False,True,False,1.71,0.588,9.594,-29.034,-3.026,105920.0,294909.294,0.195,1.853,2.055,2.41,2.105,1.0,26.0,-39.362,-26.609,11.765,-70.364
MYSZ,My Size Inc.,NASDAQ,Technology,Computer Software: Prepackaged Software,8685593.0,False,True,False,1.58,-1.863,13.816,-34.535,-2.5,930995.56,3889075.65,0.009,1.684,1.843,2.414,4.273,4.0,6.0,-33.333,-58.421,-69.141,-84.57
MZTI,The Marzetti Company,NASDAQ,Consumer Staples,Packaged Foods,2716273230.0,False,True,True,99.49,-0.04,3.081,-7.302,-2.37,388790.0,46759439.7,1.156,100.439,102.12,107.327,128.376,4.0,23.0,-4.919,-11.59,-29.079,-42.123
NA,Nano Labs Ltd Class A,NASDAQ,Technology,Semiconductors,51070998.0,False,True,False,2.14,-2.727,7.285,2.86,0.393,317502.0,119390.474,0.074,2.215,2.219,2.08,2.519,4.0,24.0,-4.464,18.232,-27.458,-64.154
NABL,N-able Inc.,NYSE,Technology,Computer Software: Prepackaged Software,799072592.0,False,False,True,4.46,5.437,5.471,10.785,1.972,2735616.0,12956223.525,0.697,4.189,4.095,4.026,4.747,4.0,27.0,11.779,1.826,-7.469,-48.941
NAGE,Niagen Bioscience Inc.,NASDAQ,Health Care, Medicinal Chemicals and Botanical Products ,220761546.0,False,True,True,2.68,-3.943,4.073,-13.493,-3.312,554500.0,1556986.7,1.56,2.869,2.953,3.098,4.293,4.0,13.0,-13.826,-22.319,-40.045,-66.289
NAKA,Nakamoto Inc.,NASDAQ,Health Care,Medical/Nursing Services,172865149.0,False,True,True,10.05,4.037,6.778,40.44,5.966,186200.0,2180534.162,1.543,9.518,9.007,7.156,8.833,3.0,94.0,20.939,151.88,14.726,-78.341
NAMI,Jinxin Technology Holding Company American Depositary Shares,NASDAQ,Real Estate,Other Consumer Services,8652130.0,False,True,False,2.15,-5.702,18.794,-13.803,-0.734,3145654.0,11447798.472,0.019,2.175,2.185,2.494,9.279,4.0,6.0,-1.826,-35.821,-83.493,-91.963
NAMM,Namib Minerals,NASDAQ,Basic Materials,Precious Metals,70374032.0,False,True,False,1.245,-1.19,11.857,-6.732,-0.568,1166830.0,2853060.086,1.03,1.203,1.244,1.335,1.935,4.0,43.0,-12.937,-25.449,-45.154,-83.221
NAMS,NewAmsterdam Pharma Company N.V.,NASDAQ,Health Care,Biotechnology: Pharmaceutical Preparations,2773262321.0,False,True,False,22.8,-1.724,5.968,-10.603,-1.777,1441784.0,46366050.9,0.82,23.302,23.591,25.504,31.101,4.0,24.0,-11.799,-38.362,-33.177,-45.978
NAN,Nuveen New York Quality Municipal Income Fund,NYSE,Finance,Investment Managers,2989903262.0,False,False,True,9.76,-1.314,1.812,-8.314,-4.587,121486.0,1755595.862,1.617,9.919,10.112,10.645,10.943,4.0,37.0,-8.866,-14.887,-9.985,-15.753
NATL,NCR Atleos Corporation,NYSE,Miscellaneous,Office Equipment/Supplies/Services,3356398742.0,False,False,True,45.5,0.176,1.291,-1.63,-1.263,729864.0,40590539.1,2.207,45.562,45.757,46.254,43.77,2.0,63.0,-0.263,1.381,3.786,-6.186
NATR,Nature's Sunshine Products Inc.,NASDAQ,Health Care,Biotechnology: Pharmaceutical Preparations,219064224.0,False,True,True,12.4,-0.402,3.248,-17.663,-5.438,177992.0,1645614.55,0.713,12.738,13.157,15.06,21.448,4.0,29.0,-10.145,-42.989,-49.594,-55.935
NAUT,Nautilus Biotechnology Inc.,NASDAQ,Industrials,Biotechnology: Laboratory Analytical Instruments,249420237.0,False,True,True,1.87,-4.592,10.498,81.065,7.722,2073894.0,8270051.847,14.059,1.439,1.253,1.033,2.072,4.0,95.0,103.261,10.651,-44.179,-56.613
NAVI,Navient Corporation,NASDAQ,Finance,Investment Bankers/Brokers/Service,861873379.0,False,True,True,9.04,-1.632,3.767,-0.924,-0.245,1324568.0,14280325.525,0.849,9.171,9.236,9.124,8.99,3.0,43.0,-3.004,10.122,12.437,-29.026
NAVN,Navan Inc.,NASDAQ,Technology,Computer Software: Prepackaged Software,5580596865.0,False,True,False,21.84,1.913,5.426,-14.621,-2.695,3444378.0,110710301.8,0.763,21.228,22.126,25.58,18.635,2.0,,-21.184,-19.853,73.333,-29.275
NB,NioCorp Developments Ltd.,NASDAQ,Basic Materials,Metal Mining,506098216.0,False,True,True,3.46,-0.288,5.393,-17.415,-3.229,3041676.0,8769564.9,0.72,3.532,3.674,4.19,5.156,4.0,18.0,-15.61,-22.072,-29.96,-72.496
NBBK,NB Bancorp Inc.,NASDAQ,Finance,Banks,988983319.0,False,True,True,22.41,-0.709,2.07,-0.983,-0.475,317080.0,6216815.662,0.687,22.458,22.522,22.632,21.199,2.0,73.0,-2.438,7.806,3.325,-4.229
NBHC,National Bank Holdings Corporation,NYSE,Finance,Major Banks,1695175159.0,False,False,True,37.79,-0.709,1.961,-8.712,-4.443,411452.0,20724123.35,2.555,39.21,39.976,41.396,40.939,1.0,44.0,-9.723,-13.989,-4.34,-19.446
NBIS,Nebius Group N.V. Class A,NASDAQ,Technology,Computer Software: Programming Data Processing,66009165483.0,False,True,False,232.57,-4.217,6.847,5.835,0.852,20573630.0,3593535155.2,0.729,233.859,230.071,219.748,168.498,2.0,91.0,10.416,19.151,106.655,-22.44
NBIX,Neurocrine Biosciences Inc.,NASDAQ,Health Care,Biotechnology: Biological Products (No Diagnostic Substances),14554129736.0,False,True,False,144.21,0.719,2.878,-6.975,-2.424,1330902.0,201078298.4,1.314,142.768,145.659,155.024,147.251,1.0,47.0,-8.93,-18.75,8.854,-22.518
NBN,Northeast Bank,NASDAQ,Finance,Major Banks,1031371800.0,False,True,True,125.83,-0.812,2.941,-3.358,-1.142,114316.0,15417755.75,0.667,127.085,128.464,130.203,121.859,2.0,68.0,-4.479,-5.149,7.73,-11.574
NBP,NovaBridge Biosciences American Depositary Shares,NASDAQ,Health Care,Biotechnology: Pharmaceutical Preparations,156342193.0,False,True,False,1.36,0.369,5.317,-19.631,-3.692,400604.0,897266.402,0.462,1.415,1.506,1.692,2.446,4.0,12.0,-24.444,-32.673,-43.802,-79.971
NBTB,NBT Bancorp Inc.,NASDAQ,Finance,Major Banks,2677501943.0,False,True,True,50.95,-1.126,1.749,-1.558,-0.891,335944.0,19232036.9,1.257,50.966,51.125,51.756,46.273,2.0,70.0,-1.317,3.465,18.479,-5.781
NBTX,Nanobiotix S.A. American Depositary Shares,NASDAQ,Health Care,Biotechnology: Pharmaceutical Preparations,1308303502.0,False,True,False,25.1,-2.524,9.432,-33.136,-3.513,153542.0,4850822.438,1.265,30.105,32.814,37.539,33.406,1.0,57.0,-37.25,-35.309,-23.382,-56.073
NCDL,Nuveen Churchill Direct Lending Corp.,NYSE,Unknown,Unknown,544245456.0,False,False,True,10.94,-0.726,2.421,-7.516,-3.105,198390.0,2784824.9,1.44,11.253,11.454,11.829,12.219,4.0,37.0,-10.041,-10.326,-11.755,-22.344
NCLH,Norwegian Cruise Line Holdings Ltd.,NYSE,Consumer Discretionary,Marine Transportation,6952103988.0,True,False,False,14.87,-1.783,3.973,-10.91,-2.746,17462652.0,305372691.2,1.235,14.703,14.931,16.691,19.407,4.0,21.0,-4.618,-21.03,-23.232,-40.828
NCMI,National CineMedia Inc.,NASDAQ,Consumer Discretionary,Advertising,198488635.0,False,True,True,2.14,1.422,6.599,-23.566,-3.571,1252470.0,3171268.188,1.516,2.202,2.303,2.8,3.324,4.0,16.0,-14.056,-43.979,-33.489,-51.824
NCNA,NuCana plc American Depositary Share,NASDAQ,Health Care,Biotechnology: Pharmaceutical Preparations,4536548.0,False,True,False,1.06,-2.752,11.74,-22.988,-1.958,140882.0,318299.147,0.499,1.213,1.277,1.376,1.983,4.0,10.0,-25.874,-23.741,-36.905,-85.319
NCNO,nCino Inc.,NASDAQ,Technology,Computer Software: Prepackaged Software,1975151730.0,False,True,True,19.28,3.212,4.816,-5.333,-1.107,2445502.0,46966840.4,0.678,19.272,19.873,20.366,18.68,3.0,41.0,-18.409,6.755,11.06,-29.891
NCPL,Netcapital Inc.,NASDAQ,Finance,Finance: Consumer Services,10987059.0,False,True,False,1.32,-5.714,20.572,111.817,5.435,25705178.24,20017508.575,0.02,1.214,1.018,0.623,0.598,3.0,96.0,109.857,129.565,248.285,-52.0
NCRA,Nocera Inc.,NASDAQ,Consumer Staples,Farming/Seeds/Milling,3873121.0,False,True,False,1.64,0.613,12.339,-17.18,-1.392,4370944.08,361028.85,0.002,1.765,1.846,1.98,8.191,4.0,5.0,-15.897,-18.0,-72.667,-97.722
NCT,Intercont (Cayman) Limited Class A Ordinary shares,NASDAQ,Consumer Discretionary,Restaurants,2056501.0,False,True,False,1.73,2.976,307.847,-97.011,-0.315,510181.28,8793202.317,0.714,4.403,15.648,57.88,83.361,4.0,3.0,-86.351,-97.589,-96.112,-99.831
NCTY,The9 Limited American Depository Shares,NASDAQ,Finance,Finance: Consumer Services,50401451.0,False,True,False,3.27,-0.909,12.365,-23.419,-1.894,264158.0,722238.944,0.538,3.477,3.72,4.27,5.278,4.0,11.0,-31.875,-33.401,-38.649,-71.81
NCV,Virtus Convertible & Income Fund Common Shares of Beneficial Interest,NYSE,Finance,Finance Companies,1368255835.0,False,False,True,15.05,-0.594,1.898,-7.331,-3.862,68216.0,1421010.406,1.183,15.284,15.573,16.241,15.761,1.0,51.0,-7.397,-10.157,2.417,-12.651
NCZ,Virtus Convertible & Income Fund II Common Shares of Beneficial Interest,NYSE,Finance,Finance Companies,1063337014.0,False,False,True,13.86,-0.787,2.498,-8.123,-3.252,53842.0,890287.033,0.886,14.2,14.504,15.085,14.392,1.0,53.0,-8.634,-9.088,5.216,-13.606
NDAQ,Nasdaq Inc.,NASDAQ,Finance,Investment Bankers/Brokers/Service,50492426013.0,True,True,False,92.19,2.059,2.358,-2.661,-1.129,3103914.0,311042216.8,1.18,92.292,92.971,94.71,90.096,2.0,62.0,-6.289,7.025,5.613,-8.51
NDLS,Noodles & Company,NASDAQ,Consumer Discretionary,Restaurants,79953244.0,False,True,False,13.08,-2.388,6.238,-12.795,-2.051,51218.0,359007.55,0.564,13.37,13.61,14.999,10.549,2.0,92.0,-9.167,1.317,57.59,-31.158
NDSN,Nordson Corporation,NASDAQ,Industrials,Industrial Machinery/Components,18577966536.0,True,True,False,334.43,0.267,1.816,5.968,3.287,376156.0,114315253.6,0.887,327.563,323.185,315.595,286.133,2.0,82.0,5.652,17.272,27.791,-1.087
NEE,NextEra Energy Inc.,NYSE,Utilities,Electric Utilities: Central,160265705797.0,True,False,False,76.28,-0.716,1.727,-7.525,-4.357,11681780.0,1009683881.6,1.114,76.982,78.529,82.487,86.298,4.0,44.0,-9.255,-13.13,-16.514,-21.604
NEGG,Newegg Commerce Inc. Common Shares,NASDAQ,Consumer Discretionary,Other Specialty Stores,240984630.0,False,True,False,11.94,3.916,8.225,-23.155,-2.815,63338.0,647412.453,0.641,12.889,13.708,15.538,30.551,4.0,13.0,-27.549,-20.08,-69.556,-87.6
NEM,Newmont Corporation,NYSE,Basic Materials,Precious Metals,121764678837.0,True,False,False,115.82,0.225,3.282,-1.975,-0.602,7386676.0,799277792.0,0.541,118.043,120.012,118.154,111.185,2.0,82.0,-11.201,22.092,3.104,-14.213
NEO,NeoGenomics Inc.,NASDAQ,Health Care,Precision Instruments,2372941377.0,False,True,True,19.13,3.573,4.48,10.517,2.347,2188626.0,40869255.3,0.936,18.72,18.512,17.31,12.362,2.0,94.0,9.565,31.931,138.529,-4.589
NEOG,Neogen Corporation,NASDAQ,Health Care,Biotechnology: In Vitro & In Vivo Diagnostic Substances,2649987961.0,False,True,True,13.01,7.078,4.395,8.665,1.972,3055966.0,60564331.6,1.685,12.849,12.705,11.973,10.022,2.0,93.0,11.77,38.552,36.088,-8.766
NEOV,NeoVolta Inc.,NASDAQ,Miscellaneous,Industrial Machinery/Components,179990403.0,False,True,True,2.96,-2.951,10.503,-5.428,-0.517,1741294.0,4868810.788,0.837,2.83,2.994,3.13,3.116,4.0,42.0,-22.513,22.822,-6.625,-58.485
NERV,Minerva Neurosciences Inc,NASDAQ,Health Care,Biotechnology: Pharmaceutical Preparations,156611994.0,False,True,False,3.32,1.22,8.301,-19.902,-2.397,190572.0,575205.677,0.38,3.42,3.647,4.145,5.052,4.0,79.0,-29.211,-30.398,-36.52,-73.355
NESR,National Energy Services Reunited Corp,NASDAQ,Energy,Oilfield Services/Equipment,2488012771.0,False,True,True,24.08,-2.392,6.623,-23.899,-3.608,2077946.0,65718139.0,1.434,27.586,29.647,31.642,25.078,1.0,90.0,-30.203,-13.288,13.639,-34.813
NEWT,NewtekOne Inc.,NASDAQ,Finance,Major Banks,322931293.0,False,True,True,11.15,-0.268,2.763,-10.144,-3.672,254124.0,2704249.519,0.687,11.273,11.502,12.409,12.556,1.0,46.0,-7.878,-20.698,-0.566,-27.724
NEXN,Nexxen International Ltd.,NASDAQ,Technology,Computer Software: Programming Data Processing,501730989.0,False,True,False,8.7,-1.249,4.04,-10.806,-2.675,487326.0,3893159.95,0.826,8.885,9.055,9.754,7.992,2.0,54.0,-9.469,-7.348,27.379,-23.009
NEXR,Nexera Technologies Ltd,NASDAQ,Consumer Discretionary,Other Specialty Stores,1644170.0,False,True,False,1.01,0.498,26.934,-53.47,-1.985,636011.28,1096992.7,0.154,1.305,1.525,2.171,35.318,4.0,1.0,-43.258,-83.92,-95.243,-99.879
NEXT,NextDecade Corporation,NASDAQ,Utilities,Oil & Gas Production,1724881606.0,False,True,True,6.57,1.389,5.035,-5.337,-1.06,2693602.0,17902335.4,0.741,6.579,6.77,6.94,6.848,1.0,50.0,-11.456,-15.877,-20.939,-28.896
NFE,New Fortress Energy Inc.,NASDAQ,Utilities,Oil/Gas Transmission,107233011.0,False,True,False,5.87,-10.654,18.179,115.524,6.355,1516594.0,4617262.4,0.651,6.471,5.836,2.724,1.311,2.0,99.0,2003.942,1503.825,878.333,-59.405
NFLX,Netflix Inc.,NASDAQ,Consumer Discretionary,Consumer Electronics/Video Chains,279233794673.0,True,True,False,67.5,0.656,2.823,-10.611,-3.759,33081682.08,2579287052.8,1.11,69.838,72.153,75.513,83.935,4.0,23.0,-18.35,-11.394,-31.77,-45.939
NGEN,NervGen Pharma Corp. Common stock,NASDAQ,Health Care,Biotechnology: Pharmaceutical Preparations,189414487.0,False,True,False,1.81,1.685,7.128,-6.532,-0.916,517752.0,1026354.858,0.852,1.896,1.965,1.937,3.201,4.0,70.0,-21.983,-9.95,-58.77,-71.27
NGNE,Neurogene Inc. Common Stock ,NASDAQ,Health Care,Biotechnology: Pharmaceutical Preparations,513291948.0,False,True,False,26.47,3.197,7.818,-23.486,-3.004,251950.0,10586081.375,0.841,28.531,30.826,34.595,27.258,1.0,65.0,-29.62,-28.071,29.311,-39.372
NGS,Natural Gas Services Group Inc.,NYSE,Energy,Oilfield Services/Equipment,427836113.0,False,False,True,33.58,1.236,3.487,-5.307,-1.522,123966.0,4313524.475,1.287,33.337,34.061,35.462,37.435,1.0,63.0,-5.859,-13.017,-10.57,-24.424
NGVC,Natural Grocers by Vitamin Cottage Inc.,NYSE,Consumer Staples,Food Chains,705441580.0,False,False,True,30.16,-1.47,3.472,3.237,0.933,152904.0,4700619.9,0.753,30.186,29.753,29.214,27.88,2.0,37.0,10.72,-10.131,15.552,-24.959
NGVT,Ingevity Corporation Common Stock ,NYSE,Industrials,Major Chemicals,2489305332.0,False,False,True,73.14,1.008,2.931,2.045,0.698,254396.0,19430009.7,1.171,71.561,70.997,71.675,70.31,2.0,69.0,4.74,-0.3,3.774,-7.756
NHC,National HealthCare Corporation,AMEX,Health Care,Hospital/Nursing Management,3565473186.0,False,False,True,230.37,1.19,2.79,3.044,1.091,108794.0,24464577.8,1.036,225.1,224.228,223.566,184.128,2.0,88.0,4.25,6.775,41.238,-3.439
NHI,National Health Investors Inc.,NYSE,Real Estate,Real Estate Investment Trusts,3227537722.0,False,False,True,65.02,-1.065,1.923,-7.799,-4.055,370008.0,28765410.0,1.45,65.949,67.099,70.52,75.436,4.0,35.0,-8.288,-14.694,-19.599,-26.138
NHP,National Healthcare Properties Inc.,NASDAQ,Real Estate,Real Estate Investment Trusts,1173039455.0,False,True,True,15.87,-1.367,3.404,-2.06,-0.605,638602.0,12491250.462,1.459,16.082,16.125,16.204,,,,-0.75,2.881,,-9.107
NI,NiSource Inc,NYSE,Utilities,Power Generation,18909054743.0,True,False,False,39.55,0.304,1.697,-4.738,-2.793,5733310.0,227009378.4,0.71,39.577,40.054,41.517,44.429,4.0,39.0,-5.065,-16.161,-15.01,-19.092
NIC,Nicolet Bankshares Inc.,NYSE,Finance,Major Banks,3488797189.0,False,False,True,164.62,-1.111,2.21,-3.461,-1.566,158308.0,27157407.4,1.017,165.618,166.957,170.522,152.621,2.0,68.0,-3.658,-0.127,10.677,-8.35
NICE,NICE Ltd American Depositary Shares,NASDAQ,Technology,Computer Software: Prepackaged Software,6766067762.0,False,True,False,115.83,1.694,4.349,10.609,2.439,576194.0,64695318.4,0.59,112.529,110.142,104.72,104.896,2.0,54.0,6.943,17.439,2.17,-17.909
NIE,Virtus Equity & Convertible Income Fund Common Shares of Beneficial Interest,NYSE,Finance,Investment Managers,689676139.0,False,False,True,24.83,-0.241,1.704,-2.312,-1.357,64194.0,2107652.144,2.093,25.035,25.154,25.418,24.611,2.0,56.0,-2.956,-3.325,9.734,-5.904
NIKI,Niki BioSolutions Inc.,NASDAQ,Industrials,Industrial Machinery/Components,13517675.0,False,True,False,4.729,2.804,10.778,-32.865,-3.049,123634.0,233752.867,0.03,4.848,5.276,7.044,8.502,4.0,8.0,-27.358,-38.584,-46.565,-81.741
NIQ,NIQ Global Intelligence plc,NYSE,Technology,Computer Software: Programming Data Processing,4908065577.0,False,False,True,17.32,4.087,3.834,4.36,1.137,1516318.0,22673693.15,2.428,17.42,17.57,16.596,12.992,2.0,88.0,-7.97,57.455,50.871,-12.037
NIU,Niu Technologies American Depositary Shares,NASDAQ,Industrials,Auto Manufacturing,147459845.0,False,True,False,1.94,3.191,5.065,-8.326,-1.644,206952.0,548161.948,0.78,1.95,1.99,2.116,2.719,4.0,17.0,-2.513,-7.619,-32.404,-65.785
NJR,NewJersey Resources Corporation,NYSE,Utilities,Oil/Gas Transmission,5234731334.0,False,False,True,50.89,-1.357,1.945,-5.259,-2.704,680906.0,41960377.5,1.669,51.285,51.859,53.715,53.041,1.0,54.0,-4.352,-10.593,-7.181,-15.573
NKE,Nike Inc.,NYSE,Consumer Discretionary,Shoe Manufacturing,50246101071.0,True,False,False,33.96,0.266,3.398,-11.95,-3.517,32960195.92,1653535676.8,2.108,35.235,36.08,38.569,47.717,4.0,17.0,-12.407,-20.573,-21.355,-53.089
NKLR,Terra Innovatum Global N.V. Ordinary shares,NASDAQ,Industrials,Metal Fabrications,387858187.0,False,True,False,3.44,-1.994,9.349,-31.652,-3.386,476738.0,2377235.306,0.36,3.629,4.028,5.033,5.156,4.0,,-31.474,-26.338,-23.894,-84.296
NKTR,Nektar Therapeutics,NASDAQ,Health Care,Biotechnology: Pharmaceutical Preparations,1487951679.0,False,True,True,42.22,-3.121,9.841,-38.732,-3.936,1083952.0,109580231.0,1.872,53.721,59.499,68.91,65.378,1.0,28.0,-44.717,-43.632,-43.496,-61.266
NKTX,Nkarta Inc.,NASDAQ,Health Care,Biotechnology: Pharmaceutical Preparations,184433837.0,False,True,True,2.53,-1.748,6.788,-2.497,-0.368,594830.0,1763746.941,0.878,2.657,2.707,2.595,2.535,1.0,55.0,-9.319,-25.148,7.203,-31.989
NMAD,Nomad Power Solutions Inc.,NASDAQ,Health Care,Biotechnology: Pharmaceutical Preparations,66336400.0,False,True,False,4.02,-2.427,8.176,2.499,0.306,263228.0,717979.75,0.675,3.839,3.812,3.922,4.25,4.0,45.0,9.836,-34.098,39.583,-52.029
NMAX,Newsmax Inc.,NYSE,Industrials,Broadcasting,1229609340.0,False,False,True,9.97,4.727,6.037,-0.792,-0.131,1178212.0,13346577.65,0.802,10.37,10.494,10.05,7.94,2.0,64.0,-8.195,14.073,81.603,-24.355
NMFC,New Mountain Finance Corporation,NASDAQ,Finance,Finance/Investors Services,655499587.0,False,True,True,6.85,-1.297,2.225,-3.878,-1.743,514912.0,3977920.388,1.423,6.973,7.024,7.126,7.383,4.0,40.0,-5.011,0.648,-9.266,-19.614
NMIH,NMI Holdings Inc.,NASDAQ,Finance,Property-Casualty Insurers,2920709154.0,False,True,True,39.39,1.442,2.933,-9.709,-3.311,575468.0,31918686.45,1.923,40.092,41.36,43.626,40.179,1.0,53.0,-13.219,-4.44,3.904,-15.725
NMRK,Newmark Group Inc.,NASDAQ,Finance,Real Estate,2292542132.0,False,True,True,12.58,-0.553,3.871,-13.938,-3.601,1740618.0,28836943.65,0.753,12.889,13.425,14.617,15.3,4.0,25.0,-15.655,-19.3,-13.582,-35.829
NMTC,NeuroOne Medical Technologies Corporation,NASDAQ,Health Care,Medical/Dental Instruments,10198455.0,False,True,False,1.115,-0.446,14.544,-30.745,-2.114,388446.0,243622.452,2.574,1.187,1.327,1.61,3.569,4.0,7.0,-32.831,-63.079,-77.61,-83.98
NN,NextNav Inc.,NASDAQ,Industrials,Industrial Machinery/Components,2359962542.0,False,True,True,13.32,-4.721,7.067,-13.547,-1.917,2652836.0,35839895.1,0.984,14.134,14.57,15.407,16.904,1.0,36.0,-15.267,-21.137,-19.807,-45.455
NNBR,NN Inc.,NASDAQ,Industrials,Industrial Machinery/Components,372439697.0,False,True,True,4.24,-5.987,7.293,17.075,2.341,2571316.0,10974916.55,1.24,3.874,3.731,3.622,2.49,2.0,95.0,22.543,21.49,188.435,-11.482
NNDM,Nano Dimension Ltd. American Depositary Shares,NASDAQ,Technology,Electrical Products,343667588.0,False,True,False,1.61,-1.227,2.778,2.751,0.99,1802656.0,2728779.975,0.941,1.59,1.578,1.567,1.665,4.0,62.0,0.625,10.274,-6.395,-30.603
NNE,Nano Nuclear Energy Inc.,NASDAQ,Utilities,Electric Utilities: Central,838765041.0,False,True,True,15.51,-0.704,6.267,-11.367,-1.814,1883404.0,32859020.5,1.168,16.078,16.538,17.499,23.326,4.0,14.0,-12.125,-17.828,-27.894,-74.519
NNI,Nelnet Inc.,NYSE,Finance,Finance: Consumer Services,4431998985.0,False,False,True,125.01,0.92,1.83,-2.22,-1.213,140738.0,18426447.0,1.082,124.538,125.261,127.848,130.731,4.0,45.0,-1.776,-5.582,-4.399,-12.967
NNNN,Anbio Biotechnology Class A,NASDAQ,Health Care,Biotechnology: In Vitro & In Vivo Diagnostic Substances,798596160.0,False,True,False,4.83,-12.973,14.742,-37.156,-2.52,176460.0,1188221.306,0.609,5.81,6.149,7.686,20.147,4.0,7.0,-26.818,-58.718,-81.526,-90.59
NOC,Northrop Grumman Corporation,NYSE,Industrials,Industrial Machinery/Components,67906126428.0,True,False,False,476.11,-0.395,2.407,-11.096,-4.61,794874.0,497175286.4,1.51,494.741,507.501,535.533,593.414,4.0,34.0,-9.869,-12.889,-30.959,-37.935
NOG,Northern Oil and Gas Inc.,NYSE,Energy,Oil & Gas Production,2539065720.0,False,False,True,24.03,0.839,3.496,1.072,0.307,2255900.0,52393046.8,0.838,23.553,23.845,23.775,23.109,2.0,81.0,-5.349,32.603,-11.857,-18.3
NOMA,NOMADAR Corp.,NASDAQ,Consumer Discretionary,Services-Misc. Amusement & Recreation,29726464.0,False,True,False,1.79,-7.969,13.578,-19.037,-1.402,54624.0,55796.05,0.595,1.712,1.754,2.211,3.594,4.0,,-13.942,-46.567,-60.222,-87.647
NOVT,Novanta Inc.,NASDAQ,Miscellaneous,Industrial Machinery/Components,5645058528.0,False,True,False,150.61,0.898,3.659,2.207,0.603,385452.0,51916296.2,0.87,144.527,143.795,147.357,140.521,2.0,77.0,2.289,1.867,28.826,-14.61
NOW,ServiceNow Inc.,NYSE,Technology,Computer Software: Prepackaged Software,138948920000.0,True,False,False,136.08,1.265,4.318,4.729,1.095,17272566.0,1577071382.4,0.453,135.454,135.247,129.935,115.663,3.0,55.0,-6.532,22.894,32.865,-29.48
NP,Neptune Insurance Holdings Inc.,NYSE,Finance,Specialty Insurers,3764303659.0,False,False,True,27.12,-1.13,4.816,-12.994,-2.698,573784.0,16368052.7,0.756,27.826,28.878,31.17,27.43,1.0,40.0,-18.802,-19.74,4.67,-22.845
NPB,Northpointe Bancshares Inc.,NYSE,Finance,Major Banks,530831275.0,False,False,True,15.36,0.065,2.75,-8.133,-2.958,229354.0,4650450.562,0.933,15.363,15.809,16.72,17.482,4.0,35.0,-10.75,-16.182,-12.989,-21.965
NPCE,Neuropace Inc.,NASDAQ,Health Care,Medical/Dental Instruments,435918280.0,False,True,True,13.22,4.094,4.505,-7.257,-1.611,175000.0,1881881.1,0.854,13.621,13.926,14.254,15.301,4.0,60.0,-10.373,-25.73,-9.452,-32.551
NPK,National Presto Industries Inc.,NYSE,Industrials,Ordnance And Accessories,1075619379.0,False,False,True,151.85,0.743,2.91,5.052,1.736,103486.0,16909852.5,1.116,149.226,148.724,144.548,132.837,2.0,82.0,4.941,22.233,8.457,-3.996
NPKI,NPK International Inc.,NYSE,Industrials,Misc Corporate Leasing Services,1001087650.0,False,False,True,11.81,0.17,3.386,-9.166,-2.707,839882.0,9838453.875,0.929,11.855,12.21,13.002,13.99,1.0,47.0,-9.985,-13.921,-18.043,-28.424
NPWR,NET Power Inc.,NYSE,Energy,Industrial Machinery/Components,312553400.0,False,False,True,1.29,-7.194,8.028,-22.994,-2.864,758296.0,968915.05,0.909,1.512,1.611,1.675,1.877,4.0,16.0,-29.121,-20.37,-16.234,-75.192
NRC,NRC Health,NASDAQ,Health Care,Biotechnology: Commercial Physical & Biological Resarch,450133168.0,False,True,True,20.78,2.113,4.654,-0.326,-0.07,127036.0,2746675.3,0.927,20.8,20.89,20.848,18.691,2.0,82.0,-1.437,-8.016,21.807,-11.551
NRDS,NerdWallet Inc.,NASDAQ,Technology,EDP Services,551656992.0,False,True,True,8.83,2.318,3.712,-5.872,-1.582,730672.0,7109215.5,0.996,8.707,8.905,9.381,10.181,4.0,36.0,-10.898,-7.053,-16.224,-45.628
NREF,NexPoint Real Estate Finance Inc.,NYSE,Real Estate,Real Estate Investment Trusts,297987338.0,False,False,True,15.47,-2.151,3.094,-6.141,-1.985,59578.0,1310512.162,0.891,15.796,16.033,16.482,14.465,2.0,67.0,-9.764,-1.51,23.252,-13.534
NRG,NRG Energy Inc.,NYSE,Utilities,Electric Utilities: Central,20018344296.0,True,False,False,96.8,1.649,4.185,-14.551,-3.477,2974774.0,299970578.4,1.083,98.575,102.578,113.284,139.84,4.0,19.0,-13.448,-29.611,-34.953,-48.704
NRGV,Energy Vault Holdings Inc.,NYSE,Miscellaneous,Industrial Machinery/Components,716447906.0,False,False,True,3.87,-1.777,7.465,3.167,0.424,4522354.0,18035093.6,0.884,4.058,4.072,3.751,4.121,1.0,75.0,2.111,2.111,22.857,-41.761
NRIM,Northrim BanCorp Inc,NASDAQ,Finance,Savings Institutions,550780406.0,False,True,True,24.67,-0.363,2.382,-4.316,-1.812,142824.0,3976578.0,0.776,24.735,25.037,25.783,25.144,1.0,61.0,-4.382,-8.402,4.297,-18.381
NRIX,Nurix Therapeutics Inc. Common stock,NASDAQ,Health Care,Biotechnology: Pharmaceutical Preparations,2385940892.0,False,True,True,22.88,-0.478,4.23,-9.484,-2.242,1286886.0,37122003.5,0.782,23.667,24.292,25.277,19.609,2.0,93.0,-9.637,-6.23,44.902,-18.951
NRSN,NeuroSense Therapeutics Ltd.,NASDAQ,Health Care,Biotechnology: Pharmaceutical Preparations,7464309.0,False,True,False,4.03,2.414,17.604,94.002,5.34,353422.0,145689.606,0.035,4.757,4.308,2.077,1.133,2.0,99.0,902.488,469.209,428.871,-46.267
NRXP,NRX Pharmaceuticals Inc.,NASDAQ,Health Care,Biotechnology: Pharmaceutical Preparations,125774203.0,False,True,False,2.87,-1.205,5.855,-13.264,-2.265,915094.0,2261909.869,0.738,2.988,3.123,3.309,2.942,1.0,43.0,-16.327,-31.01,27.556,-43.225
NSC,Norfolk Southern Corporation,NYSE,Industrials,Railroads,71299681925.0,True,False,False,316.23,-0.381,1.71,-4.266,-2.494,1151506.0,332823258.4,0.651,314.515,318.012,330.323,309.731,2.0,57.0,-3.538,-1.629,10.694,-11.466
NSIT,Insight Enterprises Inc.,NASDAQ,Consumer Discretionary,Catalog/Specialty Distribution,4715186241.0,False,True,True,159.39,-0.79,3.544,5.355,1.511,381800.0,61404973.4,0.922,158.634,157.457,151.288,104.972,2.0,91.0,0.151,42.135,131.335,-5.407
NSLR,Neostellar Capital Corp.,NASDAQ,Finance,Finance: Consumer Services,196960772.0,False,True,True,7.5,0.806,5.131,-20.591,-4.013,351658.0,4411939.406,0.82,7.794,8.251,9.445,10.773,4.0,28.0,-25.075,-34.441,-32.249,-49.933
NSP,Insperity Inc.,NYSE,Consumer Discretionary,Professional Services,1775316150.0,False,False,True,47.56,2.324,4.574,-5.852,-1.28,473042.0,23050778.9,0.96,47.873,48.737,50.516,37.668,2.0,71.0,-8.221,5.646,75.176,-13.915
NSSC,NAPCO Security Technologies Inc.,NASDAQ,Telecommunications,Telecommunications Equipment,1293744366.0,False,True,True,36.22,0.138,2.891,-1.761,-0.609,393448.0,12467532.425,1.05,35.921,36.006,36.869,39.275,4.0,39.0,-1.77,-5.223,-9.183,-29.7
NTAP,NetApp Inc.,NASDAQ,Technology,Electronic Components,44443728261.0,True,True,False,223.77,-1.105,3.859,15.673,4.061,2529048.0,518619182.4,1.331,210.774,203.466,193.45,138.851,2.0,92.0,20.709,35.39,122.448,-3.506
NTCT,NetScout Systems Inc.,NASDAQ,Technology,EDP Services,2978091500.0,False,True,True,41.2,0.586,2.512,5.55,2.209,613840.0,25556930.95,1.262,39.958,39.405,39.034,35.23,2.0,78.0,9.867,-2.761,27.239,-9.011
NTES,NetEase Inc. American Depositary Shares,NASDAQ,Technology,Computer Software: Prepackaged Software,74794995187.0,False,True,False,119.38,1.851,2.253,-2.508,-1.113,726798.0,78121383.6,0.991,119.063,119.197,122.45,121.713,4.0,35.0,1.991,-8.377,7.049,-21.842
NTGR,NETGEAR Inc.,NASDAQ,Utilities,Telecommunications Equipment,640337735.0,False,True,True,22.94,-2.632,3.374,2.113,0.626,347096.0,7373426.675,0.782,22.557,22.309,22.465,23.088,4.0,36.0,8.772,6.946,-2.59,-37.765
NTHI,NeOnc Technologies Holdings Inc.,NASDAQ,Health Care,Biotechnology: Pharmaceutical Preparations,89000624.0,False,True,False,2.92,-2.341,13.011,-24.264,-1.865,216446.0,737799.331,0.911,3.197,3.425,3.856,6.019,4.0,9.0,-39.04,-32.874,-49.129,-77.521
NTLA,Intellia Therapeutics Inc.,NASDAQ,Health Care,Biotechnology: In Vitro & In Vivo Diagnostic Substances,1717953256.0,False,True,True,12.75,3.997,5.424,5.747,1.06,3830248.0,55849941.5,1.296,12.198,12.186,12.057,12.872,1.0,32.0,0.552,-26.85,-4.135,-54.867
NTNX,Nutanix Inc.,NASDAQ,Technology,Computer Software: Prepackaged Software,19559518240.0,False,True,False,73.41,1.549,2.719,10.67,3.925,2594552.0,167754729.2,1.3,70.71,69.465,66.332,50.638,2.0,80.0,7.829,36.551,85.754,-5.764
NTRA,Natera Inc.,NASDAQ,Health Care,Medical Specialities,59149560160.0,False,True,False,425.64,3.726,3.245,27.307,8.414,1466296.0,661614501.6,1.379,404.371,384.245,334.343,250.043,2.0,95.0,29.899,51.328,107.761,-0.428
NTRB,Nutriband Inc.,NASDAQ,Health Care,Industrial Specialties,88493372.0,False,True,False,7.47,2.61,10.359,44.346,4.281,74544.0,1077599.138,0.26,7.551,7.107,5.175,4.207,2.0,96.0,32.682,146.535,100.268,-18.672
NTRP,NextTrip Inc.,NASDAQ,Consumer Discretionary,Transportation Services,29417897.0,False,True,False,1.92,-1.538,8.239,19.366,2.351,82162.0,164596.4,1.106,1.88,1.795,1.608,2.464,4.0,28.0,37.143,-5.419,-48.936,-63.077
NTRS,Northern Trust Corporation,NASDAQ,Finance,Major Banks,31358598924.0,True,True,False,170.67,-0.426,2.184,-6.069,-2.778,1021100.0,187775096.0,0.974,172.904,175.871,181.698,161.668,2.0,67.0,-8.522,-5.466,20.201,-12.414
NTSK,Netskope Inc.,NASDAQ,Technology,Computer Software: Prepackaged Software,7252432527.0,False,True,False,18.42,3.775,5.116,19.783,3.867,5641818.0,121676886.2,0.566,17.763,17.168,15.378,12.78,3.0,84.0,28.452,52.863,94.099,-26.261
NTST,NetSTREIT Corp.,NYSE,Real Estate,Real Estate Investment Trusts,1778770525.0,False,False,True,17.44,-0.457,2.259,-11.732,-5.194,1657438.0,32005869.05,1.16,17.904,18.437,19.758,19.477,1.0,41.0,-14.635,-19.695,-7.433,-21.518
NTWK,NetSol Technologies Inc. Common  Stock,NASDAQ,Technology,Computer Software: Prepackaged Software,71117780.0,False,True,False,6.17,3.697,5.029,40.4,8.034,51192.0,649982.144,6.735,5.415,4.989,4.395,3.898,2.0,88.0,50.488,35.307,82.544,-3.292
NTWO,Newbury Street II Acquisition Corp Class A,NASDAQ,Unknown,Unknown,0.0,False,True,False,10.85,0.37,0.873,-0.611,-0.7,403500.0,2580533.648,0.64,10.852,10.883,10.917,10.65,2.0,56.0,-0.641,1.118,3.137,-10.626
NUAI,New Era Energy & Digital Inc.,NASDAQ,Energy,Oil & Gas Production,670258242.0,False,True,True,6.05,-3.816,9.893,8.334,0.842,6860114.0,58870671.6,1.015,6.465,6.294,5.585,5.017,2.0,96.0,14.801,38.761,44.391,-35.945
NUCL,Eagle Nuclear Energy Corp. Common stock,NASDAQ,Basic Materials,Other Metals and Minerals,175408202.0,False,True,True,6.25,5.396,6.293,-6.429,-1.022,337034.0,1681314.475,0.414,6.21,6.332,6.679,,,,-8.088,-15.655,-12.709,-56.048
NUE,Nucor Corporation,NYSE,Industrials,Steel/Iron Ore,54538643754.0,True,False,False,251.41,4.584,3.212,-1.532,-0.477,1407780.0,324815862.4,1.127,243.87,246.964,255.321,214.059,2.0,87.0,-3.986,10.811,48.963,-10.033
NUS,Nu Skin Enterprises Inc.,NYSE,Health Care,Other Pharmaceuticals,224399283.0,False,False,True,4.63,0.434,3.574,-3.722,-1.041,553948.0,2481928.675,0.828,4.62,4.663,4.809,6.752,4.0,17.0,-1.489,-9.309,-37.02,-60.126
NUTX,Nutex Health Inc.,NASDAQ,Consumer Discretionary,Business Services,1482586155.0,False,True,True,225.0,3.926,4.666,18.877,4.046,159892.0,34105224.0,0.978,213.722,208.385,189.272,147.417,2.0,93.0,13.82,19.745,123.547,-0.292
NUVB,Nuvation Bio Inc.,NYSE,Health Care,Biotechnology: Pharmaceutical Preparations,1804773418.0,False,False,True,4.95,-3.697,6.291,-21.638,-3.44,5379122.0,31308047.1,1.852,5.512,5.788,6.317,5.759,4.0,88.0,-26.883,-12.698,11.236,-49.231
NVAX,Novavax Inc.,NASDAQ,Health Care,Biotechnology: Biological Products (No Diagnostic Substances),1725332294.0,False,True,True,12.56,20.076,5.952,36.563,6.143,4808116.0,68048437.2,5.951,10.891,10.442,9.197,8.917,2.0,86.0,21.47,32.77,57.591,-6.199
NVCR,NovoCure Limited,NASDAQ,Health Care,Medical/Dental Instruments,1739700850.0,False,True,False,15.2,1.74,4.809,-8.46,-1.759,1276554.0,19203819.0,1.398,15.769,16.104,16.605,14.726,2.0,61.0,-13.832,-14.221,44.076,-29.141
NVCT,Nuvectis Pharma Inc.,NASDAQ,Health Care,Biotechnology: Pharmaceutical Preparations,714900327.0,False,True,True,21.39,-2.418,7.231,-1.856,-0.257,213962.0,4679885.088,0.908,21.377,21.704,21.795,13.538,2.0,96.0,-12.228,11.406,179.608,-26.934
NVDA,NVIDIA Corporation,NASDAQ,Technology,Semiconductors,5638195000000.0,True,True,False,238.9,2.116,2.478,9.204,3.714,122068983.36,24589363507.2,1.037,229.816,226.192,218.765,200.687,2.0,78.0,4.691,21.448,34.793,-0.5
NVEC,NVE Corporation,NASDAQ,Technology,Semiconductors,538957036.0,False,True,True,114.13,2.432,3.759,3.986,1.061,143038.0,10425444.7,0.632,109.568,107.449,109.755,86.428,2.0,89.0,15.797,24.954,65.766,-14.726
NVMI,Nova Ltd.,NASDAQ,Technology,Electronic Components,12589870869.0,False,True,False,392.86,-0.823,3.611,4.092,1.133,540270.0,189782588.0,0.448,380.405,374.444,377.416,443.399,1.0,59.0,11.386,-12.0,-11.826,-36.223
NVST,Envista Holdings Corporation,NYSE,Health Care,Medical/Dental Instruments,3768091453.0,False,False,True,23.34,-0.512,3.095,-11.297,-3.65,2907324.0,75918819.4,0.929,23.682,24.359,26.313,25.669,1.0,52.0,-15.404,-13.97,-9.57,-23.274
NVTS,Navitas Semiconductor Corporation,NASDAQ,Technology,Semiconductors,3237559251.0,False,True,True,12.34,-0.484,6.657,2.365,0.355,14243632.0,169775601.6,1.21,11.991,11.905,12.055,13.229,1.0,76.0,11.171,-11.794,39.672,-63.886
NWBI,Northwest Bancshares Inc.,NASDAQ,Finance,Major Banks,2224714063.0,False,True,True,15.04,-0.987,1.831,-2.449,-1.337,1023160.0,17826535.15,1.002,15.111,15.206,15.418,13.683,2.0,70.0,-3.03,1.336,18.122,-5.75
NWCL,newcleo plc,NASDAQ,Industrials,Metal Fabrications,4069937651.0,False,True,False,8.53,6.758,7.182,-14.111,-1.965,460996.0,8296445.528,0.45,8.152,8.66,9.931,10.411,4.0,31.0,-19.604,-21.382,-17.664,-26.466
NWE,NorthWestern Energy Group Inc.,NASDAQ,Utilities,Power Generation,4261341470.0,False,True,True,68.76,-0.736,2.141,-1.427,-0.667,419962.0,34847672.6,2.04,68.801,69.068,69.756,68.325,2.0,66.0,-3.018,-1.897,2.875,-6.799
NWGL,CL Workshop Group Limited American Depositary Shares,NASDAQ,Basic Materials,Forest Products,41548558.0,False,True,False,1.25,-13.194,15.769,43.424,2.754,2054528.0,1188108.905,0.047,1.373,1.299,0.872,0.903,2.0,98.0,21.359,334.028,47.406,-36.869
NWL,Newell Brands Inc.,NASDAQ,Industrials,Plastic Products,2299860000.0,False,True,True,5.48,1.481,4.424,-5.165,-1.168,7735134.0,32921164.3,0.601,5.463,5.576,5.778,4.578,2.0,70.0,-9.72,0.052,61.998,-22.26
NWN,Northwest Natural Holding Company,NYSE,Utilities,Oil/Gas Transmission,1994391830.0,False,False,True,47.19,-0.401,1.755,-3.987,-2.272,243226.0,14033538.05,1.205,47.259,47.78,49.15,49.263,1.0,58.0,-4.454,-4.317,-11.813,-14.081
NWPX,NWPX Infrastructure Inc.,NASDAQ,Industrials,Steel/Iron Ore,1021447040.0,False,True,True,105.6,-0.368,3.164,-4.909,-1.551,161510.0,13597057.55,0.692,104.094,104.891,111.052,98.438,2.0,86.0,-4.296,-22.015,34.642,-30.54
NWS,News Corporation,NASDAQ,Consumer Discretionary,Newspapers/Magazines,17105115995.0,True,True,False,32.0,1.106,2.382,-2.908,-1.221,1165586.0,38606818.1,0.79,31.952,32.357,32.959,30.079,2.0,56.0,-7.557,5.337,14.059,-10.245
NWSA,News Corporation,NASDAQ,Consumer Discretionary,Newspapers/Magazines,15505395826.0,True,True,False,28.95,0.906,2.438,-1.275,-0.523,4121550.0,132419787.6,0.87,28.891,29.154,29.324,26.466,2.0,60.0,-6.147,7.903,18.706,-8.252
NWTG,Newton Golf Company Inc.,NASDAQ,Consumer Discretionary,Recreational Games/Products/Toys,6898463.0,False,True,False,1.13,-7.377,11.497,-4.738,-0.412,71948.0,107431.786,1.74,1.114,1.134,1.186,1.288,4.0,63.0,-13.077,41.25,-23.649,-42.64
NX,Quanex Building Products Corporation,NYSE,Industrials,Metal Fabrications,870697952.0,False,False,True,18.91,-0.474,5.065,-5.736,-1.133,403700.0,9851612.5,1.269,19.375,19.717,20.061,18.634,2.0,77.0,1.185,14.352,7.448,-18.635
NXDR,Nextdoor Holdings Inc.,NYSE,Technology,Computer Software: Programming Data Processing,943910101.0,False,False,True,2.47,1.23,4.314,2.985,0.692,2215454.0,5575084.95,0.689,2.451,2.429,2.398,2.015,2.0,77.0,9.778,10.762,75.177,-33.602
NXDT,NexPoint Diversified Real Estate Trust,NYSE,Real Estate,Real Estate Investment Trusts,281461943.0,False,False,True,5.16,-2.642,3.55,0.183,0.051,180708.0,813325.728,0.772,5.233,5.248,5.151,4.72,2.0,80.0,-4.776,-2.449,18.623,-12.778
NXH,Neighborhood Intelligence Inc.,NASDAQ,Consumer Discretionary,Catalog/Specialty Distribution,263573605.0,False,True,True,2.06,-25.362,12.389,-47.956,-3.871,2512410.0,9795340.75,4.647,2.903,3.216,3.958,5.136,4.0,7.0,-47.044,-63.016,-55.889,-83.715
NXL,Nexalin Technology Inc.,NASDAQ,Health Care,Biotechnology: Electromedical & Electrotherapeutic Apparatus,4752462.0,False,True,False,5.43,-5.236,21.465,-28.907,-1.347,1284948.7,24071892.665,0.254,5.257,5.493,7.638,12.643,4.0,7.0,1.306,-50.138,-49.722,-90.95
NXP,Nuveen Select Tax Free Income Portfolio,NYSE,Finance,Trusts Except Educational Religious and Charitable,621960212.0,False,False,True,13.04,-1.881,1.643,-5.816,-3.54,223040.0,4543153.331,1.432,13.257,13.416,13.845,13.936,4.0,43.0,-7.151,-8.081,-4.708,-9.744
NXPI,NXP Semiconductors N.V.,NASDAQ,Technology,Semiconductors,61442322637.0,True,True,False,241.97,-0.694,2.989,4.589,1.535,3749546.0,817677580.8,0.505,237.483,234.388,231.352,243.83,1.0,54.0,8.031,-11.016,23.748,-28.259
NXRT,NexPoint Residential Trust Inc.,NYSE,Real Estate,Real Estate Investment Trusts,477015009.0,False,False,True,18.61,-0.321,4.013,-18.4,-4.585,583514.0,20216412.8,1.337,19.607,20.568,22.806,25.885,4.0,21.0,-19.614,-34.169,-20.092,-37.975
NXST,Nexstar Media Group Inc.,NASDAQ,Industrials,Broadcasting,4788226141.0,False,True,True,156.66,0.798,3.777,-11.5,-3.045,356716.0,67182673.2,1.087,160.467,164.494,177.017,193.366,4.0,34.0,-11.825,-11.816,-14.14,-37.106
NXT,Nextpower Inc.,NASDAQ,Technology,Semiconductors,12790798536.0,False,True,False,82.97,-1.578,4.668,-6.104,-1.308,2372394.0,171594432.0,0.773,81.282,82.265,88.364,107.725,4.0,43.0,-0.635,-23.776,-23.219,-49.139
NXTC,NextCure Inc.,NASDAQ,Health Care,Biotechnology: Pharmaceutical Preparations,23298757.0,False,True,False,5.05,-0.786,13.118,-17.738,-1.352,224138.0,568967.85,0.065,5.208,5.577,6.139,8.493,4.0,98.0,-35.587,183.708,-54.216,-67.916
NXTS,Nexentis Technologies Inc.,NASDAQ,Industrials,Agricultural Chemicals,2165466.0,False,True,False,1.38,-7.383,11.507,-17.823,-1.549,54068.0,57144.525,0.065,1.437,1.501,1.679,5.334,4.0,3.0,-17.857,-64.341,-67.681,-97.184
NXTT,Next Technology Holding Inc.,NASDAQ,Technology,EDP Services,8263317.0,False,True,False,5.13,-8.556,24.713,-56.504,-2.286,200125.26,275818.126,0.165,5.471,6.466,11.794,219.569,4.0,1.0,-13.491,-95.539,-97.422,-99.82
NYXH,Nyxoah SA,NASDAQ,Health Care,Medical/Dental Instruments,136099028.0,False,True,False,1.41,3.676,6.901,-6.387,-0.926,313042.0,291889.4,0.611,1.407,1.446,1.506,2.853,4.0,12.0,-19.886,-16.071,-59.714,-79.491
O,Realty Income Corporation,NYSE,Real Estate,Real Estate Investment Trusts,51218782126.0,True,False,False,53.77,-0.665,1.569,-10.296,-6.561,6733826.0,514935857.6,1.218,54.874,56.309,59.942,60.425,1.0,39.0,-12.477,-14.852,-10.696,-18.834
OABI,OmniAb Inc.,NASDAQ,Health Care,Biotechnology: Commercial Physical & Biological Resarch,708051238.0,False,True,True,4.92,1.027,5.938,25.341,4.267,1664604.0,5939980.638,0.73,4.801,4.63,3.925,2.431,2.0,97.0,3.579,112.069,219.481,-9.392
OBDC,Blue Owl Capital Corporation,NYSE,Finance,Diversified Financial Services,5079368461.0,False,False,True,10.17,-1.262,2.017,-6.211,-3.08,3740988.0,36855845.3,1.338,10.463,10.608,10.844,10.702,4.0,43.0,-7.994,-3.15,-2.276,-15.273
OBIO,Orchestra BioMed Holdings Inc.,NASDAQ,Health Care, Medicinal Chemicals and Botanical Products ,357625042.0,False,True,True,6.03,1.345,5.899,16.044,2.72,322642.0,2260582.056,0.883,6.042,5.879,5.196,4.406,2.0,94.0,27.215,52.273,42.217,-7.231
OBK,Origin Bancorp Inc.,NYSE,Finance,Major Banks,1654159734.0,False,False,True,53.12,-0.932,1.867,-0.985,-0.527,175724.0,9123141.975,1.148,53.133,53.29,53.648,46.728,2.0,80.0,-2.263,4.003,26.452,-3.97
OBT,Orange County Bancorp Inc.,NASDAQ,Finance,Major Banks,505882444.0,False,True,True,37.58,-0.398,2.867,-1.183,-0.413,52508.0,2283922.375,1.087,37.544,37.693,38.03,34.354,2.0,80.0,-1.675,3.472,14.376,-5.843
OCC,Optical Cable Corporation,NASDAQ,Industrials,Telecommunications Equipment,161278518.0,False,True,True,16.99,-6.853,6.686,15.185,2.271,237998.0,4074842.95,0.759,16.135,15.377,14.75,11.397,2.0,94.0,29.596,13.116,79.979,-39.278
OCCI,OFS Credit Company Inc.,NASDAQ,Finance,Trusts Except Educational Religious and Charitable,25904817.0,False,True,False,2.19,-1.794,3.849,-9.63,-2.502,191424.0,376436.245,1.155,2.274,2.335,2.423,2.898,4.0,20.0,-15.071,-11.767,-17.523,-50.387
OCFC,OceanFirst Financial Corp.,NASDAQ,Finance,Major Banks,1621706775.0,False,True,True,16.82,0.238,2.382,-9.58,-4.022,1003618.0,19326259.25,0.835,16.989,17.471,18.602,18.416,4.0,45.0,-12.759,-10.364,-6.708,-16.404
OCG,Oriental Culture Holding LTD,NASDAQ,Consumer Discretionary,Other Consumer Services,3353280.0,False,True,False,1.65,-4.624,7.858,1.818,0.231,108914.0,96690.4,1.388,1.59,1.581,1.621,6.186,4.0,5.0,0.0,1.227,-14.33,-99.987
OCGN,Ocugen Inc.,NASDAQ,Health Care,Biotechnology: Biological Products (No Diagnostic Substances),345892609.0,False,True,True,1.04,1.961,6.471,-14.371,-2.221,6097354.0,9764136.7,0.9,1.036,1.077,1.215,1.492,4.0,20.0,-22.963,-30.667,-41.243,-61.835
OCS,Oculis Holding AG Ordinary shares,NASDAQ,Health Care,Biotechnology: Pharmaceutical Preparations,537663877.0,False,True,False,8.56,-1.947,6.285,-24.987,-3.976,250300.0,2643868.706,0.967,9.235,9.907,11.411,20.061,4.0,19.0,-29.663,-36.873,-67.502,-75.17
OCSL,Oaktree Specialty Lending Corporation,NASDAQ,Finance,Finance: Consumer Services,1048658151.0,False,True,True,11.83,-0.672,2.0,-3.942,-1.971,511428.0,5601616.812,0.783,12.042,12.183,12.316,11.571,3.0,53.0,-7.499,0.959,7.535,-8.887
OCTV,Octave Intelligence plc Class B,NASDAQ,Technology,Computer Software: Prepackaged Software,5108371106.0,False,True,True,20.11,5.675,4.044,6.916,1.71,2464112.0,56964966.4,0.779,19.134,18.977,18.809,,,,0.651,15.575,,-32.967
OCUL,Ocular Therapeutix Inc.,NASDAQ,Health Care,Biotechnology: Pharmaceutical Preparations,1528526441.0,False,True,True,7.25,4.167,8.512,-25.535,-3.0,2913648.0,32892402.0,1.928,8.184,8.962,9.736,9.591,4.0,24.0,-31.861,-29.816,-10.161,-55.9
ODC,Oil-Dri Corporation Of America,NYSE,Consumer Discretionary,Miscellaneous manufacturing industries,1299024116.0,False,False,True,87.89,-1.974,3.065,-3.57,-1.165,120956.0,10551645.025,1.877,89.65,89.617,91.143,76.915,2.0,77.0,-1.402,-12.613,30.114,-17.668
ODD,ODDITY Tech Ltd. Class A,NASDAQ,Consumer Discretionary,Package Goods/Cosmetics,1070811347.0,False,True,False,19.59,3.651,6.448,25.543,3.961,1210406.0,33207675.25,0.973,18.551,17.787,15.604,19.196,3.0,24.0,38.641,11.815,29.649,-67.809
ODFL,Old Dominion Freight Line Inc.,NASDAQ,Industrials,Trucking Freight/Courier Services,37423723139.0,True,True,False,179.37,-0.615,2.915,-8.171,-2.803,1796734.0,327312878.4,1.159,177.842,180.507,195.33,199.432,1.0,61.0,-3.435,-16.64,-11.032,-28.719
ODTX,Odyssey Therapeutics Inc.,NASDAQ,Health Care,Biotechnology: Biological Products (No Diagnostic Substances),996012972.0,False,True,True,20.84,0.531,9.352,-7.69,-0.822,256652.0,9365022.0,0.669,21.51,22.22,22.576,,,,-21.061,30.987,,-28.262
OESX,Orion Energy Systems Inc.,NASDAQ,Consumer Discretionary,Building Products,124477866.0,False,True,False,30.05,-1.281,6.789,32.532,4.792,93424.0,2315072.544,0.469,29.77,28.318,22.674,14.34,2.0,98.0,29.638,185.646,202.618,-5.055
OFIX,Orthofix Medical Inc. Common Stock (DE),NASDAQ,Health Care,Medical/Dental Instruments,370259407.0,False,True,False,9.5,4.51,4.361,-4.211,-0.966,375948.0,3967227.038,1.688,9.321,9.329,9.918,11.647,4.0,24.0,2.041,-18.942,-19.286,-44.085
OFRM,Once Upon a Farm PBC,NYSE,Consumer Staples,Packaged Foods,681088392.0,False,False,True,16.31,0.555,4.43,-2.715,-0.613,425328.0,7386251.262,0.574,16.222,16.405,16.765,,,,-6.8,-24.561,3.293,-39.593
OFS,OFS Capital Corporation,NASDAQ,Finance,Finance/Investors Services,46625311.0,False,True,False,3.56,2.299,4.069,0.338,0.083,66332.0,311352.697,0.96,3.592,3.613,3.548,3.541,3.0,25.0,-5.831,-4.624,8.599,-45.534
OGN,Organon & Co. Common Stock ,NYSE,Health Care,Biotechnology: Pharmaceutical Preparations,3603001421.0,False,False,True,13.7,-0.146,0.294,0.181,0.615,2707256.0,31345710.65,1.064,13.711,13.706,13.675,10.9,2.0,87.0,-0.508,1.554,127.117,-0.617
OGS,ONE Gas Inc.,NYSE,Utilities,Oil/Gas Transmission,4561479514.0,False,False,True,72.57,0.0,1.922,-6.453,-3.358,534586.0,48049443.7,1.08,72.814,74.266,77.576,80.044,4.0,45.0,-9.896,-5.981,-16.664,-18.711
OI,O-I Glass Inc.,NYSE,Consumer Discretionary,Containers/Packaging,860494583.0,False,False,True,5.57,-0.536,4.779,-17.786,-3.722,3398262.0,23059417.85,1.342,5.786,6.072,6.775,10.347,4.0,14.0,-20.768,-43.566,-45.817,-67.061
OIA,Invesco Municipal Income Opportunities Trust,NYSE,Finance,Finance Companies,266591298.0,False,False,True,5.56,-0.714,2.734,-5.389,-1.971,170328.0,1448487.583,1.597,5.625,5.69,5.877,5.954,1.0,44.0,-6.247,-9.019,-5.266,-11.308
OII,Oceaneering International Inc.,NYSE,Energy,Oilfield Services/Equipment,4411153866.0,False,False,True,45.66,3.023,3.845,-6.912,-1.798,972934.0,44399387.0,0.847,45.385,46.478,49.051,38.658,2.0,89.0,-11.819,14.493,24.788,-15.834
OIO,OIO Group,NASDAQ,Utilities,Environmental Services,661242005.0,False,True,False,1.73,-8.947,15.146,-6.8,-0.449,130638.0,293663.115,0.823,1.775,1.799,1.856,5.575,4.0,10.0,1.765,-21.719,-81.576,-85.619
OIS,Oil States International Inc.,NYSE,Consumer Discretionary,Oil and Gas Field Machinery,496455154.0,False,False,True,8.48,3.038,3.462,-0.005,-0.001,607440.0,5398984.7,1.722,8.275,8.352,8.48,9.255,1.0,83.0,-4.289,8.301,-25.22,-41.517
OKE,ONEOK Inc.,NYSE,Utilities,Oil & Gas Production,55396886336.0,True,False,False,88.58,0.797,2.766,-3.717,-1.344,3746518.0,348898763.2,0.971,88.811,90.417,91.999,85.456,2.0,68.0,-7.488,-1.14,2.498,-11.287
OKTA,Okta Inc.,NASDAQ,Technology,Computer Software: Prepackaged Software,36972878063.0,False,True,False,218.29,3.215,4.313,31.224,7.239,3584370.0,761479153.6,0.877,205.653,194.807,166.349,112.774,2.0,95.0,28.089,47.026,170.966,-0.633
OKUR,OnKure Therapeutics Inc.,NASDAQ,Health Care,Biotechnology: Pharmaceutical Preparations,103670551.0,False,True,False,2.63,2.734,9.431,-25.379,-2.691,220412.0,959090.454,2.841,2.743,2.948,3.525,3.663,1.0,35.0,-26.124,-39.954,-39.54,-51.115
OKYO,OKYO Pharma Limited,NASDAQ,Health Care,Biotechnology: Biological Products (No Diagnostic Substances),77144905.0,False,True,False,1.47,0.0,6.298,-1.488,-0.236,74580.0,120898.2,0.15,1.392,1.403,1.492,1.692,4.0,31.0,-5.161,-16.0,-6.369,-54.062
OLED,Universal Display Corporation,NASDAQ,Technology,Electrical Products,3694354529.0,False,True,True,79.8,-0.709,3.449,-2.87,-0.832,764898.0,59952871.5,0.961,78.032,78.646,82.158,94.593,4.0,25.0,-2.813,0.684,-11.235,-46.873
OLLI,Ollie's Bargain Outlet Holdings Inc.,NASDAQ,Consumer Discretionary,Department/Specialty Retail Stores,5230678596.0,False,True,True,86.85,-1.368,3.461,12.479,3.606,1672772.0,143594146.8,0.971,84.903,81.953,77.214,89.277,4.0,50.0,17.859,27.664,-10.657,-34.836
OLMA,Olema Pharmaceuticals Inc.,NASDAQ,Health Care,Biotechnology: Pharmaceutical Preparations,719667818.0,False,True,True,8.25,0.304,6.222,-20.609,-3.312,1083576.0,12457134.875,0.928,8.702,9.223,10.392,15.936,4.0,52.0,-23.113,-34.679,-45.616,-77.247
OLN,Olin Corporation,NYSE,Industrials,Major Chemicals,1812321591.0,False,False,True,16.27,2.327,3.993,-8.482,-2.124,2997724.0,62510051.9,7.445,16.161,16.554,17.778,22.525,4.0,27.0,-4.125,-20.647,-43.296,-45.586
OLP,One Liberty Properties Inc.,NYSE,Real Estate,Real Estate Investment Trusts,480805279.0,False,False,True,21.92,-0.499,1.937,-5.526,-2.853,83044.0,1994745.638,1.189,22.115,22.398,23.202,22.21,1.0,51.0,-5.781,-10.673,3.477,-13.572
OM,Outset Medical Inc.,NASDAQ,Health Care,Biotechnology: Electromedical & Electrotherapeutic Apparatus,74436769.0,False,True,False,4.1,3.535,6.675,3.84,0.575,158898.0,722751.0,1.101,3.488,3.457,3.948,4.148,4.0,19.0,15.007,-14.405,0.49,-74.627
OMAB,Grupo Aeroportuario del Centro Norte S.A.B. de C.V. ADS,NASDAQ,Consumer Discretionary,Aerospace,4546662256.0,False,True,False,94.98,0.839,3.063,-7.087,-2.314,105026.0,15966722.1,1.02,97.335,98.607,102.225,107.429,4.0,43.0,-4.264,-11.374,-14.83,-27.594
OMC,Omnicom Group Inc.,NYSE,Consumer Discretionary,Advertising,20342753453.0,True,False,False,75.25,1.483,2.674,-7.212,-2.697,2939902.0,249633696.8,0.802,75.24,76.833,81.099,76.829,1.0,49.0,-10.275,-5.958,1.154,-15.124
OMCL,Omnicell Inc. Common Stock ($0.001 par value),NASDAQ,Technology,Computer Manufacturing,1532660102.0,False,True,True,34.64,3.095,3.19,-1.348,-0.423,683596.0,16965441.4,0.582,33.74,33.766,35.113,40.098,4.0,60.0,-0.517,-21.912,1.554,-37.018
OMDA,Omada Health Inc.,NASDAQ,Health Care,Medical/Nursing Services,1246984240.0,False,True,True,20.95,2.847,4.852,-3.728,-0.768,1459678.0,30831355.0,0.512,20.402,20.725,21.761,17.314,2.0,62.0,-6.012,-8.913,66.534,-22.162
OMER,Omeros Corporation,NASDAQ,Health Care,Biotechnology: Pharmaceutical Preparations,1347146561.0,False,True,True,18.9,1.558,4.458,10.408,2.335,1890008.0,28076846.65,0.565,19.034,18.819,17.118,13.045,2.0,98.0,-1.099,82.962,73.554,-11.017
OMH,Ohmyhome Limited Class A,NASDAQ,Finance,Real Estate,4475026.0,False,True,False,2.71,2.264,27.474,-29.84,-1.086,761084.6,178452.1,0.093,2.56,2.827,3.863,38.098,4.0,4.0,-11.726,-87.395,-95.407,-97.525
ON,ON Semiconductor Corporation,NASDAQ,Technology,Semiconductors,33049257058.0,True,True,False,85.93,1.225,4.107,12.14,2.956,10241654.0,922784814.4,1.107,78.822,76.656,76.628,80.612,2.0,83.0,16.673,-5.675,35.344,-36.31
ONB,Old National Bancorp,NASDAQ,Finance,Major Banks,9548947200.0,False,True,False,24.86,-0.401,2.037,-3.735,-1.834,4015500.0,121080974.8,1.112,25.017,25.208,25.825,24.194,2.0,60.0,-3.774,-5.412,12.134,-8.627
ONC,BeOne Medicines Ltd. American Depositary Shares,NASDAQ,Health Care,Biotechnology: Pharmaceutical Preparations,40713231097.0,False,True,False,361.65,1.0,2.547,2.155,0.846,382342.0,151442751.6,1.026,361.076,359.594,354.022,320.383,2.0,67.0,-0.284,17.054,19.558,-6.119
ONCH,1RT Acquisition Corp. Class A Ordinary Share,NASDAQ,Unknown,Unknown,0.0,False,True,False,10.34,0.0,0.074,0.336,4.524,72494.0,256258.15,0.0,10.331,10.325,10.305,10.236,3.0,51.0,0.097,-0.097,1.772,-1.524
ONDS,Ondas Inc.,NASDAQ,Technology,Radio And Television Broadcasting And Communications Equipment,4215871541.0,False,True,True,7.42,2.486,5.629,-7.128,-1.266,67470082.32,447368243.2,0.533,7.396,7.496,7.989,9.439,4.0,42.0,-2.752,0.952,-22.059,-51.44
ONEN,ONE Nuclear Energy Inc. Common Stock  ,NASDAQ,Utilities,Electric Utilities: Central,48663633.0,False,True,False,2.13,13.904,55.419,-74.649,-1.347,356158.0,3209451.306,7.199,3.559,5.402,8.402,9.887,4.0,8.0,-73.897,-79.617,-79.42,-82.324
ONEW,OneWater Marine Inc.,NASDAQ,Consumer Discretionary,Auto & Home Supply Stores,163656379.0,False,True,True,9.67,-1.527,6.941,-14.558,-2.098,108552.0,1099629.944,0.629,9.809,10.155,11.318,11.274,4.0,25.0,-18.259,-10.876,-2.52,-44.265
ONIT,Onity Group Inc.,NYSE,Finance,Finance: Consumer Services,227744215.0,False,False,True,27.5,0.88,4.897,-21.148,-4.319,73744.0,2689786.306,1.817,29.287,31.007,34.875,39.797,4.0,25.0,-21.181,-27.593,-33.382,-49.168
ONMD,OneMedNet Corp,NASDAQ,Health Care,Biotechnology: Commercial Physical & Biological Resarch,32407865.0,False,True,False,5.11,-5.195,11.634,-20.187,-1.735,142390.6,406140.257,0.234,5.806,6.065,6.402,7.919,4.0,17.0,-13.095,-28.129,-46.324,-87.891
ONT,Onterris Inc.,NYSE,Consumer Discretionary,Professional Services,446342459.0,False,False,True,14.21,11.802,8.541,-17.102,-2.002,749942.0,11536435.925,1.089,14.509,15.52,17.142,20.433,4.0,16.0,-19.17,-33.938,-37.785,-54.013
OOMA,Ooma Inc.,NYSE,Technology,EDP Services,574080000.0,False,False,True,21.0,0.962,4.413,-3.35,-0.759,471508.0,11274487.075,1.009,21.302,21.64,21.728,16.867,2.0,86.0,-10.18,3.96,43.541,-19.817
OPAL,OPAL Fuels Inc.,NASDAQ,Utilities,Natural Gas Distribution,303960600.0,False,True,True,1.78,2.299,6.109,-13.458,-2.203,255880.0,671850.25,1.006,1.801,1.859,2.057,2.206,4.0,29.0,-10.101,-14.01,-27.642,-37.979
OPBK,OP Bancorp,NASDAQ,Finance,Major Banks,231156880.0,False,True,True,15.2,-1.809,2.042,-1.171,-0.574,52566.0,780989.45,1.018,15.234,15.248,15.38,14.268,2.0,64.0,-0.977,3.694,13.105,-8.875
OPCH,Option Care Health Inc.,NASDAQ,Health Care,Medical/Nursing Services,3391137902.0,False,True,True,23.37,3.224,2.821,-0.813,-0.288,2228678.0,52145507.9,1.247,23.068,23.293,23.562,26.451,4.0,49.0,-4.456,8.345,-15.723,-36.495
OPEN,Opendoor Technologies Inc,NASDAQ,Finance,Real Estate,2369462162.0,False,True,True,2.31,-5.328,6.633,-26.94,-4.062,36016013.84,84831770.4,0.748,2.466,2.637,3.162,4.616,4.0,9.0,-26.198,-51.775,-49.892,-76.161
OPFI,OppFi Inc.,NYSE,Finance,Finance: Consumer Services,508693235.0,False,False,True,6.04,1.173,4.245,-19.109,-4.501,948598.0,6456162.75,0.669,6.204,6.529,7.467,8.685,4.0,18.0,-17.486,-36.287,-22.365,-48.332
OPI,Office Properties Income Trust Common shares of beneficial interest,NASDAQ,Finance,Real Estate,346646981.0,False,True,True,15.4,-2.47,6.87,-12.765,-1.858,101736.0,1726990.364,0.614,16.133,16.594,17.653,,,,-13.043,-8.06,,-69.008
OPK,OPKO Health Inc.,NASDAQ,Health Care,Biotechnology: Pharmaceutical Preparations,1164272031.0,False,True,True,1.57,0.641,3.746,4.361,1.164,3528216.0,3723175.388,0.466,1.602,1.595,1.504,1.323,2.0,60.0,-2.484,5.369,33.051,-10.286
OPLN,OPENLANE Inc.,NYSE,Consumer Discretionary,Retail-Auto Dealers and Gas Stations,4337142303.0,False,False,True,35.32,-0.591,2.385,-1.407,-0.59,1281468.0,40975735.6,1.035,34.883,34.912,35.824,33.519,2.0,61.0,1.203,-14.209,18.923,-17.669
OPNW,OpenWorld Inc.,NASDAQ,Technology,EDP Services,72399744.0,False,True,False,5.93,9.815,25.244,-3.777,-0.15,356844.8,8718935.482,0.314,6.794,6.791,6.163,6.758,1.0,44.0,14.64,7.85,-17.411,-63.491
OPRA,Opera Limited American Depositary Shares,NASDAQ,Technology,Computer Software: Prepackaged Software,1590885080.0,False,True,False,17.71,0.056,2.856,-5.578,-1.953,346814.0,5856373.575,0.833,17.742,17.982,18.756,16.522,2.0,51.0,-3.959,-10.01,21.546,-14.774
OPRT,Oportun Financial Corporation,NASDAQ,Finance,Finance: Consumer Services,383993563.0,False,True,True,8.38,0.359,4.021,11.651,2.898,542918.0,5851144.662,1.556,8.264,8.105,7.506,5.85,2.0,90.0,13.09,47.535,77.542,-3.233
OPRX,OptimizeRx Corporation,NASDAQ,Consumer Discretionary,Business Services,161424100.0,False,True,True,8.72,1.75,4.887,15.058,3.081,199992.0,1304954.15,0.834,8.224,7.988,7.579,7.696,3.0,48.0,9.686,38.633,28.235,-60.809
OPTX,Syntec Optics Holdings Inc.,NASDAQ,Technology,Electronic Components,368158085.0,False,True,True,9.8,7.221,7.487,26.933,3.597,354764.0,3369433.1,2.822,8.213,7.88,7.721,7.76,2.0,97.0,26.289,2.083,7.574,-34.316
OPY,Oppenheimer Holdings Inc. Class A Common Stock (DE),NYSE,Finance,Investment Bankers/Brokers/Service,1286352641.0,False,False,True,121.68,1.29,3.765,4.278,1.136,125758.0,14617190.2,0.933,119.235,118.671,116.688,99.291,2.0,85.0,-2.453,6.951,34.213,-3.337
ORBS,Eightco Holdings Inc.,NASDAQ,Finance,Finance Companies,498541784.0,False,True,True,1.08,-6.897,11.065,25.049,2.264,14113474.0,16218888.2,0.87,1.106,1.047,0.864,1.04,3.0,33.0,11.34,60.237,25.0,-91.66
ORC,Orchid Island Capital Inc.,NYSE,Real Estate,Real Estate Investment Trusts,1019973568.0,False,False,True,5.05,-1.174,3.143,-18.011,-5.731,5173958.0,35119446.05,1.518,5.461,5.722,6.159,6.418,4.0,32.0,-21.18,-21.759,-22.964,-31.67
ORCL,Oracle Corporation,NYSE,Technology,Computer Software: Prepackaged Software,431382613503.0,True,False,False,142.48,0.126,4.696,-1.153,-0.245,30727354.0,5223012262.4,0.586,141.029,143.004,144.142,161.987,4.0,24.0,-7.505,0.972,-1.419,-55.4
ORGO,Organogenesis Holdings Inc.,NASDAQ,Health Care,Biotechnology: Pharmaceutical Preparations,171137149.0,False,True,True,1.29,-3.008,6.105,-26.357,-4.317,754366.0,968135.45,2.432,1.38,1.455,1.752,2.737,4.0,11.0,-21.341,-48.4,-42.411,-81.772
ORIC,Oric Pharmaceuticals Inc.,NASDAQ,Health Care,Biotechnology: Pharmaceutical Preparations,1265080666.0,False,True,True,12.49,2.335,5.96,-3.697,-0.62,1493586.0,20050875.2,0.934,12.825,12.885,12.969,10.855,2.0,72.0,-1.962,14.798,40.18,-16.343
ORIO,Orion Digital Corp. Common Shares,NASDAQ,Finance,Finance: Consumer Services,24970050.0,False,True,False,1.05,0.0,6.633,15.741,2.373,87484.0,105310.598,0.495,1.045,1.024,0.907,0.981,3.0,39.0,6.168,23.095,8.471,-49.275
ORKA,Oruka Therapeutics Inc.,NASDAQ,Health Care,Biotechnology: In Vitro & In Vivo Diagnostic Substances,5596043759.0,False,True,False,84.38,-0.166,5.365,-11.741,-2.189,879248.0,89709848.2,0.716,85.875,88.754,95.605,64.201,2.0,96.0,-7.265,-0.142,49.69,-26.956
ORLY,O'Reilly Automotive Inc.,NASDAQ,Consumer Discretionary,Auto & Home Supply Stores,68680771241.0,True,True,False,83.9,-1.178,2.142,-4.994,-2.332,5939810.0,543393387.2,1.395,85.216,85.797,88.31,90.907,4.0,36.0,-3.983,-3.174,-8.933,-20.368
ORMP,Oramed Pharmaceuticals Inc.,NASDAQ,Health Care,Biotechnology: Pharmaceutical Preparations,186772119.0,False,True,False,4.55,1.336,3.843,-1.847,-0.481,199860.0,854567.134,0.521,4.626,4.676,4.636,3.909,2.0,87.0,-7.708,5.814,32.267,-16.819
ORN,Orion Group Holdings Inc. Common,NYSE,Industrials,Military/Government/Technical,376606197.0,False,False,True,9.26,-0.43,3.864,-1.986,-0.514,562144.0,4508401.519,0.576,8.954,9.029,9.448,11.976,4.0,44.0,1.202,-35.018,-16.501,-46.782
ORRF,Orrstown Financial Services Inc.,NASDAQ,Finance,Major Banks,819633315.0,False,True,True,41.4,-0.648,2.197,-2.031,-0.925,99792.0,4365871.388,0.855,41.41,41.636,42.258,38.222,2.0,70.0,-2.496,3.209,14.527,-5.328
OSBC,Old Second Bancorp Inc.,NASDAQ,Finance,Major Banks,1269349114.0,False,True,True,24.87,-0.321,1.928,-1.547,-0.803,454620.0,12835119.55,1.279,24.82,24.931,25.261,21.969,2.0,79.0,-3.154,8.477,20.539,-4.566
OSG,Octave Specialty Group Inc.,NYSE,Finance,Property-Casualty Insurers,207236836.0,False,False,True,4.58,-0.435,4.576,-3.959,-0.865,501234.0,2190410.85,0.984,4.383,4.461,4.769,5.475,4.0,20.0,-2.76,-27.874,-0.218,-55.877
OSIS,OSI Systems Inc. Common Stock (DE),NASDAQ,Technology,Semiconductors,3137060463.0,False,True,True,197.87,0.554,3.091,-6.369,-2.061,244632.0,45074342.8,0.813,197.335,199.965,211.329,244.722,4.0,34.0,-4.235,-9.533,-27.872,-36.523
OSPN,OneSpan Inc.,NASDAQ,Technology,EDP Services,667761375.0,False,True,True,18.42,1.656,2.94,10.901,3.708,476284.0,10269629.825,0.624,17.932,17.569,16.609,13.282,2.0,82.0,9.905,25.254,72.789,-0.163
OSS,One Stop Systems Inc.,NASDAQ,Technology,Computer Manufacturing,215981526.0,False,True,True,8.33,-3.811,6.627,-22.574,-3.406,846730.0,6563310.9,1.182,8.842,9.222,10.759,11.386,1.0,75.0,-14.652,-40.115,7.902,-60.105
OSUR,OraSure Technologies Inc.,NASDAQ,Health Care,Medical/Dental Instruments,273460606.0,False,True,True,4.11,3.526,3.765,8.713,2.314,503716.0,2382150.85,0.84,3.902,3.808,3.781,3.383,2.0,74.0,14.804,-4.861,33.442,-10.262
OSW,OneSpaWorld Holdings Limited Common Shares,NASDAQ,Consumer Discretionary,Hotels/Resorts,2397399577.0,False,True,False,22.92,-2.964,3.288,-6.109,-1.858,966004.0,21311638.7,1.188,22.827,22.926,24.411,23.511,1.0,50.0,2.919,-15.914,-2.446,-21.486
OTEX,Open Text Corporation Common Shares,NASDAQ,Technology,EDP Services,5568393705.0,False,True,False,22.5,1.26,3.117,-5.58,-1.79,1517450.0,27357078.5,0.838,22.557,22.871,23.83,24.057,4.0,28.0,-8.425,-2.291,1.161,-41.195
OTF,Blue Owl Technology Finance Corp.,NYSE,Unknown,Unknown,4389416027.0,False,False,True,9.44,-1.461,2.567,-9.195,-3.582,2503042.0,20990370.3,1.008,9.821,10.042,10.396,10.734,4.0,34.0,-14.091,-4.294,-9.982,-28.583
OTIS,Otis Worldwide Corporation Common Stock ,NYSE,Technology,Consumer Electronics/Appliances,24381871163.0,True,False,False,65.88,2.857,2.441,-6.11,-2.503,3987474.0,346282120.8,1.439,65.884,67.159,70.167,77.233,4.0,30.0,-7.834,-9.738,-14.632,-29.487
OTLY,Oatly Group AB American Depositary Shares,NASDAQ,Consumer Staples,Packaged Foods,336674322.0,False,True,False,10.47,-0.758,4.8,-22.08,-4.6,100458.0,750054.602,0.976,11.266,11.941,13.437,11.351,1.0,36.0,-26.936,8.497,-1.32,-36.252
OTTR,Otter Tail Corporation,NASDAQ,Utilities,Electric Utilities: Central,3731258495.0,False,True,True,88.42,-0.506,2.02,-2.014,-0.997,235406.0,23786137.95,1.816,88.658,88.934,90.238,87.395,2.0,60.0,-0.952,-2.065,1.138,-6.432
OUST,Ouster Inc.,NASDAQ,Industrials,Industrial Machinery/Components,3201066462.0,False,True,True,44.12,-0.608,6.123,12.789,2.089,2571970.0,90187747.6,1.16,41.246,39.767,39.117,31.527,2.0,90.0,23.137,0.136,128.483,-30.836
OUT,OUTFRONT Media Inc.,NYSE,Real Estate,Real Estate Investment Trusts,5055081704.0,False,False,True,28.89,0.662,2.312,-1.896,-0.82,1751462.0,49806290.7,0.875,28.283,28.428,29.448,28.468,2.0,78.0,-0.619,-12.021,7.98,-15.617
OVID,Ovid Therapeutics Inc.,NASDAQ,Health Care,Biotechnology: Pharmaceutical Preparations,464808900.0,False,True,True,2.34,-1.681,5.924,-11.32,-1.911,1572210.0,4624801.438,0.758,2.477,2.556,2.639,2.3,2.0,69.0,-15.827,-15.217,1.739,-24.638
OXLC,Oxford Lane Capital Corp.,NASDAQ,Finance,Investment Managers,1546776000.0,False,True,True,8.93,0.224,1.949,-1.502,-0.771,917836.0,8560944.5,1.155,8.982,9.045,9.066,9.027,4.0,38.0,-5.536,6.729,3.482,-28.784
OXM,Oxford Industries Inc.,NYSE,Industrials,Garments and Clothing,373408371.0,False,False,True,25.38,1.805,5.282,-24.204,-4.583,437338.0,16751064.3,2.117,26.056,28.01,33.485,36.973,4.0,22.0,-30.713,-28.379,-31.019,-47.923
OXY,Occidental Petroleum Corporation,NYSE,Energy,Oil & Gas Production,58058938508.0,True,False,False,58.31,0.396,2.721,0.132,0.049,8456012.0,561016665.6,1.013,57.504,57.998,58.233,53.693,2.0,81.0,-3.353,13.347,-6.531,-12.753
OZK,Bank OZK,NASDAQ,Finance,Major Banks,5284023045.0,False,True,True,46.59,-0.257,1.874,-5.666,-3.023,1051592.0,55223325.0,1.205,46.749,47.411,49.389,47.957,1.0,45.0,-7.136,-5.872,1.304,-12.392
P,Everpure Inc. Class A common stock,NYSE,Technology,Electronic Components,46698466955.0,True,False,False,143.88,2.669,4.401,39.104,8.885,5033290.08,877401030.4,0.985,128.927,119.386,103.434,78.984,2.0,95.0,46.592,83.872,135.213,-0.104
PACB,Pacific Biosciences of California Inc.,NASDAQ,Industrials,Biotechnology: Laboratory Analytical Instruments,789510128.0,False,True,True,2.87,12.992,6.224,97.658,15.69,9683116.08,30554675.8,2.705,2.14,1.839,1.452,1.579,3.0,96.0,120.769,83.974,102.113,-1.712
PACK,Ranpak Holdings Corp,NYSE,Consumer Discretionary,Containers/Packaging,350751402.0,False,False,True,3.96,-3.178,5.087,-17.144,-3.37,531740.0,2157089.606,0.874,4.136,4.239,4.779,5.332,4.0,33.0,-9.589,-38.889,11.864,-49.296
PAHC,Phibro Animal Health Corporation,NASDAQ,Health Care,Biotechnology: Pharmaceutical Preparations,1512003696.0,False,True,True,37.19,-0.134,3.595,3.893,1.083,228922.0,8717766.175,1.223,35.954,35.786,35.797,41.049,4.0,70.0,-3.603,12.641,-31.809,-37.643
PAL,Proficient Auto Logistics Inc.,NASDAQ,Consumer Discretionary,Transportation Services,99868406.0,False,True,False,3.59,0.843,7.492,-31.229,-4.168,791662.0,3992923.575,0.6,3.726,4.095,5.22,6.977,4.0,22.0,-28.2,-43.553,-47.744,-67.274
PALI,Palisade Bio Inc.,NASDAQ,Health Care,Biotechnology: Biological Products (No Diagnostic Substances),250949604.0,False,True,True,1.46,1.389,7.793,-23.608,-3.029,2542916.0,6752425.012,0.628,1.511,1.64,1.911,1.915,4.0,35.0,-28.78,-29.808,-24.352,-48.951
PANL,Pangaea Logistics Solutions Ltd. Common Shares,NASDAQ,Consumer Discretionary,Marine Transportation,551943898.0,False,True,True,8.53,1.186,3.155,7.745,2.455,408566.0,3652620.994,1.422,8.29,8.231,7.917,7.581,2.0,89.0,2.895,27.38,20.915,-7.414
PANW,Palo Alto Networks Inc.,NASDAQ,Technology,Computer peripheral equipment,329850320000.0,True,True,False,406.76,0.873,4.092,11.895,2.907,6194078.0,2323773574.4,0.718,391.671,381.004,363.52,251.438,2.0,93.0,22.54,20.686,151.164,-0.669
PAR,PAR Technology Corporation,NYSE,Miscellaneous,Office Equipment/Supplies/Services,589418589.0,False,False,True,14.62,2.596,5.555,-15.189,-2.734,934212.0,15367716.2,0.931,14.53,15.367,17.238,19.222,4.0,19.0,-22.646,-20.109,4.728,-63.937
PARR,Par Pacific Holdings Inc.,NYSE,Energy,Oil & Gas Production,4208368668.0,False,False,True,87.52,4.19,5.152,9.729,1.889,1001110.0,80078546.2,0.761,82.618,81.611,79.76,59.855,2.0,95.0,6.758,42.402,35.083,-0.928
PATK,Patrick Industries Inc.,NASDAQ,Consumer Discretionary,Auto Parts:O.E.M.,2157062610.0,False,True,True,66.59,-0.849,3.55,-15.658,-4.41,523568.0,44102762.7,1.082,68.355,70.993,78.952,98.992,4.0,23.0,-18.385,-23.667,-40.879,-54.513
PAVS,Paranovus Entertainment Technology Ltd. Class A,NASDAQ,Technology,EDP Services,3261143.0,False,True,False,3.77,0.533,23.882,-24.265,-1.016,784656.0,61672.1,0.027,4.035,4.298,4.978,632.127,4.0,2.0,-23.992,-40.536,-98.016,-99.997
PAX,Patria Investments Limited Class A Common Shares,NASDAQ,Finance,Investment Managers,1656947421.0,False,True,False,11.1,8.717,3.014,1.839,0.61,1154880.0,12322787.85,2.687,10.375,10.466,10.9,12.167,4.0,42.0,-1.857,1.709,-9.413,-35.13
PAY,Paymentus Holdings Inc.,NYSE,Consumer Discretionary,Business Services,3882719317.0,False,False,True,31.62,2.562,4.706,-12.482,-2.652,1248722.0,37628767.6,0.774,31.48,32.78,36.13,28.638,3.0,62.0,-14.006,10.908,24.734,-30.214
PAYO,Payoneer Global Inc.,NASDAQ,Consumer Discretionary,Business Services,2422783477.0,False,True,True,7.15,0.0,0.432,0.326,0.753,3734258.0,21718238.85,1.161,7.142,7.136,7.127,5.978,2.0,68.0,-0.418,0.704,45.325,-0.556
PAYP,PayPay Corporation American Depository Shares,NASDAQ,Consumer Discretionary,Business Services,10102975574.0,False,True,False,15.26,2.279,4.347,-4.73,-1.088,814498.0,13331269.45,0.457,15.871,16.234,16.018,,,,-9.864,-3.601,-19.002,-38.69
PAYS,Paysign Inc.,NASDAQ,Technology,EDP Services,803456480.0,False,True,True,14.81,4.076,4.617,19.097,4.136,801642.0,11408699.7,0.87,13.604,13.207,12.435,7.4,2.0,96.0,14.275,73.826,150.169,-0.804
PAYX,Paychex Inc.,NASDAQ,Industrials,Diversified Commercial Services,35220707999.0,True,True,False,99.78,0.849,2.933,-14.536,-4.956,3019820.0,398968224.0,0.908,102.733,107.567,116.751,102.188,1.0,39.0,-20.227,-6.753,11.177,-22.035
PBAM,Private Bancorp of America Inc.,NASDAQ,Finance,Major Banks,497918577.0,False,True,True,86.35,-0.633,1.847,-0.997,-0.54,85258.0,15725832.35,1.085,86.603,87.257,87.22,73.303,2.0,82.0,-3.52,16.312,26.243,-6.233
PBH,Prestige Consumer Healthcare Inc.,NYSE,Health Care,Biotechnology: Pharmaceutical Preparations,2144170866.0,False,False,True,45.6,0.751,3.177,-8.47,-2.666,558178.0,29834547.6,1.083,46.038,46.986,49.82,55.466,4.0,30.0,-13.242,-9.56,-17.286,-35.838
PBI,Pitney Bowes Inc.,NYSE,Miscellaneous,Office Equipment/Supplies/Services,2297631953.0,False,False,True,16.81,0.298,2.821,-1.101,-0.39,1719592.0,31456392.75,0.955,16.62,16.72,16.997,14.121,2.0,81.0,-4.38,-0.78,53.983,-11.342
PBLS,Parabilis Medicines Inc.,NASDAQ,Health Care,Biotechnology: Pharmaceutical Preparations,3692707468.0,False,True,True,29.53,-2.477,9.573,-18.587,-1.942,702942.0,45402160.5,0.814,32.241,34.106,36.272,,,,-27.534,-2.702,,-30.501
PBM,Psyence Biomedical Ltd. Common Shares,NASDAQ,Health Care,Biotechnology: Pharmaceutical Preparations,19681932.0,False,True,False,5.08,-1.55,9.706,11.993,1.236,90994.0,589836.473,1.564,5.483,5.413,4.536,7.127,4.0,40.0,14.673,63.344,100.791,-97.11
PBT,Permian Basin Royalty Trust,NYSE,Energy,Oil & Gas Production,1471439690.0,False,False,True,32.34,2.439,3.821,-2.232,-0.584,123480.0,4701103.994,7.204,32.524,33.08,33.078,25.136,2.0,90.0,-5.93,24.668,46.558,-12.54
PBYI,Puma Biotechnology Inc,NASDAQ,Health Care,Biotechnology: Pharmaceutical Preparations,490906828.0,False,True,True,9.67,1.682,4.058,6.646,1.638,312596.0,3101720.875,0.952,9.678,9.557,9.067,7.492,2.0,89.0,2.763,21.482,40.348,-4.257
PCAR,PACCAR Inc.,NASDAQ,Industrials,Auto Manufacturing,57731708045.0,True,True,False,109.36,-0.292,2.402,-11.901,-4.954,3368704.0,426273071.2,0.87,111.637,114.914,124.133,120.223,1.0,53.0,-12.168,-11.9,-7.04,-21.251
PCG,Pacific Gas & Electric Co.,NYSE,Utilities,Power Generation,33018961311.0,True,False,False,12.35,0.244,4.188,-19.3,-4.609,41357686.0,527002025.6,0.741,12.44,13.057,15.304,16.397,4.0,28.0,-11.168,-27.818,-29.615,-34.903
PCLA,PicoCELA Inc. American Depositary Shares,NASDAQ,Consumer Discretionary,Building Products,64797046.0,False,True,False,6.6,-2.077,14.475,-4.038,-0.279,534748.0,6634955.0,0.029,6.9,7.034,6.878,5.179,3.0,82.0,0.917,33.874,161.905,-66.349
PCRX,Pacira BioSciences Inc.,NASDAQ,Health Care,Biotechnology: Pharmaceutical Preparations,1004918146.0,False,True,True,25.05,-0.635,3.211,-0.771,-0.24,598440.0,13736075.05,0.936,25.112,25.121,25.245,23.892,2.0,51.0,-5.827,-2.982,12.483,-9.436
PCSA,Processa Pharmaceuticals Inc.,NASDAQ,Health Care,Biotechnology: Pharmaceutical Preparations,4497351.0,False,True,False,1.49,-7.453,9.778,-28.607,-2.926,270972.0,50934.56,0.095,1.706,1.819,2.087,2.537,4.0,12.0,-27.317,-21.164,-46.786,-89.544
PCT,PureCycle Technologies Inc. Common stock,NASDAQ,Industrials,Major Chemicals,881972116.0,False,True,True,4.09,-6.834,8.977,-33.465,-3.728,4376208.0,27493064.45,2.181,4.662,5.14,6.147,7.875,4.0,11.0,-35.285,-42.797,-25.229,-73.596
PCTY,Paylocity Holding Corporation,NASDAQ,Technology,Computer Software: Prepackaged Software,7665139445.0,False,True,False,147.39,2.021,3.053,0.323,0.106,723602.0,98554968.0,0.77,144.916,145.424,146.916,125.06,3.0,68.0,-4.559,24.024,38.006,-8.979
PCVX,Vaxcyte Inc.,NASDAQ,Health Care,Biotechnology: Biological Products (No Diagnostic Substances),8404522101.0,False,True,False,73.82,30.701,6.025,25.284,4.197,1188980.0,139064649.0,12.529,60.231,59.494,58.922,55.289,2.0,89.0,20.68,21.675,23.404,-18.656
PCYO,Pure Cycle Corporation,NASDAQ,Utilities,Water Supply,262661333.0,False,True,True,10.86,-0.367,1.822,-2.032,-1.116,84544.0,1053137.894,1.227,10.951,11.013,11.085,10.938,4.0,51.0,-2.338,1.972,4.928,-12.701
PD,PagerDuty Inc.,NYSE,Technology,Computer Software: Prepackaged Software,1206489052.0,False,False,True,15.59,1.63,3.763,19.634,5.218,1525048.0,24468069.5,0.947,15.028,14.553,13.031,9.749,2.0,89.0,10.567,51.654,136.571,-7.036
PDD,PDD Holdings Inc. American Depositary Shares,NASDAQ,Consumer Discretionary,Business Services,107295625306.0,False,True,False,77.9,3.343,2.408,-6.903,-2.866,6403956.0,502829857.6,0.823,77.682,78.918,83.676,94.348,4.0,24.0,-4.569,-5.61,-22.802,-44.122
PDEX,Pro-Dex Inc.,NASDAQ,Health Care,Medical/Dental Instruments,205237609.0,False,True,True,65.41,2.091,5.534,-0.598,-0.108,74698.0,4992907.412,0.59,67.905,67.944,65.804,54.588,2.0,88.0,5.927,11.109,34.783,-15.052
PDFS,PDF Solutions Inc.,NASDAQ,Technology,Computer Software: Prepackaged Software,2343610488.0,False,True,True,56.08,1.045,4.474,18.902,4.225,598898.0,28362769.8,0.894,51.464,49.342,47.165,43.168,2.0,90.0,29.038,8.619,64.602,-21.774
PDI,PIMCO Dynamic Income Fund,NYSE,Finance,Trusts Except Educational Religious and Charitable,3500496000.0,False,False,True,14.2,-1.389,1.72,-4.824,-2.805,3978248.0,68217375.6,1.123,14.178,14.336,14.92,15.817,4.0,34.0,-5.746,-11.438,-11.742,-17.124
PDLB,Ponce Financial Group Inc.,NASDAQ,Finance,Savings Institutions,492223785.0,False,True,True,20.28,-0.344,1.779,-0.279,-0.157,77902.0,1762631.662,1.227,20.225,20.266,20.337,18.328,2.0,74.0,-1.073,1.097,18.527,-3.886
PDM,Piedmont Realty Trust Inc.,NYSE,Real Estate,Building operators,1126195425.0,False,False,True,8.96,-0.444,2.747,-5.409,-1.969,1461318.0,20047761.25,0.742,9.046,9.186,9.472,8.529,2.0,57.0,-7.534,-6.276,35.552,-11.55
PDO,PIMCO Dynamic Income Opportunities Fund Common Shares of Beneficial Interest,NYSE,Finance,Trusts Except Educational Religious and Charitable,1758703451.0,False,False,True,11.79,-2.642,1.961,-4.652,-2.372,1010634.0,16783074.15,1.36,11.876,11.984,12.365,12.603,4.0,42.0,-4.855,-8.808,-5.538,-11.081
PDSB,PDS Biotechnology Corporation,NASDAQ,Health Care,Biotechnology: Pharmaceutical Preparations,54246945.0,False,True,False,1.2,60.214,11.148,131.223,11.771,27582032.24,40465483.488,2.825,0.823,0.715,0.519,0.796,3.0,85.0,445.455,43.713,53.846,-22.581
PDYN,Palladyne AI Corp.,NASDAQ,Technology,Computer Software: Prepackaged Software,262974258.0,False,True,True,5.12,-3.94,5.125,-10.397,-2.029,844988.0,4802860.512,1.475,5.332,5.463,5.714,6.221,1.0,30.0,-9.859,-4.655,-22.07,-52.274
PEB,Pebblebrook Hotel Trust Common Shares of Beneficial Interest,NYSE,Real Estate,Real Estate Investment Trusts,2151910594.0,False,False,True,19.1,0.157,2.651,3.874,1.462,2147738.0,42088949.9,1.068,18.706,18.497,18.388,15.267,2.0,84.0,7.785,3.916,50.434,-4.113
PEBO,Peoples Bancorp Inc.,NASDAQ,Finance,Major Banks,1347117966.0,False,True,True,37.11,-0.987,2.185,-6.97,-3.191,325732.0,15387220.625,1.445,37.994,38.598,39.89,34.968,2.0,68.0,-6.43,-2.578,12.107,-11.915
PECO,Phillips Edison & Company Inc.,NASDAQ,Real Estate,Real Estate Investment Trusts,4859712000.0,False,True,True,37.36,-1.059,1.668,-4.708,-2.823,968702.0,46091109.9,1.666,37.499,37.796,39.206,38.495,1.0,55.0,-4.359,-10.929,1.973,-15.33
PEG,Public Service Enterprise Group Incorporated,NYSE,Utilities,Power Generation,33927451442.0,True,False,False,68.68,0.896,1.678,-5.257,-3.133,3143646.0,257746227.2,1.734,68.231,69.276,72.49,77.582,4.0,35.0,-6.103,-15.264,-13.747,-19.583
PEGA,Pegasystems Inc.,NASDAQ,Technology,EDP Services,5578259784.0,False,True,False,34.53,1.768,4.014,1.719,0.428,2236086.0,75314054.0,0.805,34.252,34.579,33.947,39.248,4.0,31.0,-8.374,7.576,-18.35,-49.006
PENG,Penguin Solutions Inc.,NASDAQ,Technology,Semiconductors,3144252011.0,False,True,True,60.71,-1.059,5.487,13.674,2.492,1732286.0,84752896.4,1.525,56.496,54.806,53.407,39.934,2.0,95.0,24.841,-3.189,199.507,-32.439
PENN,PENN Entertainment Inc.,NASDAQ,Consumer Discretionary,Hotels/Resorts,1980163549.0,False,True,True,15.1,2.234,4.26,-15.042,-3.531,2860236.0,54782953.0,1.023,15.263,15.941,17.773,16.749,1.0,31.0,-12.209,-27.334,3.001,-32.469
PEP,PepsiCo Inc.,NASDAQ,Consumer Staples,Beverages (Production/Distribution),171826198237.0,True,True,False,125.65,-0.191,1.74,-7.546,-4.336,7929426.0,1227720227.2,1.113,127.948,130.515,135.906,144.454,4.0,39.0,-9.304,-12.407,-18.121,-24.496
PEPG,PepGen Inc.,NASDAQ,Health Care,Biotechnology: Pharmaceutical Preparations,157911699.0,False,True,False,2.36,3.509,7.83,-13.54,-1.729,893128.0,2463057.188,0.679,2.487,2.643,2.73,3.368,4.0,59.0,-25.786,15.122,29.67,-69.744
PERI,Perion Network Ltd.,NASDAQ,Technology,EDP Services,334307712.0,False,True,False,8.51,0.118,3.003,-8.333,-2.775,452480.0,5037065.956,0.551,8.641,8.797,9.284,9.328,4.0,39.0,-7.801,-7.5,-13.163,-24.49
PESI,Perma-Fix Environmental Services Inc.,NASDAQ,Industrials,Environmental Services,330157542.0,False,True,True,15.49,-0.45,5.425,-10.526,-1.94,394726.0,5657054.688,0.431,15.898,16.479,17.312,13.91,2.0,83.0,-15.724,8.02,34.93,-27.345
PETS,PetMed Express Inc.,NASDAQ,Consumer Staples,Retail-Drug Stores and Proprietary Stores,29483323.0,False,True,False,1.32,-2.941,4.214,-24.752,-5.874,107372.0,204986.95,0.622,1.434,1.53,1.754,2.324,4.0,18.0,-28.649,-31.25,-43.83,-67.805
PETZ,TDH Holdings Inc. Common Shares,NASDAQ,Finance,Real Estate,13420248.0,False,True,False,1.23,-5.385,7.334,-7.449,-1.016,478402.0,19675.8,0.01,1.316,1.331,1.329,1.182,2.0,62.0,-19.079,1.653,1.653,-32.603
PFE,Pfizer Inc.,NYSE,Health Care,Biotechnology: Pharmaceutical Preparations,158450925774.0,True,False,False,27.41,-1.403,1.92,0.088,0.046,36035848.0,917846393.6,0.915,28.062,28.007,27.386,25.821,2.0,69.0,-4.859,15.868,1.868,-6.162
PFG,Principal Financial Group Inc,NASDAQ,Finance,Accident &Health Insurance,23971155606.0,True,True,False,111.03,-0.831,2.141,-1.998,-0.933,1359368.0,160041867.2,1.032,113.091,113.637,113.293,100.409,2.0,72.0,-6.312,-0.891,23.77,-8.376
PFIS,Peoples Financial Services Corp.,NASDAQ,Finance,Major Banks,693618329.0,False,True,True,69.08,-0.303,2.376,-1.407,-0.592,56856.0,4047186.012,0.712,69.103,69.508,70.066,59.402,2.0,79.0,-2.581,3.961,28.188,-5.809
PFLT,PennantPark Floating Rate Capital Ltd.,NYSE,Finance,Finance: Consumer Services,678650409.0,False,False,True,6.78,-0.877,2.118,-4.812,-2.272,866872.0,5335582.738,1.066,6.938,7.012,7.123,7.688,4.0,42.0,-7.672,-2.406,-13.434,-22.821
PFS,Provident Financial Services Inc,NYSE,Finance,Savings Institutions,2944942714.0,False,False,True,22.38,-0.886,1.864,-5.046,-2.707,883548.0,21118396.25,1.183,22.539,22.795,23.569,22.086,2.0,62.0,-5.008,-4.047,6.359,-11.35
PFSA,Profusa Inc.,NASDAQ,Health Care,Medical/Dental Instruments,1023543.0,False,True,False,1.75,3.55,50.703,-55.335,-1.091,3459804.5,14769594.55,0.08,1.993,2.426,3.918,161.763,4.0,1.0,-33.206,-84.431,-99.054,-99.942
PFSI,PennyMac Financial Services Inc.,NYSE,Finance,Finance: Consumer Services,3220997464.0,False,False,True,62.95,1.532,3.131,-12.798,-4.087,618228.0,40997410.8,0.97,63.848,66.068,72.188,91.01,4.0,19.0,-14.038,-22.09,-29.835,-60.325
PG,Procter & Gamble Company (The),NYSE,Consumer Discretionary,Package Goods/Cosmetics,336833594725.0,True,False,False,145.94,0.711,1.589,0.161,0.102,8675338.0,1175932700.8,0.811,146.024,146.074,145.705,146.229,1.0,48.0,-0.667,-3.745,3.759,-11.428
PGC,Peapack-Gladstone Financial Corporation,NASDAQ,Finance,Commercial Banks,790312100.0,False,True,True,44.34,-0.538,2.158,-2.514,-1.165,155386.0,6125352.925,0.69,44.42,44.747,45.483,39.731,2.0,80.0,-3.483,-5.618,20.99,-9.67
PGEN,Precigen Inc.,NASDAQ,Health Care,Biotechnology: Pharmaceutical Preparations,3057621009.0,False,True,True,7.74,-9.368,6.16,9.396,1.525,5326224.0,42417944.55,1.923,7.968,7.701,7.075,5.024,2.0,94.0,8.403,40.472,84.726,-13.808
PGNY,Progyny Inc.,NASDAQ,Health Care,Misc Health and Biotechnology Services,1935817114.0,False,True,True,25.86,2.497,3.023,-4.676,-1.547,1150802.0,32150828.4,0.912,25.621,26.012,27.128,24.204,2.0,76.0,-2.818,-15.984,54.112,-21.79
PGR,Progressive Corporation (The),NYSE,Finance,Property-Casualty Insurers,122268296949.0,True,False,False,212.62,1.098,2.119,-0.756,-0.357,2511824.0,614312633.6,1.105,210.245,211.608,214.239,208.198,3.0,43.0,-4.979,-9.248,8.37,-11.136
PGY,Pagaya Technologies Ltd. Class A,NASDAQ,Finance,Finance: Consumer Services,1499996657.0,False,True,True,18.4,2.336,5.991,-9.69,-1.617,2694412.0,49372311.0,0.673,18.347,19.156,20.374,16.918,3.0,37.0,-19.616,0.327,51.565,-42.572
PH,Parker-Hannifin Corporation,NYSE,Industrials,Metal Fabrications,122650629208.0,True,False,False,975.68,0.322,2.153,-1.142,-0.53,628656.0,529362459.2,0.533,966.616,965.867,986.951,942.437,2.0,70.0,1.157,2.103,7.428,-11.118
PHAT,Phathom Pharmaceuticals Inc.,NASDAQ,Health Care,Biotechnology: Pharmaceutical Preparations,559834463.0,False,True,True,6.7,-3.179,6.503,-22.266,-3.424,1431860.0,10266924.3,0.772,7.214,7.631,8.619,11.361,4.0,19.0,-25.967,-41.991,-40.444,-63.408
PHIN,PHINIA Inc.,NYSE,Consumer Discretionary,Auto Parts:O.E.M.,2190224901.0,False,False,True,60.18,0.669,3.187,-12.241,-3.841,395694.0,27992663.9,1.151,60.605,62.306,68.574,71.436,1.0,45.0,-11.656,-22.784,-11.299,-30.471
PHM,PulteGroup Inc.,NYSE,Consumer Discretionary,Homebuilding,21693882454.0,True,False,False,113.98,-1.512,2.776,-8.449,-3.044,1535078.0,210417725.6,1.045,117.095,118.844,124.499,124.132,4.0,35.0,-8.109,-12.077,-4.471,-20.612
PHR,Phreesia Inc.,NYSE,Consumer Discretionary,Business Services,625054406.0,False,False,True,10.37,2.979,3.875,-6.312,-1.629,767280.0,7208885.6,0.657,10.213,10.369,11.069,11.423,4.0,22.0,-6.577,-5.297,13.333,-57.228
PHUN,Phunware Inc.,NASDAQ,Technology,EDP Services,40925350.0,False,True,False,2.055,2.75,2.583,-0.455,-0.176,88596.0,186805.526,1.053,2.004,2.012,2.064,1.972,3.0,38.0,-1.439,2.75,11.081,-34.387
PHVS,Pharvaris N.V.,NASDAQ,Health Care,Biotechnology: Pharmaceutical Preparations,2172896669.0,False,True,False,30.49,-2.244,5.394,-12.769,-2.367,796684.0,42205872.8,1.024,32.288,33.62,34.953,30.48,2.0,64.0,-14.498,-11.853,7.473,-29.503
PI,Impinj Inc.,NASDAQ,Technology,Industrial Machinery/Components,5793422249.0,False,True,False,185.19,-2.331,3.983,8.797,2.209,434542.0,75160811.4,1.248,181.593,178.445,170.216,144.134,2.0,82.0,5.756,34.06,81.969,-25.044
PICS,PicS N.V. Class A Common Shares,NASDAQ,Finance,Finance: Consumer Services,1177950766.0,False,True,False,11.62,27.833,6.605,8.578,1.299,481716.0,4692723.706,3.617,9.393,9.591,10.702,,,,-0.769,1.93,4.59,-41.754
PII,Polaris Inc.,NYSE,Consumer Discretionary,Industrial Specialties,3056288274.0,False,False,True,52.66,-1.955,3.824,-15.024,-3.929,848444.0,46963768.9,1.202,53.35,55.27,61.971,62.763,4.0,36.0,-13.799,-17.076,-0.484,-31.751
PINE,Alpine Income Property Trust Inc.,NYSE,Real Estate,Real Estate Investment Trusts,317097996.0,False,False,True,17.55,-0.735,2.436,-6.549,-2.688,146008.0,3192288.319,1.125,17.462,17.761,18.78,18.483,1.0,66.0,-8.358,-10.919,-1.464,-18.819
PIPR,Piper Sandler Companies,NYSE,Finance,Investment Bankers/Brokers/Service,4619010220.0,False,False,True,65.63,0.413,3.837,-11.109,-2.895,669598.0,62066284.6,1.323,68.148,70.363,73.832,78.608,4.0,32.0,-15.588,-12.352,-15.463,-29.278
PK,Park Hotels & Resorts Inc. Common Stock ,NYSE,Consumer Discretionary,Hotels/Resorts,3126784265.0,False,False,True,15.26,-1.739,2.485,1.519,0.611,3760986.0,48853131.9,1.352,15.266,15.17,15.032,12.317,2.0,81.0,2.845,9.527,51.882,-4.265
PKE,Park Aerospace Corp.,NYSE,Industrials,Military/Government/Technical,661671839.0,False,False,True,30.05,-1.216,3.505,-8.671,-2.474,242882.0,7725982.975,0.743,29.993,30.493,32.903,30.169,1.0,72.0,-2.023,-18.264,4.365,-24.292
PKG,Packaging Corporation of America,NYSE,Consumer Discretionary,Containers/Packaging,20362525253.0,True,False,False,229.31,0.337,2.253,-4.988,-2.214,603592.0,143505703.2,0.811,232.059,233.894,241.348,224.014,2.0,58.0,-1.61,-0.691,13.107,-11.226
PKOH,Park-Ohio Holdings Corp.,NASDAQ,Industrials,Industrial Specialties,686391774.0,False,True,True,47.76,0.823,3.622,4.735,1.307,88130.0,3269132.544,0.686,47.009,46.611,45.601,32.506,2.0,93.0,6.299,35.804,100.331,-10.394
PLAB,Photronics Inc.,NASDAQ,Technology,Semiconductors,1857820789.0,False,True,True,31.07,-1.334,3.57,2.927,0.82,1175056.0,25534301.2,0.616,30.568,30.107,30.186,35.871,1.0,79.0,10.256,12.777,-23.265,-44.518
PLAY,Dave & Buster's Entertainment Inc.,NASDAQ,Consumer Discretionary,Restaurants,235106847.0,False,True,True,6.76,0.148,6.989,-23.533,-3.367,2209446.0,24250858.7,1.179,6.726,7.189,8.84,12.489,4.0,12.0,-22.03,-36.999,-44.27,-69.412
PLBC,Plumas Bancorp,NASDAQ,Finance,Finance Companies,435216861.0,False,True,True,61.76,-1.247,1.991,-0.206,-0.104,51180.0,3072571.981,0.631,61.912,61.953,61.888,53.888,2.0,79.0,-1.452,6.38,25.047,-3.5
PLBL,Polibeli Group Ltd Class A,NASDAQ,Consumer Discretionary,Consumer Electronics/Appliances,2070089206.0,False,True,False,5.67,0.354,8.115,-3.252,-0.401,222306.0,912187.005,0.833,5.644,5.687,5.861,7.78,4.0,23.0,5.587,-43.357,-36.292,-51.745
PLBY,Playboy Inc.,NASDAQ,Consumer Discretionary,Other Specialty Stores,124599996.0,False,True,False,1.03,-0.962,4.454,-10.884,-2.444,674622.0,619110.6,0.509,1.045,1.077,1.156,1.509,4.0,30.0,-12.712,-12.712,-33.974,-62.545
PLCE,Children's Place Inc. (The),NASDAQ,Consumer Discretionary,Clothing/Shoe/Accessory Stores,44251763.0,False,True,False,1.91,-4.02,8.4,-20.204,-2.405,215994.0,520979.25,1.261,2.083,2.183,2.394,3.344,4.0,10.0,-32.27,-41.411,-45.429,-80.021
PLD,Prologis Inc.,NYSE,Real Estate,Real Estate Investment Trusts,122216477160.0,True,False,False,128.08,-0.644,1.674,-6.852,-4.092,4025766.0,483654760.0,0.691,131.004,133.005,137.502,135.993,1.0,55.0,-6.688,-10.106,-1.75,-15.816
PLMR,Palomar Holdings Inc. Common stock,NASDAQ,Finance,Property-Casualty Insurers,3328923723.0,False,True,True,127.34,0.672,2.953,-3.423,-1.159,228636.0,31998001.5,1.222,127.003,128.935,131.854,125.601,2.0,55.0,-6.45,-12.049,4.861,-13.438
PLNT,Planet Fitness Inc.,NYSE,Consumer Discretionary,Hotels/Resorts,3189951486.0,False,False,True,42.07,-0.802,4.675,-15.68,-3.354,2352312.0,126983738.8,0.94,42.883,44.987,49.893,67.466,4.0,16.0,-18.311,-19.56,-42.746,-63.18
PLOW,Douglas Dynamics Inc.,NYSE,Industrials,Construction/Ag Equipment/Trucks,934851133.0,False,False,True,40.69,0.444,2.554,-1.561,-0.611,250352.0,7683227.625,0.5,40.008,40.173,41.335,42.009,1.0,69.0,-0.747,-7.217,-1.856,-25.47
PLPC,Preformed Line Products Company,NASDAQ,Industrials,Water Sewer Pipeline Comm & Power Line Construction,2050565634.0,False,True,True,416.1,-0.799,4.482,0.886,0.198,90734.0,29224506.9,0.776,415.093,414.122,412.446,328.971,2.0,92.0,6.032,27.586,42.598,-17.511
PLRX,Pliant Therapeutics Inc.,NASDAQ,Health Care,Biotechnology: Pharmaceutical Preparations,64089163.0,False,True,False,1.03,-0.483,4.168,-6.449,-1.547,387796.0,413593.102,0.762,1.072,1.092,1.101,1.194,4.0,27.0,-8.85,-11.966,-21.374,-47.179
PLRZ,Polyrizon Ltd.,NASDAQ,Health Care,Medical/Dental Instruments,23338884.0,False,True,False,9.26,-3.642,11.083,-17.326,-1.563,68430.0,442974.367,0.248,10.275,10.684,11.201,12.771,1.0,74.0,-26.274,-39.279,-24.715,-49.121
PLSE,Pulse Biosciences Inc Common Stock (DE),NASDAQ,Health Care,Medical/Dental Instruments,3416352875.0,False,True,True,50.5,5.428,6.816,6.769,0.993,551604.0,33429327.8,0.786,50.633,50.712,47.298,27.908,2.0,96.0,-7.695,80.164,120.139,-14.261
PLSM,Pulsenmore Ltd.,NASDAQ,Health Care,Medical/Dental Instruments,14241228.0,False,True,False,2.21,0.913,11.384,-19.969,-1.754,70360.0,250194.609,0.414,2.274,2.379,2.761,,,,-11.6,-51.957,-37.216,-82.961
PLTK,Playtika Holding Corp.,NASDAQ,Technology,EDP Services,831491645.0,False,True,False,2.18,0.0,4.749,-16.318,-3.436,1440298.0,2451663.522,0.59,2.187,2.246,2.605,3.25,4.0,18.0,-2.679,-42.175,-31.875,-50.0
PLTR,Palantir Technologies Inc.,NASDAQ,Technology,Computer Software: Prepackaged Software,453387594350.0,True,True,False,189.4,0.344,3.266,10.692,3.273,34331216.08,4065553190.4,0.515,187.109,183.27,171.106,152.113,2.0,79.0,3.764,40.954,28.034,-8.732
PLUG,Plug Power Inc.,NASDAQ,Energy,Industrial Machinery/Components,2654671028.0,False,True,True,1.89,-0.526,5.472,-10.256,-1.874,55453843.84,97859461.4,0.757,1.944,2.004,2.106,2.463,4.0,24.0,-10.427,-23.79,-29.74,-58.734
PLUS,ePlus inc.,NASDAQ,Technology,Retail: Computer Software & Peripheral Equipment,2436845041.0,False,True,True,93.02,-0.407,2.739,3.382,1.235,231488.0,21751476.95,1.162,91.714,91.075,89.977,84.709,2.0,76.0,2.366,11.311,20.752,-4.919
PLXS,Plexus Corp.,NASDAQ,Technology,Electrical Products,7279487800.0,False,True,False,273.18,0.018,2.945,7.344,2.493,261094.0,55084430.0,0.908,265.16,259.698,254.49,232.334,2.0,87.0,12.852,6.736,33.064,-11.034
PLYX,Polaryx Therapeutics Inc.,NASDAQ,Health Care,Biotechnology: Pharmaceutical Preparations,103679665.0,False,True,False,2.07,-0.481,6.035,-1.691,-0.28,77074.0,60466.151,0.52,2.072,2.076,2.106,,,,4.02,-18.182,-63.874,-95.768
PM,Philip Morris International Inc,NYSE,Health Care, Medicinal Chemicals and Botanical Products ,292177675275.0,True,False,False,189.53,1.104,2.371,0.62,0.261,4517742.0,863137110.4,1.178,188.962,188.725,188.363,175.148,2.0,68.0,2.678,1.792,20.207,-7.992
PMA,PMA Graphene Technology Group Inc. Class A,NASDAQ,Consumer Discretionary,Engineering & Construction,200459250.0,False,True,False,1.2,-2.439,6.886,-8.168,-1.186,171232.0,76965.43,0.05,1.27,1.278,1.307,1.244,4.0,28.0,-5.512,-5.512,30.719,-56.522
PMM,Franklin Managed Municipal Income Trust Shares of Beneficial Interest,NYSE,Finance,Investment Managers,275374271.0,False,False,True,5.47,-3.186,2.169,-9.037,-4.166,133114.0,1148964.334,2.289,5.59,5.706,6.013,6.074,4.0,40.0,-10.106,-14.08,-6.362,-15.772
PMN,ProMIS Neurosciences Inc. Common Shares (ON),NASDAQ,Health Care,Biotechnology: Pharmaceutical Preparations,84296314.0,False,True,False,9.37,-0.319,11.524,-29.831,-2.589,77760.0,524182.95,0.491,10.723,11.705,13.353,12.816,1.0,37.0,-27.364,-30.849,-14.507,-65.803
PMO,Franklin Municipal Opportunities Trust Shares of Beneficial Interest,NYSE,Finance,Finance Companies,312970232.0,False,False,True,9.07,-1.52,1.823,-8.565,-4.699,89318.0,1310734.222,2.269,9.243,9.444,9.92,10.157,4.0,39.0,-10.33,-13.507,-7.933,-15.023
PMT,PennyMac Mortgage Investment Trust Common Shares of Beneficial Interest,NYSE,Real Estate,Real Estate Investment Trusts,680178424.0,False,False,True,7.87,0.897,3.087,-13.791,-4.467,1545366.0,17763954.2,1.885,8.145,8.493,9.129,10.497,4.0,25.0,-18.276,-22.8,-29.16,-38.701
PMTS,CPI Card Group Inc.,NASDAQ,Consumer Discretionary,Publishing,288176673.0,False,True,True,24.69,-0.684,4.116,-4.701,-1.142,165562.0,6533480.738,0.695,24.747,25.12,25.908,18.425,2.0,88.0,-13.822,28.728,49.274,-20.992
PMVP,PMV Pharmaceuticals Inc.,NASDAQ,Health Care,Biotechnology: Pharmaceutical Preparations,135172623.0,False,True,False,1.78,-0.559,6.972,34.198,4.905,717458.0,1560320.803,1.652,1.595,1.501,1.326,1.288,2.0,87.0,43.548,43.548,36.923,-6.806
PN,PN Smart Energy Limited Class A,NASDAQ,Technology,Retail: Computer Software & Peripheral Equipment,38212925.0,False,True,False,2.42,-6.564,18.007,-42.704,-2.372,711376.0,505158.475,0.553,2.655,2.747,4.224,6.985,4.0,8.0,2.11,-36.483,-55.019,-93.95
PNC,PNC Financial Services Group Inc. (The),NYSE,Finance,Major Banks,88178518717.0,True,False,False,220.28,-0.339,2.01,-8.763,-4.359,1600704.0,439607906.4,1.887,224.05,229.048,241.438,226.046,1.0,54.0,-10.156,-12.588,4.974,-14.937
PNNT,PennantPark Investment Corporation,NYSE,Finance,Finance: Consumer Services,212212306.0,False,False,True,3.23,-0.615,2.898,-7.157,-2.47,538898.0,1805474.069,1.123,3.324,3.39,3.479,3.951,4.0,29.0,-11.674,2.555,-19.18,-40.998
PNR,Pentair plc. Ordinary Share,NYSE,Industrials,Industrial Machinery/Components,8465600489.0,True,False,False,52.78,-0.471,2.757,-13.212,-4.793,3256748.0,141762436.8,0.685,53.712,55.362,60.815,80.338,4.0,15.0,-12.063,-29.488,-38.522,-53.114
PNRG,PrimeEnergy Resources Corporation,NASDAQ,Energy,Oil & Gas Production,323894916.0,False,True,True,209.67,2.448,3.859,3.124,0.81,90182.0,17475246.65,0.615,205.125,206.154,203.317,199.434,2.0,81.0,-2.638,16.283,-12.125,-24.823
PNTG,The Pennant Group Inc. Common Stock ,NASDAQ,Health Care,Medical/Nursing Services,1370616864.0,False,True,True,40.3,2.701,3.562,2.425,0.681,315424.0,16390340.45,0.963,39.742,39.625,39.346,34.266,2.0,80.0,4.567,1.511,34.693,-5.709
PNW,Pinnacle West Capital Corporation,NYSE,Utilities,Electric Utilities: Central,11625238685.0,True,False,False,95.96,0.042,1.816,-1.706,-0.94,1177196.0,122833892.8,1.19,94.23,94.728,97.626,97.88,1.0,54.0,-2.082,-10.844,-4.664,-12.889
POCI,Precision Optics Corporation Inc. Common stock,NASDAQ,Health Care,Biotechnology: Electromedical & Electrotherapeutic Apparatus,48938652.0,False,True,False,4.46,0.0,5.714,2.435,0.426,59366.0,351855.95,0.579,4.42,4.42,4.354,4.603,1.0,50.0,2.059,-8.23,11.5,-27.48
PODC,PodcastOne Inc.,NASDAQ,Technology,Computer Software: Programming Data Processing,71093836.0,False,True,False,2.27,-3.404,11.845,-17.846,-1.507,78468.0,182096.799,1.09,2.266,2.352,2.763,3.022,1.0,73.0,-17.455,-44.769,6.075,-56.346
PODD,Insulet Corporation,NASDAQ,Health Care,Medical/Dental Instruments,9133254466.0,True,True,False,135.62,2.984,3.405,-6.264,-1.84,1755790.0,240304921.6,1.105,134.381,136.926,144.682,192.61,4.0,16.0,-9.935,-16.051,-33.356,-61.784
POET,POET Technologies Inc. Common Shares,NASDAQ,Technology,Semiconductors,1348122506.0,False,True,False,7.81,0.257,5.9,-1.117,-0.189,9819268.0,64287885.0,0.753,7.716,7.753,7.898,8.358,1.0,65.0,6.548,-5.562,28.454,-62.47
POLA,Polar Power Inc.,NASDAQ,Miscellaneous,Industrial Machinery/Components,4998810.0,False,True,False,1.15,-0.862,8.013,-21.63,-2.699,1318102.0,212150.048,0.258,1.214,1.271,1.467,1.671,4.0,12.0,-17.266,-29.878,-35.754,-80.0
POLE,Andretti Acquisition Corp. II Class A,NASDAQ,Unknown,Unknown,0.0,False,True,False,10.74,0.0,0.376,-0.392,-1.043,74908.0,944149.0,0.011,10.738,10.746,10.782,10.69,2.0,53.0,-0.463,-0.186,0.75,-10.5
PONY,Pony AI Inc. American Depositary Shares ,NASDAQ,Technology,EDP Services,2631597227.0,False,True,False,6.11,0.659,5.745,-16.808,-2.926,3926770.0,28015996.3,1.604,6.516,6.746,7.345,10.255,4.0,12.0,-15.257,-7.143,-31.808,-75.353
POOL,Pool Corporation,NASDAQ,Consumer Discretionary,Industrial Specialties,5866123381.0,False,True,False,159.35,-1.282,2.975,-12.398,-4.167,753242.0,143971750.8,1.136,163.213,167.867,181.903,205.897,4.0,18.0,-13.43,-23.483,-21.054,-47.933
POR,Portland General Electric Co,NYSE,Utilities,Electric Utilities: Central,5239424817.0,False,False,True,44.25,-0.673,2.253,-7.854,-3.486,1284916.0,74897670.8,1.397,45.207,46.126,48.022,49.283,1.0,48.0,-8.929,-14.835,-14.848,-17.198
POST,Post Holdings Inc.,NYSE,Consumer Staples,Packaged Foods,3189505771.0,False,False,True,72.68,0.165,2.884,-10.486,-3.636,986878.0,73563174.6,0.887,73.994,75.973,81.194,94.087,4.0,25.0,-13.743,-18.125,-27.66,-38.029
POWI,Power Integrations Inc.,NASDAQ,Technology,Semiconductors,3042859809.0,False,True,True,54.36,-0.184,4.631,-0.942,-0.203,763266.0,39848279.1,0.922,52.241,52.049,54.877,57.636,1.0,70.0,7.558,-18.331,6.382,-40.132
POWL,Powell Industries Inc.,NASDAQ,Energy,Electrical Products,7144425800.0,False,True,False,197.84,0.887,4.251,2.365,0.556,608142.0,98267976.4,1.083,190.465,188.726,193.27,207.959,1.0,85.0,12.948,-15.434,6.039,-39.635
POWW,Outdoor Holding Company,NASDAQ,Industrials,Ordnance And Accessories,265779532.0,False,True,True,2.24,-2.183,3.18,1.202,0.378,564070.0,1208092.503,1.254,2.262,2.242,2.213,2.061,2.0,76.0,4.673,-5.485,9.268,-16.105
PPBT,Purple Biotech Ltd. American Depositary Shares,NASDAQ,Health Care,Biotechnology: Pharmaceutical Preparations,2456569.0,False,True,False,1.56,3.311,10.037,-0.707,-0.07,1625990.0,112297.426,0.021,1.529,1.558,1.571,3.564,4.0,17.0,-21.212,-1.887,-62.319,-88.936
PPC,Pilgrim's Pride Corporation,NASDAQ,Consumer Staples,Meat/Poultry/Fish,6547984410.0,False,True,False,27.99,1.782,4.309,-3.919,-0.91,1548802.0,43819316.4,1.268,27.665,28.349,29.132,33.515,4.0,31.0,-8.26,-2.711,-24.29,-37.578
PPG,PPG Industries Inc.,NYSE,Consumer Discretionary,Paints/Coatings,23374845000.0,True,False,False,105.27,0.114,2.282,-4.957,-2.172,1697122.0,190136714.8,0.936,105.704,106.749,110.76,110.941,1.0,47.0,-4.948,-11.891,2.653,-19.637
PPHC,Public Policy Holding Company Inc.,NASDAQ,Unknown,Unknown,315096346.0,False,True,True,10.64,0.949,7.54,-2.722,-0.361,189544.0,3815763.747,0.531,10.857,11.028,10.938,,,,-4.36,36.594,-20.196,-29.043
PPIH,Perma-Pipe International Holdings Inc.,NASDAQ,Industrials,Pollution Control Equipment,261098403.0,False,True,True,32.02,0.502,3.157,14.193,4.496,85496.0,2984285.2,0.745,31.263,30.493,28.04,29.733,2.0,86.0,16.099,27.671,4.984,-12.8
PPL,PPL Corporation,NYSE,Utilities,Electric Utilities: Central,24683470785.0,True,False,False,32.95,0.457,1.62,-3.634,-2.243,7833994.0,234287948.8,0.867,32.787,33.115,34.192,35.581,4.0,42.0,-5.372,-8.7,-13.505,-16.502
PPLI,People Incorporated,NASDAQ,Technology,Computer Software: Programming Data Processing,3073870824.0,False,True,True,41.73,1.09,3.392,5.265,1.552,1176184.0,56658063.2,1.763,40.095,39.377,39.643,40.552,2.0,59.0,7.11,-12.369,4.143,-13.638
PPSI,Pioneer Power Solutions Inc.,NASDAQ,Miscellaneous,Industrial Machinery/Components,36738570.0,False,True,False,3.25,-1.813,5.49,6.237,1.136,104332.0,377906.325,0.404,3.297,3.241,3.059,3.719,4.0,33.0,7.973,-8.964,-2.108,-48.331
PPT,Franklin Premier Income Trust Shares of Beneficial Interest,NYSE,Finance,Finance Companies,325457420.0,False,False,True,3.27,0.0,1.062,-2.285,-2.151,129112.0,452842.092,1.394,3.273,3.292,3.346,3.36,1.0,47.0,-3.064,-3.285,-3.317,-5.533
PPTA,Perpetua Resources Corp. Common Shares,NASDAQ,Basic Materials,Precious Metals,2549452465.0,False,True,False,20.33,-0.245,5.463,-12.389,-2.268,1096740.0,21230095.5,1.136,21.715,22.509,23.205,26.345,4.0,57.0,-18.842,1.701,-30.281,-45.598
PRAA,PRA Group Inc.,NASDAQ,Finance,Finance Companies,710417873.0,False,True,True,19.41,2.862,4.818,1.055,0.219,435768.0,10082366.375,0.957,19.552,19.6,19.207,17.336,2.0,73.0,2.212,7.654,7.594,-13.925
PRAX,Praxis Precision Medicines Inc.,NASDAQ,Health Care,Biotechnology: Pharmaceutical Preparations,8250635654.0,False,True,False,283.56,-4.044,5.452,-14.648,-2.687,423500.0,142388479.2,1.207,291.498,303.588,332.224,316.723,1.0,98.0,-20.158,-12.468,-8.561,-27.792
PRCH,Porch Group Inc.,NASDAQ,Technology,Computer Software: Prepackaged Software,2282012682.0,False,True,True,17.35,0.231,4.985,6.036,1.211,1576270.0,25362228.75,0.562,16.857,16.73,16.362,11.21,2.0,86.0,-3.931,18.188,137.997,-5.553
PRCT,PROCEPT BioRobotics Corporation,NASDAQ,Health Care,Medical/Dental Instruments,982815988.0,False,True,True,17.82,3.846,6.059,-10.266,-1.694,1448366.0,26865089.1,0.67,17.907,18.611,19.859,24.626,4.0,19.0,-16.612,-15.264,-25.063,-53.241
PRDO,Perdoceo Education Corporation,NASDAQ,Real Estate,Other Consumer Services,1996833825.0,False,True,True,31.54,-1.16,3.326,-2.519,-0.757,686264.0,23592154.4,0.944,31.458,31.786,32.355,32.854,1.0,41.0,-4.971,-9.835,-16.075,-17.274
PRG,PROG Holdings Inc.,NYSE,Consumer Discretionary,Diversified Commercial Services,1234780623.0,False,False,True,30.9,-0.323,3.906,-19.779,-5.063,596328.0,23017493.35,0.867,32.124,33.859,38.519,35.415,1.0,43.0,-19.678,-29.152,9.235,-35.045
PRGO,Perrigo Company plc,NYSE,Health Care,Biotechnology: Pharmaceutical Preparations,1978849434.0,False,False,True,14.44,1.262,4.464,8.391,1.88,2862770.0,40840417.7,0.656,14.439,14.255,13.322,11.841,2.0,60.0,1.191,31.702,42.783,-31.745
PRGS,Progress Software Corporation Common Stock (DE),NASDAQ,Technology,Computer Software: Prepackaged Software,1508257685.0,False,True,True,37.22,0.867,5.042,-11.243,-2.23,544964.0,25829959.25,1.537,38.771,39.958,41.935,36.76,3.0,42.0,-16.566,-5.075,31.056,-21.427
PRIM,Primoris Services Corporation,NYSE,Industrials,Water Sewer Pipeline Comm & Power Line Construction,4257060419.0,False,False,True,80.57,1.884,4.418,3.558,0.805,1251730.0,101993483.8,1.207,76.265,75.907,77.802,118.481,4.0,26.0,9.603,-7.259,-44.966,-60.719
PRK,Park National Corporation,AMEX,Finance,Major Banks,3308451087.0,False,False,True,181.02,-1.163,2.15,-6.819,-3.171,105782.0,19833770.1,1.038,181.483,184.071,194.266,174.315,2.0,61.0,-7.473,-1.232,10.012,-15.344
PRKS,United Parks & Resorts Inc.,NYSE,Consumer Discretionary,Services-Misc. Amusement & Recreation,1471778890.0,False,False,True,34.39,5.946,4.786,-14.634,-3.057,691404.0,27003083.2,1.51,33.241,34.856,40.285,38.48,1.0,24.0,-15.316,-27.386,-0.261,-38.27
PRLB,Proto Labs Inc. Common stock,NYSE,Industrials,Metal Fabrications,2349369504.0,False,False,True,98.68,0.479,3.344,16.24,4.857,211178.0,22385137.9,1.224,94.291,90.627,84.893,69.881,2.0,91.0,24.079,32.706,71.112,-0.744
PRLD,Prelude Therapeutics Incorporated,NASDAQ,Health Care,Biotechnology: Pharmaceutical Preparations,292878790.0,False,True,True,3.77,2.725,8.786,-24.317,-2.768,525156.0,2205379.091,0.618,4.005,4.338,4.981,3.894,1.0,91.0,-28.19,-24.145,2.446,-44.802
PRME,Prime Medicine Inc.,NASDAQ,Health Care,Biotechnology: Biological Products (No Diagnostic Substances),540503031.0,False,True,True,3.21,7.718,7.861,-0.545,-0.069,2889168.0,10890566.575,1.614,3.088,3.153,3.228,3.478,4.0,20.0,-13.477,-19.549,-3.892,-53.746
PROF,Profound Medical Corp.,NASDAQ,Health Care,Medical/Dental Instruments,213350349.0,False,True,False,6.03,3.253,5.399,-9.325,-1.727,131736.0,871113.348,1.014,5.884,6.022,6.65,6.83,4.0,56.0,-11.324,-18.952,-8.079,-32.626
PROK,ProKidney Corp. Class A,NASDAQ,Health Care,Biotechnology: Biological Products (No Diagnostic Substances),519994967.0,False,True,True,1.58,-8.14,7.395,-5.986,-0.809,1365310.0,3177070.425,0.719,1.679,1.711,1.681,1.899,4.0,21.0,-17.708,-18.974,-12.707,-54.598
PRPO,Precipio Inc.,NASDAQ,Industrials,Biotechnology: Laboratory Analytical Instruments,41407048.0,False,True,False,24.0,3.761,6.125,-5.575,-0.91,130786.0,2919385.088,0.333,24.107,24.92,25.417,25.221,1.0,58.0,-8.116,-7.692,-7.621,-28.635
PRQR,ProQR Therapeutics N.V.,NASDAQ,Health Care,Biotechnology: Pharmaceutical Preparations,230733613.0,False,True,False,1.67,2.141,5.849,-13.418,-2.294,785240.0,1202057.6,0.918,1.697,1.782,1.929,1.747,4.0,35.0,-20.096,0.602,-7.735,-46.129
PRSU,Pursuit Attractions and Hospitality Inc.,NYSE,Consumer Discretionary,Services-Misc. Amusement & Recreation,1428096439.0,False,False,True,52.29,-0.172,2.732,6.526,2.389,225294.0,12474437.775,1.262,50.425,49.705,49.087,43.095,2.0,76.0,8.938,-4.178,34.664,-7.484
PRTA,Prothena Corporation plc,NASDAQ,Health Care,Biotechnology: Pharmaceutical Preparations,429177103.0,False,True,True,8.27,-1.077,4.811,-6.774,-1.408,455830.0,4415237.612,1.567,8.501,8.649,8.871,9.314,4.0,33.0,-13.854,-14.566,-17.629,-29.915
PRTH,Priority Technology Holdings Inc.,NASDAQ,Consumer Discretionary,Business Services,641386094.0,False,True,True,7.78,0.0,2.495,25.03,10.031,1149808.0,16914841.881,0.671,7.567,7.106,6.223,5.876,2.0,73.0,43.542,11.621,59.1,-1.643
PRTS,CarParts.com Inc.,NASDAQ,Consumer Discretionary,Auto & Home Supply Stores,69604678.0,False,True,False,8.52,-1.275,6.443,16.339,2.536,52280.0,713112.436,0.618,8.445,8.334,7.323,6.816,2.0,89.0,1.914,38.762,5.185,-22.404
PRU,Prudential Financial Inc.,NYSE,Finance,Life Insurance,38847000000.0,True,False,False,113.48,0.782,2.067,-4.947,-2.393,1726942.0,182743554.4,0.861,115.159,116.614,119.386,106.614,2.0,64.0,-7.89,-0.589,18.948,-10.124
PRVA,Privia Health Group Inc.,NASDAQ,Health Care,Medical/Nursing Services,2593004402.0,False,True,True,20.45,0.739,2.922,-3.759,-1.287,1225134.0,26276451.4,1.097,19.998,20.16,21.249,22.849,4.0,31.0,-1.064,-24.899,-5.28,-29.042
PSA,Public Storage,NYSE,Real Estate,Real Estate Investment Trusts,53030549844.0,True,False,False,281.66,-0.758,1.983,-8.092,-4.08,906322.0,259681148.8,0.951,285.924,290.775,306.457,294.451,1.0,46.0,-6.928,-13.429,2.244,-15.199
PSEC,Prospect Capital Corporation,NASDAQ,Finance,Finance: Consumer Services,1067633698.0,False,True,True,1.93,-3.5,2.967,-10.819,-3.646,4384108.0,10509776.275,1.906,2.068,2.111,2.164,2.272,4.0,37.0,-10.441,-8.033,-19.654,-29.912
PSHG,Performance Shipping Inc. Common Shares,NASDAQ,Consumer Discretionary,Marine Transportation,21009164.0,False,True,False,1.7,0.592,4.979,-2.824,-0.567,52108.0,126396.05,0.727,1.743,1.749,1.749,1.887,4.0,48.0,0.0,3.03,-14.141,-34.109
PSIG,PS International Group Ltd.,NASDAQ,Industrials,Integrated Freight & Logistics,70444165.0,False,True,False,4.6,0.437,7.279,86.848,11.932,885348.0,6537665.65,0.839,4.419,3.923,2.462,4.908,4.0,98.0,145.989,262.205,-29.448,-61.667
PSIX,Power Solutions International Inc.,NASDAQ,Industrials,Industrial Machinery/Components,1034485433.0,False,True,True,44.87,0.045,5.068,14.728,2.906,440188.0,18095296.0,0.609,45.233,43.905,39.11,54.614,4.0,39.0,23.202,29.197,-30.831,-57.869
PSKY,Paramount Skydance Corporation,NASDAQ,Industrials,Broadcasting,10658484901.0,True,True,False,9.78,2.947,5.765,-1.215,-0.211,17863808.08,284886233.2,1.773,9.932,10.098,9.9,10.443,4.0,24.0,-11.004,-1.155,0.227,-48.785
PSMT,PriceSmart Inc.,NASDAQ,Consumer Discretionary,Department/Specialty Retail Stores,5267274236.0,False,True,True,171.81,0.662,2.411,-2.125,-0.882,231838.0,39317736.1,1.499,170.827,171.354,175.541,161.882,2.0,71.0,-1.099,-10.143,11.285,-13.691
PSN,Parsons Corporation,NYSE,Technology,EDP Services,4356592021.0,False,False,True,42.11,3.236,4.059,-9.35,-2.304,1518948.0,55911063.9,1.3,42.313,43.689,46.453,55.719,4.0,17.0,-9.148,-25.443,-25.31,-52.95
PSNL,Personalis Inc.,NASDAQ,Health Care,Medical Specialities,1738701916.0,False,True,True,16.4,0.737,3.035,5.898,1.943,2876768.0,32188529.5,0.592,16.331,16.289,15.487,10.571,2.0,94.0,-2.555,17.31,149.24,-13.182
PSNY,Polestar Automotive Holding UK PLC Class A ADS,NASDAQ,Industrials,Auto Manufacturing,1023465204.0,False,True,False,6.1,-2.087,8.987,-43.838,-4.878,225510.0,2049700.35,1.331,6.727,7.659,10.861,16.672,4.0,7.0,-29.804,-68.279,-69.239,-79.294
PSNYW,Polestar Automotive Holding UK PLC Class C-1 ADS (ADW),NASDAQ,Industrials,Auto Manufacturing,688333741.0,False,True,False,4.19,0.0,10.389,11.549,1.112,317770.0,714956.702,0.069,4.232,4.242,3.756,3.608,3.0,,-21.241,90.455,5.013,-70.903
PSQL,Pasqal Holding SA Ordinary Share,NASDAQ,Technology,EDP Services,1284376831.0,False,True,False,6.19,2.314,14.085,-34.335,-2.438,696072.0,4784044.0,0.765,6.679,7.497,9.427,,,,-36.513,-40.019,-38.285,-74.929
PSTL,Postal Realty Trust Inc.,NYSE,Real Estate,Real Estate Investment Trusts,686346928.0,False,False,True,22.38,-1.366,2.461,-3.64,-1.479,337356.0,9397058.125,0.911,23.001,23.22,23.225,20.925,2.0,76.0,-6.164,-8.313,20.204,-10.312
PSX,Phillips 66,NYSE,Energy,Integrated oil Companies,105572953955.0,True,False,False,269.72,1.943,3.26,11.667,3.579,2942860.0,863662163.2,0.681,261.193,257.982,241.54,183.125,2.0,94.0,5.914,51.617,54.018,-2.67
PTC,PTC Inc.,NASDAQ,Technology,Computer Software: Prepackaged Software,15628156772.0,True,True,False,192.26,33.486,4.36,33.751,7.741,1513802.0,507716272.0,19.522,149.946,145.08,143.744,145.202,3.0,83.0,28.105,53.759,33.181,-7.04
PTCT,PTC Therapeutics Inc.,NASDAQ,Health Care,Biotechnology: Pharmaceutical Preparations,5296422495.0,False,True,True,63.65,0.299,3.391,-8.127,-2.397,1149036.0,84531180.2,0.909,64.416,65.667,69.28,72.099,4.0,41.0,-10.854,-28.643,-7.62,-29.955
PTEN,Patterson-UTI Energy Inc.,NASDAQ,Energy,Oil & Gas Production,4275324438.0,False,True,True,11.55,3.033,4.203,1.344,0.32,8296822.0,95701058.4,0.821,11.276,11.47,11.397,9.913,2.0,93.0,-7.968,27.236,10.924,-13.742
PTGX,Protagonist Therapeutics Inc.,NASDAQ,Health Care,Biotechnology: Pharmaceutical Preparations,9063042397.0,False,True,False,140.63,0.407,3.552,-3.062,-0.862,585114.0,110345570.8,2.177,141.116,142.521,145.071,111.478,2.0,89.0,-5.491,-0.156,36.68,-12.549
PTLO,Portillo's Inc.,NASDAQ,Consumer Discretionary,Restaurants,266560716.0,False,True,True,3.55,1.14,4.799,-17.63,-3.674,1425114.0,5998296.938,0.81,3.601,3.782,4.31,4.864,4.0,19.0,-19.318,-26.042,-37.057,-48.023
PTN,Palatin Technologies Inc.,NASDAQ,Health Care,Biotechnology: Pharmaceutical Preparations,16616161.0,False,True,False,9.48,1.608,11.375,-4.273,-0.376,76266.0,966577.004,0.17,9.632,10.039,9.903,15.006,4.0,78.0,-27.523,-13.74,-47.421,-69.419
PTON,Peloton Interactive Inc.,NASDAQ,Consumer Discretionary,Recreational Games/Products/Toys,2159249261.0,False,True,True,5.01,1.829,3.844,-7.155,-1.861,8831442.0,48112254.5,0.953,4.953,5.01,5.396,5.333,4.0,24.0,-6.877,-13.918,7.742,-45.543
PTRN,Pattern Group Inc. Series A,NASDAQ,Consumer Discretionary,Catalog/Specialty Distribution,3074326212.0,False,True,True,17.41,0.462,5.394,-15.444,-2.863,1677606.0,33392721.8,0.676,17.785,18.589,20.59,17.061,2.0,75.0,-15.444,-38.481,40.177,-41.577
PUBM,PubMatic Inc.,NASDAQ,Technology,Computer Software: Programming Data Processing,839032124.0,False,True,True,18.6,0.977,3.897,12.583,3.229,731968.0,13218841.85,0.883,18.385,17.87,16.521,11.269,2.0,94.0,9.67,39.64,118.824,-4.517
PUMP,ProPetro Holding Corp.,NYSE,Energy,Oilfield Services/Equipment,1138577711.0,False,False,True,9.59,3.452,5.422,-11.432,-2.108,3832896.0,42598400.4,1.063,9.487,9.941,10.828,12.726,1.0,85.0,-14.68,-22.033,-30.153,-48.162
PURR,Hyperliquid Strategies Inc,NASDAQ,Finance,Finance: Consumer Services,2828860334.0,False,True,True,12.92,8.663,8.109,26.579,3.278,20254574.0,286329278.4,0.776,12.506,12.261,10.207,7.019,,,1.175,57.946,155.842,-12.466
PUSA,Powerus Corporation,NASDAQ,Consumer Discretionary,Hotels/Resorts,512689719.0,False,True,True,2.895,-8.386,11.678,-17.156,-1.469,740426.0,2981161.7,3.926,3.412,3.515,3.495,3.913,4.0,30.0,-23.21,-20.902,-23.816,-64.909
PVH,PVH Corp.,NYSE,Industrials,Garments and Clothing,3484790526.0,False,False,True,74.9,-0.834,3.309,-3.926,-1.186,960804.0,68304481.2,1.077,74.999,74.839,77.961,76.067,4.0,46.0,3.367,-2.74,-7.252,-25.619
PVLA,Palvella Therapeutics Inc.,NASDAQ,Health Care,Biotechnology: Pharmaceutical Preparations,1908681675.0,False,True,True,132.16,-0.234,5.144,-11.061,-2.151,202572.0,33777387.1,0.694,138.956,143.363,148.597,123.933,2.0,88.0,-14.993,-9.293,10.262,-18.106
PWP,Perella Weinberg Partners,NASDAQ,Finance,Finance: Consumer Services,1539465177.0,False,True,True,15.8,-0.126,5.744,-0.294,-0.051,1567186.0,35560348.75,1.776,15.26,15.114,15.847,17.724,4.0,35.0,-6.675,-2.725,-10.099,-38.351
PWR,Quanta Services Inc.,NYSE,Industrials,Engineering & Construction,99677435280.0,True,False,False,683.42,1.014,3.171,6.107,1.926,1043868.0,538314780.8,0.895,656.526,647.289,644.087,606.674,2.0,82.0,10.237,4.072,23.316,-13.326
PWRL,Powerlaw Corp.,NASDAQ,Unknown,Unknown,0.0,False,True,False,12.4,8.772,5.088,10.875,2.137,153994.0,2024056.25,1.982,11.336,11.164,11.184,,,,20.74,-14.894,,-69.0
PXED,Phoenix Education Partners Inc.,NYSE,Real Estate,Other Consumer Services,905149611.0,False,False,True,24.51,-2.389,4.073,-11.425,-2.805,94508.0,2094786.35,0.964,25.5,26.194,27.672,29.337,4.0,,-18.245,-29.498,-21.046,-46.808
PXS,Pyxis Tankers Inc.,NASDAQ,Consumer Discretionary,Marine Transportation,79426824.0,False,True,False,7.91,2.329,5.731,34.063,5.944,121816.0,1001647.6,1.617,7.209,6.877,5.9,4.479,2.0,97.0,27.17,91.063,83.953,-4.699
PYPD,PolyPid Ltd.,NASDAQ,Health Care,Medical/Dental Instruments,105418066.0,False,True,False,5.2,0.193,5.055,4.512,0.893,129620.0,479620.699,0.787,5.256,5.227,4.975,4.647,2.0,77.0,-1.328,-2.439,22.642,-9.25
PYPL,PayPal Holdings Inc.,NASDAQ,Industrials,Diversified Commercial Services,45168334147.0,True,True,False,54.41,3.049,2.938,-3.509,-1.194,12278060.0,627029508.8,0.674,53.475,53.865,56.389,49.979,3.0,53.0,-4.005,19.484,20.326,-30.548
PYXS,Pyxis Oncology Inc.,NASDAQ,Health Care,Biotechnology: Pharmaceutical Preparations,254837637.0,False,True,True,2.24,4.673,12.337,-28.726,-2.328,1318190.0,3973345.597,1.149,2.608,2.866,3.143,2.124,3.0,73.0,-37.167,-27.036,54.483,-59.64
PZZA,Papa John's International Inc.,NASDAQ,Consumer Discretionary,Restaurants,639668378.0,False,True,True,19.54,0.566,4.004,-16.628,-4.153,1548922.0,32042489.3,1.621,19.91,20.631,23.437,31.635,4.0,13.0,-13.348,-43.947,-43.791,-63.589
Q,Qnity Electronics Inc.,NYSE,Technology,Semiconductors,27506739234.0,True,False,False,131.53,0.038,3.556,3.185,0.895,1754164.0,186433374.4,1.084,126.846,125.358,127.471,125.843,2.0,,11.024,-6.349,10.78,-25.757
QBTS,D-Wave Quantum Inc.,NASDAQ,Technology,EDP Services,5986711924.0,False,True,False,15.64,-0.824,6.347,-13.707,-2.16,16997430.0,282243168.0,0.953,16.486,16.881,18.124,20.755,4.0,24.0,-7.015,-25.736,10.608,-66.545
QCOM,QUALCOMM Incorporated,NASDAQ,Technology,Radio And Television Broadcasting And Communications Equipment,194156744975.0,True,True,False,180.79,-2.207,4.489,5.582,1.244,12573786.0,2823946515.2,0.977,185.664,183.688,171.232,167.88,2.0,65.0,7.249,-0.654,45.109,-29.807
QCRH,QCR Holdings Inc.,NASDAQ,Finance,Major Banks,1653118233.0,False,True,True,100.03,-0.911,2.115,-1.718,-0.813,120908.0,10869515.4,1.073,99.913,100.287,101.779,92.778,2.0,73.0,-2.578,4.462,14.585,-7.336
QDEL,QuidelOrtho Corporation,NASDAQ,Health Care,Biotechnology: In Vitro & In Vivo Diagnostic Substances,738557349.0,False,True,True,12.14,12.721,6.543,-10.187,-1.557,1501276.0,18301299.85,1.794,11.039,11.482,13.517,17.898,4.0,14.0,-12.85,-28.588,-23.552,-65.88
QFIN,Qfin Holdings Inc. American Depositary Shares,NASDAQ,Finance,Finance: Consumer Services,786517171.0,False,True,False,6.555,1.471,5.138,-32.508,-6.327,2230296.0,15655697.35,1.429,6.987,7.61,9.712,12.676,4.0,8.0,-20.702,-52.344,-44.15,-76.355
QLYS,Qualys Inc.,NASDAQ,Technology,Computer Software: Prepackaged Software,6676835193.0,False,True,False,198.68,2.943,4.481,13.165,2.938,725548.0,131880896.4,1.067,185.869,181.832,175.567,128.025,2.0,90.0,13.955,26.106,119.973,-1.419
QMCO,Quantum Corporation,NASDAQ,Technology,Electronic Components,1359645035.0,False,True,True,34.01,-1.42,7.757,52.842,6.812,1914848.0,54052873.5,0.861,31.161,28.559,22.252,11.63,2.0,98.0,39.959,235.735,453.008,-4.6
QMLS,QumulusAI Inc.,NASDAQ,Technology,EDP Services,218484103.0,False,True,True,6.16,-5.666,20.098,-4.035,-0.201,455678.0,3425995.631,0.654,6.559,6.621,6.419,,,,6.39,,,-83.789
QNRX,Quoin Pharmaceuticals Ltd. American Depositary Shares,NASDAQ,Health Care,Biotechnology: Pharmaceutical Preparations,21474600.0,False,True,False,4.555,1.902,12.788,-19.593,-1.532,685546.0,310681.426,0.031,5.285,5.726,5.665,6.928,4.0,53.0,-42.122,-5.104,-29.27,-89.103
QNST,QuinStreet Inc.,NASDAQ,Consumer Discretionary,Business Services,856634178.0,False,True,True,14.99,0.134,4.947,-15.776,-3.189,1047942.0,18004624.95,0.909,15.219,16.074,17.798,14.334,2.0,48.0,-20.096,-7.867,23.782,-32.75
QNT,Quantinuum Inc.,NASDAQ,Technology,EDP Services,12242427034.0,False,True,False,45.53,-1.194,6.943,-13.985,-2.014,1702776.0,102863090.8,1.343,47.975,49.367,52.933,,,,-6.509,-41.327,,-47.54
QNTM,Quantum Biopharma Ltd. Class B Subordinate Voting Shares,NASDAQ,Health Care,Biotechnology: Pharmaceutical Preparations,27821072.0,False,True,False,3.27,-4.942,9.356,-2.742,-0.293,220326.0,772866.675,1.116,3.569,3.554,3.362,4.385,4.0,12.0,10.847,-1.506,-8.659,-82.789
QQQX,Nuveen NASDAQ 100 Dynamic Overwrite Fund Shares of Beneficial Interest,NASDAQ,Finance,Finance Companies,0.0,False,True,False,30.49,-0.619,1.539,2.052,1.333,88734.0,3063805.525,1.078,30.48,30.311,29.877,28.075,2.0,67.0,1.621,4.023,15.36,-2.15
QRVO,Qorvo Inc.,NASDAQ,Technology,Semiconductors,10072263840.0,False,True,False,114.17,0.0,3.432,10.627,3.096,1572254.0,247484361.2,0.0,114.787,112.717,103.203,90.674,2.0,83.0,13.738,34.113,43.737,-5.715
QS,QuantumScape Corporation,NASDAQ,Miscellaneous,Industrial Machinery/Components,2829348727.0,False,True,True,4.62,1.094,5.233,-14.46,-2.763,16026876.0,57172826.2,0.943,4.735,4.94,5.401,7.295,4.0,12.0,-15.229,-31.959,-27.129,-75.773
QSI,Quantum-Si Incorporated,NASDAQ,Industrials,Industrial Machinery/Components,339270064.0,False,True,True,1.28,-17.419,9.704,56.744,5.847,3972110.0,7805945.45,4.812,1.107,0.971,0.817,0.95,3.0,76.0,68.2,39.13,75.583,-58.71
QTEX,QTREX Quantum Ltd.,NASDAQ,Health Care,Medical/Dental Instruments,61560327.0,False,True,False,1.54,40.0,9.765,71.737,7.346,5024615.92,16942706.75,21.225,0.951,0.894,0.897,0.92,3.0,96.0,88.264,-10.983,274.696,-60.0
QTRX,Quanterix Corporation,NASDAQ,Industrials,Biotechnology: Laboratory Analytical Instruments,172146757.0,False,True,True,3.81,4.67,6.334,23.987,3.787,815584.0,2837686.75,1.266,3.468,3.264,3.073,4.224,4.0,34.0,47.674,-4.75,5.833,-56.556
QTTB,Q32 Bio Inc.,NASDAQ,Health Care,Biotechnology: Pharmaceutical Preparations,245002705.0,False,True,True,8.37,1.701,10.449,-36.545,-3.497,729928.0,11059348.962,1.308,9.035,10.113,13.19,8.752,1.0,96.0,-34.609,-38.546,48.404,-64.489
QTWO,Q2 Holdings Inc.,NYSE,Technology,Computer Software: Prepackaged Software,3515557704.0,False,False,True,58.21,3.246,3.373,-4.756,-1.41,745236.0,37139755.1,0.976,56.89,57.982,61.116,55.41,3.0,51.0,-9.16,7.896,19.454,-23.649
QUAD,Quad Graphics Inc,NYSE,Consumer Discretionary,Publishing,484765465.0,False,False,True,9.5,0.849,3.604,-3.295,-0.914,405108.0,3284473.381,0.598,9.43,9.559,9.824,7.673,2.0,86.0,-8.301,15.9,37.371,-13.932
QUBT,Quantum Computing Inc.,NASDAQ,Technology,Computer Software: Prepackaged Software,1851517323.0,False,True,True,7.94,-2.934,5.334,-5.872,-1.101,7608544.0,61343120.2,1.081,8.406,8.437,8.435,9.167,4.0,20.0,-0.251,-8.631,15.743,-69.272
QUCY,Quantum Cyber N.V.,NASDAQ,Health Care,Biotechnology: Pharmaceutical Preparations,111810695.0,False,True,False,1.35,1.504,6.323,-0.757,-0.12,686870.0,554841.948,0.399,1.338,1.351,1.36,1.22,2.0,90.0,-11.184,0.746,184.211,-72.617
QUIK,QuickLogic Corporation,NASDAQ,Technology,Semiconductors,217431586.0,False,True,True,11.65,-1.853,4.582,-0.667,-0.146,254860.0,2508484.081,0.728,11.326,11.208,11.728,12.384,1.0,85.0,9.802,-22.643,17.677,-52.117
QURE,uniQure N.V.,NASDAQ,Health Care,Biotechnology: Pharmaceutical Preparations,1627336026.0,False,True,False,22.8,-2.813,12.764,-46.809,-3.667,2115626.0,100677458.8,1.437,30.178,35.527,42.864,29.729,1.0,32.0,-49.175,-44.941,31.11,-68.112
QXL,Quantum X Labs Inc.,NASDAQ,Technology,Computer Software: Prepackaged Software,92957330.0,False,True,False,4.16,-3.48,11.2,-11.578,-1.034,68024.0,424518.295,0.864,4.625,4.75,4.705,3.39,2.0,90.0,-9.957,-22.388,109.045,-45.974
RADX,Radiopharm Theranostics Limited American Depositary Shares,NASDAQ,Health Care,Biotechnology: Pharmaceutical Preparations,20531067.0,False,True,False,1.27,-10.563,19.052,-44.128,-2.316,99620.0,100664.815,0.826,1.522,1.705,2.273,4.068,4.0,7.0,-41.067,-70.047,-71.267,-92.185
RAIL,FreightCar America Inc.,NASDAQ,Industrials,Railroads,226259832.0,False,True,True,6.76,-2.029,4.372,-7.914,-1.81,228000.0,2054467.45,0.469,6.941,7.043,7.341,9.119,4.0,28.0,-3.566,-16.337,-20.0,-54.631
RAMP,LiveRamp Holdings Inc.,NYSE,Technology,EDP Services,2288931072.0,False,False,True,37.71,0.159,0.453,-0.004,-0.009,1095910.0,52477493.6,0.838,37.635,37.646,37.712,32.329,2.0,75.0,-0.132,0.373,36.779,-1.36
RAPP,Rapport Therapeutics Inc.,NASDAQ,Health Care,Biotechnology: Pharmaceutical Preparations,1543461461.0,False,True,True,32.19,0.062,7.142,-25.716,-3.601,371462.0,19057340.625,0.534,34.477,37.506,43.333,35.793,1.0,50.0,-32.445,-18.958,-0.587,-39.184
RARE,Ultragenyx Pharmaceutical Inc.,NASDAQ,Health Care,Biotechnology: Pharmaceutical Preparations,1500522647.0,False,True,True,14.5,-4.731,7.703,-30.761,-3.993,4279996.0,83197806.6,1.088,14.91,15.956,20.942,23.986,4.0,17.0,-2.357,-59.576,-36.598,-63.65
RAVE,Rave Restaurant Group Inc.,NASDAQ,Consumer Discretionary,Food Distributors,32828717.0,False,True,False,2.29,-0.866,5.598,-21.645,-3.867,56720.0,263269.548,0.529,2.418,2.587,2.923,2.956,4.0,24.0,-24.918,-30.606,-11.923,-36.389
RAYA,Erayak Power Solution Group Inc. Class A,NASDAQ,Consumer Discretionary,Metal Fabrications,2077779.0,False,True,False,1.89,-4.061,10.198,-14.328,-1.405,97208.0,399097.575,0.096,1.922,1.993,2.206,8.511,4.0,5.0,-14.091,-32.014,-52.393,-97.367
RBB,RBB Bancorp,NASDAQ,Finance,Major Banks,443029097.0,False,True,True,26.22,0.115,2.054,-1.352,-0.658,111310.0,2635447.6,0.666,26.302,26.406,26.579,23.778,2.0,76.0,-1.687,-0.787,21.55,-6.584
RBBN,Ribbon Communications Inc.,NASDAQ,Technology,EDP Services,316517333.0,False,True,True,1.7,-3.955,5.751,-13.336,-2.319,879640.0,2320192.5,4.489,1.765,1.815,1.962,2.371,4.0,16.0,-14.573,-19.811,-24.107,-58.435
RBCAA,Republic Bancorp Inc.,NASDAQ,Finance,Major Banks,1839621778.0,False,True,True,93.59,-0.117,1.919,-2.038,-1.062,106794.0,10377829.05,0.909,93.347,93.807,95.537,80.471,2.0,74.0,-1.501,4.251,31.554,-7.957
RBKB,Rhinebeck Bancorp Inc.,NASDAQ,Finance,Banks,205612953.0,False,True,True,13.23,0.608,1.68,4.268,2.54,151876.0,2036438.553,0.593,12.954,12.889,12.688,11.299,2.0,83.0,3.44,8.21,19.937,-0.151
RBNE,Robin Energy Ltd.,NASDAQ,Consumer Discretionary,Marine Transportation,2997668.0,False,True,False,2.16,-4.0,9.8,-15.682,-1.6,62352.0,79004.285,0.72,2.327,2.443,2.562,24.914,4.0,2.0,-15.953,-72.039,-93.175,-98.354
RC,Ready Capital Corporation,NYSE,Real Estate,Real Estate Investment Trusts,186665821.0,False,False,True,1.1,-2.655,8.137,-31.204,-3.835,1264396.0,2270484.931,1.288,1.259,1.397,1.599,1.754,4.0,11.0,-36.992,-33.991,-31.156,-70.329
RCAT,Red Cat Holdings Inc.,NASDAQ,Technology,Computer Software: Prepackaged Software,977371917.0,False,True,True,6.345,-0.859,6.565,-22.885,-3.486,8541120.0,61573526.3,0.608,6.605,7.061,8.228,10.941,4.0,20.0,-25.703,-31.257,-51.417,-66.214
RCBC,River City Bank Common stock,NASDAQ,Finance,Major Banks,769197966.0,False,True,True,54.45,0.517,2.662,8.365,3.142,69244.0,5823281.9,2.321,52.507,51.991,50.247,44.554,2.0,84.0,4.591,25.592,31.122,-2.024
RCEL,Avita Medical Inc.,NASDAQ,Health Care,Medical/Dental Instruments,393389494.0,False,True,True,13.25,4.167,4.99,42.433,8.504,471626.0,3529541.45,0.887,12.012,11.359,9.303,5.516,2.0,98.0,21.115,165.0,239.744,-1.706
RCKT,Rocket Pharmaceuticals Inc.,NASDAQ,Health Care,Biotechnology: Pharmaceutical Preparations,281022968.0,False,True,True,2.61,1.953,7.614,-22.031,-2.893,1650572.0,5905455.7,1.005,2.754,2.986,3.347,3.562,4.0,27.0,-31.135,-35.872,-24.566,-52.11
RCKY,Rocky Brands Inc.,NASDAQ,Consumer Discretionary,Shoe Manufacturing,350171920.0,False,True,True,46.14,-1.284,2.993,0.94,0.314,60026.0,2459945.881,0.65,45.408,45.018,45.71,39.365,2.0,84.0,6.02,16.25,18.761,-12.631
RCL,Royal Caribbean Cruises Ltd.,NYSE,Consumer Discretionary,Marine Transportation,74282141810.0,True,False,False,275.03,-0.976,3.667,-1.93,-0.526,2445580.0,851261960.0,1.237,261.595,260.447,280.441,283.991,1.0,42.0,4.185,-1.982,0.87,-21.552
RCMT,RCM Technologies Inc.,NASDAQ,Consumer Discretionary,Professional Services,298722986.0,False,True,True,41.59,-1.0,3.144,11.681,3.716,78942.0,3195932.894,0.536,41.124,40.5,37.24,26.934,2.0,92.0,2.666,50.688,63.29,-3.481
RCON,Recon Technology Ltd. Class A,NASDAQ,Energy,Oilfield Services/Equipment,27744923.0,False,True,False,1.25,0.0,90.94,-91.113,-1.002,823678.98,324847.4,0.133,1.315,2.601,14.065,146.676,4.0,2.0,-16.107,-98.438,-99.362,-99.698
RCUS,Arcus Biosciences Inc.,NYSE,Health Care,Biotechnology: Pharmaceutical Preparations,3112027709.0,False,False,True,24.74,1.227,5.085,-10.752,-2.115,1407654.0,46140226.5,0.988,25.283,25.942,27.72,24.787,1.0,85.0,-17.889,-18.215,11.241,-22.042
RDAC,Rising Dragon Acquisition Corp.,NASDAQ,Unknown,Unknown,0.0,False,True,False,5.52,0.364,10.791,-6.144,-0.569,895326.0,386454.3,0.015,5.468,5.548,5.881,6.625,4.0,25.0,-12.242,-4.167,4.151,-76.99
RDCM,Radcom Ltd.,NASDAQ,Technology,Computer peripheral equipment,171744803.0,False,True,False,10.41,1.166,2.844,0.399,0.14,142994.0,873510.35,0.304,10.283,10.283,10.369,12.435,4.0,25.0,3.789,-26.896,-17.577,-37.814
RDDT,Reddit Inc.,NYSE,Technology,EDP Services,28447747969.0,True,False,False,150.42,1.731,4.933,-3.55,-0.72,6345864.0,744660752.0,0.819,149.202,151.188,155.956,168.183,4.0,35.0,-3.571,-24.579,8.732,-42.915
RDI,Reading International Inc,NASDAQ,Consumer Discretionary,Movies/Entertainment,44979100.0,False,True,False,1.85,-6.091,7.042,0.282,0.04,78122.0,121344.3,0.307,1.943,1.965,1.845,1.315,2.0,88.0,-12.736,43.411,71.296,-23.237
RDIB,Reading International Inc,NASDAQ,Consumer Discretionary,Movies/Entertainment,368073242.0,False,True,True,16.08,0.0,11.61,25.459,2.193,214139.02,640820.31,0.0,16.064,15.652,12.817,10.881,2.0,94.0,16.988,88.954,62.588,-33.0
RDN,Radian Group Inc.,NYSE,Finance,Property-Casualty Insurers,4309053927.0,False,False,True,33.5,2.855,2.809,-6.836,-2.433,1254648.0,59129335.9,2.188,32.998,33.879,35.958,34.914,1.0,44.0,-8.992,-11.293,0.064,-17.819
RDNT,RadNet Inc.,NASDAQ,Health Care,Medical Specialities,5503299182.0,False,True,False,70.57,0.915,3.718,-2.829,-0.761,745234.0,57157547.7,0.914,70.904,72.041,72.625,65.476,3.0,50.0,-5.428,4.04,28.169,-17.789
RDNW,RideNow Group Inc.,NASDAQ,Technology,EDP Services,209879653.0,False,True,True,4.95,-7.993,8.084,-17.825,-2.205,72184.0,399459.175,1.608,5.591,5.723,6.024,6.405,1.0,50.0,-15.385,-17.085,-24.08,-42.105
RDVT,Red Violet Inc. Common Stock ,NASDAQ,Technology,Computer Software: Prepackaged Software,1272043708.0,False,True,True,79.89,0.782,3.41,9.805,2.876,249032.0,15249678.9,0.597,78.604,77.089,72.756,54.67,2.0,90.0,4.527,18.813,118.517,-2.329
RDW,Redwire Corporation,NYSE,Industrials,Military/Government/Technical,2719919586.0,False,False,True,10.43,-4.136,7.142,-6.276,-0.879,14580306.0,152903914.4,1.23,10.857,10.974,11.128,11.073,1.0,54.0,0.579,2.155,5.247,-60.848
RDWR,Radware Ltd.,NASDAQ,Consumer Discretionary,Business Services,1298823979.0,False,True,False,30.68,-0.065,3.479,7.296,2.097,292386.0,11191137.25,1.432,29.987,29.593,28.594,27.097,2.0,62.0,7.536,0.623,11.159,-6.435
RDZN,Roadzen Inc.,NASDAQ,Finance,Specialty Insurers,103901377.0,False,True,False,1.19,-2.459,8.066,-9.264,-1.149,339000.0,513805.325,0.698,1.251,1.265,1.311,1.487,4.0,91.0,-11.194,-6.299,4.386,-53.516
REAL,The RealReal Inc.,NASDAQ,Consumer Discretionary,Other Specialty Stores,1082872924.0,False,True,True,9.32,4.719,4.91,-11.736,-2.39,2919804.0,23595155.8,0.824,9.102,9.393,10.559,11.545,4.0,43.0,-7.356,-14.73,-0.851,-46.412
REAX,Real REMAX Group Inc.,NASDAQ,Finance,Real Estate,359707200.0,False,True,False,16.44,0.183,8.967,-17.111,-1.908,818958.8,14055120.275,0.41,16.574,17.493,19.834,24.107,4.0,14.0,-10.652,-26.933,-35.02,-63.467
REBN,Reborn Coffee Inc.,NASDAQ,Consumer Discretionary,Restaurants,18791866.0,False,True,False,2.0,-8.257,9.505,57.796,6.081,185416.0,336785.768,2.007,1.579,1.372,1.267,1.714,3.0,79.0,69.492,32.45,-22.78,-32.203
REFI,Chicago Atlantic Real Estate Finance Inc.,NASDAQ,Real Estate,Real Estate Investment Trusts,257748729.0,False,True,True,9.81,-2.485,2.514,-2.516,-1.001,197748.0,2596186.556,1.202,10.09,10.169,10.063,10.453,4.0,42.0,-5.518,-4.374,-4.153,-14.059
REG,Regency Centers Corporation,NASDAQ,Real Estate,Real Estate Investment Trusts,13111431165.0,True,True,False,71.33,-0.377,1.426,-5.167,-3.623,1314974.0,102272150.4,1.154,72.343,73.102,75.217,75.013,1.0,47.0,-5.094,-10.76,-5.086,-13.875
REGN,Regeneron Pharmaceuticals Inc.,NASDAQ,Health Care,Biotechnology: Pharmaceutical Preparations,75692507178.0,True,True,False,726.47,-1.187,2.909,-7.572,-2.603,759488.0,590951889.6,0.915,756.178,771.456,785.988,734.455,1.0,71.0,-13.871,7.555,-4.539,-15.462
REI,Ring Energy Inc.,AMEX,Energy,Oil & Gas Production,341306885.0,False,False,True,1.34,2.29,4.377,-3.235,-0.739,3551794.0,5596094.569,0.51,1.343,1.375,1.385,1.31,2.0,86.0,-10.667,20.721,-14.103,-33.0
RELL,Richardson Electronics Ltd.,NASDAQ,Technology,Electronic Components,282271500.0,False,True,True,18.78,-1.106,4.044,3.833,0.948,213686.0,1939857.112,1.33,17.925,17.636,18.087,14.889,2.0,90.0,10.601,16.622,67.205,-18.642
RELY,Remitly Global Inc.,NASDAQ,Consumer Discretionary,Business Services,4608361856.0,False,True,True,22.91,5.237,4.547,-3.918,-0.862,3670306.0,93426532.8,0.989,21.876,22.323,23.844,19.558,2.0,77.0,-14.896,-5.056,41.333,-16.627
RENT,Rent the Runway Inc.,NASDAQ,Consumer Discretionary,Other Specialty Stores,52349888.0,False,True,False,1.55,0.0,14.03,-48.008,-3.422,147054.0,627233.553,0.856,1.723,2.05,2.981,4.685,4.0,12.0,-60.358,-54.678,-69.844,-84.699
RENX,RenX Enterprises Corp.,NASDAQ,Utilities,Environmental Services,5279187.0,False,True,False,1.89,-5.263,9.878,-1.991,-0.202,112170.0,290124.271,0.533,2.014,1.971,1.928,2.439,4.0,9.0,-12.093,-10.0,-21.577,-94.273
REPL,Replimune Group Inc.,NASDAQ,Health Care,Biotechnology: Biological Products (No Diagnostic Substances),1231450616.0,False,True,True,13.15,0.612,6.454,-0.539,-0.083,4531360.0,29279187.75,0.502,13.1,13.273,13.221,8.927,2.0,94.0,-13.996,14.248,53.981,-19.473
REPX,Riley Exploration Permian Inc.,AMEX,Energy,Oil & Gas Production,934668189.0,False,False,True,42.93,1.754,3.399,10.696,3.147,279142.0,15746828.525,0.792,41.463,41.19,38.782,33.544,2.0,90.0,1.996,31.132,19.295,-5.253
RES,RPC Inc.,NYSE,Energy,Oilfield Services/Equipment,1298910090.0,False,False,True,6.1,4.096,3.462,0.78,0.225,1695626.0,12913578.35,1.539,5.862,5.944,6.053,6.278,1.0,78.0,-5.719,10.069,-9.411,-24.287
RETO,ReTo Eco-Solutions Inc. Class A Shares,NASDAQ,Industrials,Industrial Machinery/Components,11574493.0,False,True,False,1.95,25.806,803.313,-92.544,-0.115,1936717.22,59822358.381,9.597,3.982,9.066,26.152,62.432,4.0,2.0,-90.802,-96.626,-96.953,-99.604
REX,REX American Resources Corporation,NYSE,Industrials,Major Chemicals,1438827507.0,False,False,True,43.41,0.092,3.113,0.958,0.308,204346.0,11438682.8,1.812,43.228,43.062,42.998,41.763,2.0,72.0,4.301,-5.794,-3.555,-18.647
REYN,Reynolds Consumer Products Inc.,NASDAQ,Consumer Discretionary,Containers/Packaging,4704854718.0,False,True,True,22.23,-0.403,2.42,-6.51,-2.69,1451764.0,33832847.5,0.861,22.057,22.291,23.778,22.929,4.0,41.0,1.832,-14.403,6.12,-17.912
REZI,Resideo Technologies Inc. Common Stock ,NYSE,Industrials,Wholesale Distributors,2786399386.0,False,False,True,18.56,1.144,3.895,-10.772,-2.766,2364827.32,39341184.8,0.756,18.416,18.78,20.801,23.438,4.0,23.0,-4.967,-17.759,-23.492,-41.111
RF,Regions Financial Corporation,NYSE,Finance,Major Banks,23087289613.0,True,False,False,27.07,-0.111,2.06,-8.938,-4.339,8248270.0,269556623.2,1.293,27.399,28.07,29.727,28.23,1.0,50.0,-11.071,-10.61,3.238,-15.785
RFAI,RF Acquisition Corp II,NASDAQ,Unknown,Unknown,0.0,False,True,False,37.55,-2.035,17.758,29.124,1.64,106078.0,544308.975,0.065,37.121,36.306,29.081,15.45,2.0,98.0,-10.68,240.435,244.495,-48.562
RFI,Cohen & Steers Total Return Realty Fund Inc.,NYSE,Finance,Investment Managers,515464208.0,False,False,True,10.34,-1.43,1.402,-6.937,-4.947,95248.0,1012252.48,1.372,10.546,10.71,11.111,10.968,1.0,42.0,-8.086,-8.81,-3.972,-11.059
RFIL,RF Industries Ltd.,NASDAQ,Technology,Electrical Products,91121192.0,False,True,False,8.42,0.238,5.894,-20.08,-3.407,257932.0,2928993.647,0.463,8.285,8.753,10.536,12.347,1.0,63.0,-17.289,-50.089,-23.801,-62.242
RGC,Regencell Bioscience Holdings Limited,NASDAQ,Health Care, Medicinal Chemicals and Botanical Products ,3372414353.0,False,True,False,7.24,6.158,6.88,23.915,3.476,171520.0,897453.473,1.791,6.442,6.222,5.843,19.109,4.0,75.0,11.728,21.681,-76.516,-89.507
RGEN,Repligen Corporation,NASDAQ,Health Care,Biotechnology: Biological Products (No Diagnostic Substances),8889369606.0,False,True,False,189.5,4.293,4.208,10.938,2.599,1106472.0,207967900.4,1.458,185.579,181.964,170.816,143.664,2.0,87.0,11.727,35.522,62.035,-4.712
RGLD,Royal Gold Inc.,NASDAQ,Industrials,Precious Metals,19880544366.0,False,True,False,233.64,-0.426,2.992,-2.763,-0.924,704386.0,167836167.6,0.995,240.178,244.106,240.28,240.205,1.0,77.0,-11.603,19.078,-9.94,-23.232
RGNX,REGENXBIO Inc.,NASDAQ,Health Care,Biotechnology: Biological Products (No Diagnostic Substances),490478017.0,False,True,True,7.76,4.441,6.857,-15.965,-2.328,1326332.0,11765395.725,1.772,7.641,8.006,9.234,9.847,4.0,32.0,-15.652,-48.336,-11.818,-52.069
RGP,Resources Connection Inc.,NASDAQ,Consumer Discretionary,Business Services,134988065.0,False,True,False,3.74,-3.856,4.278,-8.226,-1.923,349896.0,1386488.906,0.798,3.834,3.908,4.075,4.113,4.0,34.0,-11.792,-19.328,5.191,-26.793
RGR,Sturm Ruger & Company Inc.,NYSE,Industrials,Ordnance And Accessories,708955219.0,False,False,True,44.41,0.09,2.127,13.835,6.503,168252.0,10016909.012,1.705,42.712,41.385,39.013,38.419,2.0,68.0,19.318,16.665,10.199,-6.791
RGTI,Rigetti Computing Inc.,NASDAQ,Technology,EDP Services,5089973392.0,False,True,True,15.15,-0.656,5.865,-6.26,-1.067,17757562.0,268968091.2,0.696,15.666,15.786,16.162,18.283,4.0,20.0,-0.198,-8.459,6.69,-73.947
RH,RH,NYSE,Consumer Discretionary,Other Specialty Stores,2280688333.0,False,False,True,117.45,-2.499,5.3,-22.172,-4.183,766226.0,116360340.8,1.123,122.526,128.414,150.909,159.706,4.0,22.0,-19.89,-28.253,-1.011,-50.94
RHI,Robert Half Inc.,NYSE,Consumer Discretionary,Professional Services,3697309227.0,False,False,True,34.32,-4.983,4.656,-14.433,-3.1,2017856.0,69451943.8,1.347,36.582,37.626,40.109,30.527,2.0,64.0,-20.186,0.042,42.871,-25.536
RHLD,Resolute Holdings Management Common Stock ,NYSE,Finance,Finance: Consumer Services,906369256.0,False,False,True,115.63,-0.242,5.39,-9.901,-1.837,152896.0,14829317.4,0.861,119.946,122.892,128.336,150.282,4.0,89.0,-16.519,-18.782,-22.266,-51.044
RICK,RCI Hospitality Holdings Inc.,NASDAQ,Consumer Discretionary,Restaurants,203496590.0,False,True,True,26.03,-2.216,3.426,-7.783,-2.272,53032.0,1218799.019,0.575,27.148,27.685,28.227,25.407,2.0,43.0,-9.183,-2.207,8.892,-18.435
RIGL,Rigel Pharmaceuticals Inc.,NASDAQ,Health Care,Biotechnology: Pharmaceutical Preparations,880755588.0,False,True,True,47.79,1.357,3.569,6.909,1.936,279674.0,11800327.025,1.4,47.696,47.252,44.702,36.566,2.0,90.0,-1.464,12.289,74.671,-8.518
RILY,BRC Group Holdings Inc.,NASDAQ,Finance,Investment Managers,195370809.0,False,True,True,4.88,0.412,6.427,-26.213,-4.079,593950.0,3746823.5,1.344,5.279,5.708,6.614,7.418,1.0,28.0,-31.268,-34.584,-33.424,-56.584
RIOT,Riot Platforms Inc. Common Stock ,NASDAQ,Finance,Finance: Consumer Services,7403858788.0,False,True,False,19.32,-2.078,7.646,-7.373,-0.964,18873244.0,349857748.0,0.69,20.917,21.26,20.858,19.368,1.0,58.0,-8.609,-8.739,42.899,-36.28
RITM,Rithm Capital Corp.,NYSE,Real Estate,Real Estate Investment Trusts,4863725240.0,False,False,True,8.74,0.344,2.424,-8.297,-3.423,5747568.0,59929657.6,1.203,8.877,9.078,9.531,9.377,4.0,41.0,-10.53,-2.476,-4.165,-21.937
RIVN,Rivian Automotive Inc.,NASDAQ,Industrials,Auto Manufacturing,20704407009.0,False,True,False,14.6,2.098,4.642,-7.022,-1.513,23266834.0,379218137.6,1.122,14.887,15.178,15.703,16.144,4.0,57.0,-8.234,-11.461,-4.513,-35.654
RJET,Republic Airways Holdings Inc.,NASDAQ,Consumer Discretionary,Air Freight/Delivery Services,825895980.0,False,True,True,17.06,-3.288,4.371,-9.475,-2.168,90260.0,1498219.781,0.865,17.914,18.055,18.846,19.041,4.0,35.0,-0.929,-18.295,-8.131,-36.105
RJF,Raymond James Financial Inc.,NYSE,Finance,Investment Bankers/Brokers/Service,30433546297.0,True,False,False,160.8,1.637,2.339,-6.387,-2.731,1161564.0,213994197.6,0.946,160.446,163.479,171.771,159.741,2.0,49.0,-10.905,-3.728,14.242,-11.7
RKLB,Rocket Lab Corporation,NASDAQ,Industrials,Military/Government/Technical,46403999907.0,False,True,False,73.02,-1.218,5.404,4.4,0.814,19087322.0,1469001587.2,0.997,71.133,69.922,69.943,81.502,1.0,72.0,14.433,-12.457,7.906,-51.642
RL,Ralph Lauren Corporation,NYSE,Industrials,Garments and Clothing,21650398185.0,True,False,False,365.54,0.597,2.703,0.988,0.366,646730.0,231484304.8,0.69,356.065,352.851,361.964,363.291,3.0,58.0,6.503,-7.267,2.479,-12.837
RLAY,Relay Therapeutics Inc.,NASDAQ,Health Care,Biotechnology: Biological Products (No Diagnostic Substances),4154925324.0,False,True,True,19.39,2.268,4.756,1.454,0.306,2848984.0,68465380.6,1.031,18.581,18.64,19.112,14.063,2.0,95.0,1.999,-1.773,55.743,-8.839
RLGT,Radiant Logistics Inc.,AMEX,Industrials,Integrated Freight & Logistics,438930367.0,False,False,True,9.25,-1.175,3.437,7.536,2.193,235058.0,3719448.381,0.665,8.929,8.799,8.602,8.018,2.0,79.0,9.988,-2.529,25.85,-9.314
RLI,RLI Corp. Common Stock (DE),NYSE,Finance,Property-Casualty Insurers,5133779942.0,False,False,True,56.08,0.25,2.385,-8.865,-3.717,715910.0,43352264.1,1.326,56.708,58.145,61.535,57.243,4.0,43.0,-12.43,-9.47,1.194,-16.064
RLJ,RLJ Lodging Trust Common Shares of Beneficial Interest $0.01 par value,NYSE,Real Estate,Real Estate Investment Trusts,1709657284.0,False,False,True,11.16,-0.535,2.439,-0.023,-0.009,1760426.0,19289206.65,1.203,11.017,10.972,11.163,9.228,2.0,83.0,3.888,-0.672,57.832,-12.231
RLMD,Relmada Therapeutics Inc.,NASDAQ,Health Care,Biotechnology: Pharmaceutical Preparations,384011446.0,False,True,True,3.48,-3.333,6.239,-22.557,-3.616,1208410.0,5533884.812,1.061,3.763,3.971,4.494,5.455,4.0,67.0,-20.366,-45.71,-49.565,-56.5
RM,Regional Management Corp.,NYSE,Finance,Finance: Consumer Services,293380249.0,False,False,True,32.77,3.05,2.977,-0.497,-0.167,90728.0,2330380.112,1.434,31.414,31.709,32.934,35.31,4.0,34.0,-1.087,-21.056,-2.552,-25.368
RMBI,Richmond Mutual Bancorporation Inc.,NASDAQ,Finance,Major Banks,258759670.0,False,True,True,15.32,-0.777,2.267,-1.962,-0.865,89632.0,2386813.95,0.73,15.267,15.409,15.627,14.485,2.0,64.0,-3.405,5.497,14.724,-6.776
RMBS,Rambus Inc.,NASDAQ,Technology,Semiconductors,12144445688.0,False,True,False,110.3,-1.491,4.674,17.577,3.76,2448252.0,247983644.0,0.574,104.686,99.837,93.811,107.963,3.0,60.0,30.78,4.125,19.605,-36.646
RMD,ResMed Inc.,NYSE,Health Care,Medical/Dental Instruments,30784523900.0,True,False,False,222.86,1.814,2.424,-0.327,-0.135,1366626.0,274901864.8,0.697,222.074,223.121,223.591,224.573,4.0,40.0,-2.762,1.706,-0.34,-20.94
RMIX,Suncrete Inc.,NASDAQ,Industrials,Building Materials,897996891.0,False,True,True,11.69,-4.337,7.363,-26.555,-3.607,374600.0,6056843.012,0.828,12.641,13.439,15.917,,,,-27.75,-43.114,9.868,-54.157
RMNI,Rimini Street Inc. (DE),NASDAQ,Consumer Discretionary,Business Services,395829440.0,False,True,True,4.18,-1.415,3.676,-12.591,-3.425,443928.0,1711308.247,0.727,4.279,4.421,4.782,4.019,2.0,41.0,-18.039,-12.0,21.512,-26.408
RMR,The RMR Group Inc.,NASDAQ,Consumer Discretionary,Professional Services,568782407.0,False,True,True,17.44,-1.636,2.446,-9.353,-3.823,117228.0,1835904.75,1.197,18.205,18.582,19.239,17.596,1.0,62.0,-10.103,-9.499,15.241,-16.882
RMT,Royce Micro-Cap Trust Inc.,NYSE,Finance,Investment Managers,629259855.0,False,False,True,13.66,0.441,1.757,-0.115,-0.065,100418.0,1299717.875,0.837,13.494,13.511,13.676,12.527,2.0,74.0,0.618,-1.311,21.255,-5.986
RNA,Atrium Therapeutics Inc.,NASDAQ,Health Care,Biotechnology: Pharmaceutical Preparations,134108241.0,False,True,False,7.97,1.658,7.008,-29.637,-4.229,270224.0,4448066.35,0.993,8.45,9.311,11.327,,,,-45.411,-39.804,-41.697,-52.475
RNAC,Cartesian Therapeutics Inc.,NASDAQ,Health Care,Biotechnology: Pharmaceutical Preparations,222679391.0,False,True,True,7.14,-2.989,6.91,-16.107,-2.331,127878.0,1105509.944,1.769,7.44,7.808,8.511,7.71,1.0,30.0,-21.711,-28.955,14.423,-35.091
RNAZ,TransCode Therapeutics Inc.,NASDAQ,Health Care,Biotechnology: Pharmaceutical Preparations,26581260.0,False,True,False,1.76,12.102,14.264,-35.041,-2.457,57418.0,84372.675,1.144,1.675,1.839,2.709,6.708,4.0,7.0,-18.329,-79.147,-80.357,-91.615
RNGR,Ranger Energy Services Inc.,NYSE,Energy,Oilfield Services/Equipment,366475680.0,False,False,True,15.99,2.107,3.238,-2.033,-0.628,200578.0,2434591.938,0.777,15.656,15.901,16.322,16.048,1.0,66.0,-5.496,2.885,-2.357,-14.371
RNST,Renasant Corporation,NYSE,Finance,Major Banks,3648866243.0,False,False,True,39.64,-0.701,2.073,-4.169,-2.011,638016.0,30740964.15,1.388,39.745,40.09,41.365,39.429,2.0,56.0,-3.219,-6.136,6.939,-10.477
RNW,ReNew Energy Global plc Class A,NASDAQ,Utilities,Electric Utilities: Central,2492514386.0,False,True,False,6.88,0.585,0.507,2.96,5.835,2395766.0,10804285.45,0.397,6.847,6.829,6.682,5.838,3.0,58.0,0.732,14.476,44.235,-15.789
RNXT,RenovoRx Inc.,NASDAQ,Health Care,Biotechnology: Pharmaceutical Preparations,71304623.0,False,True,False,1.47,-6.962,10.556,-1.829,-0.173,907676.0,1327933.281,0.681,1.589,1.63,1.497,1.071,2.0,90.0,-37.975,58.405,57.725,-43.243
ROAD,Construction Partners Inc.,NASDAQ,Industrials,Military/Government/Technical,5225674469.0,False,True,True,90.5,-0.637,4.427,-12.903,-2.914,660582.0,57095691.9,1.102,92.005,94.913,103.907,113.55,4.0,28.0,-11.862,-12.737,-16.881,-40.066
ROCK,Gibraltar Industries Inc.,NASDAQ,Industrials,Steel/Iron Ore,1191808143.0,False,True,True,40.32,0.423,4.618,-10.561,-2.287,329570.0,15724334.55,0.92,40.68,41.924,45.081,44.342,4.0,26.0,-11.907,-6.559,5.302,-46.297
ROG,Rogers Corporation,NYSE,Industrials,Major Chemicals,2858933600.0,False,False,True,159.1,-0.562,4.035,19.852,4.92,241894.0,39464063.25,1.15,147.592,141.305,132.747,123.507,2.0,89.0,25.98,19.274,50.378,-5.858
ROIV,Roivant Sciences Ltd. Common Shares,NASDAQ,Health Care,Biotechnology: Pharmaceutical Preparations,25801378096.0,False,True,False,35.78,0.168,3.725,-2.246,-0.603,7651054.0,345564374.4,0.81,36.557,37.05,36.602,30.243,2.0,89.0,3.981,-1.46,28.336,-15.812
ROK,Rockwell Automation Inc.,NYSE,Industrials,Industrial Machinery/Components,50557320546.0,True,False,False,455.18,0.183,2.245,4.103,1.828,767172.0,298785276.0,0.931,439.559,434.65,437.239,422.065,2.0,70.0,6.281,-2.627,24.732,-8.199
ROKU,Roku Inc.,NASDAQ,Telecommunications,Cable & Other Pay Television Services,22617566686.0,False,True,False,153.41,0.669,1.238,0.002,0.002,2317350.0,318973924.8,0.843,152.931,153.525,153.406,123.464,2.0,81.0,-3.095,8.64,56.222,-4.053
ROL,Rollins Inc.,NYSE,Consumer Discretionary,Diversified Commercial Services,14511345385.0,True,False,False,29.69,-1.558,3.082,-15.33,-4.975,6268782.0,254744394.0,1.042,30.831,32.096,35.065,49.146,4.0,17.0,-16.858,-31.603,-44.695,-54.6
ROOT,Root Inc.,NASDAQ,Finance,Property-Casualty Insurers,716717838.0,False,True,True,47.42,2.508,4.218,-10.491,-2.488,241218.0,10394265.825,0.633,47.471,49.193,52.978,56.467,4.0,21.0,-14.389,-25.44,5.73,-48.607
ROP,Roper Technologies Inc.,NASDAQ,Industrials,Industrial Machinery/Components,35042557676.0,True,True,False,363.38,2.557,2.709,-6.787,-2.505,808532.0,332517528.8,0.881,360.692,369.385,389.836,366.821,4.0,35.0,-13.746,0.398,1.393,-29.618
ROST,Ross Stores Inc.,NASDAQ,Consumer Discretionary,Clothing/Shoe/Accessory Stores,73007813759.0,True,True,False,226.37,-0.95,2.274,-4.58,-2.015,2337544.0,461953611.2,1.107,231.421,231.843,237.237,217.357,2.0,78.0,-2.099,5.654,2.731,-11.748
RPAY,Repay Holdings Corporation,NASDAQ,Consumer Discretionary,Business Services,343267672.0,False,True,True,3.9,2.094,4.074,2.078,0.51,448216.0,1578571.75,0.616,3.796,3.791,3.821,3.531,2.0,47.0,0.515,-3.465,59.184,-27.644
RPC,Ridgepost Capital Inc.,NYSE,Finance,Investment Managers,840016913.0,False,False,True,7.89,3.543,3.518,-5.132,-1.459,560140.0,4438824.912,1.263,7.648,7.803,8.317,8.438,4.0,39.0,-7.827,3.077,12.179,-30.241
RPD,Rapid7 Inc.,NASDAQ,Technology,Computer Software: Prepackaged Software,821613802.0,False,True,True,12.36,1.395,6.617,5.198,0.786,2057082.0,22357320.55,0.695,12.168,12.091,11.749,9.502,3.0,71.0,7.759,10.357,113.841,-38.721
RPRX,Royalty Pharma plc Class A Ordinary Shares ,NASDAQ,Health Care,Biotechnology: Pharmaceutical Preparations,32867068821.0,False,True,False,56.66,-0.875,2.212,-4.465,-2.019,2927922.0,194767619.2,1.352,57.858,58.495,59.308,50.864,2.0,79.0,-11.302,-1.577,20.752,-11.991
RQI,Cohen & Steers Quality Income Realty Fund Inc Common Shares,NYSE,Finance,Trusts Except Educational Religious and Charitable,1485362512.0,False,False,True,10.93,-1.175,1.68,-8.316,-4.948,613394.0,8566965.425,1.391,11.105,11.337,11.921,12.049,1.0,43.0,-9.517,-10.185,-8.395,-16.859
RR,Richtech Robotics Inc.,NASDAQ,Industrials,Industrial Machinery/Components,378171264.0,False,True,True,1.72,2.381,6.057,3.025,0.499,5364614.0,7157920.8,0.841,1.672,1.678,1.67,2.424,4.0,15.0,0.0,-5.753,-14.851,-76.851
RRBI,Red River Bancshares Inc.,NASDAQ,Finance,Major Banks,680862401.0,False,True,True,102.97,-0.425,1.857,1.579,0.85,64944.0,7045330.525,1.05,101.587,101.481,101.369,91.078,2.0,83.0,-0.261,6.084,12.552,-1.812
RRGB,Red Robin Gourmet Burgers Inc.,NASDAQ,Consumer Discretionary,Restaurants,150284828.0,False,True,False,8.05,1.258,5.791,-3.254,-0.562,329064.0,1906711.25,0.75,7.686,7.78,8.321,5.408,2.0,88.0,-2.187,21.97,148.457,-26.484
RRR,Red Rock Resorts Inc.,NASDAQ,Consumer Discretionary,Hotels/Resorts,5283364469.0,False,True,True,51.06,1.491,3.882,-11.066,-2.85,965964.0,65554302.0,1.268,50.56,52.04,57.413,58.572,4.0,33.0,-10.136,-22.455,-7.578,-24.681
RSG,Republic Services Inc.,NYSE,Utilities,Environmental Services,64169991670.0,True,False,False,212.83,1.56,1.712,-1.486,-0.868,1511010.0,337492828.0,0.819,211.727,213.933,216.04,213.808,1.0,46.0,-5.152,-4.018,-3.041,-7.997
RSI,Rush Street Interactive Inc.,NYSE,Consumer Discretionary,Services-Misc. Amusement & Recreation,4637784894.0,False,False,True,20.99,4.898,5.579,-16.023,-2.872,3041654.0,88061744.0,1.334,20.83,22.153,24.995,24.008,1.0,45.0,-21.591,-35.036,-5.109,-39.212
RSVR,Reservoir Media Inc.,NASDAQ,Consumer Discretionary,Services-Misc. Amusement & Recreation,627660673.0,False,True,True,9.55,0.315,3.349,-2.375,-0.709,67628.0,982116.765,0.781,9.524,9.531,9.782,9.353,2.0,64.0,-2.252,-6.096,-1.036,-28.678
RTB,RTB Digital Inc.,NASDAQ,Consumer Discretionary,Professional Services,138517321.0,False,True,False,8.89,-3.996,16.532,-29.012,-1.755,111522.0,1533461.722,0.465,9.146,9.616,12.523,8.594,3.0,77.0,-21.466,-47.178,57.624,-57.157
RTX,RTX Corporation,NYSE,Industrials,Aerospace,248903974034.0,True,False,False,184.33,-0.19,1.92,-10.413,-5.423,4408944.0,761718891.2,0.768,187.67,191.994,205.755,193.846,1.0,55.0,-8.806,-7.92,-6.4,-18.586
RUM,RUM Group Inc.,NASDAQ,Technology,Computer Software: Programming Data Processing,3755762220.0,False,True,True,7.38,-2.574,8.061,-5.887,-0.73,4700794.0,50818296.4,1.127,7.869,8.058,7.842,6.767,2.0,69.0,-18.363,19.225,49.393,-30.345
RUN,Sunrun Inc.,NASDAQ,Miscellaneous,Industrial Machinery/Components,1856930231.0,False,True,True,7.61,-1.297,5.689,-15.696,-2.759,8292438.0,63701490.6,1.143,7.894,8.213,9.027,13.492,4.0,13.0,-14.782,-37.623,-42.479,-66.087
RUSHA,Rush Enterprises Inc. Common Stock Cl A,NASDAQ,Consumer Discretionary,Retail-Auto Dealers and Gas Stations,5507338243.0,False,True,False,47.16,-0.042,2.721,-6.975,-2.563,681446.0,33732739.6,0.961,47.269,48.075,50.696,46.586,2.0,71.0,-5.622,-1.596,6.572,-15.154
RUSHB,Rush Enterprises Inc. Class B,NASDAQ,Consumer Discretionary,Retail-Auto Dealers and Gas Stations,6619778545.0,False,True,False,56.3,-0.723,3.181,6.902,2.17,161222.0,12743410.962,0.656,55.026,54.173,52.665,46.121,2.0,81.0,11.838,12.957,27.592,-1.882
RVLV,Revolve Group Inc.,NYSE,Consumer Discretionary,Catalog/Specialty Distribution,1475022465.0,False,False,True,21.05,1.446,3.819,-7.301,-1.912,881516.0,17200691.1,0.606,21.066,21.251,22.708,24.075,4.0,51.0,-2.139,-6.61,-10.235,-33.554
RVMD,Revolution Medicines Inc.,NASDAQ,Health Care,Biotechnology: Biological Products (No Diagnostic Substances),44290477416.0,False,True,False,207.68,0.503,3.579,2.428,0.678,1906152.0,420771321.6,0.747,203.755,202.971,202.757,146.581,2.0,96.0,-1.513,9.041,117.785,-7.414
RVSB,Riverview Bancorp Inc,NASDAQ,Finance,Savings Institutions,120762072.0,False,True,False,5.99,0.0,2.023,9.747,4.819,59836.0,406878.35,1.197,5.929,5.79,5.458,5.377,2.0,71.0,14.095,12.811,8.334,-3.331
RVT,Royce Small-Cap Trust Inc.,NYSE,Finance,Trusts Except Educational Religious and Charitable,1864412468.0,False,False,True,17.22,-0.29,1.832,-3.823,-2.086,195708.0,3493601.1,0.824,17.264,17.433,17.904,17.216,2.0,60.0,-5.018,-3.449,5.678,-8.247
RVTY,Revvity Inc.,NYSE,Industrials,Biotechnology: Laboratory Analytical Instruments,16908687344.0,True,False,False,157.36,3.847,3.22,22.217,6.9,1882828.0,326158230.4,0.823,149.95,144.132,128.754,106.48,2.0,91.0,20.462,40.525,78.422,-0.581
RWAY,Runway Growth Finance Corp.,NASDAQ,Finance,Finance: Consumer Services,274509871.0,False,True,True,6.44,-1.679,2.251,0.923,0.41,470726.0,2105184.506,0.858,6.613,6.609,6.381,6.466,4.0,56.0,-2.424,26.638,2.975,-25.477
RWT,Redwood Trust Inc.,NYSE,Real Estate,Real Estate Investment Trusts,443411885.0,False,False,True,3.44,-2.55,5.107,-17.559,-3.438,4547714.0,32158332.325,0.604,3.678,3.801,4.173,4.829,4.0,24.0,-19.697,-23.781,-34.747,-44.634
RXO,RXO Inc.,NYSE,Consumer Discretionary,Transportation Services,3855972873.0,False,False,True,28.65,22.541,5.281,34.775,6.585,1886878.0,66731469.0,10.981,22.319,21.442,21.258,19.631,2.0,89.0,43.25,6.624,87.01,-4.181
RXRX,Recursion Pharmaceuticals Inc.,NASDAQ,Health Care,Biotechnology: Biological Products (No Diagnostic Substances),2205609740.0,False,True,True,4.78,16.019,5.99,38.362,6.404,17901954.0,91295149.2,3.746,4.072,3.848,3.455,3.576,3.0,66.0,38.953,24.479,51.746,-33.426
RXST,RxSight Inc.,NASDAQ,Health Care,Ophthalmic Goods,194656438.0,False,True,True,4.76,1.709,5.83,-20.457,-3.509,845264.0,4151613.012,0.572,4.88,5.206,5.984,6.925,4.0,23.0,-27.217,-15.302,-32.194,-63.994
RXT,Rackspace Technology Inc.,NASDAQ,Technology,Computer Software: Programming Data Processing,1050076142.0,False,True,True,3.9,-5.34,7.964,2.354,0.296,7062708.0,25483972.9,0.636,3.895,3.807,3.81,3.005,2.0,98.0,18.541,-42.308,311.392,-54.651
RYAAY,Ryanair Holdings plc American Depositary Shares,NASDAQ,Consumer Discretionary,Air Freight/Delivery Services,28969170084.0,False,True,False,54.7,-0.636,2.371,-2.108,-0.889,1327374.0,86562418.0,0.692,54.703,54.681,55.878,60.917,4.0,40.0,0.843,-16.864,-5.981,-25.207
RYAM,Rayonier Advanced Materials Inc.,NYSE,Basic Materials,Paper,481626761.0,False,False,True,6.94,-2.528,5.33,-18.247,-3.423,887478.0,7322018.825,1.374,7.798,8.098,8.489,8.634,1.0,60.0,-18.925,-2.254,-28.966,-41.435
RYOJ,rYojbaba Co. Ltd. Common Shares,NASDAQ,Consumer Discretionary,Professional Services,32917500.0,False,True,False,2.8,-1.754,14.993,-38.455,-2.565,70210.0,58879.94,0.201,3.275,3.692,4.55,3.212,4.0,76.0,-42.387,-3.78,30.233,-75.503
RYTM,Rhythm Pharmaceuticals Inc.,NASDAQ,Health Care,Biotechnology: Pharmaceutical Preparations,6391538772.0,False,True,False,92.45,-0.409,4.145,-12.135,-2.928,652890.0,71392051.8,1.573,95.659,98.323,105.219,98.786,4.0,41.0,-11.86,-19.229,6.313,-24.345
RYZ,Ryerson Holding Corporation,NYSE,Industrials,Metal Fabrications,1327048557.0,False,False,True,26.97,5.475,3.814,3.969,1.04,497474.0,11937731.55,0.78,24.856,24.828,25.941,26.021,2.0,67.0,4.575,6.276,20.739,-15.112
RZLT,Rezolute Inc. Common Stock (NV),NASDAQ,Health Care,Biotechnology: Pharmaceutical Preparations,387856555.0,False,True,True,4.33,7.98,6.917,-3.469,-0.501,1407840.0,7270453.388,2.961,4.11,4.167,4.486,3.714,3.0,52.0,-4.626,-12.877,32.822,-62.207
RZLV,Rezolve AI PLC,NASDAQ,Technology,Computer Software: Programming Data Processing,824807038.0,False,True,False,2.23,8.252,5.05,-8.524,-1.688,14179512.0,22184083.35,1.167,2.183,2.249,2.438,2.632,4.0,15.0,1.364,-19.495,-24.662,-70.58
SABR,Sabre Corporation,NASDAQ,Technology,Computer Software: Programming Data Processing,795058932.0,False,True,True,1.93,-2.03,6.545,-8.661,-1.323,4753216.0,14348395.025,1.221,2.078,2.121,2.113,1.706,2.0,60.0,-6.311,-4.926,34.965,-22.8
SABS,SAB Biotherapeutics Inc.,NASDAQ,Health Care,Biotechnology: Biological Products (No Diagnostic Substances),271139377.0,False,True,True,3.1,4.027,5.841,-13.299,-2.277,475608.0,2199508.375,1.821,3.198,3.325,3.576,3.771,4.0,79.0,-16.667,-20.513,-19.481,-39.806
SAFE,Safehold Inc. New Common Stock ,NYSE,Real Estate,Real Estate Investment Trusts,854044337.0,False,False,True,11.9,-1.327,3.234,-17.402,-5.38,404490.0,8189872.25,2.115,12.233,12.843,14.407,14.549,1.0,30.0,-19.8,-24.7,-9.413,-30.784
SAFT,Safety Insurance Group Inc.,NASDAQ,Finance,Property-Casualty Insurers,1525595689.0,False,True,True,103.89,-0.029,0.304,0.879,2.89,236208.0,13529694.45,0.622,103.688,103.345,102.985,80.759,2.0,88.0,0.766,33.903,44.901,-0.115
SAH,Sonic Automotive Inc.,NYSE,Consumer Discretionary,Retail-Auto Dealers and Gas Stations,1986358010.0,False,False,True,62.63,-0.318,5.158,-18.764,-3.638,313548.0,24112387.35,1.133,63.648,66.914,77.097,72.686,1.0,32.0,-20.715,-27.838,-0.055,-44.604
SAIA,Saia Inc.,NASDAQ,Industrials,Trucking Freight/Courier Services,9366003108.0,False,True,False,346.14,-1.418,3.737,-2.543,-0.68,436128.0,118831434.0,0.959,341.91,344.07,355.171,388.75,1.0,53.0,0.095,-16.793,-6.964,-30.032
SAIC,Science Applications International Corporation,NASDAQ,Technology,EDP Services,5248097760.0,False,True,True,126.9,1.309,3.011,0.059,0.02,458310.0,55727533.8,0.888,128.511,128.974,126.825,107.337,2.0,75.0,0.316,12.002,28.363,-11.047
SAIL,SailPoint Inc.,NASDAQ,Technology,Computer Software: Prepackaged Software,11663724662.0,False,True,False,20.29,-0.685,5.689,6.83,1.201,4211118.0,117986346.8,0.879,20.477,20.14,18.993,16.057,2.0,67.0,4.642,25.324,54.767,-15.458
SAIQ,WISeSat.Space Holdings Corp.,NASDAQ,Consumer Discretionary,Telecommunications Equipment,59912346.0,False,True,False,6.67,260.541,24.89,-34.188,-1.374,194898.0,21475556.337,312.324,7.313,8.625,10.135,10.464,4.0,20.0,-37.075,-37.547,-36.657,-48.494
SAM,Boston Beer Company Inc. (The),NYSE,Consumer Staples,Beverages (Production/Distribution),1723856568.0,False,False,True,167.69,0.113,3.268,-5.179,-1.585,235648.0,45936551.2,0.664,166.755,168.796,176.849,200.583,4.0,34.0,-2.387,-8.446,-32.068,-36.592
SAMG,Silvercrest Asset Management Group Inc.,NASDAQ,Finance,Investment Managers,124875464.0,False,True,False,10.52,-0.19,3.64,5.9,1.621,82726.0,1168558.069,0.968,10.302,10.111,9.934,11.986,4.0,35.0,7.997,0.709,-16.883,-31.211
SANA,Sana Biotechnology Inc.,NASDAQ,Health Care,Biotechnology: Biological Products (No Diagnostic Substances),865152241.0,False,True,True,2.88,-0.346,6.816,-15.868,-2.328,3172568.0,13358605.05,1.7,2.965,3.104,3.423,3.577,4.0,26.0,-26.531,-30.097,-10.559,-56.031
SANG,Sangoma Technologies Corporation Common Shares,NASDAQ,Technology,Computer Software: Programming Data Processing,162560632.0,False,True,False,4.84,-0.82,3.814,22.173,5.813,149176.0,1780774.45,1.559,4.401,4.133,3.962,4.201,3.0,64.0,29.067,20.698,28.382,-10.701
SANM,Sanmina Corporation,NASDAQ,Technology,Electrical Products,12275938418.0,False,True,False,225.08,-1.729,4.626,11.25,2.432,700588.0,128182114.2,0.913,219.894,214.042,202.319,188.866,2.0,90.0,15.019,9.395,74.089,-22.031
SAR,Saratoga Investment Corp New,NYSE,Finance,Investment Managers,265013496.0,False,False,True,16.61,0.789,2.373,-7.93,-3.342,134430.0,2351420.775,1.798,16.914,17.226,18.041,20.26,4.0,29.0,-6.528,-18.513,-21.025,-26.431
SATL,Satellogic Inc.,NASDAQ,Technology,Radio And Television Broadcasting And Communications Equipment,880929690.0,False,True,False,5.32,-7.155,9.008,4.138,0.459,5372308.0,31687559.35,1.446,5.556,5.448,5.109,5.136,2.0,96.0,14.903,10.373,-24.539,-55.667
SBAC,SBA Communications Corporation,NASDAQ,Real Estate,Real Estate Investment Trusts,16813904554.0,True,True,False,161.82,2.101,3.042,-9.735,-3.201,998050.0,172247099.2,0.85,164.71,170.456,179.273,189.005,4.0,37.0,-15.508,-11.075,-22.832,-26.971
SBC,SBC Medical Group Holdings Incorporated,NASDAQ,Health Care,Medical/Nursing Services,523490940.0,False,True,True,5.34,4.912,4.736,31.317,6.612,180728.0,1086566.25,1.903,4.994,4.775,4.067,3.819,2.0,93.0,24.766,80.405,17.881,-0.559
SBCF,Seacoast Banking Corporation of Florida,NASDAQ,Finance,Major Banks,3164169071.0,False,True,True,32.49,-0.581,2.111,-4.311,-2.042,879120.0,28767461.9,0.951,32.633,33.019,33.954,32.117,2.0,59.0,-4.972,0.094,6.706,-9.924
SBET,Sharplink Inc.,NASDAQ,Technology,Computer Software: Prepackaged Software,2031040697.0,False,True,True,9.59,2.567,6.055,20.381,3.366,8649138.0,79560791.4,0.655,9.451,9.167,7.966,7.387,3.0,82.0,6.793,75.963,50.313,-50.921
SBGI,Sinclair Inc.,NASDAQ,Industrials,Broadcasting,898913486.0,False,True,True,12.64,1.689,3.468,-7.408,-2.136,480530.0,6391952.4,1.094,12.793,13.099,13.651,13.893,4.0,40.0,-9.261,-12.963,-1.352,-24.275
SBH,Sally Beauty Holdings Inc. (Name to be changed from Sally Holdings Inc.),NYSE,Consumer Discretionary,Other Specialty Stores,1520426022.0,False,False,True,16.04,-1.232,3.503,-1.38,-0.394,1345104.0,22228843.3,1.15,16.357,16.35,16.264,14.885,2.0,60.0,-2.611,11.777,19.97,-10.491
SBLK,Star Bulk Carriers Corp. Common Shares,NASDAQ,Consumer Discretionary,Marine Transportation,3429552113.0,False,True,False,30.84,0.293,2.962,3.969,1.34,1714510.0,60426936.2,0.714,30.349,30.399,29.663,24.663,2.0,88.0,-3.232,21.343,34.391,-6.204
SBRA,Sabra Health Care REIT Inc.,NASDAQ,Real Estate,Real Estate Investment Trusts,4894666405.0,False,True,True,19.07,-0.47,2.038,-6.459,-3.169,2419956.0,53027336.6,1.534,19.547,19.838,20.387,19.512,1.0,57.0,-8.887,-3.498,-0.426,-14.984
SBSI,Southside Bancshares Inc.,NYSE,Finance,Major Banks,915999225.0,False,False,True,30.43,-0.976,2.09,-4.248,-2.033,136822.0,4566344.75,1.185,30.731,31.099,31.78,31.86,1.0,55.0,-6.196,-10.956,-2.035,-14.965
SBUX,Starbucks Corporation,NASDAQ,Consumer Discretionary,Restaurants,107969400000.0,True,True,False,94.43,-0.296,2.107,-7.381,-3.504,7034214.0,697755057.6,1.254,95.126,96.851,101.955,97.944,1.0,55.0,-10.764,-8.337,0.79,-14.06
SCHL,Scholastic Corporation,NASDAQ,Consumer Discretionary,Books,666421873.0,False,True,True,37.41,3.343,3.891,-2.192,-0.563,417376.0,18529836.05,1.305,35.561,35.836,38.248,37.902,1.0,64.0,-2.375,-16.81,-2.751,-21.673
SCHW,Charles Schwab Corporation (The),NYSE,Finance,Investment Bankers/Brokers/Service,167226763544.0,True,False,False,97.96,1.303,2.21,-7.721,-3.493,7838856.0,875874985.6,0.749,99.344,101.694,106.157,97.881,2.0,55.0,-11.252,-3.615,6.031,-14.468
SCL,Stepan Company,NYSE,Consumer Discretionary,Package Goods/Cosmetics,1432150020.0,False,False,True,62.74,-0.413,2.622,-0.156,-0.059,145860.0,10227585.825,0.982,62.798,62.73,62.838,54.839,2.0,76.0,0.577,11.73,28.799,-5.719
SCM,Stellus Capital Investment Corporation,NYSE,Finance,Finance/Investors Services,211036333.0,False,False,True,7.35,-0.81,2.904,-8.451,-2.91,172736.0,997916.65,0.624,7.539,7.73,8.028,9.01,4.0,26.0,-14.584,-8.038,-16.468,-39.979
SCNI,Scinai Immunotherapeutics Ltd. American Depositary Shares,NASDAQ,Health Care,Biotechnology: Biological Products (No Diagnostic Substances),1799793.0,False,True,False,1.26,-5.263,20.53,-42.487,-2.07,1385465.6,7042152.1,0.027,1.476,1.67,2.191,5.118,4.0,5.0,-35.385,-51.163,-79.344,-92.27
SCNX,Scienture Holdings Inc.,NASDAQ,Health Care,Biotechnology: Pharmaceutical Preparations,6520986.0,False,True,False,3.71,-6.667,21.294,-58.687,-2.756,215262.8,1844201.331,1.139,5.745,6.876,8.98,10.123,4.0,6.0,-59.892,-57.11,-54.618,-94.292
SCSC,ScanSource Inc.,NASDAQ,Technology,Retail: Computer Software & Peripheral Equipment,1243415785.0,False,True,True,61.01,-1.166,3.235,7.766,2.401,287644.0,16484491.15,0.938,59.587,58.55,56.613,45.944,2.0,83.0,5.444,18.397,65.339,-8.64
SCWO,374Water Inc.,NASDAQ,Consumer Discretionary,Metal Fabrications,54571936.0,False,True,False,2.95,-4.221,6.952,8.289,1.192,55286.0,146797.45,1.452,2.995,2.984,2.724,2.598,2.0,83.0,-9.231,48.241,4.982,-72.936
SCYX,SCYNEXIS Inc.,NASDAQ,Health Care,Biotechnology: Pharmaceutical Preparations,50941998.0,False,True,False,5.03,-1.758,8.208,3.163,0.385,325780.0,2485005.68,1.093,4.88,4.83,4.876,5.645,4.0,55.0,-5.893,9.111,-31.434,-44.846
SCZM,Santacruz Silver Mining Ltd. Common Shares,NASDAQ,Basic Materials,Precious Metals,818314499.0,False,True,False,8.93,1.477,6.567,1.018,0.155,483662.0,4013352.425,0.627,8.969,9.064,8.84,8.991,1.0,86.0,-14.299,40.188,9.571,-49.391
SD,SandRidge Energy Inc.,NYSE,Energy,Oil & Gas Production,504965532.0,False,False,True,13.72,0.734,2.598,-1.905,-0.733,334514.0,5272162.462,0.817,13.763,13.926,13.986,14.627,1.0,71.0,-4.123,2.787,-8.778,-22.818
SDEV,Stablecoin Development Corporation,AMEX,Health Care,Biotechnology: Pharmaceutical Preparations,387100165.0,False,False,True,3.94,-47.326,29.067,192.763,6.632,11041224.24,132062264.8,7.682,3.245,2.366,1.346,6.522,4.0,98.0,342.697,215.2,109.574,-96.05
SDGR,Schrodinger Inc.,NASDAQ,Health Care,Biotechnology: Pharmaceutical Preparations,2267358585.0,False,True,True,32.6,7.555,5.92,50.493,8.529,1744904.0,83542158.85,2.644,29.909,27.589,21.662,16.037,2.0,96.0,57.412,97.696,182.986,-1.481
SDOT,Sadot Group Inc.,NASDAQ,Consumer Discretionary,Restaurants,33899056.0,False,True,False,11.08,3.455,13.939,-12.778,-0.917,1231208.0,1273108.295,0.039,11.159,11.671,12.703,27.488,4.0,6.0,-17.804,-72.3,-65.569,-95.745
SEAT,Vivid Seats Inc.,NASDAQ,Consumer Discretionary,Services-Misc. Amusement & Recreation,41226793.0,False,True,False,3.28,-6.818,10.762,-44.687,-4.152,75150.0,438551.75,2.667,3.776,4.255,5.93,6.785,4.0,8.0,-44.595,-51.407,-52.67,-80.167
SEDG,SolarEdge Technologies Inc.,NASDAQ,Technology,Semiconductors,2035887001.0,False,True,False,34.38,3.898,6.999,-0.116,-0.017,3387838.0,113375024.6,0.907,32.987,33.466,34.42,42.214,1.0,35.0,1.716,-35.059,-23.752,-57.686
SEER,Seer Inc.,NASDAQ,Industrials,Biotechnology: Laboratory Analytical Instruments,124587034.0,False,True,False,2.33,3.556,3.691,14.361,3.891,516962.0,642661.1,1.153,2.124,2.051,2.037,1.903,2.0,62.0,20.103,4.955,36.257,-3.32
SEG,Seaport Entertainment Group Inc.,NYSE,Consumer Discretionary,Services-Misc. Amusement & Recreation,286677416.0,False,False,True,22.5,0.536,3.509,-13.06,-3.722,74002.0,2018368.006,2.281,23.184,23.976,25.88,23.352,1.0,42.0,-13.76,-14.998,2.273,-24.012
SEGG,Sports Entertainment Gaming Global Corporation,NASDAQ,Technology,Computer Software: Prepackaged Software,7643497.0,False,True,False,2.2,-6.183,14.465,-22.483,-1.554,78911.98,140515.549,0.43,2.52,2.701,2.838,6.404,4.0,6.0,-16.031,-58.262,-46.911,-93.862
SEIC,SEI Investments Company,NASDAQ,Finance,Investment Bankers/Brokers/Service,12293564812.0,False,True,False,103.26,0.81,2.272,-2.737,-1.205,738518.0,94256181.2,1.13,103.926,104.863,106.166,90.782,2.0,72.0,-7.357,7.63,36.717,-7.927
SENEA,Seneca Foods Corp.,NASDAQ,Consumer Staples,Packaged Foods,1202707922.0,False,True,True,177.66,0.0,3.288,-3.877,-1.179,97718.0,18679155.6,1.032,180.219,182.886,184.827,151.856,2.0,82.0,-13.031,0.113,14.619,-15.4
SENS,Senseonics Holdings Inc.,NASDAQ,Health Care,Medical/Dental Instruments,522395644.0,False,True,True,10.31,4.352,4.768,21.908,4.595,721694.0,7060624.975,0.983,9.965,9.681,8.457,6.99,2.0,94.0,4.141,93.433,54.111,-10.967
SEPN,Septerna Inc.,NASDAQ,Health Care,Biotechnology: Pharmaceutical Preparations,1760187671.0,False,True,True,37.87,0.424,4.974,-3.334,-0.67,379286.0,13972190.45,0.703,38.431,38.629,39.176,30.937,2.0,88.0,2.908,5.694,52.825,-25.89
SERV,Serve Robotics Inc.,NASDAQ,Industrials,Industrial Machinery/Components,400155145.0,False,True,True,4.88,5.742,5.428,2.259,0.416,3927086.0,13497930.5,0.679,4.626,4.614,4.772,8.078,4.0,15.0,1.035,-19.339,-41.557,-73.82
SEV,Aptera Motors Corp.,NASDAQ,Industrials,Auto Manufacturing,67743284.0,False,True,False,1.58,-4.532,9.523,-24.819,-2.606,284926.0,605152.298,1.484,1.862,1.981,2.102,2.545,4.0,,-33.333,-22.927,-43.165,-92.956
SEVN,Seven Hills Realty Trust,NASDAQ,Real Estate,Real Estate Investment Trusts,152932091.0,False,True,False,6.84,1.333,2.374,-8.656,-3.646,164628.0,1459322.5,1.847,7.038,7.198,7.488,7.91,4.0,29.0,-8.921,-15.607,-10.038,-29.017
SEZL,Sezzle Inc.,NASDAQ,Finance,Finance: Consumer Services,3617033254.0,False,True,True,110.85,3.203,5.288,-11.965,-2.263,618498.0,56771348.9,1.023,110.254,113.405,125.917,103.272,2.0,85.0,-9.849,-37.595,61.096,-43.36
SFBS,ServisFirst Bancshares Inc.,NYSE,Finance,Major Banks,4390202553.0,False,False,True,39.51,-1.594,2.44,-7.671,-3.143,559510.0,29900096.9,1.156,40.35,40.996,42.793,40.174,1.0,47.0,-6.591,-7.731,7.941,-13.774
SFD,Smithfield Foods Inc.,NASDAQ,Consumer Staples,Meat/Poultry/Fish,7426453749.0,False,True,False,18.73,-0.689,2.296,-14.725,-6.414,1772434.0,43814130.1,0.977,19.06,19.708,21.964,23.878,4.0,33.0,-14.98,-24.125,-32.543,-35.481
SFHG,Samfine Creation Holdings Group Limited Class A Ordinary Share,NASDAQ,Consumer Discretionary,Publishing,8526000.0,False,True,False,2.08,-0.952,5.549,-10.831,-1.952,230012.0,22246.275,0.031,2.203,2.245,2.333,2.714,4.0,23.0,0.483,-18.431,-19.691,-57.98
SFIX,Stitch Fix Inc.,NASDAQ,Consumer Discretionary,Catalog/Specialty Distribution,348705623.0,False,True,True,2.68,2.682,6.485,-17.571,-2.71,2402500.0,10084842.188,1.494,2.621,2.745,3.251,3.764,4.0,24.0,-12.704,-27.957,-15.987,-53.351
SFM,Sprouts Farmers Market Inc.,NASDAQ,Consumer Staples,Food Chains,6011674384.0,False,True,False,64.92,0.698,4.312,-15.851,-3.676,1928264.0,150442651.2,1.125,65.9,68.799,77.149,77.812,4.0,22.0,-17.958,-22.797,-16.157,-43.222
SFNC,Simmons First National Corporation,NASDAQ,Finance,Major Banks,3309365768.0,False,True,True,22.71,-0.83,2.016,-1.28,-0.635,1299900.0,33996446.3,1.175,22.784,22.817,23.004,21.033,2.0,66.0,-0.253,0.756,16.884,-5.748
SFST,Southern First Bancshares Inc.,NASDAQ,Finance,Major Banks,576356292.0,False,True,True,60.67,-0.296,2.294,-2.533,-1.104,97650.0,5485004.75,0.521,60.458,60.973,62.246,58.151,2.0,73.0,-3.53,-0.736,8.494,-6.791
SG,Sweetgreen Inc.,NYSE,Consumer Discretionary,Restaurants,1083275967.0,False,False,True,9.09,-0.11,5.076,32.065,6.317,5671590.0,43094756.1,0.799,8.479,7.957,6.883,6.907,2.0,75.0,36.078,17.442,58.639,-14.487
SGHT,Sight Sciences Inc.,NASDAQ,Health Care,Medical/Dental Instruments,469900555.0,False,True,True,8.92,4.572,4.633,13.375,2.887,267280.0,2610495.131,2.114,8.844,8.624,7.868,5.901,2.0,97.0,6.444,66.729,151.268,-8.164
SGML,Sigma Lithium Corporation Common Shares,NASDAQ,Basic Materials,Metal Mining,1023245965.0,False,True,False,9.56,5.171,7.754,-10.63,-1.371,2044432.0,25610781.05,1.412,9.462,9.85,10.697,13.384,4.0,81.0,-25.137,-18.983,-34.114,-60.948
SGMT,Sagimet Biosciences Inc. Series A,NASDAQ,Health Care,Biotechnology: Pharmaceutical Preparations,644671108.0,False,True,True,9.03,-1.204,8.04,-7.722,-0.96,1302620.0,14545774.45,1.174,9.626,9.925,9.786,7.188,2.0,81.0,-17.308,17.425,75.681,-21.128
SGP,SpyGlass Pharma Inc.,NASDAQ,Health Care,Medical/Dental Instruments,833523637.0,False,True,True,25.59,2.689,6.077,-2.345,-0.386,106618.0,4279603.7,1.248,26.389,26.828,26.205,,,,-11.728,31.096,12.98,-21.116
SGRX,SANGRIX INC. Class A,NASDAQ,Finance,Finance: Consumer Services,2397752.0,False,True,False,1.12,-11.111,30.278,-60.267,-1.99,956352.4,1546281.33,1.787,1.451,1.741,2.819,13.646,4.0,2.0,-49.321,-80.351,-90.508,-99.329
SGRY,Surgery Partners Inc.,NASDAQ,Health Care,Hospital/Nursing Management,1743831223.0,False,True,True,13.33,0.075,5.424,-7.932,-1.462,2409770.0,33705787.9,0.65,13.824,14.001,14.478,14.513,4.0,25.0,-5.928,-22.365,8.374,-43.131
SHAK,Shake Shack Inc.,NYSE,Consumer Discretionary,Restaurants,2609879239.0,False,False,True,62.4,2.329,4.246,-5.113,-1.204,1559358.0,92419406.8,0.9,59.653,60.623,65.763,76.889,4.0,42.0,-9.957,13.62,-32.446,-41.932
SHAZ,SharonAI Holdings Inc.,NASDAQ,Technology,EDP Services,1819176089.0,False,True,True,47.7,-6.121,9.986,-15.694,-1.572,1850588.0,82381202.4,0.838,52.736,54.522,56.58,,,,-13.225,-33.528,79.729,-51.067
SHBI,Shore Bancshares Inc,NASDAQ,Finance,Major Banks,767562348.0,False,True,True,22.83,-0.739,1.964,-2.257,-1.149,201918.0,4770511.3,1.129,22.84,22.958,23.357,20.483,2.0,76.0,-2.017,1.643,20.64,-7.708
SHC,Sotera Health Company,NASDAQ,Health Care,Misc Health and Biotechnology Services,5199528765.0,False,True,True,18.55,1.811,2.404,-0.533,-0.222,2428822.0,38106250.1,1.032,18.452,18.55,18.649,16.998,2.0,66.0,-2.522,2.941,24.748,-6.549
SHEN,Shenandoah Telecommunications Co,NASDAQ,Telecommunications,Telecommunications Equipment,579540425.0,False,True,True,11.2,3.131,4.711,-8.342,-1.771,755222.0,14397293.65,1.531,11.387,11.648,12.219,13.549,1.0,38.0,-10.757,-12.637,-24.171,-35.447
SHIM,Shimmick Corporation,NASDAQ,Industrials,Military/Government/Technical,130207842.0,False,True,False,3.11,-1.27,6.725,-15.016,-2.233,147130.0,470770.95,0.308,3.164,3.298,3.659,3.837,1.0,47.0,-15.489,-16.622,-18.158,-54.014
SHIP,Seanergy Maritime Holdings Corp.,NASDAQ,Consumer Discretionary,Marine Transportation,386127288.0,False,True,False,17.67,-0.842,3.743,3.091,0.826,385680.0,8723353.925,1.688,17.278,17.33,17.14,13.866,2.0,93.0,-2.67,27.188,31.799,-6.164
SHLS,Shoals Technologies Group Inc.,NASDAQ,Technology,Semiconductors,1396889585.0,False,True,True,8.15,-1.807,5.608,4.361,0.778,4865438.0,31711971.4,0.618,7.895,7.732,7.809,8.577,4.0,45.0,15.932,-18.825,24.238,-38.164
SHMD,SCHMID Group N.V. Class A,NASDAQ,Technology,Industrial Machinery/Components,304535450.0,False,True,False,4.5,-1.532,9.646,10.308,1.069,999478.0,6520943.731,0.542,4.285,4.062,4.079,5.923,4.0,91.0,45.161,-4.661,-12.959,-57.746
SHO,Sunstone Hotel Investors Inc. Sunstone Hotel Investors Inc. Common Shares,NYSE,Consumer Discretionary,Hotels/Resorts,2117901488.0,False,False,True,11.32,-0.615,1.716,1.85,1.078,2209950.0,21579893.6,0.944,11.204,11.126,11.114,10.117,2.0,69.0,3.641,1.974,27.349,-4.725
SHOE,Shoe Station Group Inc.,NASDAQ,Consumer Discretionary,Clothing/Shoe/Accessory Stores,341972393.0,False,True,True,12.82,1.908,4.662,-9.687,-2.078,989904.0,18910624.0,0.819,12.911,13.147,14.195,16.58,4.0,23.0,-6.081,-15.099,-18.606,-40.581
SHOO,Steven Madden Ltd.,NASDAQ,Consumer Discretionary,Shoe Manufacturing,3363951057.0,False,True,True,45.68,-0.631,2.974,1.915,0.644,1082382.0,51526771.8,0.956,44.863,44.304,44.821,40.926,2.0,80.0,8.539,15.096,31.02,-7.622
SHOP,Shopify Inc. Class A Subordinate Voting Shares,NASDAQ,Technology,Computer Software: Prepackaged Software,196172831075.0,False,True,False,160.11,5.76,4.252,13.014,3.061,10004044.0,1470105523.2,0.895,147.993,144.295,141.672,129.534,3.0,77.0,9.755,31.367,34.773,-12.119
SHPH,Shuttle Pharmaceuticals Holdings Inc.,NASDAQ,Health Care,Biotechnology: Pharmaceutical Preparations,19868782.0,False,True,False,4.01,-3.837,8.063,8.092,1.004,150286.0,91699.601,0.088,3.925,3.804,3.71,8.253,4.0,11.0,15.23,23.006,-46.174,-92.826
SHW,Sherwin-Williams Company (The),NYSE,Consumer Discretionary,RETAIL: Building Materials,77563656826.0,True,False,False,318.46,-0.329,2.467,-5.979,-2.423,1805020.0,563374920.0,0.733,323.301,326.055,338.712,331.897,4.0,43.0,-4.153,-6.739,1.148,-15.099
SI,Shoulder Innovations Inc.,NYSE,Health Care,Medical/Dental Instruments,395768373.0,False,False,True,19.6,3.104,5.72,-3.245,-0.567,123144.0,2657710.375,1.203,18.618,18.76,20.257,16.618,2.0,80.0,-3.874,-8.197,35.266,-20.309
SIBN,SI-BONE Inc.,NASDAQ,Health Care,Medical/Dental Instruments,810319836.0,False,True,True,19.81,9.569,3.708,5.908,1.593,557568.0,10821819.95,1.133,18.776,18.708,18.705,16.344,3.0,84.0,6.277,14.509,49.962,-9.502
SIDU,Sidus Space Inc.,NASDAQ,Telecommunications,Telecommunications Equipment,183217840.0,False,True,True,1.75,-3.315,7.413,-17.093,-2.306,4496520.0,7750913.575,0.991,1.885,1.967,2.111,2.825,1.0,96.0,-17.453,-24.242,-52.316,-74.227
SIEB,Siebert Financial Corp.,NASDAQ,Finance,Investment Bankers/Brokers/Service,90422059.0,False,True,False,2.24,1.818,6.167,7.208,1.169,87910.0,102046.05,0.743,2.218,2.237,2.089,2.182,3.0,74.0,-8.571,34.94,25.14,-45.894
SIGA,SIGA Technologies Inc.,NASDAQ,Health Care,Biotechnology: Pharmaceutical Preparations,242852040.0,False,True,True,3.48,2.959,4.53,10.476,2.312,760184.0,2157864.7,1.268,3.357,3.282,3.15,4.425,4.0,19.0,7.74,-5.177,-24.348,-57.1
SIGI,Selective Insurance Group Inc.,NASDAQ,Finance,Property-Casualty Insurers,5098520895.0,False,True,True,85.25,-0.397,2.005,-6.168,-3.076,475766.0,45631691.3,0.92,85.704,87.094,90.854,86.347,1.0,49.0,-8.53,-12.603,10.759,-14.701
SILC,Silicom Ltd,NASDAQ,Telecommunications,Computer Communications Equipment,345029088.0,False,True,False,61.17,1.899,5.944,35.999,6.056,183648.0,7569950.75,0.983,53.77,50.296,44.978,33.012,2.0,97.0,52.658,54.587,173.814,-2.533
SILO,Silo Pharma Inc.,NASDAQ,Health Care,Biotechnology: Pharmaceutical Preparations,2556239.0,False,True,False,1.49,2.195,12.349,-45.106,-3.653,111594.0,196568.745,1.863,1.617,1.846,2.714,4.979,4.0,6.0,-39.184,-73.675,-72.097,-86.299
SIMO,Silicon Motion Technology Corporation American Depositary Shares,NASDAQ,Technology,Semiconductors,9511259918.0,False,True,False,282.45,0.695,5.334,10.144,1.902,1005756.0,196795440.0,0.72,276.133,270.426,256.437,201.95,2.0,95.0,19.835,-4.027,143.248,-20.275
SINT,SiNtx Technologies Inc.,NASDAQ,Health Care,Medical/Dental Instruments,14728620.0,False,True,False,2.18,-1.357,7.262,27.173,3.742,134402.0,164447.307,0.88,2.041,1.918,1.714,2.408,4.0,33.0,41.558,17.838,-13.834,-53.017
SION,Sionna Therapeutics Inc.,NASDAQ,Health Care,Biotechnology: Pharmaceutical Preparations,221992879.0,False,True,True,4.85,-1.222,17.174,-66.469,-3.87,2586700.0,9171541.075,0.424,5.345,6.486,14.464,33.605,4.0,11.0,-28.148,-89.205,-87.025,-91.177
SIRI,SiriusXM Holdings Inc.,NASDAQ,Consumer Discretionary,Broadcasting,8669360437.0,False,True,False,26.31,2.294,2.777,-7.583,-2.73,4235676.0,121291635.6,1.212,26.291,26.951,28.469,25.299,2.0,61.0,-11.622,-13.547,14.651,-18.709
SITC,SITE Centers Corp.,NYSE,Real Estate,Real Estate Investment Trusts,179465659.0,False,False,True,3.42,0.0,2.878,11.459,3.982,1120137.2,4313564.738,0.0,3.244,3.135,3.068,3.966,4.0,32.0,19.164,2.59,-17.51,-34.561
SITE,SiteOne Landscape Supply Inc.,NYSE,Consumer Discretionary,Professional and commerical equipment,3909776728.0,False,False,True,87.66,-2.121,3.424,-8.054,-2.352,951762.0,100638920.6,1.105,90.212,91.673,95.339,119.711,4.0,24.0,-10.978,-20.302,-32.761,-47.995
SITM,SiTime Corporation,NASDAQ,Technology,Semiconductors,21333595780.0,False,True,False,710.04,0.085,5.365,15.743,2.934,459082.0,297762739.2,0.564,665.324,642.309,613.461,530.597,2.0,93.0,23.6,19.901,95.098,-21.265
SJM,The J.M. Smucker Company,NYSE,Consumer Staples,Packaged Foods,12518608816.0,True,False,False,116.23,-0.819,2.457,-4.855,-1.975,1317242.0,157627994.0,0.73,119.038,120.648,122.16,107.153,2.0,63.0,-9.556,3.602,24.576,-14.468
SJT,San Juan Basin Royalty Trust,NYSE,Energy,Oil & Gas Production,175249073.0,False,False,True,3.69,-1.862,6.086,25.707,4.224,274796.0,1440412.6,1.437,3.543,3.349,2.935,4.16,4.0,40.0,27.241,23.0,-22.803,-44.175
SKHY,SK hynix Inc. American Depositary Shares,NASDAQ,Technology,Semiconductors,1422235250150.0,False,True,False,195.02,-0.056,4.284,16.526,3.858,23584060.0,3677654419.2,0.518,189.629,184.954,167.362,,,,19.147,,,-2.427
SKK,SKK Holdings Limited Class A,NASDAQ,Industrials,Water Sewer Pipeline Comm & Power Line Construction,14038622.0,False,True,False,4.49,2.045,8.301,-1.155,-0.139,175752.0,95150.75,0.013,4.407,4.402,4.542,3.751,2.0,73.0,-2.814,-8.367,75.391,-74.986
SKT,Tanger Inc.,NYSE,Real Estate,Real Estate Investment Trusts,4033401304.0,False,False,True,34.59,-1.481,1.879,-8.038,-4.278,912290.0,34288777.2,1.305,34.954,35.571,37.613,36.14,1.0,48.0,-6.891,-12.663,0.473,-18.043
SKWD,Skyward Specialty Insurance Group Inc.,NASDAQ,Finance,Property-Casualty Insurers,2442251080.0,False,True,True,55.19,0.327,2.612,-4.805,-1.839,427368.0,19031618.6,0.512,54.832,55.533,57.976,50.622,2.0,62.0,-4.992,-11.569,24.358,-15.984
SKY,Champion Homes Inc.,NYSE,Consumer Discretionary,Homebuilding,4782079805.0,False,False,True,85.76,-2.656,3.425,-1.998,-0.583,605388.0,46173804.5,1.027,86.573,86.536,87.508,83.179,3.0,62.0,-0.406,3.388,14.21,-13.522
SKYA,SkyAI Inc.,NASDAQ,Health Care,Medical/Dental Instruments,79575411.0,False,True,False,1.87,1.63,8.445,32.313,3.826,351512.0,654939.365,1.425,1.815,1.692,1.413,1.646,3.0,52.0,30.769,62.609,25.503,-72.701
SKYE,Skye Bioscience Inc.,NASDAQ,Health Care,Biotechnology: Pharmaceutical Preparations,7438497.0,False,True,False,1.73,2.976,13.221,-35.876,-2.714,107927.62,135514.025,0.326,1.691,1.837,2.698,5.411,4.0,4.0,-2.809,-69.239,-69.713,-95.666
SKYH,Sky Harbour Group Corporation,NYSE,Finance,Real Estate,758338129.0,False,False,True,9.34,0.538,3.131,-9.872,-3.153,182190.0,1787315.0,0.788,9.653,9.87,10.363,9.733,1.0,46.0,-10.106,-7.708,-6.036,-20.144
SKYQ,Sky Quarry Inc.,NASDAQ,Industrials,Environmental Services,21730139.0,False,True,False,2.54,3.252,11.483,-16.727,-1.457,3125576.0,12314302.45,0.131,2.594,2.692,3.05,3.445,4.0,25.0,-5.926,-15.333,-49.2,-86.941
SKYW,SkyWest Inc.,NASDAQ,Consumer Discretionary,Air Freight/Delivery Services,3744215380.0,False,True,True,96.06,-0.384,3.008,-5.933,-1.972,350074.0,34984052.8,0.922,97.916,98.374,102.118,96.668,4.0,47.0,-0.187,-1.799,3.546,-18.4
SKYX,SKYX Platforms Corp.,NASDAQ,Consumer Discretionary,Building Products,159808573.0,False,True,False,1.15,-2.542,6.364,-5.35,-0.841,864730.0,1003991.081,0.368,1.187,1.217,1.215,1.494,4.0,88.0,-10.853,10.577,0.877,-65.046
SLAB,Silicon Laboratories Inc.,NASDAQ,Technology,Semiconductors,7432779680.0,False,True,False,222.8,0.018,0.48,1.518,3.162,280686.0,62536786.5,1.368,221.784,221.082,219.468,203.049,2.0,84.0,0.947,2.296,6.354,-0.313
SLB,SLB Limited Common Shares,NYSE,Energy,Oilfield Services/Equipment,72337141079.0,True,False,False,50.28,3.16,3.32,-4.64,-1.398,13075338.0,729300393.6,0.669,50.406,51.577,52.726,50.128,2.0,81.0,-12.419,8.877,2.061,-16.406
SLBT,SL Science Holding Limited,NASDAQ,Health Care,Biotechnology: Biological Products (No Diagnostic Substances),880392818.0,False,True,False,1.59,1.274,13.512,-33.967,-2.514,81482.0,198577.1,0.99,1.704,1.901,2.408,6.96,4.0,6.0,-49.524,-64.35,-73.849,-89.034
SLDB,Solid Biosciences Inc.,NASDAQ,Health Care,Biotechnology: Biological Products (No Diagnostic Substances),734492880.0,False,True,True,7.06,3.066,6.702,-19.174,-2.861,1090634.0,11585666.375,1.258,7.435,7.973,8.735,7.597,1.0,57.0,-32.246,-36.682,-8.786,-38.341
SLDE,Slide Insurance Holdings Inc.,NASDAQ,Finance,Property-Casualty Insurers,2757924686.0,False,True,True,24.14,2.245,3.321,5.309,1.599,1185052.0,35610571.0,0.904,23.564,23.666,22.923,19.349,2.0,86.0,-2.386,16.547,34.249,-9.757
SLDP,Solid Power Inc.,NASDAQ,Miscellaneous,Industrial Machinery/Components,531662224.0,False,True,True,2.3,-1.288,4.951,-1.73,-0.35,3148320.0,7110129.55,0.62,2.351,2.374,2.34,3.194,4.0,28.0,-7.258,-4.564,-20.962,-74.041
SLE,Super League Enterprise Inc.,NASDAQ,Technology,EDP Services,15945039.0,False,True,False,5.11,-3.585,10.455,26.754,2.559,1660046.0,1212614.831,0.049,5.177,4.919,4.031,4.41,3.0,46.0,45.17,74.403,39.617,-91.683
SLG,SL Green Realty Corp,NYSE,Real Estate,Real Estate Investment Trusts,3458183961.0,False,False,True,48.01,-1.639,3.382,-10.0,-2.957,864040.0,44048384.3,0.814,49.338,50.539,53.344,45.465,2.0,45.0,-11.45,-3.276,33.98,-19.083
SLGL,Sol-Gel Technologies Ltd.,NASDAQ,Health Care,Biotechnology: Pharmaceutical Preparations,235727928.0,False,True,False,78.95,9.653,5.7,6.482,1.137,58608.0,3084264.188,0.498,70.875,69.572,74.144,72.08,2.0,93.0,12.625,0.65,6.201,-19.414
SLGN,Silgan Holdings Inc.,NYSE,Industrials,Containers/Packaging,3685132037.0,False,False,True,34.99,0.344,2.967,-12.35,-4.162,1327618.0,48810521.0,1.015,35.683,36.918,39.92,41.314,4.0,31.0,-15.707,-22.161,-10.354,-28.27
SLM,SLM Corporation,NASDAQ,Finance,Finance: Consumer Services,4274853560.0,False,True,True,22.74,-0.044,3.075,-11.551,-3.757,2179896.0,52677887.7,1.219,23.262,24.057,25.71,23.904,4.0,38.0,-13.733,-8.883,3.747,-25.488
SLMT,Brera Holdings PLC Class B,NASDAQ,Consumer Discretionary,Services-Misc. Amusement & Recreation,47670243.0,False,True,False,3.95,-8.776,11.916,-0.714,-0.06,82816.0,478817.803,0.388,4.145,4.043,3.978,8.512,4.0,4.0,-0.253,-22.397,-54.176,-98.469
SLN,Silence Therapeutics Plc American Depository Share,NASDAQ,Health Care,Biotechnology: Pharmaceutical Preparations,661316432.0,False,True,False,10.14,-4.699,6.417,-19.92,-3.104,1264570.0,11133722.2,0.772,11.068,11.711,12.662,8.223,2.0,89.0,-31.44,-0.099,74.828,-42.308
SLNH,Soluna Holdings Inc.,NASDAQ,Technology,EDP Services,263971190.0,False,True,True,1.03,-3.738,7.742,-13.634,-1.761,8636782.0,8265997.2,1.052,1.13,1.16,1.193,1.245,4.0,25.0,-14.167,-11.966,45.07,-79.961
SLP,Simulations Plus Inc.,NASDAQ,Technology,EDP Services,374159503.0,False,True,True,18.5,0.0,0.189,0.581,3.079,214056.0,4687938.925,2.921,18.469,18.447,18.393,16.349,3.0,73.0,0.434,1.204,48.475,-11.947
SLRC,SLR Investment Corp.,NASDAQ,Finance,Finance/Investors Services,630106023.0,False,True,True,11.44,-0.952,1.752,-6.382,-3.643,391132.0,4701612.975,0.821,11.679,11.842,12.22,13.155,4.0,37.0,-7.084,-6.863,-18.317,-26.505
SLS,SELLAS Life Sciences Group Inc.,NASDAQ,Health Care,Biotechnology: Pharmaceutical Preparations,2370842624.0,False,True,True,11.63,-0.937,7.595,-5.578,-0.734,6664876.0,75271825.2,0.677,11.743,11.993,12.317,7.829,2.0,98.0,-15.109,-13.852,156.733,-26.763
SLVM,Sylvamo Corporation,NYSE,Basic Materials,Paper,1291412693.0,False,False,True,33.37,2.74,3.904,-7.513,-1.925,297602.0,12857297.65,1.975,33.798,34.491,36.081,40.604,4.0,32.0,-4.788,-12.632,-17.675,-39.097
SMA,SmartStop Self Storage REIT Inc.,NYSE,Real Estate,Real Estate Investment Trusts,1800043037.0,False,False,True,32.47,-0.123,2.365,-1.502,-0.635,728490.0,25803868.85,1.42,32.147,32.225,32.965,31.678,2.0,47.0,-1.501,1.017,9.637,-11.796
SMBC,Southern Missouri Bancorp Inc.,NASDAQ,Finance,Banks,799453923.0,False,True,True,71.9,-0.951,1.792,-3.373,-1.883,92812.0,6391891.725,0.812,71.859,72.323,74.41,68.28,2.0,72.0,-2.057,-4.925,11.227,-9.652
SMBK,SmartFinancial Inc.,NYSE,Finance,Major Banks,871851138.0,False,False,True,50.59,-0.784,2.228,-1.649,-0.74,122188.0,6679309.75,0.552,50.422,50.676,51.438,43.93,2.0,79.0,-2.411,8.562,26.623,-6.557
SMC,Summit Midstream Corporation,NYSE,Utilities,Natural Gas Distribution,626301341.0,False,False,True,32.07,3.988,3.286,-1.895,-0.577,64490.0,2695086.531,2.045,31.277,31.86,32.689,30.224,2.0,80.0,-6.8,6.157,10.701,-12.065
SMCI,Super Micro Computer Inc.,NASDAQ,Technology,Computer Manufacturing,28702817627.0,True,True,False,43.19,-1.144,5.129,17.434,3.399,44505059.84,1493583913.6,0.496,41.849,40.593,36.778,32.061,2.0,87.0,14.048,64.533,95.873,-26.523
SMG,Scotts Miracle-Gro Company (The),NYSE,Industrials,Agricultural Chemicals,2853957831.0,False,False,True,49.1,0.163,3.72,-16.196,-4.353,1031242.0,59711282.4,1.105,50.502,52.603,58.589,61.23,1.0,32.0,-17.187,-25.684,-23.274,-34.117
SMHI,SEACOR Marine Holdings Inc. Common Stock ,NYSE,Consumer Discretionary,Marine Transportation,224388471.0,False,False,True,8.69,5.079,3.621,-6.366,-1.758,109732.0,847615.203,0.785,8.555,8.827,9.281,7.748,2.0,80.0,-10.78,15.099,16.488,-13.1
SMMT,Summit Therapeutics Inc. Common Stock ,NASDAQ,Health Care,Biotechnology: Pharmaceutical Preparations,13366294582.0,False,True,False,17.27,3.074,6.485,14.372,2.216,6293646.0,124626721.2,0.836,16.715,16.494,15.1,16.356,3.0,46.0,0.817,8.753,-7.598,-40.917
SMP,Standard Motor Products Inc.,NYSE,Consumer Discretionary,Auto Parts:O.E.M.,838207793.0,False,False,True,37.42,-0.267,2.684,-2.382,-0.888,167554.0,6625142.15,0.86,37.477,37.671,38.333,38.125,1.0,48.0,-4.759,0.8,7.743,-16.633
SMPL,The Simply Good Foods Company,NASDAQ,Consumer Staples,Packaged Foods,869567157.0,False,True,True,9.94,1.119,3.889,-5.764,-1.482,2176872.0,23881093.2,1.141,9.807,9.996,10.548,13.742,4.0,14.0,-13.49,-24.525,-30.098,-61.263
SMR,NuScale Power Corporation,NYSE,Industrials,Metal Fabrications,3330355358.0,False,False,True,7.68,-0.903,7.247,-14.682,-2.026,34753064.08,329622812.0,0.515,8.065,8.432,9.002,11.899,4.0,10.0,-21.231,-14.286,-24.484,-86.625
SMRT,SmartRent Inc.,NYSE,Technology,EDP Services,229934159.0,False,False,True,1.2,0.0,4.004,-4.091,-1.022,1105840.0,886624.575,0.441,1.192,1.205,1.251,1.411,4.0,62.0,-9.774,12.15,-20.0,-45.455
SMTC,Semtech Corporation,NASDAQ,Technology,Semiconductors,18187297995.0,False,True,False,192.83,-1.052,5.807,30.913,5.323,3103880.0,602608025.6,0.598,182.229,172.795,147.297,117.502,2.0,95.0,42.415,52.555,133.337,-4.535
SMTI,Sanara MedTech Inc.,NASDAQ,Health Care,Industrial Specialties,320203020.0,False,True,True,35.0,0.43,0.803,2.264,2.82,329188.0,6866706.5,0.694,35.013,34.891,34.225,24.561,2.0,87.0,0.806,41.186,103.607,-0.962
SMTK,SmartKem Inc.,NASDAQ,Technology,Semiconductors,1709068.0,False,True,False,1.22,-26.061,35.599,-72.242,-2.029,371593.0,649121.848,1.327,1.672,2.132,4.395,18.417,4.0,2.0,-48.74,-88.959,-90.543,-99.358
SMX,SMX (Security Matters) Public Limited Company,NASDAQ,Technology,Industrial Machinery/Components,4158483.0,False,True,False,3.9,2.094,40.806,-73.06,-1.79,82744.0,1106074.453,6.681,7.324,10.098,14.476,114.967,4.0,3.0,-77.153,-74.692,-86.89,-99.929
SNA,Snap-On Incorporated,NYSE,Consumer Discretionary,Industrial Machinery/Components,19082136044.0,True,False,False,367.4,-0.407,1.655,-5.453,-3.296,301362.0,109410414.4,0.743,368.742,372.666,388.59,375.698,1.0,51.0,-4.37,-9.556,1.62,-12.609
SNAL,Snail Inc.,NASDAQ,Technology,Computer Software: Prepackaged Software,19434110.0,False,True,False,2.3,5.991,8.135,-26.942,-3.312,97376.0,63376.0,0.185,2.401,2.54,3.148,3.543,4.0,15.0,-14.815,-36.813,-12.381,-78.704
SND,Smart Sand Inc.,NASDAQ,Industrials,Mining & Quarrying of Nonmetallic Minerals (No Fuels),226410986.0,False,True,True,5.35,0.187,4.063,8.282,2.038,275940.0,1387533.397,0.704,5.223,5.184,4.941,4.654,2.0,94.0,0.0,14.828,10.644,-7.672
SNDA,Sonida Senior Living Inc.,NYSE,Health Care,Hospital/Nursing Management,1811409223.0,False,False,True,36.72,-2.599,3.407,-6.173,-1.812,462256.0,15927537.95,1.101,37.668,38.082,39.136,36.172,2.0,68.0,-3.062,-10.286,13.089,-17.279
SNDK,Sandisk Corporation,NASDAQ,Technology,Electronic Components,251839217530.0,True,True,False,1704.16,-0.92,5.727,10.3,1.799,12970704.0,15346991820.8,0.5,1732.197,1702.075,1545.02,1153.327,2.0,98.0,9.593,5.345,135.177,-27.618
SNDL,SNDL Inc. Common Shares,NASDAQ,Health Care, Medicinal Chemicals and Botanical Products ,305189845.0,False,True,False,1.25,0.806,3.68,-5.325,-1.447,1578540.0,1812597.306,0.769,1.313,1.336,1.32,1.441,4.0,22.0,-11.348,-3.846,-6.716,-56.747
SNDX,Syndax Pharmaceuticals Inc.,NASDAQ,Health Care,Biotechnology: Pharmaceutical Preparations,1571628714.0,False,True,True,17.83,1.307,4.449,-7.196,-1.617,1553944.0,33650793.9,0.939,18.074,18.367,19.213,20.859,4.0,52.0,-13.781,-23.279,-26.595,-30.324
SNEX,StoneX Group Inc.,NASDAQ,Finance,Investment Bankers/Brokers/Service,7937787330.0,False,True,False,67.43,2.462,3.867,-2.001,-0.517,919454.0,63297247.2,1.163,66.561,67.19,68.807,64.558,2.0,73.0,-3.034,-16.746,18.146,-28.766
SNOA,Sonoma Pharmaceuticals Inc.,NASDAQ,Health Care,Medical/Dental Instruments,5937647.0,False,True,False,1.22,-1.613,4.716,-4.284,-0.908,125714.0,57092.25,0.148,1.253,1.266,1.275,1.937,4.0,16.0,-7.576,-0.813,-47.639,-73.478
SNPS,Synopsys Inc.,NASDAQ,Technology,Computer Software: Prepackaged Software,93882792875.0,True,True,False,488.47,-0.292,4.005,19.166,4.786,2003056.0,1006246953.6,1.407,448.438,430.03,409.907,445.025,3.0,64.0,17.333,11.873,23.019,-9.455
SNWV,SANUWAVE Health Inc.,NASDAQ,Health Care,Medical/Dental Instruments,41463129.0,False,True,False,4.7,-2.49,7.118,-5.2,-0.73,77662.0,260372.124,0.496,4.682,4.661,4.958,15.868,4.0,5.0,5.618,-56.562,-72.531,-88.499
SNY,Sanofi ADS,NASDAQ,Health Care,Biotechnology: Pharmaceutical Preparations,97359059345.0,False,True,False,39.51,-1.027,1.926,-8.776,-4.556,2835304.0,126036482.4,1.339,40.879,41.723,43.311,43.862,4.0,35.0,-10.873,-8.074,-12.391,-20.839
SO,Southern Company (The),NYSE,Utilities,Electric Utilities: Central,96308387514.0,True,False,False,83.79,0.084,1.543,-5.674,-3.678,6040164.0,555456632.0,1.088,83.86,85.036,88.83,91.002,1.0,39.0,-5.61,-13.165,-12.13,-14.888
SOC,Sable Offshore Corp.,NYSE,Energy,Oil & Gas Production,673462198.0,False,False,True,3.47,-1.14,10.103,-22.211,-2.198,8618278.0,35376705.0,0.774,3.705,4.016,4.461,9.409,4.0,11.0,-26.483,-17.967,-75.529,-83.269
SOFI,SoFi Technologies Inc. Common Stock  ,NASDAQ,Finance,Finance: Consumer Services,20368064009.0,False,True,False,15.92,0.951,3.929,-8.734,-2.223,51937760.16,767792209.6,0.925,16.177,16.617,17.444,18.89,4.0,27.0,-13.992,-10.31,-2.151,-51.36
SOHU,Sohu.com Limited American Depositary Shares,NASDAQ,Technology,EDP Services,324559324.0,False,True,False,12.55,0.803,3.849,-8.359,-2.172,72606.0,1259210.6,0.718,12.893,13.145,13.695,14.713,4.0,39.0,-9.386,-0.318,-17.92,-27.457
SOLS,Solstice Advanced Materials Inc. Common Stock ,NASDAQ,Industrials,Major Chemicals,9165493191.0,False,True,False,58.06,0.624,3.738,-2.265,-0.606,2800048.0,122905598.8,0.896,57.444,58.094,59.406,69.07,1.0,,-5.394,-6.381,-25.428,-35.915
SOLV,Solventum Corporation,NYSE,Health Care,Medical/Dental Instruments,14954154593.0,True,False,False,88.03,0.205,2.144,-0.335,-0.156,1057530.0,79433463.2,0.987,88.471,88.689,88.326,77.983,2.0,74.0,-4.771,15.404,39.178,-6.51
SON,Sonoco Products Company,NYSE,Consumer Discretionary,Containers/Packaging,4819167646.0,False,False,True,48.22,-1.067,2.681,-10.404,-3.881,1077926.0,58572106.2,0.992,49.139,50.029,53.819,51.247,1.0,56.0,-8.484,-13.838,-9.216,-19.774
SONO,Sonos Inc.,NASDAQ,Consumer Staples,Consumer Electronics/Appliances,2093803428.0,False,True,True,17.94,1.356,3.734,11.823,3.166,1901542.0,37577375.8,1.411,17.508,16.944,16.043,15.277,3.0,75.0,11.015,27.234,32.009,-9.485
SOPH,SOPHiA GENETICS SA,NASDAQ,Technology,EDP Services,686981548.0,False,True,False,8.2,1.611,5.446,6.056,1.112,573160.0,5763183.012,2.062,8.198,8.15,7.732,5.717,2.0,93.0,-1.205,50.735,65.657,-8.686
SORA,AsiaStrategy,NASDAQ,Industrials,Other Specialty Stores,55446720.0,False,True,False,2.11,-5.381,10.314,-4.332,-0.42,227434.0,842631.364,0.478,2.216,2.21,2.206,2.296,4.0,25.0,-12.448,17.877,0.957,-69.814
SOTK,Sono-Tek Corporation,NASDAQ,Technology,Industrial Machinery/Components,97443683.0,False,True,False,6.81,9.839,6.158,33.258,5.401,62076.0,621580.752,4.332,5.633,5.302,5.11,4.702,2.0,88.0,36.747,32.233,71.537,-2.853
SOUN,SoundHound AI Inc,NASDAQ,Technology,Computer Software: Prepackaged Software,2809067349.0,False,True,True,5.88,0.685,4.642,-10.655,-2.295,26369654.0,116235298.0,0.527,5.982,6.142,6.581,7.768,4.0,15.0,-12.76,-11.446,-12.239,-73.478
SPAI,Safe Pro Group Inc.,NASDAQ,Technology,Computer Software: Prepackaged Software,90003850.0,False,True,False,4.38,-0.905,8.165,-5.571,-0.682,272754.0,367834.877,0.158,4.427,4.494,4.638,4.585,4.0,39.0,-12.4,16.489,6.829,-51.602
SPB,Spectrum Brands Holdings Inc.,NYSE,Miscellaneous,Industrial Machinery/Components,1801015079.0,False,False,True,75.99,-2.975,3.067,-12.259,-3.997,340194.0,25994026.9,1.231,80.949,83.154,86.607,78.163,1.0,72.0,-14.048,-8.365,0.415,-22.879
SPCB,SuperCom Ltd. Ordinary Shares (Israel),NASDAQ,Technology,Semiconductors,59099053.0,False,True,False,9.15,-2.763,4.633,-10.866,-2.345,81802.0,540655.4,0.515,9.401,9.619,10.265,9.712,1.0,34.0,-9.226,-11.68,12.27,-28.904
SPCE,Virgin Galactic Holdings Inc.,NYSE,Consumer Discretionary,Transportation Services,459335586.0,False,False,True,3.05,0.66,5.477,1.47,0.268,6903052.0,17646534.0,0.83,3.067,3.065,3.006,2.981,3.0,48.0,3.041,18.677,-0.651,-65.73
SPCX,Space Exploration Technologies Corp.,NASDAQ,Technology,Computer Software: Programming Data Processing,2157535725510.0,False,True,False,171.09,7.631,4.286,22.139,5.165,97775358.56,14983137254.4,1.378,154.55,151.058,140.078,,,,14.258,14.464,,-24.176
SPFI,South Plains Financial Inc.,NASDAQ,Finance,Major Banks,810458297.0,False,True,True,42.73,-0.674,2.177,-3.367,-1.547,118474.0,5454536.938,0.844,42.786,43.235,44.219,42.038,2.0,61.0,-5.652,0.452,1.323,-8.6
SPG,Simon Property Group Inc.,NYSE,Real Estate,Real Estate Investment Trusts,65017676939.0,True,False,False,201.4,0.224,1.452,-5.426,-3.737,1269890.0,261893016.0,0.82,202.782,204.818,212.954,200.167,2.0,56.0,-3.762,-10.4,8.182,-14.649
SPGI,S&P Global Inc.,NYSE,Finance,Finance: Consumer Services,113872396000.0,True,False,False,390.92,1.204,2.412,-6.035,-2.502,2029196.0,785349692.8,0.833,395.769,403.337,416.029,422.082,4.0,37.0,-13.241,-11.65,-4.38,-24.661
SPH,Suburban Propane Partners L.P.,NYSE,Consumer Discretionary,Other Specialty Stores,1112095491.0,False,False,True,16.77,0.6,1.908,-3.604,-1.889,212892.0,3848732.812,1.06,16.656,16.832,17.397,18.39,4.0,46.0,-4.281,-4.507,-12.302,-16.879
SPHL,Springview Holdings Ltd Class A,NASDAQ,Consumer Discretionary,Homebuilding,28815653.0,False,True,False,2.45,4.255,10.232,-3.434,-0.336,283054.0,2109177.578,0.063,2.467,2.478,2.537,2.995,4.0,26.0,-1.21,-25.982,-1.804,-90.243
SPHR,Sphere Entertainment Co.,NYSE,Consumer Discretionary,Services-Misc. Amusement & Recreation,4605920098.0,False,False,True,110.8,-13.606,6.43,-24.925,-3.877,673246.0,86229901.2,4.461,130.975,136.656,147.587,129.119,1.0,76.0,-22.517,-29.192,-12.293,-38.997
SPIR,Spire Global Inc.,NYSE,Consumer Discretionary,Telecommunications Equipment,451314542.0,False,False,True,10.89,-1.98,6.951,-12.789,-1.84,606978.0,7751124.725,1.056,11.376,11.705,12.487,13.743,1.0,48.0,-8.333,-35.333,-29.606,-58.002
SPOK,Spok Holdings Inc.,NASDAQ,Telecommunications,Telecommunications Equipment,227798512.0,False,True,True,10.97,0.735,1.793,3.226,1.799,151412.0,1426281.253,1.394,10.642,10.594,10.627,10.932,3.0,40.0,2.715,7.75,4.722,-25.667
SPPL,SIMPPLE LTD.,NASDAQ,Consumer Discretionary,Diversified Commercial Services,20110608.0,False,True,False,2.02,-1.703,10.609,-12.666,-1.194,83466.0,77563.099,0.013,2.055,2.092,2.313,2.839,4.0,18.0,10.989,-40.237,8.602,-71.143
SPRB,Spruce Biosciences Inc.,NASDAQ,Health Care,Biotechnology: Pharmaceutical Preparations,131371134.0,False,True,False,45.42,-0.634,7.069,-11.582,-1.638,80552.0,5138766.769,0.808,47.875,50.057,51.37,59.364,4.0,99.0,-21.296,-10.538,-27.916,-81.075
SPRC,SciSparc Ltd.,NASDAQ,Health Care,Biotechnology: Pharmaceutical Preparations,2742193.0,False,True,False,4.36,-7.627,10.002,-25.915,-2.591,219772.0,94237.901,0.065,4.726,4.953,5.885,6.583,4.0,11.0,-15.01,-12.45,21.448,-90.979
SPRO,Spero Therapeutics Inc.,NASDAQ,Health Care,Biotechnology: Pharmaceutical Preparations,69299444.0,False,True,False,1.16,-2.521,6.467,-3.51,-0.543,946366.0,1130269.003,0.989,1.202,1.203,1.202,2.103,4.0,18.0,-4.918,-46.296,-55.556,-62.338
SPRY,ARS Pharmaceuticals Inc.,NASDAQ,Health Care,Biotechnology: Pharmaceutical Preparations,404750686.0,False,True,True,4.29,5.405,6.922,-17.984,-2.598,1791972.0,6707230.125,0.905,4.26,4.503,5.231,8.076,4.0,13.0,-24.339,-47.619,-48.868,-67.376
SPSC,SPS Commerce Inc.,NASDAQ,Technology,Computer Software: Prepackaged Software,2964614329.0,False,True,True,80.46,-2.295,3.762,2.0,0.532,552820.0,45051012.5,1.23,81.848,81.399,78.882,68.611,3.0,64.0,-4.453,32.053,38.342,-29.956
SPT,Sprout Social Inc,NASDAQ,Technology,Computer Software: Prepackaged Software,611375419.0,False,True,True,10.19,0.991,5.37,1.252,0.233,1234252.0,10953954.05,0.533,10.047,10.171,10.064,8.143,3.0,70.0,-10.378,24.117,76.298,-20.953
SPTX,Seaport Therapeutics Inc.,NASDAQ,Health Care,Biotechnology: Pharmaceutical Preparations,986032731.0,False,True,True,18.5,0.434,10.108,-17.922,-1.773,196036.0,6727202.125,0.88,19.841,20.946,22.54,,,,-23.837,1.481,,-34.813
SPWH,Sportsman's Warehouse Holdings Inc.,NASDAQ,Consumer Discretionary,Other Specialty Stores,44229855.0,False,True,False,1.16,2.655,4.333,-1.511,-0.349,442788.0,358207.901,0.594,1.155,1.168,1.178,1.303,4.0,20.0,-7.2,-9.375,-10.769,-65.373
SQFT,Presidio Property Trust Inc.,NASDAQ,Real Estate,Real Estate Investment Trusts,1692630.0,False,True,False,1.13,-4.237,11.597,-28.204,-2.432,468988.0,770878.275,0.059,1.259,1.325,1.574,2.562,4.0,7.0,-19.573,-55.859,-51.082,-82.344
SR,Spire Inc.,NYSE,Utilities,Oil/Gas Transmission,4583607055.0,False,False,True,77.41,-0.168,2.129,-3.565,-1.674,506300.0,44755848.1,1.001,77.482,78.426,80.272,83.104,4.0,49.0,-6.154,-3.502,-14.376,-17.098
SRAD,Sportradar Group AG Class A,NASDAQ,Technology,Computer Software: Programming Data Processing,3666266601.0,False,True,False,12.08,2.721,5.118,-7.025,-1.373,2486736.0,29900379.65,0.618,12.218,12.489,12.993,15.873,4.0,16.0,-7.857,-23.834,-28.899,-56.625
SRCE,1st Source Corporation,NASDAQ,Finance,Major Banks,2091506588.0,False,True,True,86.26,-0.679,1.672,-0.823,-0.492,119322.0,9432387.875,0.976,85.833,85.92,86.976,75.18,2.0,78.0,-0.45,6.096,21.913,-5.458
SRE,DBA Sempra,NYSE,Utilities,Natural Gas Distribution,51252709276.0,True,False,False,78.16,-0.281,1.91,-5.988,-3.135,3897956.0,283103436.8,0.923,78.597,79.829,83.138,88.663,4.0,36.0,-6.803,-16.676,-19.009,-21.437
SRI,Stoneridge Inc.,NYSE,Consumer Discretionary,Auto Parts:O.E.M.,191673713.0,False,False,True,6.53,-2.827,3.789,-8.023,-2.117,147288.0,1132268.2,1.001,6.768,6.898,7.1,6.892,1.0,46.0,-8.671,-8.287,34.917,-32.75
SRPT,Sarepta Therapeutics Inc. Common Stock (DE),NASDAQ,Health Care,Biotechnology: Pharmaceutical Preparations,1848472868.0,False,True,True,17.49,-0.057,6.025,-7.42,-1.232,2977334.0,55581053.0,0.738,18.423,19.047,18.892,19.091,4.0,32.0,-23.923,-11.622,-23.289,-30.924
SRRK,Scholar Rock Holding Corporation,NASDAQ,Health Care,Biotechnology: Biological Products (No Diagnostic Substances),5700769050.0,False,True,False,43.4,-7.285,6.018,-16.562,-2.752,1546524.0,118858465.2,2.167,47.463,49.327,52.015,48.4,1.0,55.0,-22.417,-23.267,-11.084,-29.728
SRTA,Strata Critical Medical Inc.,NASDAQ,Health Care,Medical/Nursing Services,418447992.0,False,True,True,4.81,1.691,4.587,-12.471,-2.719,953362.0,4291536.975,1.218,5.045,5.201,5.495,5.165,1.0,43.0,-10.428,-8.206,14.524,-26.0
SRZN,Surrozen Inc.,NASDAQ,Health Care,Biotechnology: Biological Products (No Diagnostic Substances),344614321.0,False,True,True,29.13,-0.648,9.849,27.063,2.748,540284.0,30563273.55,0.813,27.769,25.413,22.926,24.583,2.0,92.0,29.237,26.597,6.314,-22.998
SSII,SS Innovations International Inc.,NASDAQ,Health Care,Medical/Dental Instruments,535029111.0,False,True,False,2.77,3.745,7.393,-19.687,-2.663,63248.0,237510.699,0.811,2.91,3.066,3.449,4.178,4.0,15.0,-18.289,-22.626,-42.412,-72.3
SSM,Sono Group N.V.,NASDAQ,Technology,Semiconductors,3754438.0,False,True,False,1.59,-39.658,33.891,-39.206,-1.157,3438346.0,12956428.25,0.935,1.676,1.835,2.615,5.007,4.0,6.0,-54.571,-61.871,-74.146,-84.915
SSNC,SS&C Technologies Holdings Inc.,NASDAQ,Technology,Computer Software: Prepackaged Software,18427456836.0,False,True,False,79.08,0.7,1.983,-1.321,-0.666,1676702.0,120054296.4,0.804,78.715,79.268,80.139,74.246,3.0,62.0,-6.558,19.709,16.058,-11.073
SSP,E.W. Scripps Company (The),NASDAQ,Industrials,Broadcasting,253913035.0,False,True,True,2.72,-0.73,6.134,-12.014,-1.959,626232.0,1974793.6,1.141,2.777,2.9,3.091,3.543,4.0,83.0,-18.318,-13.651,-29.716,-49.536
SSRM,SSR Mining Inc.,NASDAQ,Industrials,Precious Metals,6784062810.0,False,True,False,33.91,1.924,4.32,0.047,0.011,2719462.0,81209044.2,0.767,34.406,34.956,33.894,29.487,2.0,83.0,-12.805,13.48,6.501,-14.021
SSTI,SoundThinking Inc.,NASDAQ,Technology,Computer Software: Prepackaged Software,110293465.0,False,True,False,8.32,-0.12,5.222,23.055,4.415,231852.0,2741893.942,0.301,7.35,6.832,6.761,7.267,3.0,34.0,36.842,-6.831,23.626,-32.054
SSYS,Stratasys Ltd. Ordinary Shares (Israel),NASDAQ,Technology,Computer peripheral equipment,749701089.0,False,True,True,8.58,-1.379,3.477,5.083,1.462,705254.0,5525538.712,0.851,8.367,8.206,8.165,8.894,4.0,38.0,10.425,4.507,6.849,-33.021
STAA,STAAR Surgical Company,NASDAQ,Health Care,Ophthalmic Goods,1126735320.0,False,True,True,22.57,0.445,4.68,-1.946,-0.416,1014002.0,24177448.75,0.465,21.904,22.005,23.018,23.66,4.0,34.0,-4.283,-14.991,7.681,-37.078
STAK,STAK Inc. Class A,NASDAQ,Consumer Discretionary,Oil and Gas Field Machinery,21131384.0,False,True,False,1.05,-4.545,18.233,-25.921,-1.422,3889198.0,3820902.955,0.048,1.116,1.173,1.417,1.562,1.0,97.0,-13.934,-74.138,-11.765,-91.25
STBA,S&T Bancorp Inc.,NASDAQ,Finance,Major Banks,1750579023.0,False,True,True,49.23,-0.826,1.814,-2.187,-1.206,264920.0,15572517.25,1.128,49.275,49.498,50.331,45.058,2.0,73.0,-1.756,1.702,16.418,-7.309
STC,Stewart Information Services Corporation,NYSE,Finance,Specialty Insurers,1573419358.0,False,False,True,50.83,-1.397,4.214,-21.79,-5.171,255288.0,19524150.3,1.417,55.291,59.014,64.991,65.726,4.0,25.0,-26.396,-25.017,-15.757,-33.259
STE,STERIS plc (Ireland),NYSE,Health Care,Industrial Specialties,20332672939.0,True,False,False,211.07,1.213,2.029,-5.565,-2.743,683996.0,142927962.4,1.176,210.138,212.666,223.509,226.807,4.0,43.0,-6.664,-1.707,-3.467,-20.99
STEP,StepStone Group Inc.,NASDAQ,Finance,Investment Managers,5463032760.0,False,True,False,46.08,1.789,4.377,-3.312,-0.757,1211756.0,55357327.2,1.063,45.181,46.127,47.658,50.761,4.0,41.0,-9.487,8.172,0.785,-38.876
STFS,Star Fashion Culture Holdings Limited Class A,NASDAQ,Consumer Discretionary,Advertising,55457282.0,False,True,False,3.84,5.205,13.773,-1.525,-0.111,738078.0,926125.859,1.156,3.632,3.729,3.899,5.837,4.0,84.0,-9.859,-74.4,-4.715,-81.706
STGW,Stagwell Inc.,NASDAQ,Consumer Discretionary,Advertising,2043814770.0,False,True,False,8.53,2.033,3.41,-1.104,-0.324,1372538.0,11311956.3,2.087,8.375,8.425,8.625,6.809,2.0,85.0,-4.157,10.779,33.49,-10.681
STI,Solidion Technology Inc.,NASDAQ,Miscellaneous,Industrial Machinery/Components,46339350.0,False,True,False,5.43,2.26,10.634,-22.64,-2.129,231644.0,2954883.35,0.846,6.203,6.561,7.019,7.539,4.0,60.0,-27.61,-26.522,-6.055,-88.196
STIM,Neuronetics Inc.,NASDAQ,Health Care,Medical/Dental Instruments,164586000.0,False,True,True,2.2,1.852,8.395,-18.301,-2.18,1927448.0,3624374.712,0.42,2.443,2.597,2.693,1.825,2.0,78.0,-19.118,41.935,25.0,-36.047
STKE,Sol Strategies Inc. Common Shares,NASDAQ,Unknown,Unknown,67522563.0,False,True,False,1.71,0.0,9.268,37.765,4.075,296280.0,676457.149,1.475,1.599,1.482,1.241,1.405,3.0,42.0,32.558,18.75,86.072,-63.694
STLD,Steel Dynamics Inc.,NASDAQ,Industrials,Steel/Iron Ore,33250683135.0,True,True,False,241.04,3.901,3.34,-0.487,-0.146,1107140.0,234673956.4,0.961,231.824,233.574,242.22,216.198,2.0,84.0,-1.794,5.225,37.181,-16.13
STLN,Starling Oncology Inc.,NASDAQ,Health Care,Medical/Nursing Services,647167330.0,False,True,True,6.3,-0.787,5.556,2.651,0.477,1413660.0,9006353.1,0.946,6.441,6.437,6.137,4.42,2.0,89.0,5.528,8.621,96.262,-11.641
STNE,StoneCo Ltd. Class A Common Shares,NASDAQ,Technology,EDP Services,2356125070.0,False,True,False,11.54,20.838,4.719,15.174,3.216,5239988.0,60664445.0,5.619,9.843,9.778,10.02,11.391,3.0,41.0,11.822,8.052,-2.11,-28.875
STOK,Stoke Therapeutics Inc.,NASDAQ,Health Care,Biotechnology: Pharmaceutical Preparations,1653162320.0,False,True,True,25.32,-1.171,4.979,-15.103,-3.033,914988.0,26319813.8,1.015,26.178,27.265,29.824,31.611,4.0,42.0,-15.572,-23.319,-22.781,-37.046
STRA,Strategic Education Inc.,NASDAQ,Real Estate,Other Consumer Services,1770386603.0,False,True,True,79.28,-0.552,3.013,-2.37,-0.787,298966.0,25006170.05,0.576,78.603,79.28,81.205,79.552,1.0,45.0,-2.485,-4.855,-4.033,-10.994
STRL,Sterling Infrastructure Inc.,NASDAQ,Industrials,Military/Government/Technical,16316527272.0,False,True,False,523.33,-1.892,5.088,0.908,0.179,658860.0,267775814.4,0.775,511.056,508.151,518.62,540.144,1.0,76.0,13.76,-22.4,32.923,-47.963
STRO,Sutro Biopharma Inc.,NASDAQ,Health Care,Biotechnology: Biological Products (No Diagnostic Substances),254520975.0,False,True,True,15.13,-1.433,7.575,-24.458,-3.229,287788.0,5583832.338,0.557,15.866,16.734,20.029,23.0,1.0,85.0,-26.339,-52.91,-36.827,-65.496
STRT,STRATTEC SECURITY CORPORATION,NASDAQ,Consumer Discretionary,Auto Parts:O.E.M.,262213855.0,False,True,True,65.92,0.182,3.862,-13.226,-3.424,86664.0,4840088.806,0.49,66.526,68.385,75.967,78.442,4.0,42.0,-11.422,-12.839,-13.183,-29.118
STRZ,Starz Entertainment Corp. Common Shares,NASDAQ,Consumer Discretionary,Movies/Entertainment,398136976.0,False,True,True,23.03,-0.946,8.057,-10.336,-1.283,267304.0,8766093.55,0.499,23.31,24.148,25.685,19.505,2.0,87.0,-14.45,-20.777,78.527,-29.312
STT,State Street Corporation,NYSE,Finance,Major Banks,48336522569.0,True,False,False,176.37,0.233,2.18,-4.71,-2.16,1735690.0,398050596.0,1.082,177.819,180.619,185.087,153.566,2.0,79.0,-8.578,-1.465,36.856,-9.506
STTK,Shattuck Labs Inc.,NASDAQ,Health Care,Biotechnology: Pharmaceutical Preparations,675444693.0,False,True,True,6.5,-3.418,6.921,-5.827,-0.842,1126290.0,9880696.35,1.1,6.529,6.53,6.902,5.861,2.0,93.0,-6.609,-10.468,-4.13,-21.969
STUB,StubHub Holdings Inc.,NYSE,Consumer Discretionary,Services-Misc. Amusement & Recreation,2067106716.0,False,False,True,5.53,2.218,5.626,-19.43,-3.454,6630212.0,39926530.2,0.903,5.547,5.798,6.864,9.219,4.0,20.0,-15.314,-59.128,-10.373,-74.267
STWD,STARWOOD PROPERTY TRUST INC. Starwood Property Trust Inc.,NYSE,Real Estate,Real Estate Investment Trusts,4830704798.0,False,False,True,12.98,-0.536,2.411,-14.081,-5.841,4722636.0,76295331.6,1.684,13.622,14.109,15.107,16.034,4.0,27.0,-15.435,-19.201,-20.023,-25.451
STX,Seagate Technology Holdings PLC Ordinary Shares (Ireland),NASDAQ,Technology,Electronic Components,194179762613.0,True,True,False,887.09,4.488,6.271,3.771,0.601,4470532.0,3857671360.0,1.249,894.057,881.133,854.855,652.734,2.0,95.0,11.168,7.269,95.993,-22.407
STZ,Constellation Brands Inc.,NYSE,Consumer Staples,Beverages (Production/Distribution),19275761846.0,True,False,False,113.31,0.39,2.44,-10.521,-4.312,2002594.0,277462559.2,1.469,114.668,118.003,126.633,141.629,4.0,34.0,-12.224,-13.325,-25.949,-31.812
SUIG,Sui Group Holdings Limited,NASDAQ,Finance,Finance: Consumer Services,125956710.0,False,True,False,1.68,2.439,8.569,54.876,6.404,743574.0,1588074.314,1.608,1.538,1.393,1.085,1.358,3.0,40.0,63.107,36.585,33.333,-64.331
SUJA,Suja Life Inc.,NASDAQ,Consumer Staples,Beverages (Production/Distribution),374662616.0,False,True,True,9.43,-2.784,7.388,7.764,1.051,670458.0,3153789.744,0.353,9.184,9.051,8.751,,,,-7.458,-12.927,,-48.972
SUNE,SUNation Energy Inc.,NASDAQ,Consumer Discretionary,Engineering & Construction,15240673.0,False,True,False,2.27,-2.991,11.194,-9.142,-0.817,3256772.0,32553761.799,0.029,2.4,2.492,2.498,1.892,2.0,87.0,0.889,10.194,24.725,-75.979
SUNS,Sunrise Realty Trust Inc.,NASDAQ,Real Estate,Real Estate Investment Trusts,83798276.0,False,True,False,5.94,-4.194,4.024,-16.962,-4.215,80308.0,635883.375,1.537,6.512,6.754,7.153,7.645,4.0,24.0,-16.916,-21.637,-16.333,-33.994
SUPN,Supernus Pharmaceuticals Inc.,NASDAQ,Health Care,Biotechnology: Pharmaceutical Preparations,2463422811.0,False,True,True,42.76,0.897,3.24,-4.251,-1.312,780438.0,29321852.5,1.651,42.906,43.139,44.658,48.179,4.0,38.0,-2.752,-10.805,-15.394,-28.351
SUPX,SuperX AI Technology Limited,NASDAQ,Unknown,Unknown,287389958.0,False,True,False,6.45,-3.008,11.254,-14.47,-1.286,540722.0,6029512.2,1.463,6.968,7.31,7.541,9.89,4.0,8.0,-28.094,-19.676,-11.885,-91.569
SVC,Service Properties Trust Common Shares of Beneficial Interest,NASDAQ,Real Estate,Real Estate Investment Trusts,826270533.0,False,True,True,6.38,0.0,3.732,-14.42,-3.864,1530044.0,9918671.3,0.822,6.489,6.714,7.455,8.591,4.0,19.0,-16.163,-26.323,-1.381,-51.712
SVCO,Silvaco Group Inc.,NASDAQ,Technology,Computer Software: Prepackaged Software,310054686.0,False,True,True,8.89,-2.842,5.981,20.106,3.361,410482.0,3422402.456,0.665,8.465,7.98,7.402,7.487,2.0,84.0,39.342,-10.743,23.472,-38.221
SVIA,Silvia Inc.,NASDAQ,Finance,Finance: Consumer Services,360848683.0,False,True,True,4.47,4.439,8.581,68.756,8.013,1540376.0,10637756.275,1.707,4.001,3.657,2.649,2.388,3.0,97.0,69.962,179.375,135.263,-57.711
SVRA,Savara Inc.,NASDAQ,Health Care,Biotechnology: Pharmaceutical Preparations,988262672.0,False,True,True,4.78,-0.624,5.041,-10.911,-2.164,1786164.0,11311289.175,1.602,5.025,5.146,5.365,5.515,4.0,68.0,-10.987,-23.027,-14.643,-31.763
SVRE,SaverOne 2014 Ltd. American Depositary Shares,NASDAQ,Technology,EDP Services,3474771.0,False,True,False,1.24,-10.791,26.397,-55.55,-2.104,51514.0,122337.35,1.262,1.769,2.065,2.79,3.682,4.0,4.0,-56.491,-49.18,-66.577,-93.775
SVRN,SVRN Inc.,NASDAQ,Consumer Discretionary,Marine Transportation,67829507.0,False,True,False,47.99,32.716,17.995,193.959,10.778,127678.0,9244503.15,1.412,41.595,33.512,16.325,12.967,2.0,99.0,355.313,480.29,400.939,-35.791
SVV,Savers Value Village Inc.,NYSE,Consumer Discretionary,Other Specialty Stores,1426869249.0,False,False,True,9.19,-0.649,4.178,-9.638,-2.307,1614888.0,12505914.575,0.52,9.284,9.468,10.17,9.432,1.0,33.0,-10.516,-4.569,17.972,-33.79
SW,Smurfit WestRock plc,NYSE,Consumer Discretionary,Containers/Packaging,22313204506.0,True,False,False,42.41,-0.306,3.26,-8.683,-2.664,4782354.0,197485522.4,0.755,43.968,44.63,46.443,42.658,1.0,51.0,-6.297,-4.896,7.917,-17.683
SWBI,Smith & Wesson Brands Inc.,NASDAQ,Industrials,Ordnance And Accessories,656452915.0,False,True,True,14.7,0.41,2.582,6.713,2.6,541900.0,7800081.975,0.921,14.207,13.922,13.775,13.39,2.0,79.0,21.009,-3.836,1.472,-14.708
SWIM,Latham Group Inc.,NASDAQ,Industrials,Plastic Products,754111411.0,False,True,True,6.39,-0.312,4.52,-3.498,-0.774,870972.0,5360294.9,0.641,6.324,6.402,6.622,6.162,3.0,48.0,-7.525,8.122,21.023,-28.731
SWK,Stanley Black & Decker Inc.,NYSE,Consumer Discretionary,Industrial Machinery/Components,13793859989.0,True,False,False,89.68,-1.817,3.009,-5.412,-1.799,1881066.0,159227954.8,0.857,90.02,90.864,94.812,82.53,2.0,70.0,-6.259,1.22,34.492,-13.584
SWKS,Skyworks Solutions Inc.,NASDAQ,Technology,Semiconductors,12794700653.0,True,True,False,83.91,-1.317,5.291,12.324,2.329,6578606.0,747542492.8,4.476,85.737,83.917,74.704,65.433,2.0,83.0,17.357,40.412,51.222,-9.58
SWMR,Swarmer Inc,NASDAQ,Technology,Computer Software: Prepackaged Software,245832791.0,False,True,True,15.68,2.083,17.867,-51.907,-2.905,639260.0,27797001.8,1.11,18.828,22.933,32.604,,,,-52.628,-61.005,-68.715,-81.176
SWVL,Swvl Holdings Corp Class A Common Shares,NASDAQ,Consumer Discretionary,Business Services,116099118.0,False,True,False,3.8,-1.809,16.433,19.976,1.216,1866682.0,1756932.398,0.025,4.097,4.156,3.167,2.046,2.0,97.0,-31.159,151.656,177.372,-55.168
SXC,SunCoke Energy Inc.,NYSE,Industrials,Steel/Iron Ore,840261015.0,False,False,True,9.94,0.404,3.538,3.812,1.077,1378678.0,9959734.3,1.052,9.727,9.725,9.575,7.866,2.0,82.0,-2.453,27.296,59.255,-6.929
SXI,Standex International Corporation,NYSE,Industrials,Industrial Machinery/Components,3544307984.0,False,False,True,289.24,0.225,3.325,-1.408,-0.423,136348.0,38755111.0,0.926,279.879,278.981,293.37,273.927,2.0,69.0,4.657,-6.765,14.142,-20.434
SXTC,China SXT Pharmaceuticals Inc. Class A,NASDAQ,Health Care,Biotechnology: Pharmaceutical Preparations,3184757.0,False,True,False,2.08,-13.693,64.967,-39.561,-0.609,1634834.84,2353774.95,0.58,2.544,3.666,3.441,1610.42,4.0,3.0,-5.455,-98.943,-98.602,-99.998
SXTP,60 Degrees Pharmaceuticals Inc.,NASDAQ,Health Care,Biotechnology: Pharmaceutical Preparations,4888613.0,False,True,False,1.44,3.597,9.021,27.889,3.091,94394.0,139975.742,6.632,1.256,1.171,1.126,1.918,4.0,14.0,54.839,-11.111,-19.101,-83.295
SY,So-Young International Inc. American Depository Shares,NASDAQ,Technology,EDP Services,275830970.0,False,True,False,2.74,-0.364,5.071,11.659,2.299,594602.0,1089691.347,0.81,2.722,2.688,2.454,2.553,3.0,88.0,-2.837,75.641,-2.491,-42.316
SYBT,Stock Yards Bancorp Inc.,NASDAQ,Finance,Major Banks,2443080806.0,False,True,True,77.61,-1.31,2.265,-3.978,-1.757,162672.0,12734469.925,0.776,77.981,78.479,80.825,72.344,2.0,63.0,-2.922,1.635,15.675,-12.65
SYF,Synchrony Financial,NYSE,Finance,Finance: Consumer Services,26702570220.0,True,False,False,71.88,0.153,2.577,-6.212,-2.411,3151296.0,216026508.0,0.702,72.249,73.544,76.641,74.162,4.0,54.0,-9.981,-4.409,4.654,-18.015
SYK,Stryker Corporation,NYSE,Health Care,Medical/Dental Instruments,105647524060.0,True,False,False,285.22,3.554,2.821,-7.816,-2.77,2673664.0,889058544.0,1.246,277.306,282.354,309.404,327.876,4.0,31.0,-7.1,-13.228,-13.666,-26.537
SYM,Symbotic Inc.,NASDAQ,Industrials,Industrial Machinery/Components,26175817922.0,False,True,False,42.87,-0.947,4.027,1.684,0.418,1699466.0,71013967.8,0.802,42.875,42.694,42.16,50.34,4.0,33.0,3.053,3.751,-19.568,-51.218
SYNA,Synaptics Incorporated Common Stock $0.001 Par Value,NASDAQ,Technology,Semiconductors,4806751214.0,False,True,True,119.73,-1.131,4.178,18.121,4.337,808414.0,108227595.1,1.896,106.83,102.853,101.362,99.034,2.0,86.0,22.574,0.302,59.704,-19.704
SYRE,Spyre Therapeutics Inc.,NASDAQ,Health Care,Biotechnology: Pharmaceutical Preparations,8216912881.0,False,True,False,92.72,-0.504,5.305,-3.203,-0.604,1132120.0,115270433.8,0.568,89.941,90.503,95.788,67.924,2.0,97.0,6.269,-1.602,89.302,-15.843
SYY,Sysco Corporation,NYSE,Consumer Discretionary,Food Distributors,38119455233.0,True,False,False,76.38,-1.432,1.971,-5.837,-2.962,3860374.0,401964982.4,1.384,77.609,78.506,81.115,78.705,1.0,44.0,-5.126,-9.095,5.726,-15.06
T,AT&T Inc.,NYSE,Telecommunications,Telecommunications Equipment,166512971295.0,True,False,False,24.24,-0.247,2.079,-2.919,-1.404,40285683.92,973744617.6,0.85,24.715,24.999,24.969,24.792,1.0,63.0,-7.446,16.475,-12.353,-15.687
TALO,Talos Energy Inc.,NYSE,Energy,Oil & Gas Production,2801680553.0,False,False,True,17.01,1.371,3.735,4.287,1.148,1985820.0,35935924.6,0.97,16.712,16.754,16.311,14.374,2.0,90.0,-1.619,25.166,6.914,-9.159
TANH,Tantech Holdings Ltd. Class A Common Shares,NASDAQ,Industrials,Major Chemicals,9874499.0,False,True,False,14.02,-5.206,20.027,-22.876,-1.142,70094.08,767521.825,0.733,14.913,15.815,18.178,28.722,4.0,8.0,-26.979,-31.275,-26.016,-85.694
TAOX,Tao Synergies Inc.,NASDAQ,Finance,Finance: Consumer Services,33001097.0,False,True,False,4.43,0.454,8.028,14.367,1.79,168378.0,1087770.552,0.833,4.38,4.26,3.874,4.41,3.0,52.0,9.383,22.039,-25.421,-55.7
TARA,Protara Therapeutics Inc.,NASDAQ,Health Care,Biotechnology: Biological Products (No Diagnostic Substances),159557818.0,False,True,False,2.63,-2.593,8.227,-29.837,-3.627,872514.0,5456221.512,1.602,3.063,3.323,3.748,4.834,4.0,20.0,-33.753,-38.407,-48.126,-66.368
TARS,Tarsus Pharmaceuticals Inc.,NASDAQ,Health Care,Biotechnology: Biological Products (No Diagnostic Substances),3415793224.0,False,True,True,74.455,1.993,3.98,2.355,0.592,774022.0,63000764.4,1.214,75.914,76.317,72.742,68.523,3.0,74.0,-10.516,5.535,6.076,-18.655
TASK,TaskUs Inc.,NASDAQ,Technology,EDP Services,738997389.0,False,True,True,8.08,0.248,5.063,5.898,1.165,667824.0,4244049.388,0.335,8.13,8.079,7.63,6.783,2.0,77.0,0.0,55.684,20.238,-29.316
TATT,TAT Technologies Ltd.,NASDAQ,Industrials,Aerospace,456811675.0,False,True,False,33.1,-5.939,4.68,-13.79,-2.947,149014.0,4413376.138,0.792,35.613,36.609,38.395,43.648,4.0,27.0,-15.15,-27.981,-16.541,-48.682
TBBK,The Bancorp Inc,NASDAQ,Finance,Major Banks,1990804147.0,False,True,True,48.33,-0.983,3.687,-20.743,-5.627,500698.0,37646081.2,1.242,49.465,51.994,60.979,60.357,4.0,23.0,-28.654,-26.349,-13.958,-40.808
TBCH,Turtle Beach Corporation,NASDAQ,Telecommunications,Telecommunications Equipment,250556857.0,False,True,True,13.86,-0.929,3.273,9.167,2.801,365552.0,4156909.75,0.792,13.117,12.89,12.696,12.417,3.0,57.0,10.703,9.652,34.563,-20.285
TBI,TrueBlue Inc.,NYSE,Consumer Discretionary,Professional Services,279479078.0,False,False,True,8.9,-3.05,5.184,-6.45,-1.244,297336.0,2746627.475,0.565,9.293,9.398,9.514,6.379,2.0,89.0,-10.282,11.25,120.844,-19.311
TBLA,Taboola.com Ltd.,NASDAQ,Technology,Computer Software: Programming Data Processing,814333885.0,False,True,False,3.27,1.238,4.216,-16.531,-3.921,2460974.0,6780897.85,0.751,3.395,3.53,3.918,4.087,4.0,46.0,-15.504,-39.779,-0.305,-42.732
TBLD,Thornburg Income Builder Opportunities Trust,NASDAQ,Finance,Investment Managers,648374855.0,False,True,True,19.95,-1.286,1.724,-7.249,-4.205,60682.0,1781250.816,2.346,20.338,20.687,21.509,21.121,1.0,49.0,-9.411,-8.224,-3.756,-11.549
TC,Token Cat Limited American Depositary Shares,NASDAQ,Consumer Discretionary,Business Services,44637667.0,False,True,False,1.64,-2.959,7.661,-17.33,-2.262,426810.0,61387.45,0.036,1.761,1.847,1.984,7.26,4.0,11.0,-13.684,-20.0,-84.396,-91.796
TCBI,Texas Capital Bancshares Inc.,NASDAQ,Finance,Major Banks,4076156837.0,False,True,True,93.69,-0.075,1.838,-3.908,-2.126,470846.0,54974757.2,1.414,94.168,95.145,97.5,98.369,1.0,53.0,-4.212,-9.901,-3.118,-13.632
TCBK,TriCo Bancshares,NASDAQ,Finance,Major Banks,1681125072.0,False,True,True,52.27,-0.608,1.892,-4.201,-2.221,265690.0,15450588.6,1.145,52.206,52.681,54.562,50.992,2.0,65.0,-3.106,-2.042,8.739,-14.725
TCBX,Third Coast Bancshares Inc.,NYSE,Finance,Banks,722159499.0,False,False,True,42.89,-1.084,2.476,-3.415,-1.379,109982.0,4452345.112,0.677,43.179,43.613,44.407,40.679,2.0,66.0,-4.391,6.111,10.684,-7.475
TCI,Transcontinental Realty Investors Inc.,NYSE,Real Estate,Real Estate Investment Trusts,389564046.0,False,False,True,45.46,2.387,3.926,14.409,3.67,57520.0,858208.044,0.318,43.551,42.131,39.735,42.288,3.0,63.0,17.256,-0.044,28.309,-23.789
TCMD,Tactile Systems Technology Inc.,NASDAQ,Health Care,Medical/Dental Instruments,500615521.0,False,True,True,22.47,1.674,3.245,-7.053,-2.173,316604.0,6282734.35,1.114,22.373,22.598,24.175,26.497,4.0,82.0,2.09,-28.644,-8.547,-40.508
TCOM,Trip.com Group Limited American Depositary Shares,NASDAQ,Consumer Discretionary,Business Services,23985471906.0,False,True,False,38.79,1.838,2.427,-9.922,-4.089,3390114.0,173490880.4,0.928,39.23,40.073,43.063,51.133,4.0,23.0,-6.304,-4.95,-22.559,-50.893
TCPC,BlackRock TCP Capital Corp.,NASDAQ,Finance,Finance/Investors Services,333933045.0,False,True,True,3.98,0.0,2.548,4.452,1.747,774822.0,3225650.244,1.278,3.998,3.968,3.81,3.797,3.0,62.0,2.369,29.881,16.325,-23.529
TCX,Tucows Inc.,NASDAQ,Technology,EDP Services,105000032.0,False,True,False,9.18,-2.236,6.157,-14.923,-2.424,89862.0,606229.902,0.878,9.68,9.982,10.79,15.433,4.0,18.0,-14.842,-26.087,-48.223,-63.528
TDAY,USA TODAY Co. Inc.,NYSE,Consumer Discretionary,Newspapers/Magazines,1035066484.0,False,False,True,7.43,5.39,4.19,6.99,1.668,2554110.0,15652167.15,1.106,6.75,6.642,6.945,6.938,2.0,81.0,14.838,-13.403,5.39,-19.327
TDC,Teradata Corporation,NYSE,Technology,Computer Software: Prepackaged Software,2803020000.0,False,False,True,29.91,-0.763,3.128,4.192,1.34,2291962.0,45115026.6,0.82,29.392,29.113,28.707,29.776,3.0,69.0,3.89,-17.965,15.349,-28.411
TDG,Transdigm Group Incorporated,NYSE,Industrials,Military/Government/Technical,60272417330.0,True,False,False,1092.66,0.209,2.315,-7.11,-3.071,407282.0,448514885.6,0.782,1098.819,1113.178,1176.294,1246.558,4.0,33.0,-5.629,-17.822,-8.152,-25.315
TDIC,Dreamland Limited Class A,NASDAQ,Consumer Discretionary,Other Consumer Services,7459148.0,False,True,False,2.0,-6.542,19.139,-17.29,-0.903,982872.0,6974920.4,0.08,2.206,2.251,2.418,16.919,4.0,2.0,-11.894,-50.86,-86.777,-99.797
TDOC,Teladoc Health Inc.,NYSE,Health Care,Medical/Nursing Services,1002895796.0,False,False,True,5.79,4.891,4.366,-11.544,-2.644,4397778.0,21146304.05,1.016,5.873,6.064,6.546,6.557,4.0,29.0,-10.51,-39.181,8.835,-41.438
TDS,Telephone and Data Systems Inc. Common Shares,NYSE,Telecommunications,Telecommunications Equipment,4073389000.0,False,False,True,35.11,-0.791,3.093,-0.015,-0.005,1346618.0,61029549.8,1.577,35.342,35.588,35.115,40.124,4.0,46.0,-7.067,-0.263,-22.42,-28.374
TDUP,ThredUp Inc.,NASDAQ,Consumer Discretionary,Catalog/Specialty Distribution,284994021.0,False,True,True,2.17,0.0,6.411,-31.727,-4.948,2654600.0,5115113.962,0.52,2.233,2.403,3.178,4.551,4.0,12.0,-18.727,-68.275,-40.71,-78.3
TDW,Tidewater Inc.,NYSE,Consumer Discretionary,Marine Transportation,4100908559.0,False,False,True,83.93,1.832,3.664,-4.204,-1.147,618774.0,50025981.9,1.115,84.005,85.921,87.614,76.519,2.0,88.0,-11.26,17.962,-1.629,-17.375
TDY,Teledyne Technologies Incorporated,NYSE,Industrials,Industrial Machinery/Components,28609330705.0,True,False,False,619.64,0.4,1.754,-2.126,-1.212,288588.0,169712303.6,0.586,612.645,613.314,633.102,624.059,1.0,56.0,1.936,-3.438,-1.957,-11.184
TEAM,Atlassian Corporation,NASDAQ,Technology,Computer Software: Prepackaged Software,47562251950.0,False,True,False,196.65,4.662,4.707,18.598,3.951,4347724.0,583280017.6,0.699,187.926,185.189,165.812,112.543,2.0,96.0,1.012,122.48,188.809,-1.675
TECH,Bio-Techne Corp,NASDAQ,Health Care,Biotechnology: Biological Products (No Diagnostic Substances),11353640431.0,True,True,False,72.58,0.249,0.275,0.444,1.614,3093278.0,226375041.6,0.675,72.466,72.403,72.259,61.988,2.0,67.0,0.179,2.904,35.306,-0.151
TECX,Tectonic Therapeutic Inc.,NASDAQ,Health Care,Biotechnology: Biological Products (No Diagnostic Substances),440642710.0,False,True,True,23.11,2.529,7.167,-23.101,-3.223,226800.0,6348789.2,1.378,24.004,25.896,30.053,28.0,1.0,70.0,-22.761,-36.754,-22.915,-41.538
TEL,TE Connectivity plc,NYSE,Technology,Electronic Components,63797134922.0,True,False,False,218.93,-0.649,2.62,4.614,1.761,2041238.0,377157941.6,0.567,215.1,212.328,209.274,213.01,3.0,60.0,4.546,11.092,5.199,-12.641
TELA,TELA Bio Inc.,NASDAQ,Health Care,Medical/Dental Instruments,51463487.0,False,True,False,1.14,0.0,9.929,26.24,2.643,251126.0,303104.686,0.876,1.19,1.131,0.903,0.866,2.0,69.0,45.967,27.517,80.952,-28.75
TELO,Telomir Pharmaceuticals Inc.,NASDAQ,Health Care,Biotechnology: Pharmaceutical Preparations,81154448.0,False,True,False,1.21,2.542,5.461,3.472,0.636,64788.0,96352.95,2.074,1.194,1.188,1.169,1.255,4.0,41.0,4.31,-2.419,-6.923,-42.133
TEM,Tempus AI Inc.,NASDAQ,Technology,Computer Software: Programming Data Processing,13912648158.0,False,True,False,83.55,9.03,6.232,31.81,5.104,6955138.0,534804723.2,1.043,79.39,75.633,63.387,56.525,2.0,80.0,29.214,39.041,76.638,-19.91
TENB,Tenable Holdings Inc.,NASDAQ,Technology,Computer Software: Prepackaged Software,4058658374.0,False,True,True,38.51,4.505,5.374,9.212,1.714,4189480.0,167331301.4,0.823,36.227,35.763,35.262,26.969,2.0,85.0,11.656,-5.194,108.613,-11.816
TENX,Tenax Therapeutics Inc.,NASDAQ,Health Care,Biotechnology: Pharmaceutical Preparations,74099356.0,False,True,False,1.96,-1.01,11.617,-55.174,-4.749,6639246.0,6536674.15,0.221,1.915,2.131,4.373,11.144,4.0,18.0,10.112,-88.723,-86.828,-89.897
TER,Teradyne Inc.,NASDAQ,Industrials,Electrical Products,70203250380.0,True,True,False,444.53,-1.004,4.493,17.994,4.005,2896738.0,957960096.0,0.579,411.396,394.968,376.74,336.13,2.0,95.0,31.339,29.609,41.036,-8.856
TFC,Truist Financial Corporation,NYSE,Finance,Major Banks,56744536433.0,True,False,False,46.33,-0.258,2.077,-7.59,-3.655,6919210.0,402626137.6,1.509,47.008,47.943,50.135,49.035,1.0,50.0,-10.231,-8.9,-0.748,-15.017
TFIN,Triumph Financial Inc.,NYSE,Finance,Major Banks,1485762311.0,False,False,True,61.6,-0.933,2.884,-12.04,-4.175,204544.0,15096951.55,1.151,61.713,63.525,70.032,67.508,1.0,61.0,-10.439,-20.424,1.349,-26.245
TFSL,TFS Financial Corporation,NASDAQ,Finance,Savings Institutions,4717047139.0,False,True,True,16.77,-0.297,1.906,-2.321,-1.218,859016.0,12333338.5,0.732,16.63,16.752,17.169,15.232,2.0,71.0,-2.386,-3.924,22.287,-12.353
TFX,Teleflex Incorporated,NYSE,Health Care,Medical/Dental Instruments,5259261916.0,False,False,True,125.24,0.902,3.09,-5.751,-1.861,702990.0,106809961.6,0.799,125.388,127.342,132.882,123.543,2.0,49.0,-10.517,-5.983,9.419,-13.413
TG,Tredegar Corporation,NYSE,Industrials,Metal Fabrications,245657473.0,False,False,True,7.0,-0.427,3.038,-6.954,-2.289,173848.0,1314597.444,0.854,7.015,7.124,7.523,8.077,4.0,42.0,-8.616,-5.914,-14.53,-33.523
TGL,Treasure Global Inc.,NASDAQ,Consumer Discretionary,Business Services,2521733.0,False,True,False,1.26,-2.326,31.549,-50.417,-1.598,482960.0,1469423.552,0.189,1.664,2.006,2.541,4.087,4.0,4.0,-49.801,-67.102,-68.657,-97.828
TGT,Target Corporation,NYSE,Consumer Discretionary,Department/Specialty Retail Stores,70870290816.0,True,False,False,152.99,-1.929,2.526,-1.763,-0.698,4026384.0,564235427.2,1.255,156.281,156.961,155.736,127.609,2.0,88.0,-6.719,20.866,27.339,-10.401
TGTX,TG Therapeutics Inc.,NASDAQ,Health Care,Biotechnology: Pharmaceutical Preparations,8310118887.0,False,True,False,53.91,-0.7,4.1,0.457,0.111,2049334.0,101460787.0,0.754,55.251,55.325,53.665,41.432,2.0,80.0,-4.937,-7.148,60.018,-9.089
TH,Target Hospitality Corp.,NASDAQ,Consumer Discretionary,Hotels/Resorts,1876905289.0,False,True,True,18.91,0.372,5.273,4.337,0.822,1874798.0,57085325.9,1.322,19.711,19.604,18.124,14.024,2.0,92.0,1.996,5.231,38.84,-13.097
THFF,First Financial Corporation,NASDAQ,Finance,Major Banks,891773281.0,False,True,True,74.71,-0.373,2.108,-4.24,-2.012,106424.0,9554907.775,0.84,74.689,75.476,78.018,68.971,2.0,74.0,-4.345,-0.541,18.353,-10.561
THH,TryHard Holdings Limited,NASDAQ,Consumer Discretionary,Services-Misc. Amusement & Recreation,7506938.0,False,True,False,1.42,-5.333,16.406,-29.423,-1.793,128597.0,128434.47,0.247,1.544,1.638,2.012,24.467,4.0,61.0,-16.471,-53.595,-61.725,-99.742
THO,Thor Industries Inc.,NYSE,Industrials,Homebuilding,3589778808.0,False,False,True,67.24,-3.321,3.728,-10.51,-2.819,682570.0,66132266.0,1.801,69.845,71.202,75.137,84.677,4.0,26.0,-11.269,-10.94,-12.408,-44.503
THRM,Gentherm Inc,NASDAQ,Consumer Discretionary,Auto Parts:O.E.M.,1704012001.0,False,True,True,32.23,2.971,4.929,-12.294,-2.494,555896.0,33645988.8,9.577,32.395,33.596,36.748,32.56,1.0,53.0,-14.183,-0.395,24.03,-28.968
THRY,Thryv Holdings Inc.,NASDAQ,Consumer Discretionary,Advertising,67547449.0,False,True,False,1.49,-1.974,8.924,-32.886,-3.685,820136.0,1245904.925,0.5,1.643,1.772,2.22,3.503,4.0,7.0,-22.396,-64.096,-47.163,-88.146
TIC,TIC Solutions Inc.,NYSE,Consumer Discretionary,Business Services,1802500141.0,False,False,True,8.26,0.0,4.448,-8.428,-1.895,1831080.0,13763790.2,0.798,8.563,8.802,9.02,8.883,4.0,30.0,-11.087,4.425,16.667,-43.618
TIGO,Millicom International Cellular S.A.,NASDAQ,Telecommunications,Telecommunications Equipment,14797206017.0,False,True,False,91.17,3.227,3.561,-2.754,-0.773,1099290.0,79842514.8,0.666,90.355,91.764,93.752,79.328,2.0,88.0,-4.942,-1.117,16.875,-14.898
TIGR,UP Fintech Holding Ltd American Depositary Share representing fifteen Class A,NASDAQ,Finance,Investment Bankers/Brokers/Service,743394750.0,False,True,False,4.4,5.769,4.127,-8.961,-2.171,2222948.0,9336371.825,1.105,4.507,4.642,4.833,6.35,4.0,20.0,-13.215,-2.655,-31.889,-61.233
TILE,Interface Inc.,NASDAQ,Consumer Discretionary,Home Furnishings,2016658049.0,False,True,True,34.86,-0.086,2.756,-3.354,-1.217,484668.0,17795321.95,1.153,34.833,35.1,36.07,31.4,2.0,71.0,-4.125,3.712,40.426,-13.855
TIPT,Tiptree Inc.,NASDAQ,Finance,Property-Casualty Insurers,646108656.0,False,True,True,17.34,-0.058,1.948,-2.862,-1.469,216936.0,3846691.412,1.214,17.309,17.469,17.851,17.388,4.0,49.0,-6.724,-2.149,5.25,-9.051
TITN,Titan Machinery Inc.,NASDAQ,Consumer Discretionary,Other Specialty Stores,598206242.0,False,True,True,25.33,-0.354,4.727,19.731,4.174,248174.0,4884281.725,0.707,24.113,23.523,21.156,19.313,2.0,90.0,10.951,44.743,44.908,-5.836
TJGC,TJGC Group Limited Class A,NASDAQ,Consumer Discretionary,Advertising,336128765.0,False,True,False,32.88,-1.202,11.353,180.978,15.94,1395538.0,14140810.462,0.082,28.401,22.858,11.702,5.684,2.0,99.0,233.469,630.667,1294.402,-10.555
TJX,TJX Companies Inc. (The),NYSE,Consumer Discretionary,Clothing/Shoe/Accessory Stores,145944558413.0,True,False,False,134.41,1.304,2.16,-4.317,-1.999,7680176.0,1206309971.2,1.257,132.098,132.193,140.474,151.716,4.0,41.0,1.679,-12.508,-16.404,-20.686
TKNO,Alpha Teknova Inc.,NASDAQ,Health Care,Biotechnology: In Vitro & In Vivo Diagnostic Substances,482657332.0,False,True,True,9.0,0.111,5.303,24.894,4.694,246920.0,2407664.7,1.944,8.798,8.348,7.206,4.56,2.0,94.0,24.309,65.746,188.462,-5.063
TKO,TKO Group Holdings Inc.,NYSE,Consumer Discretionary,Services-Misc. Amusement & Recreation,33231976209.0,True,False,False,177.04,0.832,3.248,-5.602,-1.725,1113534.0,232888744.8,1.278,180.533,183.648,187.546,194.98,4.0,40.0,-6.153,-8.17,-9.421,-21.047
TLN,Talen Energy Corporation,NASDAQ,Utilities,Electric Utilities: Central,15369456859.0,False,True,False,331.87,3.46,4.33,4.206,0.971,856028.0,274632432.4,1.292,314.26,310.793,318.476,351.628,4.0,32.0,8.625,-9.488,2.401,-26.46
TLPH,Talphera Inc.,NASDAQ,Health Care,Biotechnology: Pharmaceutical Preparations,58653549.0,False,True,False,1.16,2.655,3.846,-6.164,-1.603,205098.0,181139.202,2.863,1.16,1.176,1.236,1.015,3.0,77.0,-3.333,-2.521,58.904,-26.115
TLRY,Tilray Brands Inc. Common Stock ,NASDAQ,Health Care, Medicinal Chemicals and Botanical Products ,533493529.0,False,True,True,3.72,3.047,4.75,-13.877,-2.921,4253160.0,15781643.3,1.025,3.847,4.0,4.319,6.121,4.0,10.0,-17.881,-13.689,-44.144,-83.966
TLS,Telos Corporation,NASDAQ,Technology,EDP Services,313147146.0,False,True,True,4.43,5.728,4.776,0.333,0.07,594848.0,3189777.025,1.847,4.194,4.236,4.415,4.579,4.0,28.0,-9.035,-6.54,2.546,-47.01
TLSA,Tiziana Life Sciences Ltd. Common Shares,NASDAQ,Health Care,Biotechnology: Pharmaceutical Preparations,142530227.0,False,True,False,1.07,-4.464,9.376,6.193,0.66,817266.0,665506.294,0.336,1.043,1.015,1.008,1.259,4.0,20.0,10.309,-15.079,-16.406,-54.077
TLSI,TriSalus Life Sciences Inc.,NASDAQ,Health Care,Medical Specialities,266002272.0,False,True,True,4.38,1.389,7.828,-10.384,-1.326,296364.0,2325648.328,0.448,4.446,4.603,4.887,4.66,4.0,63.0,-12.048,7.617,7.353,-44.906
TLX,Telix Pharmaceuticals Limited American Depositary Shares,NASDAQ,Health Care,Biotechnology: Pharmaceutical Preparations,3574097867.0,False,True,False,10.88,3.128,4.733,-4.419,-0.934,275192.0,5927767.25,0.855,11.149,11.37,11.383,9.665,2.0,58.0,-7.325,-7.325,19.692,-17.01
TMC,TMC the metals company Inc.,NASDAQ,Basic Materials,Metal Mining,1671903477.0,False,True,False,3.77,-0.528,6.517,-8.748,-1.342,5627756.0,17509760.65,0.61,3.86,3.965,4.131,5.304,4.0,22.0,-14.318,-6.683,-17.865,-66.784
TMCI,Treace Medical Concepts Inc.,NASDAQ,Health Care,Medical/Dental Instruments,285501683.0,False,True,True,4.48,2.05,5.092,-1.295,-0.254,310198.0,958618.358,0.679,4.473,4.506,4.539,3.085,2.0,91.0,-8.197,1.587,211.111,-36.723
TMCR,The Metals Royalty Company Inc.,NASDAQ,Basic Materials,Precious Metals,230555955.0,False,True,False,3.16,-7.602,19.874,-42.776,-2.152,95186.0,500615.249,1.128,3.903,4.436,5.522,,,,-44.268,-48.784,,-85.22
TMDX,TransMedics Group Inc.,NASDAQ,Health Care,Biotechnology: Electromedical & Electrotherapeutic Apparatus,2766903195.0,False,True,True,82.99,4.004,5.077,-2.899,-0.571,825956.0,65171687.0,1.205,83.076,84.373,85.468,99.775,4.0,46.0,-4.587,16.698,-20.811,-46.801
TMO,Thermo Fisher Scientific Inc,NYSE,Industrials,Industrial Machinery/Components,242110522873.0,True,False,False,676.76,3.354,2.44,9.279,3.804,2018330.0,1533372089.6,1.053,664.441,652.86,619.297,542.285,2.0,84.0,9.516,31.098,38.872,-1.005
TMP,Tompkins Financial Corporation,AMEX,Finance,Major Banks,1422325475.0,False,False,True,97.93,-0.971,2.347,-0.573,-0.244,111938.0,11715901.75,0.788,97.818,97.912,98.495,85.879,2.0,80.0,-0.77,5.443,23.185,-4.542
TMS,Teamshares Inc.,NASDAQ,Unknown,Unknown,561293132.0,False,True,True,7.4,-2.887,11.02,2.975,0.27,138264.0,1654080.056,0.615,7.701,7.592,7.186,9.279,4.0,33.0,19.355,-4.145,-29.254,-43.939
TMTS,Spartacus Acquisition Corp. II Class A,NASDAQ,Unknown,Unknown,0.0,False,True,False,10.03,0.0,0.028,-0.286,-10.21,56780.0,344172.612,0.164,10.033,10.04,10.059,,,,-0.397,0.0,0.905,-4.019
TMUS,T-Mobile US Inc.,NASDAQ,Telecommunications,Telecommunications Equipment,175531982751.0,True,True,False,164.64,0.611,2.601,-6.227,-2.394,4752136.0,869181854.4,0.904,165.28,168.761,175.572,189.281,4.0,30.0,-12.435,-10.361,-16.173,-27.228
TNC,Tennant Company,NYSE,Industrials,Industrial Machinery/Components,1144349217.0,False,False,True,68.07,1.415,3.299,-4.63,-1.403,216658.0,12211089.9,0.875,67.412,68.015,71.375,76.321,4.0,33.0,-3.227,-21.137,-3.041,-25.623
TNDM,Tandem Diabetes Care Inc.,NASDAQ,Health Care,Medical/Dental Instruments,1148048666.0,False,True,True,16.52,0.121,6.36,-15.329,-2.41,2068598.0,38848141.1,0.865,16.596,17.279,19.511,19.412,4.0,78.0,-19.139,7.064,-13.824,-44.283
TNET,TriNet Group Inc.,NYSE,Consumer Discretionary,Business Services,2903015631.0,False,False,True,63.9,1.044,3.55,-5.009,-1.411,368284.0,21044172.2,1.077,64.272,65.228,67.269,52.019,2.0,73.0,-7.523,14.947,71.699,-12.154
TNGX,Tango Therapeutics Inc.,NASDAQ,Health Care,Biotechnology: Pharmaceutical Preparations,3918504929.0,False,True,True,23.08,-0.688,6.728,-7.152,-1.063,2658346.0,79547595.0,0.731,23.943,24.017,24.858,21.024,2.0,94.0,1.406,-23.373,13.751,-32.887
TNL,Travel   Leisure Co. Common  Stock,NYSE,Consumer Discretionary,Hotels/Resorts,3850970277.0,False,False,True,61.72,-1.907,2.862,-10.703,-3.74,705688.0,47850109.0,1.135,63.022,64.192,69.118,69.942,4.0,44.0,-6.188,-17.615,-12.224,-21.798
TNMG,TNL Mediagene,NASDAQ,Consumer Discretionary,Advertising,3620327.0,False,True,False,4.4,-7.563,14.262,151.334,10.611,11111505.92,11427704.131,0.022,4.192,3.574,1.751,1.753,3.0,99.0,873.451,797.959,128.453,-64.169
TNON,Tenon Medical Inc.,NASDAQ,Health Care,Medical/Dental Instruments,5937601.0,False,True,False,3.7,0.0,26.579,-27.31,-1.028,8167588.62,85756279.45,0.056,3.646,3.94,5.09,20.206,4.0,5.0,-1.857,-57.201,-85.791,-92.659
TNXP,Tonix Pharmaceuticals Holding Corp.,NASDAQ,Health Care,Biotechnology: Pharmaceutical Preparations,152815624.0,False,True,False,8.07,-9.428,8.003,-30.534,-3.816,472094.0,5176169.762,2.413,9.567,10.405,11.617,13.443,4.0,11.0,-39.641,-36.507,-40.705,-68.228
TOMZ,TOMI Environmental Solutions Inc.,NASDAQ,Industrials,Major Chemicals,13513741.0,False,True,False,1.58,14.493,9.581,-3.399,-0.355,76800.0,231916.1,1.335,1.439,1.491,1.636,2.041,4.0,20.0,-4.242,-38.039,-2.469,-52.553
TONX,TON Strategy Company,NASDAQ,Finance,Finance: Consumer Services,196607001.0,False,True,True,3.59,0.56,7.626,11.39,1.494,351100.0,1099370.15,0.462,3.666,3.555,3.223,2.883,2.0,44.0,4.971,5.9,57.456,-49.72
TOP,TOP Financial Group Limited Class A,NASDAQ,Finance,Investment Bankers/Brokers/Service,1932093735.0,False,True,False,15.57,1.301,5.966,13.52,2.266,105800.4,1395774.2,0.808,15.199,15.014,13.716,7.619,2.0,96.0,2.502,58.071,283.026,-10.615
TOWN,TowneBank,NASDAQ,Finance,Major Banks,2688462400.0,False,True,True,35.84,-0.527,1.665,-3.147,-1.89,554514.0,19038663.75,0.881,36.046,36.301,37.005,34.673,2.0,59.0,-3.454,0.16,7.678,-7.461
TOYO,TOYO Co. Ltd,NASDAQ,Consumer Discretionary,Miscellaneous manufacturing industries,186681803.0,False,True,False,4.38,0.229,5.054,-7.345,-1.453,698568.0,1630091.844,0.348,4.345,4.404,4.727,8.137,4.0,33.0,0.0,-31.882,-56.331,-74.871
TPB,Turning Point Brands Inc.,NYSE,Consumer Discretionary,Tobacco,1115522020.0,False,False,True,57.61,3.541,5.41,-23.683,-4.378,366864.0,28337987.8,2.087,59.719,64.186,75.488,90.825,4.0,21.0,-25.036,-34.166,-22.7,-60.661
TPC,Tutor Perini Corporation,NYSE,Consumer Discretionary,General Bldg Contractors - Nonresidential Bldgs,4559319517.0,False,False,True,86.43,-0.346,3.382,-1.753,-0.518,511932.0,38178575.3,1.049,84.992,85.579,87.972,80.366,2.0,80.0,-1.019,15.553,11.489,-15.43
TPG,TPG Inc.,NASDAQ,Finance,Investment Managers,16881631277.0,False,True,False,44.5,-0.381,3.609,-8.03,-2.225,2884412.0,125956925.2,0.69,44.814,46.007,48.385,46.782,4.0,52.0,-16.393,6.037,20.178,-34.398
TPL,Texas Pacific Land Corporation,NYSE,Energy,Oil & Gas Production,23464497410.0,True,False,False,344.67,1.317,3.799,-5.158,-1.358,383304.0,140686480.4,0.701,341.188,348.001,363.414,396.34,1.0,55.0,-5.956,-14.286,-22.971,-36.742
TPR,Tapestry Inc.,NYSE,Consumer Discretionary,Apparel,23594519847.0,True,False,False,116.95,-0.991,2.951,-9.844,-3.335,3207508.0,370769000.8,0.778,116.017,117.491,129.719,137.788,1.0,43.0,-4.247,-19.758,-18.073,-28.766
TPVG,TriplePoint Venture Growth BDC Corp.,NYSE,Consumer Discretionary,Other Consumer Services,199477643.0,False,False,True,4.83,-1.429,2.824,-0.654,-0.232,227502.0,1313107.031,0.822,4.863,4.877,4.862,4.886,4.0,60.0,-4.466,7.802,2.862,-17.134
TR,Tootsie Roll Industries Inc.,NYSE,Consumer Staples,Specialty Foods,2851971908.0,False,False,True,37.61,-1.0,2.056,-4.232,-2.058,157528.0,6897160.962,1.113,37.85,38.174,39.272,39.334,1.0,47.0,-3.067,-2.185,-14.042,-16.331
TRAX,First Tracks Biotherapeutics Inc. Ordinary Shares ,NASDAQ,Health Care,Biotechnology: Pharmaceutical Preparations,1189122455.0,False,True,True,32.99,-0.871,8.905,-20.254,-2.274,711590.0,27591053.05,0.938,35.298,36.988,41.369,,,,-22.395,66.785,73.632,-33.901
TRC,Tejon Ranch Co,NYSE,Finance,Real Estate,442611253.0,False,False,True,16.18,-1.221,2.011,-1.362,-0.677,158590.0,2181819.644,0.505,16.306,16.3,16.403,17.703,1.0,47.0,0.062,-11.391,-15.817,-24.073
TRDA,Entrada Therapeutics Inc.,NASDAQ,Health Care,Biotechnology: Pharmaceutical Preparations,209479279.0,False,True,True,5.48,1.859,8.127,-20.184,-2.484,338904.0,2250938.644,1.369,6.021,6.354,6.866,9.3,4.0,58.0,-23.57,-26.443,-60.519,-66.687
TREE,LendingTree Inc.,NASDAQ,Finance,Finance: Consumer Services,345934783.0,False,True,True,24.51,-0.528,4.67,-16.391,-3.51,444520.0,9338397.35,0.588,24.84,25.829,29.315,40.872,4.0,12.0,-12.496,-45.702,-41.11,-64.442
TREX,Trex Company Inc.,NYSE,Basic Materials,Forest Products,4437247676.0,False,False,True,44.21,1.492,3.581,-2.868,-0.801,1770320.0,74033743.0,0.921,43.863,44.13,45.515,42.137,2.0,43.0,1.19,-6.156,22.669,-18.582
TRGP,Targa Resources Inc.,NYSE,Utilities,Natural Gas Distribution,60413795857.0,True,False,False,287.4,2.009,2.663,2.173,0.816,1218458.0,337328394.4,1.133,281.261,282.844,281.287,247.28,2.0,86.0,-2.092,5.455,18.134,-6.67
TRI,Thomson Reuters Corporation Common Shares,NASDAQ,Consumer Discretionary,Publishing,42288984000.0,False,True,False,97.08,-0.553,3.927,-4.297,-1.094,1864178.0,148182703.2,0.56,97.976,98.898,101.439,96.539,3.0,35.0,-13.135,7.662,10.321,-38.423
TRIN,Trinity Capital Inc.,NYSE,Finance,Finance: Consumer Services,1665659967.0,False,False,True,17.43,-0.91,1.858,-2.15,-1.157,960764.0,15839750.35,0.888,17.598,17.696,17.813,15.851,2.0,69.0,-4.111,2.587,22.18,-6.877
TRIP,TripAdvisor Inc.,NASDAQ,Technology,Computer Software: Programming Data Processing,997366400.0,False,True,True,8.79,3.29,4.335,-14.174,-3.269,3887344.0,40180084.1,0.928,8.563,8.824,10.242,11.519,4.0,19.0,-5.382,-35.933,-18.986,-50.673
TRLV,Trulieve Cannabis Corp. Subordinate Voting Shares,NYSE,Health Care, Medicinal Chemicals and Botanical Products ,2064300037.0,False,False,True,10.65,-0.653,7.242,0.105,0.015,1784522.0,32134138.95,1.064,11.362,11.442,10.639,8.629,2.0,80.0,-11.176,19.261,63.846,-19.804
TRMB,Trimble Inc.,NASDAQ,Industrials,Industrial Machinery/Components,13412504857.0,True,True,False,58.81,2.243,2.641,0.768,0.291,3102056.0,137753013.6,0.869,57.909,58.032,58.362,62.562,4.0,40.0,-2.146,9.455,-9.62,-30.336
TRMD,TORM plc,NASDAQ,Consumer Discretionary,Marine Transportation,4106031080.0,False,True,False,41.05,2.625,3.776,29.497,7.812,1219916.0,79260545.4,1.93,37.712,36.036,31.7,26.638,2.0,95.0,28.957,55.477,52.481,-1.191
TRMK,Trustmark Corporation,NASDAQ,Finance,Major Banks,2667181602.0,False,True,True,45.54,-0.849,1.915,-2.2,-1.149,379690.0,20381910.05,0.972,45.677,45.945,46.565,43.91,2.0,63.0,-1.129,-0.953,6.869,-6.552
TRN,Trinity Industries Inc.,NYSE,Industrials,Railroads,2081763669.0,False,False,True,26.39,0.995,3.165,-10.148,-3.206,709044.0,21128293.6,1.375,26.8,27.471,29.37,31.271,1.0,40.0,-6.119,-21.551,-16.616,-31.115
TRNS,Transcat Inc.,NASDAQ,Industrials,Electrical Products,848607895.0,False,True,True,90.57,0.199,3.727,2.565,0.688,127554.0,10608703.425,0.719,88.628,87.812,88.305,79.312,2.0,74.0,5.683,3.651,19.992,-9.43
TRON,Tron Inc.,NASDAQ,Finance,Finance: Consumer Services,668878710.0,False,True,True,1.35,-4.255,7.247,-14.611,-2.016,991666.0,1057752.875,0.532,1.418,1.475,1.581,1.701,4.0,33.0,-17.683,-12.338,-43.75,-70.968
TROO,TROOPS Inc. Ordinary Shares ,NASDAQ,Finance,Diversified Financial Services,210115486.0,False,True,False,1.64,-4.651,10.557,-16.785,-1.59,289484.0,494051.6,0.401,1.782,1.881,1.971,2.801,1.0,89.0,-24.074,-18.812,-27.753,-68.939
TROW,T. Rowe Price Group Inc.,NASDAQ,Finance,Investment Managers,22317104227.0,True,True,False,103.93,-0.66,2.05,-4.544,-2.217,1636134.0,169146540.0,1.13,104.589,105.309,108.878,101.569,2.0,52.0,-5.102,-12.431,19.205,-13.752
TROX,Tronox Holdings plc Ordinary Shares (UK),NYSE,Basic Materials,Major Chemicals,627621114.0,False,False,True,3.91,-0.509,5.812,-23.876,-4.108,2549580.0,9598671.4,0.625,4.031,4.283,5.136,6.694,1.0,65.0,-19.877,-35.617,-57.113,-62.58
TRS,TriMas Corporation,NASDAQ,Industrials,Industrial Specialties,1403385912.0,False,True,True,38.93,-0.486,2.45,-0.675,-0.276,384400.0,11742843.2,0.596,38.92,38.921,39.195,38.267,2.0,52.0,0.206,-4.396,10.03,-14.224
TRST,TrustCo Bank Corp NY,NASDAQ,Finance,Major Banks,948274841.0,False,True,True,55.18,-0.916,2.577,-2.303,-0.894,137076.0,8565474.625,0.957,55.493,55.968,56.481,49.132,2.0,80.0,-3.531,1.564,24.849,-6.916
TRT,Trio-Tech International,NASDAQ,Technology,Industrial Machinery/Components,63969740.0,False,True,False,6.14,-0.325,13.254,-38.321,-2.891,318256.0,3502790.359,0.582,7.249,8.325,9.955,8.995,1.0,91.0,-40.676,-36.57,1.993,-71.282
TRTX,TPG RE Finance Trust Inc.,NYSE,Real Estate,Real Estate Investment Trusts,471361715.0,False,False,True,6.02,-1.954,3.093,-17.447,-5.641,956506.0,7564892.6,1.429,6.374,6.661,7.292,7.738,4.0,28.0,-20.4,-25.7,-16.931,-29.274
TRUG,TruGolf Holdings Inc.,NASDAQ,Consumer Discretionary,Recreational Games/Products/Toys,3273600.0,False,True,False,2.56,-3.03,43.528,-61.029,-1.402,2300881.36,27894822.528,0.048,3.206,3.983,6.569,35.556,4.0,2.0,-36.318,-81.844,-93.876,-99.092
TRUP,Trupanion Inc.,NASDAQ,Health Care,Medical Specialities,1034516167.0,False,True,True,24.57,4.198,4.389,-8.482,-1.933,507120.0,11403305.8,1.133,23.947,24.709,26.847,27.46,4.0,23.0,-14.658,-9.168,-4.731,-47.701
TRV,The Travelers Companies Inc.,NYSE,Finance,Property-Casualty Insurers,75166266428.0,True,False,False,360.7,0.089,1.78,-2.585,-1.452,1600014.0,497534046.4,0.563,362.69,365.032,370.273,318.495,2.0,72.0,-3.314,5.296,22.973,-9.222
TRVG,trivago N.V. American Depositary Shares,NASDAQ,Technology,EDP Services,330500074.0,False,True,False,4.73,1.068,9.931,-14.361,-1.446,172958.0,1345438.975,1.56,5.266,5.477,5.523,3.953,2.0,79.0,-26.094,-10.076,61.433,-30.441
TRVI,Trevi Therapeutics Inc.,NASDAQ,Health Care,Biotechnology: Pharmaceutical Preparations,1981838948.0,False,True,True,13.72,-1.366,4.77,-18.247,-3.825,1623778.0,26685485.75,1.059,14.369,14.995,16.782,14.271,1.0,68.0,-19.578,-29.641,7.104,-32.146
TSAT,Telesat Corporation Class A Common Shares and Class B Variable Voting Shares ,NASDAQ,Industrials,Metal Fabrications,1735584384.0,False,True,False,46.17,-3.813,5.974,-1.803,-0.302,195168.0,5543740.75,0.495,47.193,47.303,47.018,41.473,2.0,84.0,4.813,5.075,7.622,-24.976
TSCO,Tractor Supply Company,NASDAQ,Consumer Discretionary,RETAIL: Building Materials,16199137859.0,True,True,False,31.42,1.061,3.174,-6.022,-1.897,10255618.0,336836255.2,1.63,31.8,32.386,33.433,39.312,4.0,28.0,-9.191,3.967,-29.734,-44.723
TSEM,Tower Semiconductor Ltd.,NASDAQ,Technology,Semiconductors,27224646660.0,False,True,False,249.57,3.616,5.279,11.079,2.099,1878500.0,448212025.6,0.883,234.097,228.199,224.678,197.365,2.0,95.0,21.056,17.761,31.221,-21.995
TSHA,Taysha Gene Therapies Inc.,NASDAQ,Health Care,Biotechnology: Biological Products (No Diagnostic Substances),1508609313.0,False,True,True,4.49,-3.024,5.988,-19.773,-3.302,3179896.0,21445635.6,1.564,4.805,5.012,5.597,5.449,1.0,36.0,-19.39,-30.923,-3.441,-38.493
TSLA,Tesla Inc.,NASDAQ,Industrials,Auto Manufacturing,1463662768742.0,True,True,False,378.73,2.197,3.365,8.55,2.541,37661404.0,13543779891.2,1.118,366.314,364.337,348.898,392.626,4.0,41.0,0.627,-5.999,7.344,-24.076
TSN,Tyson Foods Inc.,NYSE,Consumer Staples,Meat/Poultry/Fish,18254980458.0,True,False,False,51.71,-0.347,2.136,-5.788,-2.709,3441510.0,190988629.6,1.152,51.411,52.065,54.887,59.07,4.0,44.0,-0.097,-11.267,-18.399,-24.248
TSSI,TSS Inc.,NASDAQ,Consumer Discretionary,Professional Services,288963277.0,False,True,True,10.05,-1.855,5.522,6.794,1.23,924108.0,8932556.788,0.601,9.722,9.427,9.411,10.87,1.0,36.0,24.074,-10.107,-22.989,-53.836
TT,Trane Technologies plc,NYSE,Industrials,Auto Parts:O.E.M.,102070952042.0,True,False,False,470.76,1.477,2.33,3.787,1.625,1137258.0,523672020.8,1.206,454.271,449.392,453.584,446.292,2.0,60.0,5.994,-0.813,9.76,-6.721
TTAM,Titan America SA Common Shares,NYSE,Industrials,Mining & Quarrying of Nonmetallic Minerals (No Fuels),2464926157.0,False,False,True,13.5,0.972,3.607,-9.486,-2.63,274758.0,3808747.525,0.726,13.653,13.946,14.915,16.27,4.0,36.0,-10.981,-23.504,-8.947,-30.814
TTAN,ServiceTitan Inc.,NASDAQ,Technology,Computer Software: Prepackaged Software,6472031612.0,False,True,False,72.16,7.557,5.92,-7.884,-1.332,2535270.0,274215751.2,0.733,65.307,66.844,78.336,74.96,4.0,33.0,-22.492,-9.46,14.522,-35.201
TTD,The Trade Desk Inc.,NASDAQ,Technology,Computer Software: Programming Data Processing,5649901493.0,False,True,False,11.98,0.251,4.617,-16.897,-3.659,26325162.0,349071799.2,0.944,12.464,13.027,14.416,22.477,4.0,9.0,-20.61,-37.539,-46.06,-78.755
TTEC,TTEC Holdings Inc.,NASDAQ,Consumer Discretionary,Professional Services,68028397.0,False,True,False,1.38,0.0,5.753,-14.19,-2.467,478048.0,521762.15,0.394,1.323,1.33,1.608,2.437,4.0,14.0,0.0,-33.654,-42.5,-65.414
TTEK,Tetra Tech Inc.,NASDAQ,Consumer Discretionary,Military/Government/Technical,8480191455.0,False,True,False,33.33,0.634,2.808,-5.339,-1.902,2603066.0,77084027.0,1.083,33.917,34.541,35.21,32.917,2.0,58.0,-8.157,7.978,7.364,-22.251
TTGT,TechTarget Inc.,NASDAQ,Telecommunications,Telecommunications Equipment,258227596.0,False,True,True,3.65,2.241,4.626,-6.949,-1.502,358064.0,1282528.1,1.848,3.719,3.774,3.923,4.392,4.0,28.0,-3.694,-5.195,-19.604,-45.522
TTI,Tetra Technologies Inc.,NYSE,Energy,Oil & Gas Production,888436674.0,False,False,True,6.03,0.5,4.314,-14.871,-3.447,1962404.0,12018676.35,0.803,6.014,6.25,7.083,9.11,4.0,53.0,-13.112,-34.881,-28.639,-51.914
TTMI,TTM Technologies Inc.,NASDAQ,Technology,Electrical Products,13892354696.0,False,True,False,133.14,0.963,5.731,8.162,1.424,2537780.0,233832892.8,0.908,126.841,124.865,123.093,125.562,2.0,89.0,15.383,-7.593,39.122,-40.517
TTRX,Turn Therapeutics Inc.,NASDAQ,Health Care,Biotechnology: Pharmaceutical Preparations,397074573.0,False,True,True,12.36,-7.277,10.481,11.273,1.076,107548.0,2566450.55,1.035,13.288,12.979,11.108,6.331,2.0,,22.741,27.291,271.171,-53.358
TTWO,Take-Two Interactive Software Inc.,NASDAQ,Technology,Computer Software: Prepackaged Software,37906545209.0,True,True,False,203.46,0.36,3.086,-9.831,-3.185,2506978.0,512953912.0,0.889,204.979,209.26,225.643,224.364,4.0,32.0,-4.983,-21.075,3.442,-23.494
TURB,Turbo Energy S.A. American Depositary Shares,NASDAQ,Miscellaneous,Industrial Machinery/Components,12978511.0,False,True,False,1.05,-2.778,12.934,-13.345,-1.032,2413668.08,6771969.477,0.071,1.086,1.108,1.212,1.474,4.0,60.0,-7.895,-34.375,-65.798,-83.846
TUSK,Mammoth Energy Services Inc.,NASDAQ,Energy,Oilfield Services/Equipment,134757238.0,False,True,False,2.84,1.429,4.211,-6.277,-1.49,159692.0,262093.05,0.497,2.898,2.966,3.03,2.698,2.0,65.0,-8.682,-7.492,21.368,-27.551
TVA,Texas Ventures Acquisition III Corp Class A Ordinary Share,NASDAQ,Unknown,Unknown,0.0,False,True,False,10.59,0.095,0.139,0.424,3.061,245770.0,1787475.575,0.075,10.576,10.567,10.545,10.537,3.0,51.0,0.379,0.857,2.22,-13.692
TVRD,Tvardi Therapeutics Inc.,NASDAQ,Health Care,Biotechnology: Pharmaceutical Preparations,15339784.0,False,True,False,1.14,-0.87,13.342,-35.124,-2.633,258208.0,331855.772,0.574,1.291,1.445,1.757,3.062,4.0,4.0,-38.378,-63.226,-61.745,-97.388
TVTX,Travere Therapeutics Inc.,NASDAQ,Health Care,Biotechnology: Pharmaceutical Preparations,5366283398.0,False,True,True,57.67,1.3,4.197,-7.372,-1.756,1592376.0,106636603.8,1.66,59.307,60.918,62.26,45.106,2.0,93.0,-13.33,-0.311,81.181,-16.092
TW,Tradeweb Markets Inc.,NASDAQ,Finance,Investment Bankers/Brokers/Service,23922368942.0,False,True,False,107.11,4.784,2.576,3.279,1.273,1419336.0,135498958.0,1.213,102.796,102.817,103.71,108.056,4.0,59.0,1.68,6.971,-13.079,-15.891
TWAV,TaoWeave Inc.,NASDAQ,Technology,Computer Software: Programming Data Processing,6087234.0,False,True,False,1.74,10.828,7.906,26.711,3.379,51372.0,113001.7,4.121,1.567,1.494,1.373,1.485,3.0,49.0,32.824,30.827,2.959,-45.794
TWFG,TWFG Inc.,NASDAQ,Finance,Specialty Insurers,1330214650.0,False,True,True,24.73,0.488,4.323,-9.235,-2.136,170120.0,4562429.65,0.445,24.814,25.595,27.246,23.306,3.0,50.0,-15.54,-4.958,32.886,-20.99
TWI,Titan International Inc. (DE),NYSE,Industrials,Steel/Iron Ore,451151040.0,False,False,True,6.98,-0.143,4.247,-3.088,-0.727,585302.0,4098360.95,0.593,7.007,7.097,7.202,7.969,4.0,42.0,-8.639,-4.645,-6.56,-40.342
TWIN,Twin Disc Incorporated,NASDAQ,Industrials,Industrial Machinery/Components,414431801.0,False,True,True,28.72,0.737,3.826,17.817,4.657,93744.0,2322092.3,0.952,26.86,25.939,24.377,19.616,2.0,92.0,25.91,31.523,84.184,-1.778
TWST,Twist Bioscience Corporation,NASDAQ,Health Care,Biotechnology: Biological Products (No Diagnostic Substances),12509042499.0,False,True,False,205.0,8.655,5.878,48.541,8.257,1932858.0,407309653.6,1.658,183.311,169.078,138.009,77.928,2.0,98.0,59.273,125.2,300.547,-1.395
TXG,10x Genomics Inc.,NASDAQ,Industrials,Biotechnology: Laboratory Analytical Instruments,12182224208.0,False,True,False,97.74,4.535,5.371,48.466,9.023,3029364.0,257137238.4,1.022,88.075,81.382,65.833,35.158,2.0,98.0,54.603,158.366,346.505,-0.59
TXN,Texas Instruments Incorporated,NASDAQ,Technology,Semiconductors,268312170147.0,True,True,False,294.9,0.374,2.724,8.926,3.277,6247392.0,1578809724.8,0.605,281.716,275.717,270.733,247.774,2.0,83.0,16.18,1.06,49.391,-11.262
TXRH,Texas Roadhouse Inc.,NASDAQ,Consumer Discretionary,Restaurants,10249174186.0,False,True,False,158.97,1.812,2.817,-15.65,-5.557,958354.0,214007237.6,2.251,160.483,167.369,188.465,178.283,1.0,42.0,-15.916,-14.676,-1.845,-26.222
TXT,Textron Inc.,NYSE,Industrials,Aerospace,13287709207.0,True,False,False,75.75,-1.954,2.326,-8.455,-3.635,1801340.0,153228690.0,0.913,77.222,78.459,82.746,89.515,4.0,34.0,-4.537,-17.265,-14.406,-25.37
TYG,Tortoise Energy Infrastructure Corporation,NYSE,Finance,Investment Managers,454572383.0,False,False,True,38.66,1.443,2.186,-7.702,-3.524,140912.0,6993775.312,1.009,39.204,40.283,41.886,42.669,1.0,49.0,-8.992,-7.272,-13.545,-19.241
TYL,Tyler Technologies Inc.,NYSE,Technology,Computer Software: Prepackaged Software,13219803570.0,True,False,False,328.32,1.707,3.65,-2.505,-0.686,884438.0,240258669.2,0.636,327.729,333.026,336.755,344.868,4.0,31.0,-13.434,2.137,-2.633,-37.395
TYRA,Tyra Biosciences Inc.,NASDAQ,Health Care,Biotechnology: Pharmaceutical Preparations,1404683834.0,False,True,True,20.93,2.447,7.774,-18.512,-2.381,941382.0,33649966.5,0.653,21.959,23.067,25.685,30.497,1.0,82.0,-15.809,-34.471,-46.237,-48.512
TZOO,Travelzoo,NASDAQ,Consumer Discretionary,Advertising,53154176.0,False,True,False,5.38,3.263,4.6,-17.062,-3.71,76052.0,340218.301,0.865,5.465,5.711,6.487,7.615,4.0,23.0,-12.804,-52.89,-10.483,-56.578
UA,Under Armour Inc.,NYSE,Consumer Discretionary,Apparel,1971614033.0,False,False,True,4.59,0.0,4.037,-12.163,-3.013,2689816.92,12333947.95,0.0,4.517,4.649,5.226,5.812,1.0,34.0,-10.0,-30.137,-20.451,-41.948
UAA,Under Armour Inc.,NYSE,Consumer Discretionary,Apparel,2023159498.0,False,False,True,4.7,-0.212,4.499,-12.11,-2.692,9146300.0,49709952.9,0.854,4.614,4.749,5.348,5.971,1.0,33.0,-9.441,-30.267,-20.339,-42.331
UAL,United Airlines Holdings Inc.,NASDAQ,Consumer Discretionary,Air Freight/Delivery Services,36518920188.0,True,True,False,110.0,-2.231,3.521,-4.919,-1.397,3525622.0,443823379.2,1.399,111.382,111.492,115.691,109.11,2.0,60.0,1.233,-14.27,20.919,-20.732
UAMY,United States Antimony Corporation,NYSE,Industrials,Metal Fabrications,597180842.0,False,False,True,3.95,-1.003,7.118,-22.794,-3.202,6209490.0,22663841.2,0.935,4.264,4.518,5.116,7.54,4.0,18.0,-23.152,-41.912,-52.295,-79.959
UBER,Uber Technologies Inc.,NYSE,Consumer Discretionary,Business Services,139118769841.0,True,False,False,69.48,2.011,2.656,-4.958,-1.866,18775190.0,1360056944.0,0.906,69.224,70.441,73.104,74.676,4.0,31.0,-8.531,-6.525,-3.727,-31.408
UBSI,United Bankshares Inc.,NASDAQ,Finance,Major Banks,6407439340.0,False,True,False,46.43,-1.297,1.719,-2.058,-1.197,954186.0,56176728.6,1.377,46.583,46.752,47.406,43.45,2.0,70.0,-1.648,1.443,11.833,-5.672
UCAR,U Power Limited Class A,NASDAQ,Miscellaneous,Industrial Machinery/Components,7365993.0,False,True,False,3.865,-6.867,15.169,88.254,5.818,319114.0,152885.007,0.021,4.043,3.648,2.053,5.388,4.0,98.0,698.554,239.035,615.741,-82.352
UCB,United Community Banks Inc.,NYSE,Finance,Major Banks,4112830407.0,False,False,True,33.81,-0.88,2.018,-3.319,-1.644,822760.0,31257659.7,1.204,33.964,34.248,34.971,33.367,2.0,58.0,-3.757,-3.512,6.184,-8.391
UCTT,Ultra Clean Holdings Inc.,NASDAQ,Technology,Semiconductors,3291187238.0,False,True,True,74.02,1.83,6.513,-3.517,-0.54,1091006.0,69469165.0,1.277,75.866,75.221,76.718,72.007,2.0,93.0,11.158,-18.462,16.935,-48.676
UDR,UDR Inc.,NYSE,Real Estate,Real Estate Investment Trusts,10688460666.0,True,False,False,33.84,1.713,1.764,-6.636,-3.763,3666492.0,151045786.0,0.99,33.833,34.391,36.245,36.423,1.0,41.0,-6.573,-16.993,-0.341,-18.495
UE,Urban Edge Properties Common Shares of Beneficial Interest,NYSE,Finance,Real Estate,2487015980.0,False,False,True,19.51,-0.964,1.684,-7.062,-4.193,823728.0,17360787.95,1.113,19.762,20.055,20.992,20.813,1.0,44.0,-6.847,-14.522,-2.616,-17.596
UEIC,Universal Electronics Inc.,NASDAQ,Consumer Staples,Consumer Electronics/Appliances,73058302.0,False,True,False,5.49,-3.175,4.568,13.535,2.963,75386.0,297323.399,0.597,5.348,5.177,4.836,4.113,2.0,79.0,20.925,21.853,34.949,-4.355
UFCS,United Fire Group Inc.,NASDAQ,Finance,Property-Casualty Insurers,1404031078.0,False,True,True,54.65,0.055,3.131,1.736,0.555,145330.0,8501031.9,1.24,53.953,53.956,53.717,44.457,2.0,86.0,-2.236,4.428,46.496,-3.683
UFPI,UFP Industries Inc.,NASDAQ,Basic Materials,Forest Products,4255709031.0,False,True,True,78.04,1.154,2.98,-8.113,-2.722,441000.0,37883702.0,1.034,78.681,80.172,84.931,90.377,4.0,37.0,-6.202,-8.27,-13.195,-33.051
UFPT,UFP Technologies Inc.,NASDAQ,Health Care,Medical/Dental Instruments,2329159053.0,False,True,True,307.33,2.205,2.648,4.443,1.678,147508.0,32103201.7,0.915,296.395,293.031,294.256,244.198,2.0,86.0,7.263,16.364,60.068,-9.265
UHS,Universal Health Services Inc.,NYSE,Health Care,Hospital/Nursing Management,10356324416.0,True,False,False,176.05,0.188,2.822,1.818,0.644,818408.0,141574373.2,0.709,176.229,175.71,172.906,180.182,4.0,49.0,4.042,9.3,-2.664,-28.22
UHT,Universal Health Realty Income Trust,NYSE,Real Estate,Real Estate Investment Trusts,508969808.0,False,False,True,36.92,0.819,2.532,-8.236,-3.253,117264.0,5889937.35,2.097,37.744,38.553,40.234,39.832,1.0,45.0,-8.578,-15.058,-6.549,-18.727
UIS,Unisys Corporation New,NYSE,Technology,EDP Services,166248377.0,False,False,True,2.32,1.754,4.788,-12.906,-2.696,638832.0,1474352.247,1.891,2.332,2.407,2.664,2.858,4.0,26.0,-10.425,-36.264,12.077,-53.414
ULCC,Frontier Group Holdings Inc.,NASDAQ,Consumer Discretionary,Air Freight/Delivery Services,1425035622.0,False,True,True,6.11,-1.292,4.906,-1.776,-0.362,2915322.0,14585490.8,0.641,6.032,5.989,6.22,5.362,2.0,81.0,6.446,-16.984,71.148,-27.305
ULH,Universal Logistics Holdings Inc.,NASDAQ,Industrials,Trucking Freight/Courier Services,486749680.0,False,True,True,17.63,-4.496,5.475,-2.047,-0.374,51870.0,1111133.844,2.113,17.596,17.721,17.998,17.123,2.0,69.0,-4.548,26.37,-14.195,-30.824
ULTA,Ulta Beauty Inc.,NASDAQ,Consumer Discretionary,Other Specialty Stores,23246809408.0,True,True,False,542.72,-0.178,2.773,1.272,0.459,595518.0,261862408.0,0.514,544.529,543.585,535.903,555.437,1.0,66.0,-2.583,19.6,0.013,-24.092
UMAC,Unusual Machines Inc.,AMEX,Technology,Radio And Television Broadcasting And Communications Equipment,1117527017.0,False,False,True,21.83,-2.414,8.407,-10.55,-1.255,3714526.0,60614100.2,0.583,23.113,23.501,24.405,18.716,2.0,81.0,-10.934,8.878,59.227,-37.496
UMBF,UMB Financial Corporation,NASDAQ,Finance,Major Banks,9944896928.0,False,True,False,129.8,-0.871,2.172,-8.024,-3.695,610940.0,96819407.6,1.21,132.202,134.665,141.123,129.287,2.0,54.0,-9.188,-10.786,13.602,-15.04
UMH,UMH Properties Inc.,NYSE,Real Estate,Real Estate Investment Trusts,1315792096.0,False,False,True,15.37,-0.26,1.738,-2.626,-1.511,681736.0,10388710.2,0.85,15.46,15.581,15.784,15.204,2.0,61.0,-3.636,1.124,8.042,-8.348
UNCY,Unicycive Therapeutics Inc.,NASDAQ,Health Care,Biotechnology: Pharmaceutical Preparations,117549185.0,False,True,False,4.19,-0.711,6.097,-17.399,-2.854,827738.0,4554706.35,0.823,4.549,4.741,5.073,6.295,4.0,37.0,-20.943,-22.836,-36.707,-52.059
UNF,Unifirst Corporation,NYSE,Consumer Discretionary,Other Consumer Services,4553233078.0,False,False,True,252.89,0.441,2.708,-8.871,-3.276,269952.0,102742241.4,0.91,256.108,261.681,277.507,253.533,1.0,76.0,-7.951,-7.589,-0.95,-17.427
UNFI,United Natural Foods Inc.,NYSE,Consumer Discretionary,Food Distributors,2749855860.0,False,False,True,44.53,-2.325,3.43,-4.379,-1.277,586146.0,32604904.8,1.45,45.219,45.438,46.569,44.473,2.0,60.0,2.086,-5.757,-1.851,-21.905
UNH,UnitedHealth Group Incorporated Common Stock (DE),NYSE,Health Care,Medical Specialities,333815523599.0,True,False,False,378.58,1.796,2.33,-3.233,-1.388,4556094.0,1928963840.0,1.278,374.079,377.852,391.227,352.81,2.0,59.0,-4.995,-11.042,36.155,-17.484
UNIT,Uniti Group Inc.,NASDAQ,Real Estate,Real Estate Investment Trusts,1951510085.0,False,True,True,7.95,-1.119,4.697,-17.399,-3.704,2277210.0,23249735.9,1.686,8.526,8.968,9.625,9.603,1.0,65.0,-21.829,-26.184,-22.816,-38.553
UNP,Union Pacific Corporation,NYSE,Industrials,Railroads,165319329583.0,True,False,False,277.06,-0.438,1.787,-4.219,-2.361,2583348.0,705174905.6,0.868,275.987,279.26,289.263,262.9,2.0,64.0,-4.181,-1.686,13.95,-11.913
UNTY,Unity Bancorp Inc.,NASDAQ,Finance,Major Banks,555756267.0,False,True,True,54.67,-1.211,2.358,-6.57,-2.786,56678.0,3402818.144,0.614,55.684,56.703,58.514,54.896,1.0,60.0,-7.197,-3.078,2.68,-12.274
UPB,Upstream Bio Inc.,NASDAQ,Health Care,Biotechnology: Pharmaceutical Preparations,276046047.0,False,True,True,4.85,-3.77,6.938,-22.078,-3.182,624862.0,3503558.538,1.617,5.179,5.451,6.224,11.705,4.0,13.0,-20.23,-38.295,-50.103,-85.6
UPBD,Upbound Group Inc.,NASDAQ,Consumer Discretionary,Diversified Commercial Services,927543534.0,False,True,True,15.72,-1.194,3.771,-14.785,-3.921,979294.0,16685633.2,1.682,16.082,16.74,18.447,18.633,1.0,27.0,-15.801,-23.354,-9.958,-31.948
UPC,Universe Pharmaceuticals Inc. Class A,NASDAQ,Health Care,Biotechnology: Pharmaceutical Preparations,22609755.0,False,True,False,4.34,-3.556,10.804,-10.953,-1.014,982426.0,281264.886,0.008,4.499,4.579,4.874,3.871,2.0,62.0,0.231,-31.329,48.123,-75.835
UPS,United Parcel Service Inc.,NYSE,Industrials,Trucking Freight/Courier Services,79139702758.0,True,False,False,93.14,0.129,2.19,-7.793,-3.559,4956690.0,472459190.4,0.967,94.429,96.453,101.012,102.418,1.0,54.0,-10.01,-15.483,-0.967,-20.299
UPST,Upstart Holdings Inc. Common stock,NASDAQ,Finance,Finance: Consumer Services,2219710579.0,False,True,True,24.35,6.751,4.798,-11.192,-2.333,4493114.0,113872988.8,1.381,23.859,24.815,27.419,32.14,4.0,17.0,-14.621,-26.346,-9.513,-55.904
UPWK,Upwork Inc.,NASDAQ,Technology,EDP Services,1005472088.0,False,True,True,8.36,3.851,3.666,-4.357,-1.189,3262506.0,22553217.4,0.976,8.243,8.354,8.741,11.711,4.0,21.0,-9.032,-5.75,-26.214,-63.398
UPXI,Upexi Inc.,NASDAQ,Finance,Finance: Consumer Services,103168795.0,False,True,False,1.15,-1.709,7.671,15.318,1.997,3384386.0,5181349.075,0.64,1.159,1.129,0.997,1.183,4.0,23.0,7.477,38.387,13.861,-85.161
URBN,Urban Outfitters Inc.,NASDAQ,Consumer Discretionary,Clothing/Shoe/Accessory Stores,6921342625.0,False,True,False,81.6,0.99,3.095,5.84,1.887,1107578.0,81411073.6,1.138,77.933,77.31,77.097,72.266,2.0,72.0,1.266,19.631,22.651,-4.483
URGN,UroGen Pharma Ltd.,NASDAQ,Health Care,Biotechnology: Pharmaceutical Preparations,2023655350.0,False,True,False,42.78,3.333,4.324,-2.469,-0.571,825638.0,32652489.6,1.546,41.665,42.257,43.863,30.021,2.0,94.0,-4.679,13.324,129.876,-15.804
URI,United Rentals Inc.,NYSE,Consumer Discretionary,Diversified Commercial Services,67286620309.0,True,False,False,1074.28,-0.625,3.064,1.055,0.344,463474.0,513908422.4,0.911,1041.409,1035.843,1063.067,946.56,2.0,66.0,8.091,1.905,46.416,-8.739
UROY,Uranium Royalty Corp.,NASDAQ,Finance,Investment Bankers/Brokers/Service,1497526173.0,False,True,False,4.07,2.519,5.325,-0.479,-0.09,3616374.0,20479556.95,0.773,4.107,4.18,4.09,3.775,2.0,84.0,-8.333,53.585,12.121,-26.268
USAR,USA Rare Earth Inc.,NASDAQ,Basic Materials,Metal Mining,5097290546.0,False,True,True,13.65,0.441,6.535,-18.294,-2.799,12873984.0,202613529.2,0.756,14.468,15.266,16.706,19.293,1.0,23.0,-22.838,-23.228,-10.668,-68.963
USAU,U.S. Gold Corp.,NASDAQ,Basic Materials,Metal Mining,239169754.0,False,True,True,14.28,-1.313,4.247,-5.792,-1.364,194730.0,2285432.95,0.792,14.869,15.116,15.158,16.416,4.0,38.0,-13.297,-9.448,-7.393,-39.874
USB,U.S. Bancorp,NYSE,Finance,Major Banks,89603538659.0,True,False,False,57.27,-0.417,1.904,-6.823,-3.583,7168090.0,487283971.2,0.881,58.095,59.086,61.464,56.637,2.0,63.0,-9.008,-8.083,9.097,-12.52
USCB,USCB Financial Holdings Inc.,NASDAQ,Finance,Major Banks,416599299.0,False,True,True,22.44,-0.488,2.569,-0.416,-0.162,73160.0,2196042.038,1.173,22.468,22.57,22.534,19.857,2.0,77.0,-3.109,11.545,18.582,-6.054
USDE,StablecoinX Inc.,NASDAQ,Finance,Finance: Consumer Services,384697875.0,False,True,True,14.96,5.724,11.909,111.126,9.331,5816332.0,60418409.1,0.812,14.195,12.241,7.086,,,,70.582,533.898,,-17.394
USEA,United Maritime Corporation,NASDAQ,Consumer Discretionary,Marine Transportation,25419140.0,False,True,False,2.665,0.0,4.922,-1.835,-0.373,103782.0,424535.842,0.735,2.724,2.764,2.715,2.17,2.0,86.0,-7.518,3.998,35.696,-13.876
USGO,U.S. GoldMining Inc. Common stock,NASDAQ,Basic Materials,Precious Metals,91512999.0,False,True,False,6.58,0.92,6.797,-19.025,-2.799,87052.0,699443.548,0.98,6.901,7.321,8.126,10.289,4.0,21.0,-22.588,-18.765,-45.462,-63.404
USIO,Usio Inc.,NASDAQ,Finance,Investment Bankers/Brokers/Service,83491563.0,False,True,False,2.8,-4.437,6.44,12.649,1.964,394810.0,630387.097,0.264,2.627,2.557,2.486,1.736,2.0,92.0,2.19,19.149,137.288,-8.497
USLM,United States Lime & Minerals Inc.,NASDAQ,Industrials,Mining & Quarrying of Nonmetallic Minerals (No Fuels),3184695177.0,False,True,True,110.78,-0.207,3.004,-4.206,-1.4,154888.0,17096486.3,0.693,111.77,112.974,115.644,116.654,4.0,51.0,-4.36,10.991,-15.884,-21.593
USNA,USANA Health Sciences Inc.,NYSE,Health Care, Medicinal Chemicals and Botanical Products ,273822234.0,False,False,True,14.85,0.202,3.894,-3.966,-1.018,209702.0,2772610.85,0.781,14.623,14.658,15.463,18.6,4.0,18.0,2.911,-33.646,-15.24,-46.869
USPH,U.S. Physical Therapy Inc.,NYSE,Health Care,Medical/Nursing Services,1249328277.0,False,False,True,83.96,0.287,2.808,4.769,1.698,200516.0,15592446.35,1.216,83.854,82.745,80.138,75.487,2.0,64.0,6.765,17.63,14.912,-7.885
UTHR,United Therapeutics Corporation,NASDAQ,Health Care,Biotechnology: Pharmaceutical Preparations,23233887856.0,False,True,False,536.4,-0.978,3.819,4.916,1.287,697376.0,496391174.4,1.167,519.958,511.52,511.264,525.521,2.0,62.0,9.416,-4.843,-4.154,-11.972
UTI,Universal Technical Institute Inc,NYSE,Real Estate,Other Consumer Services,1067745577.0,False,False,True,19.17,-1.084,6.535,-23.337,-3.571,1797300.0,39103393.1,0.884,19.505,20.423,25.005,32.862,4.0,23.0,-11.25,-62.559,-48.147,-62.661
UTL,UNITIL Corporation,NYSE,Utilities,Power Generation,933717709.0,False,False,True,50.65,-1.074,2.178,-4.357,-2.001,131018.0,8485602.7,1.182,51.075,51.641,52.957,51.29,1.0,58.0,-5.697,-3.303,-3.071,-10.767
UTZ,Utz Brands Inc Class A Common Stock ,NYSE,Consumer Staples,Packaged Foods,2054340780.0,False,False,True,14.28,0.07,0.355,0.985,2.775,2174724.0,21835317.5,0.716,14.249,14.191,14.141,9.88,2.0,92.0,0.868,75.778,88.56,-0.07
UVE,UNIVERSAL INSURANCE HOLDINGS INC,NYSE,Finance,Property-Casualty Insurers,1223144102.0,False,False,True,43.66,-0.66,2.242,0.422,0.188,186172.0,6727084.412,0.619,43.13,43.216,43.476,37.321,2.0,83.0,-2.479,3.837,30.466,-3.279
UVSP,Univest Financial Corporation,NASDAQ,Finance,Major Banks,1153151910.0,False,True,True,41.65,-0.383,1.732,-1.939,-1.119,241470.0,10748882.225,0.72,41.65,41.853,42.474,38.222,2.0,74.0,-0.951,-4.178,19.068,-7.909
UVV,Universal Corporation,NYSE,Industrials,Farming/Seeds/Milling,1050748645.0,False,False,True,42.13,-0.166,2.295,-8.832,-3.849,330552.0,15534956.9,1.076,42.435,43.331,46.211,50.593,4.0,31.0,-8.393,-17.115,-17.446,-26.747
UWMC,UWM Holdings Corporation,NYSE,Finance,Finance: Consumer Services,2024771466.0,False,False,True,1.29,2.381,7.33,-10.936,-1.492,16844480.0,15261852.8,0.82,1.249,1.286,1.448,2.983,4.0,9.0,-11.644,-37.379,-64.022,-77.451
UXIN,Uxin Limited ADS,NASDAQ,Consumer Discretionary,Business Services,280474833.0,False,True,False,1.265,-0.784,8.646,4.84,0.56,525980.0,1281918.175,0.697,1.26,1.226,1.207,2.449,4.0,14.0,12.946,-23.795,-58.251,-69.737
UZX,Linkage Global Inc. Class A,NASDAQ,Consumer Discretionary,Catalog/Specialty Distribution,4203625.0,False,True,False,1.225,-2.778,22.5,-58.338,-2.593,470845.18,1742944.959,0.049,1.467,1.791,2.94,19.474,4.0,3.0,-55.983,-81.18,-96.339,-98.282
V,Visa Inc.,NYSE,Consumer Discretionary,Business Services,644411139449.0,True,False,False,369.71,2.509,1.655,0.248,0.15,6585522.0,2249021971.2,0.687,365.162,366.842,368.797,336.644,2.0,61.0,-2.387,5.167,22.363,-4.113
VAC,Marriott Vacations Worldwide Corporation,NYSE,Finance,Real Estate,3583992344.0,False,False,True,101.93,-2.179,3.765,-3.887,-1.032,491082.0,41432368.8,0.707,102.84,103.169,106.052,80.497,2.0,82.0,3.561,3.415,52.78,-21.774
VAI,Valor Energy Incorporated,NASDAQ,Consumer Discretionary,Rental/Leasing Companies,32608775.0,False,True,False,2.2,-1.786,8.025,22.195,2.766,797072.0,83436.0,0.069,2.143,2.077,1.8,1.401,2.0,89.0,6.28,54.93,76.0,-8.333
VALN,Valneva SE American Depositary Shares,NASDAQ,Health Care,Biotechnology: Biological Products (No Diagnostic Substances),544643453.0,False,True,False,5.815,1.307,4.159,-6.198,-1.49,90510.0,176722.899,0.767,6.109,6.266,6.199,7.142,4.0,27.0,-17.635,10.551,-2.433,-52.258
VANI,Vivani Medical Inc. Common Stock (DE),NASDAQ,Health Care,Biotechnology: Electromedical & Electrotherapeutic Apparatus,110950128.0,False,True,False,1.22,-0.813,4.425,-7.862,-1.777,193704.0,255553.927,0.491,1.235,1.258,1.324,1.27,4.0,35.0,-12.23,-9.63,9.91,-36.458
VBIO,Valion Bio Inc.,NASDAQ,Health Care,Biotechnology: Electromedical & Electrotherapeutic Apparatus,3329769.0,False,True,False,2.48,-4.247,32.157,-39.424,-1.226,1848825.92,10033135.249,0.168,2.644,2.815,4.094,18.66,4.0,3.0,-11.429,-80.663,-89.773,-96.851
VBNK,VersaBank Common Shares,NASDAQ,Finance,Commercial Banks,726187370.0,False,True,False,22.36,-0.179,3.381,7.203,2.13,127926.0,3326427.812,1.03,22.472,22.241,20.858,18.04,2.0,87.0,8.596,2.984,53.337,-10.665
VC,Visteon Corporation,NASDAQ,Consumer Discretionary,Auto Parts:O.E.M.,2369753232.0,False,True,True,89.27,0.563,3.254,-10.726,-3.296,469114.0,51267049.4,1.063,89.901,92.829,99.996,100.896,4.0,30.0,-12.711,-15.288,-1.03,-29.421
VCEL,Vericel Corporation,NASDAQ,Health Care,Biotechnology: Biological Products (No Diagnostic Substances),2055945552.0,False,True,True,41.07,2.291,3.104,-2.35,-0.757,496282.0,20941558.4,1.307,40.117,40.219,42.058,38.302,2.0,66.0,1.483,-12.524,20.511,-16.727
VCTR,Victory Capital Holdings Inc.,NASDAQ,Finance,Investment Managers,6964728838.0,False,True,False,115.28,1.81,3.332,4.784,1.436,660370.0,83896204.6,1.081,110.937,110.202,110.016,84.248,2.0,91.0,2.06,29.412,85.402,-6.275
VCV,Invesco California Value Municipal Income Trust,NYSE,Finance,Trusts Except Educational Religious and Charitable,429578009.0,False,False,True,8.84,-1.449,1.765,-11.953,-6.773,166400.0,2634505.897,1.893,9.116,9.396,10.04,10.347,4.0,36.0,-13.441,-16.687,-11.12,-18.771
VCYT,Veracyte Inc.,NASDAQ,Health Care,Medical Specialities,3682699387.0,False,True,True,47.67,4.06,5.111,6.486,1.269,1420754.0,65473232.4,0.907,45.28,44.48,44.766,42.533,3.0,75.0,6.716,-15.118,47.494,-21.737
VECO,Veeco Instruments Inc.,NASDAQ,Technology,Industrial Machinery/Components,3507618743.0,False,True,True,56.31,-1.865,5.037,17.93,3.56,726876.0,33947845.85,0.905,51.395,48.95,47.749,45.539,2.0,86.0,32.338,5.548,60.199,-34.999
VEEA,Veea Inc.,NASDAQ,Technology,EDP Services,10358658.0,False,True,False,5.72,71.772,17.924,95.864,5.348,7133594.58,104325260.648,9.339,3.599,3.349,2.92,8.292,4.0,42.0,226.857,38.164,-52.413,-69.379
VEEE,Twin Vee PowerCats Co.,NASDAQ,Industrials,Marine Transportation,6351569.0,False,True,False,10.795,-0.69,16.444,-3.077,-0.187,776016.0,26867828.975,0.021,11.896,11.701,11.138,20.926,4.0,69.0,15.951,91.741,25.217,-91.543
VEEV,Veeva Systems Inc.,NYSE,Technology,Computer Software: Prepackaged Software,44254545971.0,True,False,False,283.45,3.702,3.266,12.178,3.729,1763258.0,408328286.4,0.751,277.039,271.833,252.678,201.546,2.0,82.0,-0.327,47.4,62.305,-8.712
VEL,Velocity Financial Inc.,NYSE,Finance,Finance: Consumer Services,576034458.0,False,False,True,14.63,0.274,3.557,-15.368,-4.32,146440.0,3352916.688,1.097,15.21,15.906,17.287,18.202,4.0,31.0,-20.489,-17.763,-20.79,-31.62
VELO,Velo3D Inc. Common stock,NASDAQ,Technology,Industrial Machinery/Components,360070122.0,False,True,True,9.57,-14.554,9.706,-19.23,-1.981,1293436.0,13554650.55,5.825,10.681,10.965,11.848,14.234,1.0,97.0,-17.358,-29.529,-5.388,-69.858
VEON,VEON Ltd. ADS,NASDAQ,Telecommunications,Telecommunications Equipment,5208660790.0,False,True,False,76.95,1.732,3.683,22.592,6.134,134430.0,14355501.2,1.664,73.255,70.547,62.769,54.98,2.0,90.0,16.151,47.697,58.693,-2.385
VERA,Vera Therapeutics Inc.,NASDAQ,Health Care,Biotechnology: Pharmaceutical Preparations,2192166651.0,False,True,True,29.83,-1.94,6.287,-9.522,-1.515,2234484.0,84345822.4,1.215,31.862,32.682,32.969,38.929,4.0,48.0,-14.747,-30.563,-26.246,-46.78
VERU,Veru Inc.,NASDAQ,Health Care,Biotechnology: Pharmaceutical Preparations,42796303.0,False,True,False,2.55,1.594,4.327,1.038,0.24,219462.0,481845.502,0.404,2.532,2.526,2.524,2.494,3.0,30.0,-3.774,-11.458,6.25,-65.211
VERX,Vertex Inc.,NASDAQ,Technology,Computer Software: Prepackaged Software,1948237940.0,False,True,True,12.28,2.248,4.631,-3.228,-0.697,1942628.0,17638027.15,0.823,11.943,12.15,12.69,13.864,4.0,22.0,-10.885,-8.358,1.488,-53.73
VFF,Village Farms International Inc. Common Shares,NASDAQ,Consumer Staples,Farming/Seeds/Milling,347293083.0,False,True,False,2.72,-4.225,4.624,2.56,0.554,930470.0,2280615.275,1.026,2.912,2.898,2.652,2.788,4.0,80.0,-6.045,38.071,0.0,-45.491
VFS,VinFast Auto Ltd.,NASDAQ,Industrials,Auto Manufacturing,7112189470.0,False,True,False,3.08,1.316,3.436,-1.767,-0.514,370612.0,1264728.528,1.149,3.118,3.134,3.135,3.38,4.0,53.0,0.0,-0.965,-29.195,-41.722
VGAS,Verde Clean Fuels Inc.,NASDAQ,Industrials,Major Chemicals,48559087.0,False,True,False,1.09,0.0,9.272,-13.334,-1.438,207956.0,20938.65,0.149,1.137,1.191,1.258,1.557,4.0,18.0,-17.424,4.808,-27.815,-67.588
VGM,Invesco Trust for Investment Grade Municipals Common Stock (DE),NYSE,Finance,Trusts Except Educational Religious and Charitable,482664515.0,False,False,True,8.68,-2.472,2.397,-11.834,-4.936,216206.0,3353814.575,1.472,8.958,9.253,9.845,9.915,4.0,37.0,-13.231,-16.78,-9.842,-17.368
VGZ,Vista Gold Corp,AMEX,Basic Materials,Precious Metals,389743494.0,False,False,True,2.61,-2.247,4.93,14.333,2.907,1617064.0,6356332.85,2.554,2.632,2.536,2.283,2.217,2.0,86.0,12.017,41.848,27.941,-16.613
VHC,VirnetX Holding Corp,NASDAQ,Miscellaneous,Multi-Sector Companies,43974174.0,False,True,False,11.32,8.015,9.684,-9.877,-1.02,70774.0,924782.844,0.201,10.843,11.27,12.561,14.766,4.0,30.0,-1.049,-3.823,-22.625,-60.966
VIA,Via Transportation Inc.,NYSE,Technology,Computer Software: Prepackaged Software,2390559629.0,False,False,True,30.89,5.319,4.485,18.137,4.044,804470.0,26661551.1,0.913,29.504,28.62,26.148,20.591,3.0,85.0,12.001,69.26,93.546,-44.04
VIAV,Viavi Solutions Inc.,NASDAQ,Technology,Semiconductors,11621916899.0,False,True,False,46.91,-0.403,5.394,22.012,4.081,5266808.0,239040356.8,0.912,42.394,40.268,38.447,36.934,2.0,96.0,39.489,16.634,30.778,-22.373
VICI,VICI Properties Inc.,NYSE,Real Estate,Real Estate Investment Trusts,24939406779.0,True,False,False,22.53,-0.53,1.722,-9.672,-5.616,10123842.0,252368732.0,0.882,23.126,23.656,24.942,26.489,4.0,28.0,-10.485,-14.23,-15.595,-26.952
VICR,Vicor Corporation,NASDAQ,Technology,Industrial Machinery/Components,14242369515.0,False,True,False,305.61,-1.065,5.947,37.974,6.385,865168.0,238900037.6,0.956,283.835,259.221,221.499,217.495,2.0,97.0,70.961,18.757,96.269,-20.133
VIOT,Viomi Technology Co. Ltd American Depositary Shares,NASDAQ,Consumer Discretionary,Consumer Electronics/Appliances,105021899.0,False,True,False,1.51,-3.205,14.618,43.155,2.952,1758682.0,1698386.289,0.087,1.524,1.402,1.055,1.123,3.0,85.0,11.029,86.42,46.602,-55.449
VIP,Vulcan Infrastructure and Power Inc.,NASDAQ,Finance,Finance: Consumer Services,58187343.0,False,True,False,1.52,0.0,7.192,-17.544,-2.439,187958.0,240594.0,0.868,1.625,1.702,1.843,1.551,1.0,38.0,-18.28,-22.051,38.182,-54.762
VIR,Vir Biotechnology Inc.,NASDAQ,Health Care,Biotechnology: Biological Products (No Diagnostic Substances),1890142251.0,False,True,True,11.78,5.461,5.147,15.516,3.014,1893130.0,23581376.35,1.662,11.114,10.929,10.198,9.049,2.0,91.0,2.882,14.927,30.022,-1.34
VISN,Vistance Networks Inc.,NASDAQ,Technology,Radio And Television Broadcasting And Communications Equipment,1432190019.0,False,True,True,6.2,-0.161,3.485,-3.705,-1.063,8735418.0,47002797.7,0.504,6.21,6.29,6.439,5.997,2.0,71.0,-2.669,-9.895,18.868,-17.733
VITL,Vital Farms Inc.,NASDAQ,Consumer Staples,Packaged Foods,388959589.0,False,True,True,9.25,2.097,6.381,-15.459,-2.423,1614128.0,20011990.2,1.101,9.626,10.017,10.941,16.133,4.0,10.0,-8.416,-29.658,-29.443,-79.515
VIVK,Vivakor Inc.,NASDAQ,Utilities,Environmental Services,2780796.0,False,True,False,4.84,4.22,42.671,-68.255,-1.6,471771.48,670051.337,0.32,6.769,9.074,15.246,469.272,4.0,2.0,-65.634,-94.878,-99.424,-99.986
VIVO,VivoPower PLC Class A,NASDAQ,Utilities,Power Generation,107498345.0,False,True,False,3.36,0.0,8.583,-15.175,-1.768,466428.0,1482967.35,0.481,3.608,3.756,3.961,3.45,1.0,45.0,-14.286,-24.664,57.746,-51.02
VKI,Invesco Advantage Municipal Income Trust II Common Shares of Beneficial Interest (DE),AMEX,Finance,Finance Companies,340594173.0,False,False,True,7.57,-1.304,2.354,-11.479,-4.876,134460.0,2044893.678,3.694,7.777,8.04,8.552,8.694,1.0,36.0,-12.915,-18.642,-10.2,-19.633
VKQ,Invesco Municipal Trust,NYSE,Finance,Trusts Except Educational Religious and Charitable,475885429.0,False,False,True,8.4,-2.326,2.296,-10.511,-4.578,230510.0,3100925.256,1.788,8.65,8.888,9.387,9.4,1.0,39.0,-11.54,-14.609,-8.847,-15.285
VKTX,Viking Therapeutics Inc.,NASDAQ,Health Care,Biotechnology: Pharmaceutical Preparations,3763118211.0,False,True,True,29.28,-2.204,8.578,-11.902,-1.387,4371912.0,300179592.0,1.432,31.988,32.637,33.236,33.134,4.0,42.0,-13.832,-30.501,-13.705,-32.144
VLGEA,Village Super Market Inc.,NASDAQ,Consumer Staples,Food Chains,681236586.0,False,True,True,45.46,-1.174,2.47,4.187,1.695,53066.0,2063429.831,0.658,45.239,44.704,43.633,41.006,2.0,73.0,4.771,8.63,6.512,-4.623
VLO,Valero Energy Corporation,NYSE,Energy,Integrated oil Companies,116984927404.0,True,False,False,419.33,3.207,3.811,17.352,4.553,3088534.0,1555809891.2,0.827,398.657,389.534,357.327,260.176,2.0,95.0,13.121,58.121,72.225,-0.628
VLTO,Veralto Corp Common Stock ,NYSE,Industrials,Electrical Products,23082353810.0,True,False,False,96.57,1.996,1.826,0.043,0.023,1666216.0,171163264.4,1.362,95.562,95.713,96.529,92.705,3.0,48.0,-1.205,3.867,9.143,-9.997
VLY,Valley National Bancorp,NASDAQ,Finance,Major Banks,7084398997.0,False,True,False,12.76,-0.468,2.33,-7.846,-3.367,6835954.0,101398309.6,0.861,12.902,13.166,13.846,13.144,1.0,60.0,-7.466,-13.502,3.1,-15.38
VMAR,Vision Marine Technologies Inc. Common Shares,NASDAQ,Industrials,Marine Transportation,4179494.0,False,True,False,5.95,-7.031,14.7,-18.369,-1.25,241022.6,328578.25,0.115,7.009,7.325,7.289,192.832,4.0,1.0,-30.491,-57.801,-97.112,-99.912
VMC,Vulcan Materials Company (Holding Company),NYSE,Industrials,Mining & Quarrying of Nonmetallic Minerals (No Fuels),31495408301.0,True,False,False,245.57,1.033,2.74,-7.107,-2.594,1124950.0,313242337.6,0.903,245.06,248.859,264.357,282.935,4.0,31.0,-5.633,-17.964,-12.468,-25.403
VMD,Viemed Healthcare Inc. Common Shares,NASDAQ,Health Care,Misc Health and Biotechnology Services,347745522.0,False,True,True,9.24,1.205,2.677,-1.544,-0.577,370914.0,2468246.288,0.587,9.071,9.048,9.385,9.345,1.0,63.0,2.553,-23.447,-5.328,-26.725
VMET,Versamet Royalties Corporation,NASDAQ,Industrials,Precious Metals,926139105.0,False,True,False,8.53,0.235,4.849,-11.977,-2.47,321988.0,2499358.581,0.737,8.894,9.212,9.691,,,,-16.943,-14.443,-19.68,-43.133
VMO,Invesco Municipal Opportunity Trust,NYSE,Finance,Trusts Except Educational Religious and Charitable,573920229.0,False,False,True,8.33,-2.115,1.944,-10.715,-5.513,284482.0,4039955.816,1.54,8.574,8.825,9.33,9.364,1.0,39.0,-11.256,-13.763,-9.021,-15.032
VMRK,Vivmark Residential Common Shares of Beneficial Interest,NYSE,Real Estate,Real Estate Investment Trusts,47084625000.0,True,False,False,60.09,1.697,2.065,-6.1,-2.954,5429542.0,397359668.0,1.229,60.425,61.497,63.994,62.603,1.0,44.0,-6.396,-13.322,2.292,-14.958
VNCE,Vince Holding Corp.,NASDAQ,Consumer Discretionary,Clothing/Shoe/Accessory Stores,135919865.0,False,True,False,11.44,8.952,9.391,51.926,5.529,296782.0,5517223.531,1.118,10.379,9.542,7.53,4.897,2.0,98.0,82.166,81.013,393.103,-11.932
VNDA,Vanda Pharmaceuticals Inc.,NASDAQ,Health Care,Biotechnology: Pharmaceutical Preparations,279942241.0,False,True,True,4.58,-1.08,4.245,-11.388,-2.683,983202.0,5375582.2,0.737,4.88,5.007,5.169,6.522,4.0,38.0,-14.232,-28.326,-34.29,-53.924
VNET,VNET Group Inc. American Depositary Shares,NASDAQ,Technology,Computer Software: Programming Data Processing,1461170000.0,False,True,False,5.45,6.238,7.424,-17.87,-2.407,4688438.0,27204181.45,1.293,5.851,6.136,6.636,8.801,4.0,16.0,-11.382,-29.313,-32.716,-62.362
VNOM,Viper Energy Inc.,NASDAQ,Energy,Oil & Gas Production,14597680452.0,False,True,False,40.87,0.566,2.489,-4.639,-1.864,1731154.0,87354914.2,1.271,41.025,41.826,42.858,42.751,1.0,62.0,-8.955,-0.219,-9.045,-17.62
VNT,Vontier Corporation Common Stock ,NYSE,Industrials,Industrial Machinery/Components,4280432000.0,False,False,True,31.89,0.726,2.512,-1.772,-0.705,1452860.0,42905342.1,1.051,31.586,31.721,32.465,34.12,4.0,44.0,-3.422,12.02,-9.894,-33.688
VOD,Vodafone Group Plc American Depositary Shares,NASDAQ,Telecommunications,Telecommunications Equipment,38926460654.0,False,True,False,16.79,-0.178,1.854,2.383,1.285,3657668.0,56837579.2,0.659,16.634,16.654,16.399,14.985,2.0,87.0,1.267,28.659,12.971,-5.195
VOR,Vor Biopharma Inc.,NASDAQ,Health Care,Biotechnology: Biological Products (No Diagnostic Substances),1105743275.0,False,True,True,18.58,-0.589,6.917,-15.375,-2.223,997114.0,28183620.15,0.65,19.176,20.203,21.956,16.776,2.0,39.0,-23.35,-7.562,14.198,-52.95
VOXR,Vox Royalty Corp.,NASDAQ,Basic Materials,Precious Metals,349561279.0,False,True,False,5.03,0.0,4.146,-4.723,-1.139,442716.0,2365562.594,0.814,5.194,5.321,5.279,5.257,1.0,74.0,-13.17,12.357,-3.605,-24.467
VOYG,Voyager Technologies Inc.,NYSE,Industrials,Military/Government/Technical,1916662755.0,False,False,True,30.2,-2.36,7.91,-12.338,-1.56,1959850.0,86264380.8,0.587,31.585,32.717,34.45,31.919,1.0,45.0,-7.589,-5.299,8.633,-42.366
VPG,Vishay Precision Group Inc.,NYSE,Technology,Electrical Products,1053246400.0,False,False,True,78.06,-1.277,5.133,10.744,2.093,511574.0,22272896.05,0.583,72.959,70.366,70.487,71.619,2.0,92.0,24.379,-28.022,69.254,-48.57
VRA,Vera Bradley Inc.,NASDAQ,Consumer Discretionary,Apparel,146599073.0,False,True,False,5.02,-1.761,5.677,38.506,6.783,469872.0,4313142.406,0.879,4.552,4.209,3.624,3.359,2.0,93.0,53.049,30.729,43.02,-3.276
VRAX,Virax Biolabs Group Limited,NASDAQ,Health Care,Biotechnology: In Vitro & In Vivo Diagnostic Substances,2958974.0,False,True,False,2.4,9.091,12.138,-11.448,-0.943,425806.0,419685.275,6.699,2.341,2.45,2.71,4.638,4.0,8.0,-6.25,-21.053,-37.255,-88.966
VRCA,Verrica Pharmaceuticals Inc.,NASDAQ,Health Care,Biotechnology: Pharmaceutical Preparations,75243083.0,False,True,False,4.31,-1.598,7.939,-12.943,-1.63,72588.0,239036.275,0.473,4.51,4.64,4.951,6.028,4.0,50.0,-19.59,-28.995,-27.926,-56.114
VRDN,Viridian Therapeutics Inc.,NASDAQ,Health Care,Biotechnology: Pharmaceutical Preparations,2197870019.0,False,True,True,19.0,-2.062,4.805,-13.457,-2.801,1677108.0,40557214.7,1.581,20.162,20.92,21.955,22.761,4.0,66.0,-17.247,-7.181,36.691,-44.59
VREX,Varex Imaging Corporation,NASDAQ,Technology,Industrial Machinery/Components,777166000.0,False,True,True,18.45,-0.054,0.495,7.779,15.722,958858.0,11709020.812,0.311,18.463,18.342,17.118,13.031,2.0,93.0,-0.378,73.239,74.716,-0.966
VRNS,Varonis Systems Inc.,NASDAQ,Technology,Computer Software: Prepackaged Software,5463913271.0,False,True,False,48.15,1.219,3.76,7.722,2.054,1789354.0,79954739.4,0.604,47.51,46.928,44.698,34.079,2.0,71.0,3.526,5.039,103.336,-24.648
VRRM,Verra Mobility Corporation,NASDAQ,Consumer Discretionary,Transportation Services,427071679.0,False,True,True,2.87,2.135,6.566,-30.893,-4.705,6018110.0,26824261.1,1.27,3.097,3.364,4.153,11.373,4.0,7.0,-31.667,-31.991,-80.476,-88.723
VRSK,Verisk Analytics Inc.,NASDAQ,Technology,EDP Services,21329967247.0,True,True,False,163.28,-0.366,3.203,-10.781,-3.366,1383266.0,224631731.2,0.779,168.146,172.433,183.01,188.813,4.0,25.0,-14.104,-14.841,-11.123,-34.084
VRSN,VeriSign Inc.,NASDAQ,Technology,EDP Services,26035296000.0,True,True,False,292.26,1.367,2.522,1.043,0.414,771674.0,230958695.2,1.472,289.106,290.127,289.243,264.963,2.0,64.0,-0.372,9.873,7.063,-6.196
VRT,Vertiv Holdings LLC,NYSE,Technology,Industrial Machinery/Components,97086317467.0,True,False,False,253.62,0.571,4.585,-2.449,-0.534,5527514.0,1340103673.6,0.785,249.141,251.399,259.988,264.969,1.0,76.0,-5.635,-16.983,-1.931,-33.216
VRTS,Virtus Investment Partners Inc.,NYSE,Finance,Investment Managers,886182149.0,False,False,True,134.47,0.493,3.628,-12.423,-3.424,135846.0,19971605.55,1.028,133.137,137.43,153.545,145.871,4.0,32.0,-14.995,-11.97,8.085,-26.702
VRTX,Vertex Pharmaceuticals Incorporated,NASDAQ,Health Care,Biotechnology: Pharmaceutical Preparations,127929332171.0,True,True,False,503.5,-0.244,2.353,-2.935,-1.248,1138370.0,524040105.6,0.804,514.4,518.264,518.727,473.861,2.0,65.0,-9.761,-3.59,15.934,-10.129
VRXA,Veraxa Biotech AG,NASDAQ,Health Care,Biotechnology: Pharmaceutical Preparations,159790829.0,False,True,False,1.13,0.0,11.649,-30.743,-2.639,239352.0,161917.85,0.64,1.278,1.39,1.632,7.871,4.0,7.0,-26.144,-62.706,-91.109,-95.87
VSA,VisionSys AI Inc. American Depositary Shares,NASDAQ,Real Estate,Other Consumer Services,6172389.0,False,True,False,2.03,-8.145,24.162,-32.797,-1.357,444300.0,3118680.75,0.078,2.355,2.566,3.021,9.503,4.0,2.0,-37.73,-47.066,-72.53,-99.882
VSAT,ViaSat Inc.,NASDAQ,Consumer Discretionary,Telecommunications Equipment,9918418320.0,False,True,False,69.79,-3.069,5.501,-7.019,-1.276,1809234.0,124036327.2,1.244,71.491,72.295,75.059,61.03,2.0,89.0,-2.691,-9.033,33.954,-24.981
VSEC,VSE Corporation,NASDAQ,Consumer Discretionary,Military/Government/Technical,4694708516.0,False,True,True,168.13,0.508,5.315,-16.612,-3.126,386874.0,74178790.8,0.999,171.992,180.095,201.624,198.463,1.0,40.0,-17.006,-23.907,-11.795,-32.165
VSNT,Versant Media Group Inc. Class A Common Stock ,NASDAQ,Industrials,Broadcasting,4294233855.0,False,True,True,31.02,0.259,3.614,-15.007,-4.152,1722334.0,62079089.0,1.266,32.166,33.724,36.497,36.538,,,-23.38,-16.043,-16.147,-45.684
VST,Vistra Corp.,NYSE,Utilities,Electric Utilities: Central,46995640004.0,True,False,False,144.89,3.478,3.504,1.492,0.426,4802292.0,783382489.6,2.248,140.735,141.17,142.759,154.317,4.0,31.0,0.629,-6.808,-4.129,-32.873
VSTM,Verastem Inc.,NASDAQ,Health Care,Biotechnology: Pharmaceutical Preparations,697338496.0,False,True,True,8.0,3.896,5.823,10.988,1.887,2156766.0,18553076.25,1.028,7.867,7.751,7.208,6.035,3.0,87.0,0.251,64.948,45.985,-26.063
VSTS,Vestis Corporation,NYSE,Consumer Discretionary,Consumer Specialties,1854206273.0,False,False,True,14.01,-0.143,3.977,3.338,0.839,1438980.0,23092332.9,0.861,13.754,13.628,13.557,10.701,2.0,93.0,11.722,-0.709,79.615,-17.101
VTIX,Virtuix Holdings Inc.,NASDAQ,Technology,Computer peripheral equipment,40765619.0,False,True,False,1.23,2.5,8.621,-10.904,-1.265,762828.0,301845.059,0.185,1.194,1.211,1.381,,,,-6.107,-58.02,-79.082,-98.674
VTOL,Bristow Group Inc.,NYSE,Consumer Discretionary,Transportation Services,1193386920.0,False,False,True,40.43,0.422,2.955,-8.218,-2.781,258552.0,12426984.15,0.98,41.199,41.977,44.05,43.639,1.0,59.0,-7.483,-5.194,-15.172,-19.297
VTR,Ventas Inc.,NYSE,Real Estate,Real Estate Investment Trusts,43092623620.0,True,False,False,81.36,-3.154,2.161,-9.42,-4.359,3481232.0,344756382.4,2.174,84.86,86.41,89.821,84.906,1.0,58.0,-11.139,-12.991,-0.748,-19.439
VTRS,Viatris Inc.,NASDAQ,Health Care,Biotechnology: Pharmaceutical Preparations,20215199206.0,True,True,False,17.62,0.114,2.559,4.234,1.655,9371700.0,156395727.6,0.678,17.56,17.326,16.904,15.168,2.0,85.0,4.014,4.671,33.352,-4.395
VTS,Vitesse Energy Inc.,NYSE,Energy,Oil & Gas Production,710299828.0,False,False,True,17.05,1.067,2.789,2.892,1.037,510150.0,9717788.0,0.759,16.942,17.012,16.571,17.329,4.0,46.0,0.306,10.878,-1.479,-20.948
VTVT,vTv Therapeutics Inc.,NASDAQ,Health Care,Biotechnology: Pharmaceutical Preparations,120871579.0,False,True,False,30.33,-0.785,4.488,-5.439,-1.212,67408.0,1225239.65,0.221,30.808,31.169,32.075,34.501,1.0,73.0,-9.382,-11.108,-23.293,-31.068
VUZI,Vuzix Corporation,NASDAQ,Technology,Radio And Television Broadcasting And Communications Equipment,251554405.0,False,True,True,2.98,0.0,6.47,11.585,1.791,941292.0,2552043.05,1.009,2.861,2.791,2.671,2.852,2.0,57.0,22.131,20.648,19.2,-46.975
VVV,Valvoline Inc.,NYSE,Industrials,Major Chemicals,3901592662.0,False,False,True,30.34,-0.785,3.421,-6.623,-1.936,2472362.0,91548223.0,1.316,29.711,29.869,32.492,34.247,4.0,33.0,-4.26,-21.905,-10.077,-26.144
VVX,V2X Inc.,NYSE,Consumer Discretionary,Diversified Commercial Services,2218937893.0,False,False,True,70.87,0.113,3.904,-9.341,-2.392,734038.0,54505779.8,0.548,72.525,73.855,78.172,72.493,1.0,63.0,-6.848,-6.083,0.397,-24.59
VWAV,VisionWave Holdings Inc.,NASDAQ,Technology,Computer Software: Prepackaged Software,10634494.0,False,True,False,4.35,-2.902,46.586,-75.234,-1.615,649281.1,3182857.75,0.191,4.906,7.305,17.564,109.8,4.0,4.0,-64.344,-94.858,-95.904,-98.623
VYGR,Voyager Therapeutics Inc.,NASDAQ,Health Care,Biotechnology: Biological Products (No Diagnostic Substances),150963973.0,False,True,False,2.46,0.408,6.268,-21.651,-3.454,504230.0,1755255.1,2.76,2.694,2.87,3.14,3.649,4.0,16.0,-27.219,-34.921,-38.035,-55.676
VYX,NCR Voyix Corporation,NYSE,Miscellaneous,Office Equipment/Supplies/Services,925068317.0,False,False,True,6.84,2.09,6.296,-14.21,-2.257,2682654.0,23138515.95,0.928,6.954,7.267,7.973,8.078,4.0,23.0,-23.661,-19.718,9.091,-47.465
VZ,Verizon Communications Inc.,NYSE,Telecommunications,Telecommunications Equipment,190787277276.0,True,False,False,45.85,-0.152,1.926,-5.087,-2.641,21427762.0,1049625782.4,1.051,46.583,47.404,48.307,45.594,2.0,68.0,-9.369,9.49,-3.697,-11.264
WAB,Westinghouse Air Brake Technologies Corporation,NYSE,Industrials,Railroads,48568626097.0,True,False,False,291.86,1.502,2.079,0.546,0.263,868418.0,229110833.6,1.155,288.472,287.436,290.275,261.446,2.0,81.0,3.928,12.721,15.15,-4.722
WABC,Westamerica Bancorporation,NASDAQ,Finance,Major Banks,1377424719.0,False,True,True,59.06,-0.906,1.989,-0.258,-0.13,182956.0,16216915.95,0.944,59.247,59.265,59.213,54.379,2.0,68.0,-0.034,1.302,14.656,-6.406
WAFD,WaFd Inc.,NASDAQ,Finance,Major Banks,2279053330.0,False,True,True,30.17,-2.045,2.602,-13.241,-5.088,920002.0,51981454.0,1.323,30.854,31.925,34.774,33.909,1.0,44.0,-16.148,-19.272,-4.439,-23.034
WAFU,Wah Fu Education Group Limited,NASDAQ,Real Estate,Other Consumer Services,6395311.0,False,True,False,1.47,1.379,7.398,2.316,0.313,1930816.0,2961344.95,0.01,1.455,1.443,1.437,1.589,4.0,31.0,7.299,-6.369,-7.837,-51.961
WASH,Washington Trust Bancorp Inc.,NASDAQ,Finance,Major Banks,733598386.0,False,True,True,38.12,-0.884,2.062,-1.557,-0.755,130750.0,4640410.788,0.782,38.096,38.307,38.723,33.809,2.0,78.0,-2.666,7.953,15.028,-4.563
WAT,Waters Corporation,NYSE,Industrials,Biotechnology: Laboratory Analytical Instruments,41776079278.0,True,False,False,440.12,3.507,2.745,6.957,2.534,757120.0,314354764.0,1.331,431.509,425.938,411.492,363.853,2.0,81.0,6.422,17.387,44.733,-1.805
WATR,Air Water Ventures Limited,NASDAQ,Consumer Staples,Beverages (Production/Distribution),60114963.0,False,True,False,1.9,0.0,15.506,-42.11,-2.716,130356.0,167036.95,0.046,1.807,1.989,3.282,8.505,4.0,8.0,-3.553,-81.643,-81.391,-83.478
WATT,Energous Corporation,NASDAQ,Technology,Radio And Television Broadcasting And Communications Equipment,73731127.0,False,True,False,12.81,-3.973,6.891,-3.586,-0.52,175816.0,1858747.6,0.571,12.889,12.676,13.286,15.871,1.0,95.0,20.282,-30.794,-20.632,-65.36
WAY,Waystar Holding Corp.,NASDAQ,Technology,EDP Services,4757278201.0,False,True,True,26.48,6.731,4.405,7.197,1.634,2474238.0,55302405.2,1.428,25.42,25.27,24.702,24.344,3.0,39.0,1.534,11.214,12.061,-34.374
WB,Weibo Corporation American Depositary Share,NASDAQ,Technology,Computer Software: Programming Data Processing,1555107381.0,False,True,False,6.48,2.37,1.883,-8.932,-4.744,1072480.0,6499427.425,0.793,6.47,6.587,7.116,8.265,4.0,20.0,-4.142,-13.253,-20.997,-45.682
WBD,Warner Bros. Discovery Inc. Series A Common Stock ,NASDAQ,Telecommunications,Cable & Other Pay Television Services,77681160535.0,True,True,False,30.95,0.032,1.013,9.257,9.135,32783909.92,2196637446.4,13.288,30.599,29.954,28.328,27.688,2.0,87.0,9.094,18.492,12.915,-0.129
WBTN,WEBTOON Entertainment Inc. Common stock,NASDAQ,Consumer Discretionary,Publishing,1424966235.0,False,True,True,10.46,-0.381,4.587,6.176,1.346,408800.0,4312507.462,1.592,10.718,10.603,9.852,11.117,4.0,25.0,4.705,-8.326,5.657,-44.976
WCT,Wellchange Holdings Company Limited Class A Ordinary shares,NASDAQ,Technology,Computer Software: Prepackaged Software,13855975.0,False,True,False,1.01,-21.705,93.144,-67.716,-0.727,1722756.0,6989291.875,0.677,4.735,5.093,3.128,3.838,4.0,5.0,-26.277,-12.174,-66.993,-95.28
WD,Walker & Dunlop Inc,NYSE,Finance,Finance: Consumer Services,1166045558.0,False,False,True,33.06,-2.679,4.413,-19.87,-4.502,467022.0,19279386.1,1.481,35.726,37.359,41.258,49.204,4.0,14.0,-20.719,-34.381,-24.477,-61.148
WDAY,Workday Inc.,NASDAQ,Technology,EDP Services,44859740000.0,True,True,False,188.96,1.515,4.056,1.07,0.264,3974282.0,464563732.8,0.548,189.117,189.729,186.959,157.11,3.0,68.0,-8.68,31.542,45.668,-23.622
WDC,Western Digital Corporation,NASDAQ,Technology,Electronic Components,149729048634.0,True,True,False,441.64,6.345,6.617,-4.922,-0.744,7621492.0,3550031878.4,1.48,446.21,449.908,464.503,401.167,2.0,94.0,0.048,-16.974,45.289,-44.768
WDFC,WD-40 Company,NASDAQ,Industrials,Major Chemicals,2724750910.0,False,True,True,205.86,1.399,2.24,-3.468,-1.548,114530.0,26040162.4,1.02,201.447,201.989,213.255,217.594,1.0,47.0,-2.186,-17.211,-1.338,-30.852
WEAV,Weave Communications Inc.,NYSE,Technology,Computer Software: Prepackaged Software,589593507.0,False,False,True,7.36,-0.136,0.944,6.171,6.535,3202082.0,11364864.5,0.246,7.357,7.3,6.932,6.131,2.0,71.0,0.409,8.076,44.882,-4.416
WEC,WEC Energy Group Inc.,NYSE,Utilities,Power Generation,33103038819.0,True,False,False,101.3,-0.285,1.648,-4.498,-2.73,2578648.0,305744429.6,1.072,101.92,103.011,106.071,109.809,1.0,40.0,-5.061,-13.169,-11.712,-14.784
WELL,Welltower Inc.,NYSE,Real Estate,Real Estate Investment Trusts,164120832792.0,True,False,False,224.16,-1.559,2.156,-4.568,-2.119,2862184.0,615208920.0,0.856,229.421,231.475,234.89,213.119,2.0,66.0,-7.034,-5.296,12.376,-11.831
WEN,Wendy's Company (The),NASDAQ,Consumer Discretionary,Restaurants,1166899972.0,False,True,True,6.1,-0.327,4.7,-19.615,-4.174,7952824.0,41357430.7,0.76,6.445,6.813,7.589,7.372,4.0,25.0,-22.589,-20.927,-11.625,-35.87
WERN,Werner Enterprises Inc.,NASDAQ,Industrials,Trucking Freight/Courier Services,2120192465.0,False,True,True,34.15,-3.01,3.711,-7.631,-2.056,1011598.0,30803774.1,0.777,34.446,35.252,36.971,35.861,1.0,63.0,-10.946,-20.855,11.477,-27.804
WEST,Westrock Coffee Company,NASDAQ,Consumer Staples,Beverages (Production/Distribution),794686930.0,False,True,True,8.22,0.983,3.543,2.012,0.568,359520.0,2632441.7,0.912,8.075,8.019,8.058,6.435,2.0,88.0,7.031,14.008,74.894,-19.333
WETO,Wetour Robotics Limited,NASDAQ,Industrials,Other Transportation,1164025.0,False,True,False,1.05,-2.778,176.335,-85.258,-0.483,6821493.56,9819540.275,0.232,1.454,3.086,7.123,51.658,4.0,3.0,-67.391,-98.447,-97.9,-99.582
WFC,Wells Fargo & Company,NYSE,Finance,Major Banks,243280746581.0,True,False,False,81.44,1.231,2.274,-5.287,-2.325,13184282.0,1184241363.2,0.968,81.903,83.528,85.986,84.001,1.0,51.0,-8.689,-6.048,0.642,-15.323
WFF,WF Holding Limited,NASDAQ,Consumer Discretionary,Miscellaneous manufacturing industries,100817441.0,False,True,False,2.29,-4.782,14.319,8.524,0.595,3390086.08,877893.248,0.025,2.298,2.211,2.11,2.079,3.0,45.0,11.165,12.808,82.47,-78.618
WFRD,Weatherford International plc,NASDAQ,Consumer Discretionary,Oil and Gas Field Machinery,5700944931.0,False,True,False,82.32,3.261,3.927,-6.592,-1.679,964342.0,85411680.0,0.832,81.791,83.916,88.13,92.783,1.0,68.0,-14.632,-0.948,-12.762,-27.018
WGO,Winnebago Industries Inc.,NYSE,Industrials,Homebuilding,743471886.0,False,False,True,25.0,-4.943,3.887,-15.307,-3.939,520686.0,17006181.2,1.729,26.527,27.322,29.518,33.414,4.0,30.0,-15.786,-18.049,-17.863,-48.386
WGS,GeneDx Holdings Corp.,NASDAQ,Health Care,Medical/Nursing Services,2179729522.0,False,True,True,76.27,4.351,7.803,-6.541,-0.838,741356.0,70304528.7,1.154,79.794,83.066,81.608,78.055,4.0,47.0,-12.725,16.585,14.502,-55.364
WH,Wyndham Hotels & Resorts Inc. Common Stock ,NYSE,Consumer Discretionary,Hotels/Resorts,5327616448.0,False,False,True,71.22,-0.794,2.858,-1.278,-0.447,1237334.0,89420701.0,1.276,70.821,70.648,72.142,77.388,4.0,38.0,0.951,-12.175,-13.519,-20.248
WHD,Cactus Inc.,NYSE,Consumer Discretionary,Oil and Gas Field Machinery,5086582214.0,False,False,True,64.75,2.065,3.301,-3.518,-1.065,796440.0,50493019.4,0.694,64.418,65.602,67.111,56.689,2.0,88.0,-9.618,24.884,30.747,-12.394
WHF,WhiteHorse Finance Inc.,NASDAQ,Finance,Finance Companies,149905768.0,False,True,False,7.07,1.289,2.476,4.121,1.664,74054.0,770492.262,2.152,7.009,6.978,6.79,6.54,2.0,72.0,3.219,13.991,-0.034,-3.018
WHLR,Wheeler Real Estate Investment Trust Inc.,NASDAQ,Real Estate,Real Estate Investment Trusts,2728564.0,False,True,False,1.09,-47.343,242.299,-89.932,-0.371,3184461.16,31876792.596,1.864,2.81,4.81,10.826,2948.253,4.0,1.0,-76.345,-98.909,-99.944,-99.999
WHR,Whirlpool Corporation,NYSE,Consumer Discretionary,Consumer Electronics/Appliances,1976193147.0,False,False,True,30.03,-0.924,5.032,-19.825,-3.94,2581684.0,99818392.6,1.164,31.331,32.955,37.456,52.908,4.0,15.0,-21.98,-19.1,-46.651,-67.912
WHWK,Whitehawk Therapeutics Inc.,NASDAQ,Health Care,Biotechnology: Pharmaceutical Preparations,210933337.0,False,True,True,3.7,0.0,5.1,-13.479,-2.643,366072.0,1480489.225,0.79,3.808,3.963,4.276,3.775,1.0,84.0,-20.086,-10.843,5.714,-32.666
WINA,Winmark Corporation,NASDAQ,Consumer Discretionary,Other Specialty Stores,1069352790.0,False,True,True,293.86,-1.287,3.649,-9.85,-2.699,69490.0,30662913.05,1.315,297.928,303.107,325.97,388.818,4.0,19.0,-7.417,-28.401,-29.953,-42.389
WING,Wingstop Inc.,NASDAQ,Consumer Discretionary,Restaurants,2911955742.0,False,True,True,106.84,-0.047,5.223,-5.769,-1.105,1323586.0,145433187.6,0.819,104.974,106.229,113.381,175.101,4.0,13.0,-3.119,-37.048,-34.829,-64.479
WIX,Wix.com Ltd.,NASDAQ,Technology,Computer Software: Programming Data Processing,3039111489.0,False,True,False,74.06,1.983,6.371,-0.388,-0.061,1534854.0,87002156.2,0.922,74.284,75.654,74.349,72.799,3.0,53.0,-8.793,47.061,-12.095,-52.364
WK,Workiva Inc.,NYSE,Technology,Computer Software: Prepackaged Software,3876086440.0,False,False,True,71.88,0.913,4.378,2.256,0.515,938790.0,111140472.4,9.728,70.184,70.882,70.294,63.722,3.0,69.0,-8.538,35.725,20.261,-25.969
WKC,World Kinect Corporation,NYSE,Energy,Oil Refining/Marketing,1833785577.0,False,False,True,36.43,1.618,2.559,0.564,0.22,1193678.0,43445097.0,1.006,35.718,35.616,36.226,29.291,2.0,81.0,4.493,10.708,58.929,-11.004
WKHS,Workhorse Group Inc.,NASDAQ,Industrials,Auto Manufacturing,32457897.0,False,True,False,2.95,-0.673,5.612,-4.765,-0.849,100146.0,210562.2,0.314,2.951,2.988,3.098,3.482,4.0,16.0,-6.051,8.856,13.027,-80.175
WLDN,Willdan Group Inc.,NASDAQ,Consumer Discretionary,Military/Government/Technical,1120167972.0,False,True,True,73.58,0.054,3.704,-8.585,-2.318,228726.0,14681953.05,0.751,76.085,78.254,80.49,90.545,4.0,37.0,-15.493,-4.305,-6.837,-46.292
WLDS,Wearable Devices Ltd. Ordinary Share,NASDAQ,Telecommunications,Computer Communications Equipment,4493735.0,False,True,False,1.38,-0.719,15.597,-39.669,-2.543,1650810.0,567842.75,0.019,1.482,1.622,2.287,4.572,4.0,5.0,-25.806,-13.75,-65.414,-97.181
WLFC,Willis Lease Finance Corporation,NASDAQ,Consumer Discretionary,Industrial Specialties,965651549.0,False,True,True,42.84,-6.197,5.603,-24.914,-4.447,206984.0,9359017.4,2.314,49.334,51.812,57.055,60.939,1.0,35.0,-22.825,-41.94,-27.587,-47.338
WLTH,Wealthfront Corporation,NASDAQ,Finance,Finance: Consumer Services,1566449693.0,False,True,True,10.62,5.882,4.831,9.531,1.973,2214796.0,41108253.4,1.011,10.232,10.092,9.696,9.885,,,13.826,12.144,10.856,-28.0
WLY,John Wiley & Sons Inc.,NYSE,Consumer Discretionary,Books,2411270525.0,False,False,True,47.5,0.0,3.317,-6.105,-1.841,493215.8,23919935.7,0.0,47.936,48.456,50.589,41.12,2.0,68.0,-6.238,-9.16,25.378,-17.319
WM,Waste Management Inc.,NYSE,Utilities,Environmental Services,81721769369.0,True,False,False,206.66,1.081,1.685,-5.435,-3.225,2134024.0,467116006.4,1.217,206.579,209.679,218.537,223.043,1.0,42.0,-6.38,-12.494,-10.833,-16.013
WMB,Williams Companies Inc. (The),NYSE,Utilities,Natural Gas Distribution,86282233475.0,True,False,False,70.81,0.383,2.495,-1.24,-0.497,7246622.0,531138352.0,0.801,70.106,70.774,71.699,70.313,2.0,59.0,-3.681,-5.002,-1.018,-10.276
WMG,Warner Music Group Corp.,NASDAQ,Consumer Discretionary,Services-Misc. Amusement & Recreation,14027188456.0,False,True,False,27.63,3.039,3.181,1.209,0.38,2128758.0,62079171.8,1.162,27.411,27.56,27.3,28.287,1.0,39.0,-6.497,-2.129,7.604,-20.983
WMK,Weis Markets Inc.,NYSE,Consumer Staples,Food Chains,1832089962.0,False,False,True,74.01,-0.041,2.167,1.835,0.847,186276.0,16632020.8,1.043,73.052,72.662,72.676,71.256,2.0,51.0,3.568,-7.623,5.008,-11.208
WMT,Walmart Inc.,NASDAQ,Consumer Discretionary,Department/Specialty Retail Stores,827172383087.0,True,True,False,105.07,0.777,2.035,-3.305,-1.624,24780684.08,2380849491.2,0.776,106.018,106.735,108.662,117.835,4.0,52.0,-3.09,-5.575,-16.774,-22.076
WNC,Wabash National Corporation,NYSE,Industrials,Construction/Ag Equipment/Trucks,571949909.0,False,False,True,13.99,-0.356,5.595,10.392,1.858,919804.0,11562695.6,1.246,12.937,12.752,12.673,10.434,2.0,83.0,-1.893,13.832,64.427,-3.849
WNEB,Western New England Bancorp Inc.,NASDAQ,Finance,Savings Institutions,279238997.0,False,True,True,13.84,-0.646,2.292,0.536,0.234,53824.0,724474.15,0.786,13.838,13.826,13.766,13.44,2.0,64.0,0.948,-2.045,6.008,-7.331
WNW,Meiwu Technology Company Limited,NASDAQ,Consumer Discretionary,Package Goods/Cosmetics,62798173.0,False,True,False,2.36,-1.048,6.491,-5.43,-0.836,719868.0,527254.976,0.03,2.389,2.413,2.495,49.606,4.0,5.0,-1.255,-33.521,-42.439,-99.825
WOK,WORK Medical Technology Group LTD Class A,NASDAQ,Health Care,Medical/Dental Instruments,7639558.0,False,True,False,1.465,-14.327,15.168,-27.601,-1.82,249570.0,91524.6,0.564,1.753,1.863,2.023,93.974,4.0,2.0,-29.227,-27.833,-98.726,-99.999
WOLF,Wolfspeed Inc. Common Stock New,NYSE,Technology,Semiconductors,1867390474.0,False,False,True,33.53,-4.96,7.454,22.697,3.045,3619342.0,75673488.8,0.912,30.029,28.635,27.327,29.58,2.0,82.0,24.925,-6.861,85.762,-58.513
WOOF,Petco Health and Wellness Company Inc.,NASDAQ,Consumer Discretionary,Other Specialty Stores,627258392.0,False,True,True,2.18,-0.457,4.508,-16.147,-3.582,2195580.0,5664343.712,1.382,2.262,2.349,2.6,2.722,4.0,22.0,-13.492,-13.834,-18.959,-44.949
WOR,Worthington Enterprises Inc. Common Shares,NYSE,Industrials,Steel/Iron Ore,2967898717.0,False,False,True,61.14,0.791,3.943,5.205,1.32,343170.0,30588283.75,0.797,60.029,59.422,58.115,55.081,2.0,69.0,0.15,15.581,18.245,-9.476
WPRT,Westport Fuel Systems Inc Common Shares,NASDAQ,Industrials,Industrial Machinery/Components,35711980.0,False,True,False,1.88,0.0,4.135,0.815,0.197,64272.0,109834.75,0.389,1.941,1.933,1.865,1.949,1.0,39.0,-0.529,-6.468,-2.083,-26.275
WRAP,Wrap Technologies Inc.,NASDAQ,Industrials,Ordnance And Accessories,94927561.0,False,True,False,1.45,-1.361,6.442,-11.331,-1.759,662404.0,754965.603,0.752,1.454,1.499,1.635,1.722,4.0,22.0,-13.69,-12.651,-6.452,-55.108
WRB,W.R. Berkley Corporation,NYSE,Finance,Property-Casualty Insurers,25607274950.0,True,False,False,69.77,1.145,1.887,-0.187,-0.099,2536968.0,270162224.8,0.913,68.651,68.8,69.901,68.402,3.0,46.0,0.532,-2.335,6.56,-9.787
WRBY,Warby Parker Inc.,NYSE,Health Care,Ophthalmic Goods,3341125700.0,False,False,True,26.65,-1.406,6.114,3.763,0.615,2911348.0,91001523.6,1.042,26.248,25.679,25.684,25.214,2.0,52.0,14.427,-4.957,26.603,-14.032
WRD,WeRide Inc. American Depositary Shares,NASDAQ,Technology,EDP Services,1684663787.0,False,True,False,5.07,0.896,4.452,-12.686,-2.849,2488798.0,16256481.15,1.761,5.343,5.514,5.807,6.977,4.0,19.0,-13.922,-6.63,-33.812,-59.129
WRLD,World Acceptance Corporation,NASDAQ,Finance,Finance: Consumer Services,813445119.0,False,True,True,176.28,1.055,3.046,-4.616,-1.515,88254.0,11204004.65,0.715,174.479,177.626,184.81,160.966,2.0,51.0,-8.034,-11.466,22.903,-22.576
WS,Worthington Steel Inc. Common Shares,NYSE,Industrials,Steel/Iron Ore,1883496504.0,False,False,True,39.12,5.816,4.019,10.082,2.509,267852.0,11681494.9,2.216,36.293,35.584,35.537,36.987,2.0,79.0,9.237,22.246,30.791,-19.354
WSBC,WesBanco Inc.,NASDAQ,Finance,Major Banks,3654973430.0,False,True,True,37.75,-0.945,2.077,-6.115,-2.944,917920.0,42253871.8,1.167,38.17,38.748,40.209,36.147,2.0,64.0,-7.769,-3.077,9.785,-11.435
WSBF,Waterstone Financial Inc. Common Stock (MD),NASDAQ,Finance,Savings Institutions,358461938.0,False,True,True,19.9,-0.201,2.237,-4.286,-1.916,77846.0,2071147.212,0.861,20.083,20.37,20.791,18.738,2.0,72.0,-6.792,0.151,10.278,-8.126
WSC,WillScot Holdings Corporation,NASDAQ,Industrials,Misc Corporate Leasing Services,3134603573.0,False,True,True,17.07,-1.329,4.242,-18.577,-4.379,2929738.0,50303255.2,1.078,17.588,18.291,20.965,22.068,4.0,30.0,-12.282,-33.265,-4.937,-42.456
WSE,Wise Group plc Class A,NASDAQ,Industrials,Diversified Commercial Services,14059370361.0,False,True,False,11.67,2.01,2.754,-4.767,-1.731,1403550.0,21169806.35,1.232,11.537,11.736,12.254,,,,-11.591,-10.437,,-33.2
WSFS,WSFS Financial Corporation,NASDAQ,Finance,Major Banks,3986599908.0,False,True,True,77.34,-0.884,1.806,-2.518,-1.394,359284.0,29684194.7,1.106,77.232,77.772,79.338,70.533,2.0,76.0,-1.828,1.692,15.401,-6.523
WSHP,WeShop Holdings Limited Class A,NASDAQ,Consumer Discretionary,Other Specialty Stores,120359151.0,False,True,False,4.87,-2.012,12.44,-7.167,-0.576,377984.0,963103.672,0.219,5.441,5.461,5.246,21.731,4.0,,-6.166,-22.943,-12.094,-98.052
WSM,Williams-Sonoma Inc. Common Stock (DE),NYSE,Consumer Discretionary,Home Furnishings,27360101888.0,True,False,False,238.7,2.755,2.919,2.053,0.703,1087018.0,263517979.2,1.106,231.523,230.254,233.897,208.259,2.0,71.0,7.156,7.644,31.668,-6.352
WST,West Pharmaceutical Services Inc.,NYSE,Health Care,Medical/Dental Instruments,25685745615.0,True,False,False,376.76,3.228,2.273,6.793,2.989,609046.0,237951639.2,1.121,369.493,364.638,352.793,302.609,2.0,77.0,9.929,5.877,46.891,-2.33
WT,WisdomTree Inc.,NYSE,Finance,Investment Bankers/Brokers/Service,3693865266.0,False,False,True,24.45,0.287,3.83,6.422,1.677,2687508.0,69747942.4,0.806,24.094,23.847,22.975,18.176,2.0,91.0,-1.689,32.414,64.141,-5.635
WTBA,West Bancorporation,NASDAQ,Finance,Major Banks,512675789.0,False,True,True,29.45,-2.094,2.366,2.291,0.969,62510.0,1679109.997,1.217,29.179,29.079,28.79,25.128,2.0,81.0,1.517,12.151,23.44,-3.443
WTFC,Wintrust Financial Corporation,NASDAQ,Finance,Major Banks,9783914534.0,False,True,False,145.2,0.124,2.027,-5.079,-2.506,500214.0,71323713.4,1.342,144.947,146.827,152.969,149.189,1.0,54.0,-5.419,-9.758,4.208,-12.871
WTI,W&T Offshore Inc.,NYSE,Energy,Oil & Gas Production,537356909.0,False,False,True,3.6,1.124,5.529,-2.867,-0.519,3787868.0,14806424.15,0.927,3.646,3.711,3.706,3.196,2.0,92.0,-7.455,9.046,5.775,-28.789
WTTR,Select Water Solutions Inc. Class A common stock,NYSE,Energy,Oilfield Services/Equipment,2762692618.0,False,False,True,20.06,0.551,4.303,0.605,0.141,1724370.0,39033448.1,1.28,19.955,20.008,19.939,16.528,2.0,88.0,-0.545,7.925,33.496,-10.74
WTW,Willis Towers Watson Public Limited Company,NASDAQ,Finance,Specialty Insurers,26803769738.0,True,True,False,288.11,-0.173,2.352,-10.627,-4.518,546744.0,171816395.6,1.322,293.695,302.158,322.367,296.514,4.0,40.0,-15.491,-1.643,-0.311,-17.763
WU,Western Union Company (The),NYSE,Consumer Discretionary,Business Services,1871273886.0,False,False,True,6.1,1.667,3.112,-9.598,-3.084,10419490.0,57977183.4,0.796,6.109,6.291,6.748,7.869,4.0,33.0,-12.873,-20.545,-25.725,-35.392
WULF,TeraWulf Inc.,NASDAQ,Finance,Finance: Consumer Services,7729024807.0,False,True,False,14.79,-4.519,7.386,-9.571,-1.296,30117274.0,455929184.0,1.214,15.42,15.762,16.355,18.075,1.0,58.0,-8.872,-26.927,-4.887,-50.436
WVE,Wave Life Sciences Inc.,NASDAQ,Health Care,Biotechnology: Pharmaceutical Preparations,744842102.0,False,True,False,3.75,-0.794,6.307,-23.824,-3.777,3313880.0,13723292.7,1.06,3.892,4.159,4.923,8.626,4.0,38.0,-20.213,-41.223,-47.109,-82.743
WW,WW International Inc.,NASDAQ,Consumer Discretionary,Other Consumer Services,147381722.0,False,True,False,14.87,0.882,10.037,-4.115,-0.41,259100.0,4952834.988,0.342,15.089,15.347,15.508,17.536,4.0,38.0,-16.036,-5.767,23.813,-61.256
WWD,Woodward Inc.,NASDAQ,Energy,Industrial Machinery/Components,19580774828.0,False,True,False,332.96,0.404,2.861,-3.934,-1.375,697742.0,266243154.0,1.121,330.302,331.912,346.595,363.316,1.0,62.0,-2.802,-17.682,-11.963,-26.094
WWW,Wolverine World Wide Inc.,NYSE,Consumer Discretionary,Shoe Manufacturing,1575673709.0,False,False,True,18.94,-1.354,3.572,-3.072,-0.86,778502.0,13516213.45,1.446,19.139,19.251,19.54,17.745,2.0,43.0,-2.611,10.954,21.008,-30.11
WXM,WF International Limited,NASDAQ,Consumer Discretionary,Engineering & Construction,11722127.0,False,True,False,3.57,-5.053,11.011,-14.201,-1.29,922500.0,159587.1,0.011,3.806,3.929,4.161,4.583,4.0,18.0,-21.105,24.39,-27.143,-90.272
WY,Weyerhaeuser Company,NYSE,Real Estate,Real Estate Investment Trusts,13311993920.0,True,False,False,18.49,0.108,2.898,-18.996,-6.556,6108352.0,154426030.4,1.25,19.529,20.54,22.826,23.752,4.0,28.0,-19.01,-19.879,-22.231,-31.592
WYFI,WhiteFiber Inc.,NASDAQ,Finance,Finance: Consumer Services,696546756.0,False,True,True,17.46,-2.621,8.791,-17.924,-2.039,2098384.0,23876598.8,0.497,18.314,18.884,21.273,21.548,1.0,54.0,-7.029,-47.756,45.137,-62.748
WYHG,Wing Yip Food Holdings Group Limited American Depositary Shares,NASDAQ,Consumer Staples,Specialty Foods,131300281.0,False,True,False,3.31,-10.298,15.976,-27.786,-1.739,2239208.0,6509114.8,0.034,3.818,4.073,4.584,3.224,2.0,56.0,-18.272,-20.813,74.211,-87.352
WYNN,Wynn Resorts Limited Common stock,NASDAQ,Consumer Discretionary,Hotels/Resorts,7813658849.0,True,True,False,77.17,1.7,3.452,-16.381,-4.746,1911504.0,200050065.6,1.031,79.394,82.741,92.288,102.457,4.0,21.0,-15.716,-19.711,-24.484,-42.302
XAIR,Beyond Air Inc.,NASDAQ,Health Care,Medical/Dental Instruments,2700519.0,False,True,False,2.84,0.709,11.335,-34.627,-3.055,274866.0,264706.9,0.156,2.912,3.19,4.344,12.084,4.0,4.0,-20.891,-67.654,-79.972,-94.892
XBIO,Xenetic Biosciences Inc.,NASDAQ,Health Care,Biotechnology: Pharmaceutical Preparations,5248725.0,False,True,False,2.2,-1.786,14.212,-31.451,-2.213,107418.0,438601.803,0.088,2.436,2.769,3.209,2.856,1.0,28.0,-52.484,-23.875,-30.269,-84.207
XE,X-Energy Inc.,NASDAQ,Industrials,Metal Fabrications,5843544633.0,False,True,False,14.41,0.209,7.854,-17.307,-2.203,6288824.0,109550293.8,0.671,14.785,15.515,17.426,,,,-19.407,-12.878,,-61.159
XEL,Xcel Energy Inc.,NASDAQ,Utilities,Power Generation,44598889448.0,True,True,False,71.49,0.126,1.819,-4.895,-2.691,5352022.0,436486243.2,0.838,71.134,72.107,75.169,76.939,4.0,40.0,-5.598,-10.665,-9.678,-13.405
XENE,Xenon Pharmaceuticals Inc. Common Shares,NASDAQ,Health Care,Biotechnology: Pharmaceutical Preparations,3681873225.0,False,True,False,37.57,-1.184,6.135,-32.758,-5.339,1439606.0,109813910.9,1.178,39.619,44.334,55.873,53.067,1.0,34.0,-37.798,-40.713,-33.902,-48.293
XERS,Xeris Biopharma Holdings Inc.,NASDAQ,Health Care,Biotechnology: Pharmaceutical Preparations,1655468378.0,False,True,True,10.13,11.564,5.594,19.263,3.444,2230844.0,31001264.6,2.088,9.305,8.961,8.494,7.212,2.0,77.0,17.928,13.311,67.438,-10.591
XFLT,XAI Floating Rate & Alternative Income Trust Common Shares of Beneficial Interest,NYSE,Finance,Investment Managers,684897353.0,False,False,True,19.3,-0.052,1.353,1.879,1.389,75818.0,1518935.731,1.502,19.26,19.207,18.944,17.982,3.0,53.0,2.939,12.113,23.193,-14.22
XFOR,X4 Pharmaceuticals Inc.,NASDAQ,Health Care,Biotechnology: Biological Products (No Diagnostic Substances),280585283.0,False,True,True,2.9,2.474,7.057,-23.44,-3.322,902708.0,4386313.256,0.773,3.018,3.245,3.788,3.898,4.0,30.0,-28.218,-26.396,-28.747,-39.959
XGN,Exagen Inc.,NASDAQ,Health Care,Medical Specialities,197921020.0,False,True,True,8.46,3.55,4.858,17.982,3.702,351574.0,2369926.494,0.83,8.256,8.05,7.171,4.839,2.0,92.0,12.202,76.25,174.675,-30.826
XHG,XChange TEC.INC American Depositary Shares ,NASDAQ,Finance,Specialty Insurers,95879142.0,False,True,False,1.9,2.151,13.15,-25.368,-1.929,1796796.0,24859.9,0.001,2.1,2.36,2.546,1.338,2.0,96.0,-44.606,117.143,111.346,-73.721
XHR,Xenia Hotels & Resorts Inc.,NYSE,Consumer Discretionary,Hotels/Resorts,1678874197.0,False,False,True,18.15,-0.275,2.341,-3.198,-1.366,806188.0,17099598.95,0.999,18.036,18.053,18.75,16.899,2.0,70.0,0.77,-9.591,25.1,-17.091
XLAB,Exascale Labs Holdings Inc.,NASDAQ,Technology,Computer Software: Prepackaged Software,90068705.0,False,True,False,1.385,-1.071,37.605,-66.905,-1.779,268964.0,197450.199,0.431,2.037,2.712,4.185,8.777,4.0,7.0,-70.657,-86.734,-86.328,-87.601
XMAX,XMAX Inc.,NASDAQ,Consumer Discretionary,Home Furnishings,557281627.0,False,True,True,8.71,1.397,2.106,-1.011,-0.48,580524.0,5151871.338,0.687,8.664,8.7,8.799,7.62,2.0,79.0,0.461,-0.115,19.972,-7.34
XMTR,Xometry Inc.,NASDAQ,Consumer Discretionary,Business Services,5877385940.0,False,True,False,107.7,5.042,4.906,16.648,3.393,706642.0,86534348.0,1.202,102.424,99.107,92.329,72.636,2.0,94.0,15.757,15.682,151.636,-0.783
XNCR,Xencor Inc.,NASDAQ,Health Care,Biotechnology: Pharmaceutical Preparations,1846938381.0,False,True,True,25.63,3.18,4.915,5.455,1.11,1330162.0,35638891.9,0.959,24.94,24.905,24.304,15.928,2.0,95.0,-3.719,63.561,106.029,-16.269
XNDU,Xanadu Quantum Technologies Limited Class B Subordinate Voting Shares,NASDAQ,Technology,Computer Manufacturing,1308163303.0,False,True,False,4.52,5.116,11.212,-49.516,-4.417,3314526.0,37185854.15,1.933,5.132,6.273,8.953,,,,-54.89,-60.0,-44.266,-89.35
XNET,Xunlei Limited American Depositary Shares,NASDAQ,Technology,Computer Software: Prepackaged Software,299809323.0,False,True,False,4.79,1.699,3.531,-4.589,-1.3,231218.0,983096.434,0.666,4.827,4.883,5.02,5.826,4.0,18.0,-2.245,-14.464,-17.979,-56.573
XOM,ExxonMobil Holdings Corporation,NYSE,Energy,Integrated oil Companies,674394680560.0,True,False,False,164.0,-0.006,2.142,2.258,1.054,14073190.0,2270526534.4,0.886,162.869,162.408,160.379,147.906,2.0,84.0,1.104,16.495,1.721,-5.798
XOS,Xos Inc.,NASDAQ,Consumer Discretionary,Auto Parts:O.E.M.,46918912.0,False,True,False,3.33,0.909,7.617,18.459,2.423,3607166.08,565356.195,0.04,2.983,2.889,2.811,2.425,2.0,85.0,12.121,30.588,95.882,-59.734
XP,XP Inc.,NASDAQ,Finance,Investment Bankers/Brokers/Service,11143706689.0,False,True,False,28.15,30.93,4.577,51.888,11.338,6121450.0,230005135.2,7.881,22.083,20.931,18.533,18.131,2.0,94.0,40.75,76.268,50.552,-2.931
XPEL,XPEL Inc.,NASDAQ,Industrials,Industrial Specialties,1239856538.0,False,True,True,44.99,0.044,3.305,-5.023,-1.52,212174.0,8947374.975,1.01,44.738,45.537,47.369,46.949,4.0,69.0,-11.611,-10.092,0.245,-19.531
XPER,Xperi Inc. Common Stock ,NYSE,Technology,Computer Software: Prepackaged Software,264830993.0,False,False,True,5.43,0.0,2.954,-13.034,-4.412,446236.0,2164683.856,0.958,5.504,5.631,6.244,6.526,4.0,30.0,-6.861,-31.179,-6.54,-37.943
XPOF,Xponential Fitness Inc.,NYSE,Consumer Discretionary,Services-Misc. Amusement & Recreation,231822800.0,False,False,True,4.64,-1.277,6.089,-6.76,-1.11,920258.0,3705588.6,1.03,4.356,4.358,4.976,6.382,4.0,18.0,-5.882,-32.851,-31.259,-49.838
XPON,Expion Energy Inc.,NASDAQ,Miscellaneous,Industrial Machinery/Components,4252492.0,False,True,False,4.46,6.19,13.825,-5.337,-0.386,3188211.92,498213.309,0.01,4.551,4.767,4.711,7.002,4.0,12.0,-28.065,-7.775,-41.47,-79.352
XRAY,DENTSPLY SIRONA Inc.,NASDAQ,Health Care,Medical/Dental Instruments,1728398105.0,False,True,True,8.56,-1.269,4.604,-22.503,-4.887,4569360.0,48510729.0,1.096,9.085,9.589,11.046,11.591,4.0,22.0,-25.109,-29.778,-26.46,-42.005
XRN,Chiron Real Estate Inc.,NYSE,Real Estate,Real Estate Investment Trusts,450218598.0,False,False,True,33.81,-0.588,2.35,-6.052,-2.576,95162.0,3832224.325,1.341,34.889,35.405,35.988,34.825,1.0,52.0,-7.006,-8.802,4.501,-11.374
XRTX,XORTX Therapeutics Inc. Common Shares,NASDAQ,Health Care,Biotechnology: Pharmaceutical Preparations,3113956.0,False,True,False,1.7,-0.817,10.152,-16.632,-1.638,284608.0,1353684.077,0.031,1.748,1.842,2.039,2.28,4.0,16.0,-20.93,-16.667,-26.724,-75.887
XRX,Xerox Holdings Corporation,NASDAQ,Technology,Computer peripheral equipment,396569823.0,False,True,True,3.02,0.0,5.808,-3.666,-0.631,3071614.0,8312129.475,0.982,3.177,3.209,3.135,2.48,2.0,84.0,-7.767,13.996,149.423,-19.775
XYL,Xylem Inc. Common Stock New,NYSE,Industrials,Fluid Controls,23766622593.0,True,False,False,102.42,0.619,2.437,-8.265,-3.392,2233682.0,299956160.8,0.8,102.925,104.988,111.647,120.044,4.0,26.0,-5.07,-14.787,-16.663,-32.679
XYZ,Block Inc.,NYSE,Technology,Computer Software: Prepackaged Software,44657092350.0,True,False,False,76.23,2.556,3.084,-4.288,-1.39,4411970.0,304306945.6,0.877,75.335,76.56,79.645,70.194,2.0,53.0,-8.564,-1.715,25.626,-12.299
YAAS,Youxin Technology Ltd Class A Ordinary shares,NASDAQ,Technology,Computer Software: Prepackaged Software,18228979.0,False,True,False,1.19,2.586,11.341,-37.459,-3.303,680698.0,31318.15,0.018,1.236,1.383,1.903,1.315,4.0,71.0,-32.386,66.9,25.263,-76.104
YARW,Yarrow Bioscience Inc.,NASDAQ,Health Care,Biotechnology: Pharmaceutical Preparations,207208119.0,False,True,True,20.3,-8.846,12.953,-37.713,-2.912,91727.28,4801407.444,1.117,23.994,26.287,32.591,21.459,1.0,91.0,-29.636,7.353,19.084,-54.151
YDDL,One and One Green Technologies. Inc Class A,NASDAQ,Consumer Discretionary,Industrial Specialties,80127666.0,False,True,False,1.41,-1.399,7.007,-15.397,-2.197,764452.0,70664.4,0.014,1.442,1.503,1.667,4.608,4.0,,-16.568,-29.5,-90.808,-91.312
YDES,YD Bio Limited,NASDAQ,Health Care,Medical Specialities,574442216.0,False,True,True,7.11,-12.33,14.247,80.899,5.678,336790.0,3026670.156,0.768,6.477,5.497,3.93,6.11,3.0,98.0,93.733,255.5,-0.183,-67.682
YELP,Yelp Inc.,NYSE,Consumer Discretionary,Other Consumer Services,990853719.0,False,False,True,18.5,1.314,4.721,-17.285,-3.661,1227884.0,28720363.8,1.153,18.584,19.452,22.366,24.778,4.0,19.0,-16.479,-30.32,-27.451,-46.361
YETI,YETI Holdings Inc.,NYSE,Consumer Discretionary,Recreational Games/Products/Toys,2983052093.0,False,False,True,40.52,-0.856,3.756,-8.619,-2.294,1753172.0,74102708.0,0.668,41.489,41.812,44.342,44.39,1.0,58.0,-2.196,-16.763,9.159,-24.949
YEXT,Yext Inc.,NYSE,Technology,EDP Services,644351363.0,False,False,True,6.62,1.69,4.258,6.619,1.555,992910.0,6621641.362,0.828,6.5,6.438,6.209,5.44,3.0,71.0,2.795,29.045,69.309,-26.689
YFOR,YYForce Inc. Class A,NASDAQ,Consumer Discretionary,Professional Services,18742575.0,False,True,False,1.38,-5.479,13.576,-1.407,-0.104,3556013.92,2312746.45,0.082,1.474,1.489,1.4,95.601,4.0,4.0,0.73,-8.0,-95.741,-99.803
YHC,LQR House Inc.,NASDAQ,Consumer Staples,Beverages (Production/Distribution),1668937.0,False,True,False,1.26,-1.562,18.146,-19.023,-1.048,166958.0,114805.15,0.156,1.301,1.452,1.556,60.023,4.0,5.0,-15.436,-68.5,-98.788,-98.941
YJ,Yunji Inc. American Depository Shares,NASDAQ,Consumer Discretionary,Other Specialty Stores,7979375.0,False,True,False,1.64,1.235,16.142,-20.826,-1.29,4183149.92,184077.95,0.008,1.744,1.873,2.071,1.687,1.0,67.0,-23.005,25.191,9.333,-88.261
YMAT,J-Star Holding Co. Ltd. Class A,NASDAQ,Consumer Discretionary,Recreational Games/Products/Toys,5794599.0,False,True,False,1.361,-5.813,20.163,-22.745,-1.128,1583870.0,7070807.634,0.025,1.462,1.548,1.762,2.363,4.0,12.0,-25.425,-49.871,-14.938,-89.531
YMT,Yimutian Inc. American Depositary Shares,NASDAQ,Technology,EDP Services,28434638.0,False,True,False,1.25,11.607,31.231,-60.256,-1.929,1299115.94,4495973.749,0.192,1.51,1.877,3.145,107.627,4.0,2.0,-33.862,-86.197,-96.843,-99.765
YORW,York Water Company (The),NASDAQ,Utilities,Water Supply,499191152.0,False,True,True,30.78,0.065,2.154,-4.606,-2.138,133780.0,5167073.288,1.298,30.882,31.464,32.266,31.101,1.0,57.0,-9.697,1.639,0.293,-10.916
YQ,17 Education & Technology Group Inc. American Depositary Shares,NASDAQ,Real Estate,Other Consumer Services,38212022.0,False,True,False,3.34,-5.114,8.383,18.231,2.175,89812.0,284036.188,0.1,3.546,3.449,2.825,2.752,3.0,74.0,20.578,34.677,87.115,-48.217
YSS,York Space Systems Inc.,NYSE,Industrials,Military/Government/Technical,1233471293.0,False,False,True,8.31,-7.461,8.92,-19.48,-2.184,3367276.0,32116984.55,0.744,8.852,9.043,10.32,,,,-2.35,-63.743,-70.427,-81.343
YSWY,Yesway Inc.,NASDAQ,Consumer Staples,Food Chains,1297388135.0,False,True,True,20.06,-2.289,4.881,-10.125,-2.074,342690.0,7502999.65,0.861,20.258,20.947,22.32,,,,-16.521,0.35,,-31.018
YUM,Yum! Brands Inc.,NYSE,Consumer Discretionary,Restaurants,37147295690.0,True,False,False,136.97,0.624,2.337,-6.157,-2.634,2348816.0,335738998.4,1.35,137.83,140.092,145.957,152.631,4.0,37.0,-9.754,-17.81,-12.091,-19.09
YXT,YXT.COM GROUP HOLDING LIMITED American Depository Shares,NASDAQ,Technology,Computer Software: Prepackaged Software,14145969.0,False,True,False,2.265,5.841,16.451,-34.409,-2.092,1519750.0,35260.576,0.026,2.305,2.455,3.453,4.992,4.0,9.0,-10.827,-36.908,-41.473,-92.953
Z,Zillow Group Inc. Class C Capital Stock,NASDAQ,Consumer Discretionary,Business Services,6163822489.0,False,True,False,27.41,0.0,4.66,-16.376,-3.514,3934848.0,125643574.8,0.622,28.23,29.616,32.777,42.536,4.0,14.0,-22.439,-16.382,-34.19,-65.479
ZBH,Zimmer Biomet Holdings Inc.,NYSE,Health Care,Industrial Specialties,16840230562.0,True,False,False,91.57,3.715,2.844,-4.469,-1.571,2164102.0,209189330.0,1.06,90.753,92.398,95.853,90.857,3.0,48.0,-7.186,2.686,1.16,-13.407
ZBIO,Zenas BioPharma Inc.,NASDAQ,Health Care,Biotechnology: Pharmaceutical Preparations,1844175377.0,False,True,True,27.83,-1.643,6.87,-10.728,-1.561,710262.0,22938651.8,1.594,28.448,29.478,31.174,25.231,3.0,81.0,-15.462,0.542,25.022,-37.601
ZBRA,Zebra Technologies Corporation,NASDAQ,Industrials,Industrial Machinery/Components,17782184668.0,True,True,False,375.66,-0.053,2.774,6.362,2.293,685264.0,196626856.0,0.508,370.204,364.019,353.191,267.751,2.0,87.0,5.08,41.946,77.937,-2.737
ZCMD,Zhongchao Inc. Class A,NASDAQ,Real Estate,Other Consumer Services,8207965.0,False,True,False,1.91,3.243,15.547,0.021,0.001,1464863.0,368592.249,0.084,1.806,1.839,1.91,255.787,4.0,2.0,8.032,-56.591,-99.403,-99.901
ZD,Ziff Davis Inc.,NASDAQ,Telecommunications,Telecommunications Equipment,1892653882.0,False,True,True,55.98,1.413,2.885,0.891,0.309,638702.0,41929387.0,0.716,56.09,56.259,55.485,45.36,2.0,78.0,-0.586,5.107,31.101,-7.44
ZENA,ZenaTech Inc.,NASDAQ,Technology,Computer Software: Prepackaged Software,114265660.0,False,True,False,1.28,-3.759,7.733,-19.945,-2.579,3738260.0,2367231.206,0.437,1.386,1.46,1.599,2.174,4.0,12.0,-24.706,-5.185,-44.589,-81.995
ZG,Zillow Group Inc.,NASDAQ,Consumer Discretionary,Business Services,6317861833.0,False,True,False,28.13,0.107,4.672,-15.803,-3.382,1137332.0,30406753.8,0.569,28.91,30.292,33.41,42.605,4.0,15.0,-21.948,-13.949,-32.719,-63.142
ZION,Zions Bancorporation N.A.,NASDAQ,Finance,Major Banks,9219873435.0,False,True,False,63.28,0.174,2.151,-6.423,-2.986,1423090.0,103763990.2,0.919,63.522,64.679,67.623,62.762,2.0,57.0,-8.7,-9.881,8.851,-13.137
ZIP,ZipRecruiter Inc.,NYSE,Technology,Computer Software: Programming Data Processing,291902879.0,False,False,True,3.61,1.69,6.231,-13.392,-2.149,906242.0,2590375.662,0.679,3.585,3.717,4.168,3.302,3.0,63.0,-13.842,-8.142,71.905,-35.651
ZJK,ZJK Industrial Co. Ltd. Class A,NASDAQ,Industrials,Metal Fabrications,118996161.0,False,True,False,1.954,5.622,7.827,-2.963,-0.379,71244.0,22371.31,0.081,2.021,2.069,2.014,2.14,4.0,29.0,-12.768,1.244,2.304,-51.753
ZJYL,JIN MEDICAL INTERNATIONAL LTD. Class A,NASDAQ,Health Care,Industrial Specialties,306897394.0,False,True,False,1.98,2.062,9.103,-14.552,-1.599,920402.0,275421.55,0.007,1.974,2.049,2.317,2.577,4.0,13.0,-7.907,3.665,0.0,-83.5
ZLAB,Zai Lab Limited American Depositary Shares,NASDAQ,Health Care,Biotechnology: Pharmaceutical Preparations,2731437327.0,False,True,False,25.62,5.302,4.28,5.28,1.233,988260.0,21133084.25,0.797,25.497,25.437,24.335,20.437,2.0,70.0,-5.111,32.403,24.976,-24.802
ZM,Zoom Communications Inc.,NASDAQ,Technology,Computer Software: Programming Data Processing,27100871078.0,False,True,False,93.62,0.797,3.34,-3.815,-1.142,3169414.0,266241568.8,0.663,91.846,92.805,97.333,91.149,2.0,66.0,-4.606,9.267,13.232,-18.407
ZNB,Zeta Network Group Class A,NASDAQ,Real Estate,Other Consumer Services,5659580.0,False,True,False,1.25,-18.831,20.646,-32.897,-1.593,1234029.0,2257844.35,0.643,1.314,1.42,1.863,124.481,4.0,1.0,-25.595,-68.112,-91.819,-99.97
ZNTL,Zentalis Pharmaceuticals Inc.,NASDAQ,Health Care,Biotechnology: Pharmaceutical Preparations,238564791.0,False,True,True,2.78,10.317,7.908,-25.313,-3.201,1142432.0,4014006.906,2.621,2.781,3.022,3.722,3.424,1.0,86.0,-32.36,-41.841,3.346,-60.0
ZS,Zscaler Inc.,NASDAQ,Technology,EDP Services,32056553627.0,False,True,False,201.8,2.645,4.639,11.938,2.573,2900178.0,630255267.2,0.822,199.157,194.72,180.278,166.267,3.0,60.0,13.498,34.983,44.639,-40.117
ZSQR,Z Squared Inc.,NASDAQ,Finance,Finance: Consumer Services,210411576.0,False,True,True,4.0,0.756,12.933,7.339,0.567,407808.0,1606931.728,0.884,3.787,3.599,3.727,9.907,4.0,8.0,31.579,-52.886,-65.783,-81.317
ZSTK,ZeroStack Corp.,NASDAQ,Health Care,Other Pharmaceuticals,106047761.0,False,True,False,4.82,-0.823,12.271,28.644,2.334,615418.0,522834.128,0.045,4.623,4.508,3.747,5.474,4.0,36.0,0.0,49.689,-2.823,-76.43
ZTS,Zoetis Inc.,NYSE,Health Care,Biotechnology: Pharmaceutical Preparations,28797552823.0,True,False,False,71.41,2.468,2.691,-3.913,-1.454,5470314.0,335263884.0,0.666,70.822,71.829,74.318,97.278,4.0,21.0,-6.397,-5.744,-38.931,-51.084
ZUMZ,Zumiez Inc.,NASDAQ,Consumer Discretionary,Clothing/Shoe/Accessory Stores,203743847.0,False,True,True,13.73,3.311,5.114,-19.227,-3.759,305748.0,5975392.362,0.983,13.745,14.455,16.998,21.551,4.0,26.0,-22.429,-21.766,-39.622,-56.688
ZURA,Zura Bio Limited Class A,NASDAQ,Health Care,Biotechnology: Biological Products (No Diagnostic Substances),393857753.0,False,True,False,3.93,-4.38,8.285,-25.603,-3.09,1505232.0,8965427.675,1.76,4.208,4.533,5.283,5.322,1.0,41.0,-33.163,-22.638,-35.149,-47.177
ZVRA,Zevra Therapeutics Inc.,NASDAQ,Health Care,Biotechnology: Pharmaceutical Preparations,593243972.0,False,True,True,10.7,7.107,4.439,-5.749,-1.295,1131854.0,11472987.075,1.747,10.897,11.226,11.353,10.57,2.0,53.0,-14.673,-25.9,9.856,-28.833
ZYBT,Zhengye Biotechnology Holding Limited Class A,NASDAQ,Health Care,Biotechnology: Pharmaceutical Preparations,58765306.0,False,True,False,1.19,-4.032,11.403,-22.992,-2.016,1931063.92,33984.175,0.008,1.274,1.358,1.545,1.15,3.0,64.0,-26.994,54.948,33.708,-85.144
ZYME,Zymeworks Inc.,NASDAQ,Health Care,Biotechnology: Pharmaceutical Preparations,1784624911.0,False,True,True,26.21,4.215,4.689,-0.089,-0.019,704120.0,22686350.9,1.473,26.434,26.728,26.233,25.103,2.0,81.0,-12.341,-1.909,1.432,-16.369
