date,universe,n,adv,dec,up_vol,dn_vol,up4,dn4,up25q,dn25q,up13_34,dn13_34,nh,nl,p_ab20,p_ab40,p_ab50,p_ab200,p_stack,p_s1,p_s2,p_s3,p_s4
2024-08-05,all,3899,333,3494,198,2109,22,562,367,680,581,945,5,233,16.32,30.85,33.17,44.99,43.81,22.3,41.5,3.53,32.66
2024-08-05,nasdaq,2775,288,2416,159,1299,19,386,305,630,442,851,3,200,14.19,28.01,30.1,39.12,38.96,21.46,35.29,3.91,39.35
2024-08-05,r2000,1854,108,1732,76,1136,12,369,186,200,359,270,2,81,14.71,34.94,39.04,51.29,54.7,24.56,48.07,3.25,24.12
2024-08-05,scan,69,5,64,3,49,2,4,19,0,33,0,0,0,91.3,100.0,100.0,100.0,100.0,0.0,100.0,0.0,0.0
2024-08-05,sp500,499,24,475,22,400,0,29,12,8,30,62,1,13,28.66,40.48,41.68,64.72,51.1,24.85,62.02,2.63,10.51
2024-08-06,all,3900,2587,1175,986,440,134,59,349,697,607,897,18,63,20.08,35.17,36.77,46.93,37.99,20.52,43.08,3.93,32.47
2024-08-06,nasdaq,2776,1758,898,578,306,94,39,296,645,465,805,7,48,17.3,31.47,32.94,40.53,33.78,20.21,36.29,4.36,39.14
2024-08-06,r2000,1854,1245,551,495,232,77,37,172,204,361,274,12,25,18.39,39.88,42.74,53.77,46.0,22.25,50.33,3.47,23.95
2024-08-06,scan,122,104,17,52,6,16,0,26,0,52,0,1,0,86.07,99.18,100.0,100.0,95.9,0.0,100.0,0.0,0.0
2024-08-06,sp500,499,399,98,223,48,17,4,7,8,42,54,5,3,35.67,46.29,47.9,67.14,49.3,22.63,64.24,2.83,10.3
2024-08-07,all,3900,1100,2646,464,932,85,312,307,767,582,946,18,106,17.38,31.89,34.08,44.87,32.37,22.48,41.59,3.37,32.56
2024-08-07,nasdaq,2776,769,1876,280,591,62,249,261,707,460,833,11,85,15.27,28.37,30.83,38.78,28.38,21.78,35.26,3.64,39.32
2024-08-07,r2000,1854,489,1310,232,496,54,201,143,235,334,305,8,48,14.66,34.73,38.28,51.18,37.03,25.06,48.24,2.97,23.73
2024-08-07,scan,86,24,62,18,28,7,1,15,0,37,0,2,0,81.4,100.0,100.0,100.0,96.51,0.0,100.0,0.0,0.0
2024-08-07,sp500,499,147,351,83,170,3,15,7,14,40,66,4,7,31.26,42.69,45.09,64.11,45.49,25.45,61.62,2.42,10.51
2024-08-08,all,3901,2926,851,837,283,283,67,333,755,713,835,26,60,24.89,40.37,41.24,49.17,31.17,18.82,45.06,4.22,31.9
2024-08-08,nasdaq,2777,1997,666,551,210,219,53,283,695,548,748,15,53,21.64,36.02,36.8,42.69,27.32,18.59,38.3,4.54,38.57
2024-08-08,r2000,1854,1493,336,454,147,153,39,162,230,424,255,13,19,23.31,45.37,47.61,56.24,35.16,20.7,52.37,3.91,23.02
2024-08-08,scan,151,146,5,39,2,16,0,26,0,71,0,3,0,77.48,100.0,100.0,100.0,93.38,0.0,100.0,0.0,0.0
2024-08-08,sp500,499,454,43,142,16,36,3,11,13,44,46,8,1,43.49,53.51,53.31,70.77,45.09,18.99,67.88,2.83,10.3
2024-08-09,all,3901,1597,2111,399,513,99,134,330,774,701,893,36,72,25.48,39.54,40.77,47.92,29.87,19.93,44.21,3.82,32.03
2024-08-09,nasdaq,2777,1064,1554,285,375,78,112,277,713,524,792,22,58,22.36,34.82,36.21,40.93,25.57,20.17,37.1,3.98,38.75
2024-08-09,r2000,1854,693,1091,216,293,58,82,162,253,423,286,17,33,22.34,43.58,45.6,54.7,33.42,22.41,51.27,3.47,22.85
2024-08-09,scan,159,100,54,24,9,9,1,32,2,69,0,4,0,71.7,98.74,100.0,100.0,86.16,0.0,100.0,0.0,0.0
2024-08-09,sp500,499,300,197,45,29,6,2,10,9,50,45,12,1,45.69,55.11,57.52,70.56,44.69,18.99,67.47,3.03,10.51
2024-08-12,all,3901,1296,2444,394,589,84,121,324,771,609,923,28,96,23.14,36.2,38.01,46.74,28.46,21.27,42.96,3.85,31.93
2024-08-12,nasdaq,2777,970,1671,287,405,68,101,275,712,468,817,22,77,20.73,31.61,33.75,40.04,24.23,21.2,35.98,4.17,38.65
2024-08-12,r2000,1854,523,1274,196,327,41,74,150,243,354,312,14,44,19.25,38.86,41.09,52.72,31.14,24.27,49.37,3.36,23.0
2024-08-12,scan,134,53,79,14,17,2,0,33,1,59,0,1,0,77.61,99.25,100.0,100.0,91.04,0.0,100.0,0.0,0.0
2024-08-12,sp500,499,165,332,38,55,4,3,9,10,37,44,3,5,40.68,51.3,53.71,68.15,43.69,21.41,65.86,2.22,10.51
2024-08-13,all,3902,2826,928,719,298,271,46,333,737,792,812,47,41,30.03,42.06,43.57,49.25,29.13,19.01,45.24,4.08,31.66
2024-08-13,nasdaq,2778,1900,743,489,232,216,44,289,685,588,729,28,39,27.12,37.65,38.92,42.65,24.64,18.91,38.35,4.43,38.31
2024-08-13,r2000,1855,1480,341,401,115,167,13,156,226,470,242,25,9,27.37,46.23,49.13,55.8,31.58,21.57,52.01,3.8,22.62
2024-08-13,scan,175,154,21,27,5,18,0,28,2,84,0,4,0,77.14,100.0,100.0,100.0,90.86,0.0,100.0,0.0,0.0
2024-08-13,sp500,499,422,73,73,28,18,2,10,7,67,38,11,0,49.1,57.11,58.52,71.77,44.69,18.18,69.09,2.63,10.1
2024-08-14,all,3903,1541,2204,433,444,77,103,338,739,777,858,50,67,31.38,41.21,42.69,48.92,29.75,19.03,45.02,3.95,32.0
2024-08-14,nasdaq,2779,977,1662,298,344,62,80,299,685,579,767,20,60,28.2,36.41,37.68,42.13,25.33,19.2,37.88,4.35,38.56
2024-08-14,r2000,1855,663,1142,209,210,36,69,160,229,427,274,21,20,27.17,44.44,47.39,55.27,31.68,21.46,51.73,3.52,23.28
2024-08-14,scan,181,105,76,22,9,5,1,36,0,90,0,5,0,76.24,98.34,100.0,100.0,88.95,0.0,100.0,0.0,0.0
2024-08-14,sp500,499,306,189,55,32,5,1,8,8,74,36,20,1,54.71,57.92,59.32,70.97,46.89,18.99,68.28,2.63,10.1
2024-08-15,all,3903,3000,773,840,265,360,24,379,704,828,793,71,23,42.31,49.21,49.75,51.88,32.63,16.65,47.45,4.48,31.42
2024-08-15,nasdaq,2779,2046,613,589,202,282,19,324,661,604,721,43,23,37.61,44.19,44.39,44.82,27.92,17.22,40.02,4.91,37.85
2024-08-15,r2000,1855,1586,229,433,92,202,10,193,207,470,239,38,7,39.74,54.69,56.14,59.18,34.73,18.16,54.93,4.24,22.67
2024-08-15,scan,208,193,14,45,6,18,0,42,0,105,0,9,0,83.17,100.0,100.0,100.0,86.54,0.0,100.0,0.0,0.0
2024-08-15,sp500,499,416,83,122,26,44,1,15,6,77,24,16,0,71.34,65.93,66.53,75.6,51.1,14.75,72.32,3.23,9.7
2024-08-16,all,3906,2182,1541,574,344,101,36,366,715,799,778,50,21,45.42,50.21,51.24,52.21,34.49,16.28,47.88,4.4,31.44
2024-08-16,nasdaq,2782,1497,1130,405,256,86,31,311,666,583,706,35,20,40.43,44.82,45.72,45.1,29.71,16.77,40.36,4.88,38.0
2024-08-16,r2000,1855,1075,712,290,163,47,15,180,214,450,245,31,2,43.41,55.88,57.52,59.34,37.15,17.89,55.37,3.96,22.78
2024-08-16,scan,202,109,90,18,11,4,1,37,0,97,0,3,0,82.18,100.0,100.0,100.0,87.62,0.0,100.0,0.0,0.0
2024-08-16,sp500,499,317,179,68,31,1,0,15,6,76,24,9,0,76.15,68.74,69.14,76.21,53.11,14.55,72.53,3.64,9.29
2024-08-19,all,3907,2816,960,647,250,232,29,384,669,1002,703,91,15,54.97,54.28,54.75,53.61,38.14,15.08,48.98,4.69,31.25
2024-08-19,nasdaq,2783,1945,722,513,193,201,24,329,627,712,646,55,14,50.52,48.93,49.0,46.49,33.14,15.57,41.49,5.1,37.85
2024-08-19,r2000,1855,1406,408,316,112,136,11,186,190,556,206,40,3,53.35,59.62,61.2,61.1,41.73,16.57,56.47,4.57,22.4
2024-08-19,scan,201,169,32,25,6,12,1,26,0,109,0,5,0,87.06,98.01,100.0,100.0,86.57,0.0,100.0,0.0,0.0
2024-08-19,sp500,499,414,82,41,12,6,0,12,7,105,19,21,0,85.57,73.15,73.55,78.02,56.31,12.9,74.4,3.63,9.07
2024-08-20,all,3907,1123,2626,314,412,59,82,340,704,920,709,47,29,50.22,50.23,52.09,52.34,39.41,16.03,48.28,4.11,31.58
2024-08-20,nasdaq,2783,841,1808,243,320,56,57,292,660,670,634,31,25,46.51,45.48,46.93,45.55,34.41,16.2,41.13,4.5,38.17
2024-08-20,r2000,1855,407,1398,119,192,22,42,160,203,498,219,19,11,45.57,53.55,57.08,59.23,43.03,17.89,55.31,3.85,22.95
2024-08-20,scan,193,38,154,7,18,2,3,28,0,106,0,1,0,84.46,99.48,100.0,100.0,95.34,0.0,100.0,0.0,0.0
2024-08-20,sp500,499,174,322,28,33,2,6,10,6,94,26,19,0,79.96,69.94,70.74,76.81,58.72,14.11,73.39,3.43,9.07
2024-08-21,all,3907,2780,952,536,221,194,23,376,667,990,680,81,18,59.58,55.14,56.36,53.94,41.63,14.81,49.48,4.53,31.18
2024-08-21,nasdaq,2783,1874,754,402,181,157,22,325,622,715,615,46,16,55.32,50.02,51.07,46.77,36.3,15.37,42.02,4.87,37.74
2024-08-21,r2000,1855,1431,365,233,88,115,6,189,182,547,205,35,6,58.28,59.08,62.07,60.74,45.96,16.72,56.38,4.35,22.55
2024-08-21,scan,205,173,29,25,6,16,1,37,0,110,0,5,0,86.34,99.51,100.0,100.0,91.22,0.0,100.0,0.0,0.0
2024-08-21,sp500,499,405,93,54,13,9,1,11,7,106,22,30,1,86.57,76.15,74.95,79.64,60.32,11.09,76.01,3.63,9.27
2024-08-22,all,3907,1219,2531,292,393,55,124,341,686,993,728,64,23,56.17,50.81,52.71,52.61,42.56,15.85,48.41,4.24,31.5
2024-08-22,nasdaq,2783,835,1812,236,293,51,109,290,638,706,663,31,21,52.02,45.17,46.82,45.46,37.37,16.44,40.88,4.64,38.04
2024-08-22,r2000,1855,496,1299,106,162,22,71,178,199,561,220,21,9,53.86,53.9,57.72,59.25,46.29,17.82,55.34,3.91,22.94
2024-08-22,scan,188,62,124,10,11,1,2,31,0,107,0,3,0,89.36,99.47,100.0,100.0,94.15,0.0,100.0,0.0,0.0
2024-08-22,sp500,499,205,291,25,42,0,8,9,6,108,26,31,0,81.76,72.95,72.34,77.82,61.92,12.5,74.6,3.23,9.68
2024-08-23,all,3907,3174,608,841,178,549,18,447,630,1176,651,189,16,72.61,61.23,61.47,56.58,46.51,12.6,51.3,5.32,30.78
2024-08-23,nasdaq,2783,2138,527,601,154,374,15,371,596,816,604,83,14,67.53,54.83,55.22,48.97,40.68,13.63,43.2,5.84,37.33
2024-08-23,r2000,1855,1708,115,488,39,399,4,254,163,683,185,101,2,78.25,68.11,69.16,64.96,52.2,13.04,59.63,5.34,22.0
2024-08-23,scan,186,177,9,34,2,55,0,41,0,103,0,13,0,97.31,98.92,100.0,100.0,94.62,0.0,100.0,0.0,0.0
2024-08-23,sp500,499,428,70,72,10,22,1,16,6,136,18,59,0,91.18,80.56,79.56,80.24,65.13,10.69,76.41,3.83,9.07
2024-08-26,all,3909,1863,1894,508,360,107,45,452,617,1216,640,118,13,73.56,60.92,61.3,56.67,49.03,12.46,51.26,5.48,30.8
2024-08-26,nasdaq,2785,1245,1404,361,277,91,40,375,585,830,598,48,12,68.04,54.97,54.94,49.07,42.73,13.48,43.09,6.07,37.36
2024-08-26,r2000,1855,933,865,265,180,61,19,259,157,721,171,56,2,79.94,67.84,69.76,64.91,56.21,12.7,59.87,5.06,22.37
2024-08-26,scan,193,76,116,15,14,1,2,44,0,109,0,5,0,97.93,98.96,100.0,100.0,97.41,0.0,100.0,0.0,0.0
2024-08-26,sp500,499,262,235,33,21,0,1,15,6,141,22,40,0,91.18,78.96,77.56,80.65,66.93,10.69,76.61,4.03,8.67
2024-08-27,all,3909,1367,2368,312,323,58,76,529,592,1079,702,61,17,71.25,58.24,59.44,55.93,49.99,13.13,50.97,5.03,30.88
2024-08-27,nasdaq,2785,941,1691,239,249,46,65,419,556,742,651,28,14,65.48,51.99,53.02,48.51,43.79,14.04,42.98,5.62,37.36
2024-08-27,r2000,1855,550,1245,117,143,26,43,303,158,633,197,23,5,77.29,64.37,67.26,63.87,57.18,13.47,59.43,4.45,22.65
2024-08-27,scan,192,70,120,6,7,2,5,54,0,95,0,0,0,98.96,98.44,100.0,100.0,97.92,0.0,100.0,0.0,0.0
2024-08-27,sp500,499,246,252,31,29,3,3,27,7,119,27,28,0,89.38,77.96,76.75,80.04,68.34,11.69,76.41,3.63,8.27
2024-08-28,all,3910,1231,2515,264,424,47,150,463,644,747,861,72,47,68.22,55.04,57.16,54.34,50.37,14.32,49.78,4.63,31.28
2024-08-28,nasdaq,2786,834,1814,191,315,39,128,365,604,546,773,26,44,61.69,48.04,50.25,46.75,43.9,15.24,41.78,5.05,37.93
2024-08-28,r2000,1855,607,1184,125,186,24,76,267,170,415,281,27,10,76.05,61.78,65.26,62.77,57.94,14.46,58.22,4.56,22.76
2024-08-28,scan,203,59,144,4,14,1,4,51,0,66,0,3,0,99.01,98.52,100.0,100.0,98.52,0.0,100.0,0.0,0.0
2024-08-28,sp500,499,205,289,30,30,1,5,21,8,80,28,35,0,86.77,77.15,76.15,78.83,69.14,12.9,75.0,3.83,8.27
2024-08-29,all,3912,2408,1308,434,235,123,45,492,618,691,907,93,38,71.48,57.5,59.1,55.51,50.5,13.55,50.65,4.92,30.88
2024-08-29,nasdaq,2788,1619,1001,303,190,102,42,382,578,512,817,35,36,65.12,50.82,52.43,47.98,43.82,14.53,42.49,5.58,37.4
2024-08-29,r2000,1855,1289,490,216,87,62,17,289,160,388,294,43,7,80.37,64.7,67.26,63.54,58.32,13.85,58.82,4.73,22.59
2024-08-29,scan,191,116,73,11,5,2,4,48,0,45,1,2,0,99.48,98.95,100.0,100.0,98.43,0.0,100.0,0.0,0.0
2024-08-29,sp500,499,330,169,45,25,9,5,27,9,73,29,34,2,87.58,77.76,77.96,79.64,69.74,12.3,75.81,3.83,8.06
2024-08-30,all,3912,2446,1293,679,326,74,55,584,583,653,926,136,26,73.0,58.97,60.48,56.28,51.16,12.97,51.55,4.82,30.67
2024-08-30,nasdaq,2788,1621,1021,374,236,68,45,443,547,466,837,44,22,66.5,52.08,53.47,48.45,44.57,14.34,42.98,5.58,37.1
2024-08-30,r2000,1855,1192,603,278,157,32,31,354,146,342,308,52,6,81.77,65.84,68.89,64.31,59.51,13.14,59.92,4.4,22.54
2024-08-30,scan,199,148,48,26,13,7,0,63,0,35,1,1,0,99.5,98.49,100.0,100.0,97.99,0.0,100.0,0.0,0.0
2024-08-30,sp500,499,439,58,213,25,5,1,39,9,89,26,65,2,91.78,82.57,81.56,81.85,70.14,10.28,78.02,3.83,7.86
2024-09-03,all,3913,703,3105,317,882,45,503,461,657,387,1218,71,89,54.87,47.71,50.52,52.01,49.38,16.46,48.64,3.44,31.46
2024-09-03,nasdaq,2789,474,2230,189,599,34,369,352,611,286,1048,19,74,48.56,41.55,44.06,44.34,42.64,17.6,40.4,4.04,37.96
2024-09-03,r2000,1855,244,1568,123,407,21,290,268,178,177,482,18,30,61.65,52.62,57.13,59.91,57.29,16.49,56.79,3.13,23.58
2024-09-03,scan,153,21,132,14,24,3,16,44,0,21,0,0,0,94.12,97.39,100.0,100.0,98.69,0.0,100.0,0.0,0.0
2024-09-03,sp500,499,141,356,80,157,2,58,35,12,54,51,43,4,73.15,68.94,70.54,78.02,69.74,14.31,75.0,3.02,7.66
2024-09-04,all,3915,1623,2123,407,481,73,64,426,653,418,1173,65,75,52.45,46.45,49.69,51.93,48.32,16.53,48.54,3.44,31.48
2024-09-04,nasdaq,2791,1170,1477,286,298,65,54,338,611,324,1007,19,63,47.25,40.75,43.52,44.57,41.37,17.25,40.68,3.97,38.1
2024-09-04,r2000,1855,729,1065,184,211,30,30,241,180,182,468,22,22,57.5,50.08,55.39,59.97,56.1,16.55,56.84,3.13,23.47
2024-09-04,scan,137,72,64,18,12,6,1,41,0,34,0,0,0,91.97,98.54,100.0,100.0,100.0,0.0,100.0,0.0,0.0
2024-09-04,sp500,499,237,261,59,90,3,4,23,9,49,36,33,6,70.54,66.73,68.94,76.61,68.94,15.73,73.59,3.02,7.66
2024-09-05,all,3915,1417,2325,376,549,91,101,433,673,455,1081,35,65,47.68,44.44,48.24,50.91,46.75,17.16,47.81,3.17,31.86
2024-09-05,nasdaq,2791,1068,1572,257,347,78,76,344,626,355,925,17,47,44.0,39.45,42.75,43.81,40.14,17.84,40.16,3.74,38.26
2024-09-05,r2000,1855,646,1153,177,266,47,57,238,190,217,419,19,26,51.08,47.21,53.33,58.95,53.77,16.82,56.13,2.86,24.19
2024-09-05,scan,123,61,61,12,9,3,0,42,0,39,0,1,0,88.62,97.56,100.0,100.0,98.37,0.0,100.0,0.0,0.0
2024-09-05,sp500,499,128,367,49,106,3,6,26,10,47,35,9,4,61.72,64.53,66.13,73.79,67.54,17.94,71.37,2.42,8.27
2024-09-06,all,3917,755,3023,285,813,40,253,414,698,434,1137,26,114,33.5,36.58,42.12,48.11,43.25,19.61,45.28,2.88,32.22
2024-09-06,nasdaq,2793,558,2111,197,516,31,198,330,650,333,965,7,86,31.47,32.42,37.51,41.16,37.25,20.04,37.79,3.44,38.73
2024-09-06,r2000,1855,302,1512,116,364,22,147,230,206,204,454,13,48,32.9,37.21,45.83,55.6,49.19,19.96,53.0,2.64,24.41
2024-09-06,scan,68,22,45,16,9,3,4,25,0,33,0,1,0,88.24,100.0,100.0,100.0,98.53,0.0,100.0,0.0,0.0
2024-09-06,sp500,499,80,416,50,184,0,23,18,10,51,42,8,7,43.49,55.51,57.72,70.56,63.13,20.97,68.15,2.42,8.47
2024-09-09,all,3917,2190,1579,696,577,168,91,383,705,403,1199,48,90,36.14,38.69,43.26,49.23,40.65,18.66,45.94,3.36,32.04
2024-09-09,nasdaq,2793,1531,1136,433,393,148,69,306,652,300,1015,19,64,33.91,34.59,38.79,42.6,35.09,18.99,38.54,4.15,38.32
2024-09-09,r2000,1855,958,839,305,329,93,56,214,221,176,497,22,49,33.91,37.59,45.48,55.54,45.15,19.85,52.67,2.91,24.57
2024-09-09,scan,84,67,17,24,7,14,0,22,0,28,0,2,0,88.1,98.81,100.0,100.0,98.81,0.0,100.0,0.0,0.0
2024-09-09,sp500,499,415,84,179,54,4,0,17,11,60,44,19,2,53.91,63.33,63.73,73.99,61.12,17.74,71.37,2.62,8.27
2024-09-10,all,3917,1949,1794,477,541,115,80,407,694,408,1242,70,77,36.95,39.61,43.67,48.6,39.23,19.4,45.31,3.36,31.93
2024-09-10,nasdaq,2793,1366,1273,319,329,102,53,328,642,306,1040,26,52,34.94,35.67,39.44,42.07,33.96,19.48,38.21,3.96,38.36
2024-09-10,r2000,1855,970,819,222,268,63,45,228,210,164,526,28,39,36.39,39.37,46.29,55.21,42.72,20.34,52.34,2.91,24.41
2024-09-10,scan,87,57,29,11,8,3,0,30,0,29,0,2,0,80.46,98.85,100.0,100.0,97.7,0.0,100.0,0.0,0.0
2024-09-10,sp500,499,268,227,67,91,3,8,19,11,67,47,34,6,51.7,62.93,63.33,73.19,60.92,18.75,70.56,2.62,8.06
2024-09-11,all,3919,1959,1800,677,550,196,49,440,617,457,1049,65,37,37.36,41.12,43.95,48.92,37.46,18.98,45.6,3.38,32.04
2024-09-11,nasdaq,2795,1425,1232,464,314,164,32,349,567,351,889,27,26,36.6,37.9,39.81,42.48,32.89,18.99,38.47,4.11,38.43
2024-09-11,r2000,1855,887,912,303,260,85,31,240,178,204,443,38,14,34.02,38.56,44.78,55.1,39.74,20.34,52.17,2.97,24.52
2024-09-11,scan,114,84,28,36,4,17,0,38,0,56,0,6,0,68.42,98.25,100.0,100.0,90.35,0.0,100.0,0.0,0.0
2024-09-11,sp500,499,245,250,118,121,26,1,25,10,60,26,17,2,51.5,67.33,66.33,73.59,58.72,17.94,71.57,2.02,8.47
2024-09-12,all,3920,2511,1240,711,359,153,44,499,620,472,1093,106,24,42.68,44.93,46.27,50.38,37.12,17.52,46.75,3.7,32.03
2024-09-12,nasdaq,2796,1621,1027,455,282,119,39,388,568,356,919,47,21,40.22,40.82,41.81,43.55,32.49,17.87,39.33,4.3,38.5
2024-09-12,r2000,1855,1348,432,365,128,88,20,289,184,205,472,58,7,42.86,45.16,48.62,57.3,38.93,18.13,53.96,3.41,24.51
2024-09-12,scan,127,117,9,28,2,9,0,34,0,52,0,8,0,76.38,98.43,100.0,100.0,86.61,0.0,100.0,0.0,0.0
2024-09-12,sp500,499,374,124,114,44,9,2,27,11,69,26,31,0,56.91,69.54,70.34,75.0,58.92,16.53,72.58,2.42,8.47
2024-09-13,all,3922,3035,760,939,235,308,23,606,584,447,1051,176,20,56.59,55.14,54.07,53.19,39.82,14.88,48.81,4.44,31.87
2024-09-13,nasdaq,2798,2031,650,627,190,220,20,462,545,345,890,72,19,53.07,50.29,48.97,46.01,34.9,15.7,40.97,5.12,38.21
2024-09-13,r2000,1855,1638,185,534,69,212,8,377,153,203,434,98,2,63.45,60.1,60.53,61.38,42.66,14.45,56.98,4.45,24.12
2024-09-13,scan,159,141,18,42,4,25,1,52,0,43,0,5,0,79.87,99.37,100.0,100.0,83.65,0.0,100.0,0.0,0.0
2024-09-13,sp500,499,419,78,99,27,8,2,36,10,55,25,51,0,66.13,76.15,73.35,77.02,60.92,14.11,74.8,2.22,8.87
2024-09-16,all,3925,2126,1641,698,480,93,91,566,592,513,974,156,35,58.31,56.97,54.95,53.32,41.73,14.74,48.64,4.73,31.89
2024-09-16,nasdaq,2801,1341,1324,467,374,78,82,433,552,398,834,62,32,53.4,51.7,49.22,45.86,36.43,15.84,40.43,5.49,38.23
2024-09-16,r2000,1858,1080,724,354,234,46,43,341,159,229,380,73,6,65.61,62.42,61.51,61.44,45.1,14.34,56.76,4.73,24.18
2024-09-16,scan,162,110,50,30,9,10,0,49,0,56,0,3,0,84.57,99.38,100.0,100.0,89.51,0.0,100.0,0.0,0.0
2024-09-16,sp500,499,383,115,111,29,6,2,37,10,63,23,59,1,73.15,78.16,75.75,77.22,63.93,13.71,74.8,2.42,9.07
2024-09-17,all,3926,2203,1560,800,521,158,49,609,567,520,893,100,22,61.61,59.14,56.75,54.42,43.59,13.69,49.3,5.18,31.84
2024-09-17,nasdaq,2802,1509,1151,565,373,112,46,460,533,406,769,42,21,56.41,53.12,50.52,46.93,37.93,14.76,41.11,5.9,38.23
2024-09-17,r2000,1858,1158,631,457,243,91,22,378,142,232,349,61,1,70.51,66.58,64.9,62.59,47.7,13.35,57.36,5.27,24.01
2024-09-17,scan,175,114,59,28,20,5,2,57,0,61,0,4,0,90.29,99.43,100.0,100.0,90.29,0.0,100.0,0.0,0.0
2024-09-17,sp500,499,275,223,73,68,5,1,34,10,59,18,25,0,72.34,79.76,77.96,78.83,67.13,11.69,76.41,2.42,9.48
2024-09-18,all,3926,1653,2088,740,701,76,58,642,549,491,961,61,25,59.2,58.98,55.64,53.72,44.31,14.11,48.75,5.05,32.1
2024-09-18,nasdaq,2802,1137,1520,502,482,67,48,479,519,386,830,27,25,53.79,52.8,49.37,46.05,38.4,15.36,40.36,5.79,38.49
2024-09-18,r2000,1858,849,934,422,368,34,29,403,131,226,369,37,2,69.06,66.52,63.55,62.04,49.05,13.46,56.81,5.27,24.45
2024-09-18,scan,176,102,73,47,27,5,0,70,0,52,0,7,0,90.91,100.0,100.0,100.0,94.32,0.0,100.0,0.0,0.0
2024-09-18,sp500,499,209,285,82,74,1,3,36,10,46,21,13,0,69.94,79.76,75.75,78.43,67.33,12.1,76.21,2.22,9.48
2024-09-19,all,3926,2869,916,1196,402,273,40,704,527,675,738,163,29,68.7,65.49,62.1,56.51,46.42,11.62,50.77,5.81,31.8
2024-09-19,nasdaq,2802,1998,674,775,258,201,36,536,497,508,666,83,29,63.96,59.11,55.56,48.66,40.35,12.92,42.17,6.57,38.33
2024-09-19,r2000,1858,1511,313,648,153,149,16,446,123,322,233,89,1,79.46,74.8,70.25,65.5,51.92,10.54,59.31,6.21,23.94
2024-09-19,scan,176,147,27,69,13,26,0,68,0,76,0,15,0,94.89,99.43,100.0,100.0,93.75,0.0,100.0,0.0,0.0
2024-09-19,sp500,499,354,143,193,93,33,0,40,10,73,11,47,0,77.15,85.97,85.17,82.06,69.74,8.87,79.84,2.22,9.07
2024-09-20,all,3926,1205,2575,900,1962,91,210,684,515,876,621,82,43,62.09,61.8,57.76,55.09,47.75,12.73,49.6,5.55,32.12
2024-09-20,nasdaq,2802,879,1798,606,1259,77,159,536,484,646,566,44,41,58.2,56.28,51.48,47.39,41.68,13.97,41.2,6.28,38.55
2024-09-20,r2000,1858,469,1345,401,1194,38,130,417,127,407,187,43,9,68.79,69.4,64.25,63.52,53.65,11.86,57.83,5.71,24.6
2024-09-20,scan,169,59,108,54,96,2,6,61,0,91,0,4,0,94.67,100.0,100.0,100.0,97.63,0.0,100.0,0.0,0.0
2024-09-20,sp500,499,189,305,185,297,6,7,37,10,117,7,16,1,71.54,80.36,79.76,78.83,69.94,11.69,77.02,1.81,9.48
2024-09-23,all,3927,1611,2147,536,619,52,48,682,530,1151,550,76,46,58.99,60.59,55.88,54.19,47.93,12.92,48.97,5.28,32.83
2024-09-23,nasdaq,2803,992,1671,318,464,42,46,524,499,799,508,31,44,52.96,53.75,48.63,46.24,41.68,14.46,40.34,5.98,39.22
2024-09-23,r2000,1858,697,1097,248,319,19,13,414,127,554,159,21,8,64.8,67.3,61.22,62.48,53.6,12.41,56.78,5.71,25.1
2024-09-23,scan,166,70,95,25,28,3,0,65,0,115,0,4,0,96.39,98.8,100.0,100.0,98.8,0.0,100.0,0.0,0.0
2024-09-23,sp500,499,355,138,107,35,0,1,43,9,179,5,36,0,78.16,84.17,82.57,79.64,70.94,10.89,77.82,1.81,9.48
2024-09-24,all,3928,1998,1771,673,516,151,56,684,509,1052,538,109,28,58.87,61.4,56.47,54.82,49.19,12.09,49.35,5.52,33.03
2024-09-24,nasdaq,2804,1407,1261,474,366,123,42,519,479,751,498,61,26,53.73,54.91,49.46,47.06,42.51,13.44,40.96,6.16,39.43
2024-09-24,r2000,1858,935,865,305,228,68,33,415,125,498,154,41,6,62.8,66.67,61.01,62.59,54.73,11.97,56.78,5.82,25.43
2024-09-24,scan,147,83,64,22,14,6,0,52,0,94,0,0,0,93.88,100.0,100.0,100.0,98.64,0.0,100.0,0.0,0.0
2024-09-24,sp500,499,251,245,86,80,4,5,40,8,153,5,36,0,76.35,84.97,82.16,80.44,74.15,9.68,78.43,2.02,9.88
2024-09-25,all,3929,1077,2711,394,749,70,135,616,528,1068,501,49,51,53.02,56.8,52.65,53.06,49.31,13.34,47.82,5.28,33.56
2024-09-25,nasdaq,2804,833,1848,290,499,63,97,482,491,769,463,31,44,49.64,50.94,46.58,45.53,42.71,14.49,39.62,5.97,39.92
2024-09-25,r2000,1859,389,1415,163,396,26,92,362,139,497,141,22,20,53.64,59.71,54.62,60.78,54.25,13.4,55.08,5.71,25.81
2024-09-25,scan,146,40,105,10,24,1,2,43,0,97,0,2,0,98.63,100.0,100.0,100.0,100.0,0.0,100.0,0.0,0.0
2024-09-25,sp500,499,143,354,50,98,2,6,35,7,156,4,10,1,67.13,78.76,78.16,77.62,73.15,11.9,75.81,1.81,10.48
2024-09-26,all,3929,2448,1311,820,440,272,59,689,489,972,508,77,26,58.9,62.4,57.54,54.74,49.67,12.25,48.72,6.07,32.95
2024-09-26,nasdaq,2804,1736,918,568,282,219,40,532,459,721,467,36,25,56.42,57.95,52.1,47.32,43.38,13.41,40.4,6.98,39.21
2024-09-26,r2000,1859,1194,599,348,193,113,28,403,120,429,145,25,4,59.73,65.48,58.83,61.71,54.08,12.58,55.63,6.1,25.7
2024-09-26,scan,147,100,45,27,6,10,0,53,0,81,0,0,0,97.28,100.0,100.0,100.0,99.32,0.0,100.0,0.0,0.0
2024-09-26,sp500,499,328,171,132,69,33,6,42,7,127,8,28,1,70.54,81.56,83.37,81.25,73.35,9.27,78.63,2.62,9.48
2024-09-27,all,3934,2370,1406,739,407,142,37,705,462,1051,435,63,14,63.63,65.35,60.36,56.22,50.59,11.01,49.43,6.84,32.72
2024-09-27,nasdaq,2806,1595,1083,493,309,116,28,526,432,790,406,31,14,60.63,60.22,54.66,48.62,44.62,12.32,40.85,7.84,38.98
2024-09-27,r2000,1863,1183,612,345,168,78,20,411,110,465,107,26,0,65.71,69.31,62.58,62.92,54.43,11.31,56.07,6.86,25.76
2024-09-27,scan,149,77,69,19,14,5,2,60,0,80,0,0,0,95.97,100.0,100.0,100.0,98.66,0.0,100.0,0.0,0.0
2024-09-27,sp500,499,326,170,95,52,7,3,48,6,123,6,14,0,74.35,84.97,84.97,83.67,73.95,7.46,79.84,3.83,8.87
2024-09-30,all,3934,2035,1742,856,594,117,73,680,468,1172,410,100,28,65.95,67.08,61.95,56.06,51.7,11.22,49.0,7.1,32.68
2024-09-30,nasdaq,2806,1362,1311,556,413,98,64,505,440,871,380,51,28,62.27,62.1,56.32,48.58,45.81,12.62,40.28,8.36,38.75
2024-09-30,r2000,1863,1019,787,415,282,57,27,392,112,545,99,52,2,69.16,71.63,64.69,62.75,55.4,11.42,55.68,7.08,25.81
2024-09-30,scan,165,102,62,29,25,4,1,60,0,93,0,1,0,95.15,100.0,100.0,100.0,98.79,0.0,100.0,0.0,0.0
2024-09-30,sp500,499,312,184,135,67,0,2,51,7,140,6,23,0,78.36,85.77,86.37,82.86,74.95,8.06,78.83,4.03,9.07
2024-10-01,all,3936,985,2833,477,840,60,207,584,505,838,512,77,59,53.67,57.62,54.77,53.91,50.55,12.57,47.84,6.12,33.47
2024-10-01,nasdaq,2808,671,2034,324,599,52,176,435,472,641,477,33,56,48.84,51.91,48.72,46.67,44.71,13.7,39.42,7.32,39.57
2024-10-01,r2000,1863,383,1437,187,411,20,121,295,132,353,135,23,11,53.21,58.58,54.81,60.01,52.32,13.18,54.15,5.88,26.8
2024-10-01,scan,133,37,96,17,26,7,2,38,0,48,0,2,0,95.49,100.0,100.0,100.0,99.25,0.0,100.0,0.0,0.0
2024-10-01,sp500,499,165,334,82,105,3,4,51,10,93,6,37,1,72.95,79.96,81.16,79.84,75.15,10.28,76.61,3.23,9.88
2024-10-02,all,3938,1729,2051,528,455,119,52,631,499,877,481,76,41,51.14,55.88,54.43,54.2,50.4,12.22,47.76,6.49,33.53
2024-10-02,nasdaq,2810,1267,1406,394,318,98,41,467,465,682,449,45,36,47.91,50.34,48.72,47.04,44.75,13.4,39.46,7.65,39.49
2024-10-02,r2000,1863,759,1040,200,197,44,24,321,133,366,124,27,13,49.54,55.72,53.94,59.85,51.24,12.8,53.82,6.04,27.35
2024-10-02,scan,135,82,52,19,6,5,0,45,0,55,0,1,0,95.56,100.0,100.0,100.0,99.26,0.0,100.0,0.0,0.0
2024-10-02,sp500,499,229,268,59,62,2,2,60,10,91,6,16,2,66.53,77.56,79.16,79.64,74.55,10.28,76.61,3.02,10.08
2024-10-03,all,3940,1206,2570,359,521,90,76,602,506,697,585,60,56,44.96,51.4,51.0,52.75,48.84,13.12,46.45,6.33,34.1
2024-10-03,nasdaq,2811,900,1769,256,359,66,59,458,471,559,539,36,47,42.86,46.78,45.51,45.66,43.41,14.1,38.36,7.35,40.19
2024-10-03,r2000,1864,544,1261,164,243,47,52,310,133,280,182,29,29,42.53,50.49,49.76,58.53,48.57,13.61,52.36,6.15,27.88
2024-10-03,scan,115,41,73,6,14,3,1,33,0,36,0,0,0,93.04,100.0,100.0,100.0,98.26,0.0,100.0,0.0,0.0
2024-10-03,sp500,499,119,378,41,65,6,2,49,10,59,8,19,2,56.71,69.94,74.95,77.82,73.35,11.9,74.8,3.02,10.28
2024-10-04,all,3940,2731,1050,613,283,224,31,639,488,764,545,118,25,53.26,56.63,56.74,55.11,48.93,11.16,48.09,7.07,33.68
2024-10-04,nasdaq,2811,1904,759,446,195,185,27,490,451,605,507,67,25,50.88,52.25,51.91,47.99,43.8,12.13,39.89,8.17,39.81
2024-10-04,r2000,1864,1421,396,279,109,114,10,342,125,303,153,53,4,52.08,57.61,57.53,61.6,48.73,11.03,54.45,7.14,27.39
2024-10-04,scan,147,126,21,22,7,20,2,45,2,45,1,3,0,92.52,96.6,100.0,100.0,95.24,0.0,100.0,0.0,0.0
2024-10-04,sp500,499,366,133,61,39,12,0,51,9,73,8,36,1,63.33,72.75,77.56,79.84,71.74,10.28,76.21,3.63,9.88
2024-10-07,all,3941,1105,2686,446,680,99,141,646,503,641,673,57,55,44.53,50.44,52.45,53.37,46.85,12.43,46.81,6.6,34.17
2024-10-07,nasdaq,2812,837,1844,346,446,88,103,489,468,520,612,31,45,43.69,47.37,48.34,46.46,42.1,13.2,38.83,7.68,40.28
2024-10-07,r2000,1864,476,1334,179,335,38,80,349,120,244,222,26,26,41.99,50.03,52.56,59.3,46.52,12.4,52.96,6.31,28.32
2024-10-07,scan,117,32,84,14,14,4,6,43,1,28,0,1,0,94.02,100.0,100.0,100.0,99.15,0.0,100.0,0.0,0.0
2024-10-07,sp500,499,106,388,32,101,3,13,52,10,52,9,13,2,49.9,62.32,70.34,76.81,67.74,13.1,73.79,3.02,10.08
2024-10-08,all,3941,1712,2055,474,498,99,87,605,532,689,648,68,42,41.99,49.19,51.39,52.69,45.84,12.51,46.46,6.25,34.78
2024-10-08,nasdaq,2812,1183,1482,327,355,91,66,462,491,540,594,42,38,41.34,46.42,47.55,45.79,41.77,13.2,38.46,7.39,40.95
2024-10-08,r2000,1864,810,982,227,206,49,37,321,136,278,208,21,9,39.08,47.98,50.92,58.86,45.04,12.62,52.58,6.26,28.54
2024-10-08,scan,127,74,52,19,11,12,3,54,0,39,0,2,0,90.55,97.64,100.0,100.0,97.64,0.0,100.0,0.0,0.0
2024-10-08,sp500,499,317,180,74,46,9,6,52,10,64,8,26,1,54.11,64.33,71.74,76.41,65.33,12.9,73.59,2.82,10.69
2024-10-09,all,3942,2032,1753,515,429,95,76,634,539,632,742,101,44,42.55,49.58,53.03,53.16,45.33,11.93,46.54,6.65,34.88
2024-10-09,nasdaq,2813,1362,1317,367,324,78,68,473,503,501,668,51,41,41.1,46.28,48.67,46.24,41.41,12.76,38.49,7.8,40.95
2024-10-09,r2000,1864,983,830,232,187,47,37,342,137,250,252,38,15,39.41,48.36,52.91,59.41,43.96,11.86,52.52,6.86,28.76
2024-10-09,scan,119,75,44,23,10,7,2,51,0,33,0,2,0,89.08,99.16,100.0,100.0,95.8,0.0,100.0,0.0,0.0
2024-10-09,sp500,499,379,120,75,26,6,2,55,9,66,8,46,1,59.72,68.94,76.55,78.63,66.53,11.09,75.2,3.43,10.28
2024-10-10,all,3944,1413,2341,376,564,77,91,562,556,645,683,44,41,39.36,47.03,51.94,52.82,44.11,11.92,46.19,6.67,35.21
2024-10-10,nasdaq,2814,1011,1648,286,404,65,72,429,521,505,624,28,37,38.59,44.25,48.11,45.9,40.79,12.57,38.18,7.79,41.46
2024-10-10,r2000,1865,646,1152,182,286,38,53,296,144,256,209,20,18,35.74,44.96,51.83,59.3,43.04,11.64,52.31,6.97,29.09
2024-10-10,scan,113,59,53,13,12,3,0,47,0,33,0,0,0,88.5,99.12,100.0,100.0,96.46,0.0,100.0,0.0,0.0
2024-10-10,sp500,499,160,335,31,48,2,1,43,10,68,8,10,2,52.91,64.73,73.55,77.82,63.33,12.3,73.79,4.03,9.88
2024-10-11,all,3946,3008,791,727,209,267,20,511,560,616,713,153,12,52.95,56.18,59.78,54.95,45.86,10.31,47.15,7.86,34.68
2024-10-11,nasdaq,2816,2027,661,515,179,212,16,402,518,488,648,82,12,51.64,53.11,55.39,47.77,42.56,11.07,38.93,8.91,41.09
2024-10-11,r2000,1866,1577,242,392,74,160,6,254,153,242,234,58,0,54.68,58.65,63.81,62.15,45.52,9.76,53.21,8.94,28.09
2024-10-11,scan,128,119,9,24,3,16,0,40,1,25,0,4,0,87.5,100.0,100.0,100.0,95.31,0.0,100.0,0.0,0.0
2024-10-11,sp500,499,433,66,80,13,12,2,37,8,62,8,59,0,64.73,72.34,78.96,80.24,64.93,9.88,76.21,4.03,9.88
2024-10-14,all,3950,2201,1593,504,332,122,55,472,588,628,702,175,22,55.37,58.38,61.72,55.52,48.15,9.68,47.34,8.23,34.76
2024-10-14,nasdaq,2820,1464,1219,361,259,104,44,373,544,495,635,91,21,53.1,54.73,57.06,48.34,44.49,10.4,39.22,9.17,41.2
2024-10-14,r2000,1869,1073,740,239,137,69,27,234,159,243,229,67,3,56.84,60.86,65.26,62.39,48.92,9.27,53.1,9.27,28.36
2024-10-14,scan,122,80,39,15,5,6,1,35,2,22,0,3,0,90.98,99.18,100.0,100.0,95.08,0.0,100.0,0.0,0.0
2024-10-14,sp500,499,395,104,71,18,5,0,35,7,70,7,72,0,72.95,77.76,82.36,82.66,68.34,7.66,77.62,5.04,9.68
2024-10-15,all,3950,1949,1854,758,664,108,154,456,611,627,669,125,29,55.4,58.56,61.46,55.2,49.79,9.54,46.72,8.52,35.22
2024-10-15,nasdaq,2820,1348,1342,505,471,84,123,353,568,500,603,67,25,52.86,54.47,56.45,48.01,45.86,10.29,38.61,9.43,41.67
2024-10-15,r2000,1869,1073,742,428,236,65,55,225,175,256,205,69,5,60.06,62.86,66.5,62.72,51.94,8.72,52.44,10.26,28.58
2024-10-15,scan,124,70,54,27,17,6,7,34,2,28,0,2,0,88.71,100.0,100.0,100.0,96.77,0.0,100.0,0.0,0.0
2024-10-15,sp500,499,238,260,119,138,3,26,37,8,69,6,36,0,70.94,75.55,79.36,81.45,69.14,8.67,76.21,5.24,9.88
2024-10-16,all,3951,2938,877,1048,297,254,30,421,643,793,528,166,10,66.91,65.34,66.47,57.18,52.55,8.38,47.36,9.83,34.42
2024-10-16,nasdaq,2821,2006,690,758,237,209,29,333,597,624,479,90,9,63.49,61.19,61.87,49.94,48.15,9.17,39.12,10.84,40.87
2024-10-16,r2000,1869,1534,295,571,104,141,10,193,195,328,146,106,3,74.6,71.7,72.65,65.3,55.83,7.19,53.48,11.79,27.54
2024-10-16,scan,117,87,30,21,7,11,1,22,0,30,0,4,0,94.87,100.0,100.0,100.0,94.87,0.0,100.0,0.0,0.0
2024-10-16,sp500,499,361,138,105,43,9,1,33,8,89,7,37,0,75.55,77.35,80.16,82.66,71.34,7.86,76.41,6.25,9.48
2024-10-17,all,3952,1736,2043,588,515,100,83,449,602,751,580,133,13,64.2,63.89,65.09,56.91,53.91,8.3,47.05,9.88,34.77
2024-10-17,nasdaq,2822,1227,1443,440,342,86,64,352,557,590,524,65,11,61.15,59.86,60.75,49.65,49.41,9.09,38.86,10.8,41.24
2024-10-17,r2000,1869,848,959,278,227,45,41,207,182,315,179,74,4,71.96,70.57,71.52,65.24,58.52,7.02,53.04,12.18,27.76
2024-10-17,scan,117,49,68,12,19,1,2,35,0,32,0,0,0,89.74,99.15,100.0,100.0,98.29,0.0,100.0,0.0,0.0
2024-10-17,sp500,499,236,261,75,102,6,8,36,7,80,8,42,2,70.34,74.95,77.96,81.65,72.14,8.27,76.01,5.65,10.08
2024-10-18,all,3952,2063,1712,670,471,163,37,529,528,755,552,118,12,66.73,65.16,65.91,57.47,55.19,8.33,47.07,10.41,34.19
2024-10-18,nasdaq,2822,1496,1179,502,314,139,30,416,487,610,492,53,9,64.84,62.62,62.62,50.35,50.77,9.13,38.93,11.44,40.5
2024-10-18,r2000,1869,866,938,268,247,77,19,252,155,305,181,61,6,71.53,69.16,70.23,65.02,59.6,7.68,52.39,12.62,27.32
2024-10-18,scan,123,61,59,18,8,4,0,43,0,32,0,3,0,91.87,98.37,100.0,100.0,95.93,0.0,100.0,0.0,0.0
2024-10-18,sp500,499,313,184,111,75,4,4,41,7,72,8,40,2,73.35,75.95,79.36,82.46,73.75,7.46,76.81,5.65,10.08
2024-10-21,all,3954,992,2822,388,781,98,127,509,522,878,473,46,21,54.77,57.05,59.12,55.31,53.49,9.46,46.23,9.09,35.21
2024-10-21,nasdaq,2824,825,1874,318,500,81,80,401,481,703,423,30,12,55.17,55.73,57.2,49.27,49.6,9.61,38.71,10.58,41.1
2024-10-21,r2000,1869,349,1477,145,443,39,98,233,153,357,150,24,13,54.92,57.09,60.0,61.73,56.93,9.16,51.07,10.64,29.13
2024-10-21,scan,103,27,74,5,24,3,3,34,0,50,0,0,0,88.35,99.03,100.0,100.0,98.06,0.0,100.0,0.0,0.0
2024-10-21,sp500,499,86,410,21,113,3,3,40,7,94,6,8,1,62.12,69.14,72.55,80.44,71.94,8.87,75.6,4.84,10.69
2024-10-22,all,3955,1612,2159,521,570,103,87,470,569,873,488,53,27,52.79,55.81,56.67,55.54,51.91,9.28,46.13,9.44,35.16
2024-10-22,nasdaq,2825,1221,1444,406,372,91,59,379,523,706,433,40,21,54.32,55.78,55.92,49.53,48.97,9.39,38.64,10.92,41.06
2024-10-22,r2000,1869,745,1048,202,260,37,42,203,187,355,158,17,15,52.66,55.85,57.47,62.06,54.5,8.83,51.07,10.97,29.13
2024-10-22,scan,95,43,50,13,8,5,1,31,0,49,0,1,0,93.68,100.0,100.0,100.0,98.95,0.0,100.0,0.0,0.0
2024-10-22,sp500,499,185,312,60,102,5,13,34,8,87,8,10,1,56.91,65.53,68.14,78.83,68.34,10.08,74.19,4.64,11.09
2024-10-23,all,3956,1132,2661,419,788,64,159,426,625,825,503,41,44,46.19,51.33,52.22,54.0,49.06,10.04,45.36,8.65,35.95
2024-10-23,nasdaq,2826,781,1903,288,538,51,134,347,573,660,454,24,37,47.72,51.29,51.39,47.66,46.89,10.17,37.93,9.72,42.18
2024-10-23,r2000,1869,528,1283,180,357,25,99,183,220,343,160,14,21,45.41,50.94,52.24,60.58,51.43,9.43,50.36,10.2,30.01
2024-10-23,scan,81,25,55,5,15,1,4,35,0,45,0,0,0,88.89,100.0,100.0,100.0,100.0,0.0,100.0,0.0,0.0
2024-10-23,sp500,499,180,313,73,114,6,6,29,7,86,7,17,1,51.7,63.73,67.13,77.22,64.73,12.1,72.18,5.04,10.69
2024-10-24,all,3961,1878,1929,616,593,139,83,484,588,970,457,67,32,45.73,51.0,52.05,53.98,46.9,9.8,45.1,8.88,36.22
2024-10-24,nasdaq,2831,1294,1402,420,409,115,57,382,537,760,419,44,30,46.76,50.86,51.4,47.69,45.43,9.95,37.7,9.99,42.36
2024-10-24,r2000,1870,939,880,312,266,64,36,209,198,411,133,28,13,45.63,51.32,52.78,61.13,48.73,8.78,50.3,10.81,30.12
2024-10-24,scan,89,57,31,16,3,4,0,38,1,62,0,1,0,85.39,100.0,100.0,100.0,97.75,0.0,100.0,0.0,0.0
2024-10-24,sp500,499,251,246,80,86,11,16,42,7,112,7,15,0,50.3,60.92,64.53,76.01,61.32,12.5,71.37,4.64,11.49
2024-10-25,all,3962,1563,2248,511,585,115,71,454,600,903,462,31,28,42.78,48.79,49.55,53.7,45.15,9.91,44.94,8.75,36.4
2024-10-25,nasdaq,2832,1229,1470,405,392,101,53,365,543,716,428,20,25,45.94,49.84,49.98,47.92,44.13,9.84,37.93,9.99,42.25
2024-10-25,r2000,1870,685,1134,218,278,45,45,180,212,376,137,8,15,40.47,47.28,48.36,60.22,46.42,9.16,49.7,10.48,30.66
2024-10-25,scan,89,49,40,14,10,8,0,31,1,53,0,2,0,82.02,100.0,100.0,100.0,96.63,0.0,100.0,0.0,0.0
2024-10-25,sp500,499,153,342,52,94,8,6,45,7,98,6,10,0,42.48,56.11,59.12,75.0,57.31,12.3,71.17,3.83,12.7
2024-10-28,all,3964,2768,1057,981,384,282,26,458,585,1036,424,60,17,53.56,56.12,55.95,56.15,45.66,9.01,45.73,10.41,34.84
2024-10-28,nasdaq,2834,1919,789,700,267,227,24,380,526,815,398,42,17,56.55,57.58,56.56,50.22,45.6,8.94,38.71,11.51,40.83
2024-10-28,r2000,1871,1458,375,523,155,157,12,178,207,456,119,33,3,55.66,58.11,57.9,63.4,46.95,8.12,50.74,12.62,28.52
2024-10-28,scan,100,77,19,24,4,16,1,29,1,60,0,2,0,89.0,100.0,100.0,100.0,96.0,0.0,100.0,0.0,0.0
2024-10-28,sp500,499,355,144,117,60,6,1,39,6,102,6,11,0,50.9,60.12,61.92,76.61,56.91,11.49,71.77,4.84,11.9
2024-10-29,all,3965,1546,2273,573,785,121,98,492,563,993,465,60,31,50.48,53.92,54.11,55.3,45.18,9.46,45.43,9.86,35.26
2024-10-29,nasdaq,2835,1218,1492,443,462,105,70,408,512,793,432,43,22,54.0,56.11,56.09,49.55,45.78,9.46,38.51,11.02,41.01
2024-10-29,r2000,1871,727,1091,251,376,55,62,197,194,438,134,32,17,52.74,55.04,55.36,62.14,46.31,8.89,50.19,11.9,29.02
2024-10-29,scan,115,59,55,17,17,7,0,44,1,72,0,1,0,85.22,100.0,100.0,100.0,94.78,0.0,100.0,0.0,0.0
2024-10-29,sp500,499,169,329,86,162,11,6,40,6,100,10,15,0,44.69,56.31,56.91,75.6,54.51,12.1,71.17,4.44,12.3
2024-10-30,all,3967,1686,2146,681,701,122,112,485,565,897,505,63,42,48.71,52.57,52.7,54.88,44.54,9.75,45.35,9.51,35.39
2024-10-30,nasdaq,2837,1087,1631,422,476,87,100,403,509,712,464,40,34,50.91,53.49,53.07,49.07,45.1,9.8,38.44,10.61,41.15
2024-10-30,r2000,1871,887,937,335,326,61,55,194,195,403,155,36,21,51.88,55.26,55.04,61.64,45.71,9.38,50.25,11.35,29.02
2024-10-30,scan,106,55,51,16,16,5,1,41,0,63,0,4,0,82.08,100.0,100.0,100.0,94.34,0.0,100.0,0.0,0.0
2024-10-30,sp500,499,238,259,138,132,13,11,41,7,83,11,11,1,43.69,54.31,57.52,74.6,53.51,12.9,69.56,5.04,12.5
2024-10-31,all,3967,888,2955,453,1217,98,282,416,636,689,665,32,97,36.94,44.32,45.43,52.37,42.54,10.99,44.27,8.09,36.65
2024-10-31,nasdaq,2837,642,2083,291,749,70,219,345,571,559,575,18,74,39.58,45.83,46.64,46.6,43.55,10.95,37.43,9.16,42.46
2024-10-31,r2000,1871,347,1487,213,623,57,155,172,224,281,242,12,48,37.45,44.96,45.66,58.58,43.5,11.08,49.15,9.38,30.39
2024-10-31,scan,96,21,73,13,31,6,5,34,1,49,0,2,0,79.17,97.92,100.0,100.0,98.96,0.0,100.0,0.0,0.0
2024-10-31,sp500,499,133,365,91,257,12,30,28,9,65,26,13,5,33.67,47.09,50.3,71.98,49.5,14.72,68.35,3.63,13.31
2024-11-01,all,3967,2014,1811,782,675,164,72,501,551,699,648,34,52,39.3,44.93,46.43,52.78,40.96,10.91,44.39,8.38,36.33
2024-11-01,nasdaq,2837,1494,1221,529,399,128,54,423,499,582,550,27,39,42.21,46.8,47.83,47.03,42.66,10.98,37.49,9.53,42.0
2024-11-01,r2000,1871,982,841,416,348,93,48,215,181,288,234,21,23,40.72,46.25,46.74,59.12,41.35,10.97,49.37,9.71,29.95
2024-11-01,scan,105,75,30,36,12,9,1,45,0,48,0,5,0,85.71,100.0,100.0,100.0,97.14,0.0,100.0,0.0,0.0
2024-11-01,sp500,499,244,254,128,141,13,3,33,8,56,26,3,3,35.07,48.1,52.3,72.58,46.89,13.91,68.95,3.63,13.51
2024-11-04,all,3967,1922,1908,795,689,136,99,601,484,657,656,38,42,39.62,44.58,46.66,52.71,40.37,10.91,44.47,8.22,36.41
2024-11-04,nasdaq,2837,1282,1432,524,489,121,84,494,442,547,559,29,39,41.84,46.26,47.76,46.67,41.9,11.17,37.42,9.23,42.18
2024-11-04,r2000,1871,976,850,454,354,78,57,255,145,275,243,20,15,42.11,46.58,48.14,59.4,41.19,10.92,49.53,9.82,29.73
2024-11-04,scan,101,59,41,29,15,4,3,51,0,47,0,2,0,84.16,100.0,100.0,100.0,96.04,0.0,100.0,0.0,0.0
2024-11-04,sp500,499,264,233,112,92,2,2,51,7,47,20,6,1,34.27,47.49,51.9,73.79,45.09,13.31,69.56,4.23,12.9
2024-11-05,all,3968,2966,885,1119,335,235,61,814,398,786,591,96,31,50.38,52.07,53.68,54.94,41.48,9.96,45.44,9.48,35.12
2024-11-05,nasdaq,2838,1994,740,744,261,181,47,631,362,635,505,56,25,50.64,52.54,53.95,48.76,42.82,10.42,38.27,10.46,40.84
2024-11-05,r2000,1871,1540,294,662,149,140,31,372,111,336,206,50,12,55.87,56.93,58.33,62.3,43.77,9.87,50.8,11.46,27.87
2024-11-05,scan,114,102,11,29,3,12,0,70,0,47,0,3,0,86.84,99.12,100.0,100.0,89.47,0.0,100.0,0.0,0.0
2024-11-05,sp500,499,443,56,146,29,14,4,85,6,66,20,20,0,47.9,54.71,57.92,75.0,45.49,11.49,70.56,4.44,13.51
2024-11-06,all,3968,2777,1091,2183,610,1155,145,1041,398,983,598,550,42,63.13,62.67,62.81,59.37,46.17,7.98,47.31,12.04,32.67
2024-11-06,nasdaq,2838,1911,843,1407,386,720,103,788,368,754,521,333,34,61.22,61.22,61.19,52.93,46.27,8.41,40.17,12.73,38.68
2024-11-06,r2000,1871,1574,267,1363,196,776,54,546,104,502,180,350,8,75.03,73.64,73.15,69.81,51.64,6.8,53.98,15.8,23.42
2024-11-06,scan,114,94,19,75,11,53,1,67,0,44,0,15,0,90.35,98.25,100.0,100.0,91.23,0.0,100.0,0.0,0.0
2024-11-06,sp500,499,344,154,321,151,164,25,118,5,93,29,124,6,62.93,62.53,64.93,77.62,50.5,9.88,71.57,6.05,12.5
2024-11-07,all,3968,1847,1993,1034,1128,217,102,1078,356,1050,567,160,33,63.34,62.45,63.62,59.09,49.46,8.22,47.44,11.62,32.72
2024-11-07,nasdaq,2838,1306,1410,708,742,175,81,821,333,813,503,93,27,61.17,61.23,62.41,52.63,48.92,8.67,40.32,12.29,38.72
2024-11-07,r2000,1871,770,1066,513,706,102,65,550,84,521,173,80,11,74.21,72.01,72.18,68.62,56.12,7.57,53.81,14.76,23.86
2024-11-07,scan,137,66,70,32,49,11,2,75,0,43,0,9,0,91.97,100.0,100.0,100.0,92.7,0.0,100.0,0.0,0.0
2024-11-07,sp500,499,275,224,166,144,14,3,123,5,95,19,44,3,63.93,63.73,67.33,77.42,53.91,9.48,71.57,5.85,13.1
2024-11-08,all,3968,2164,1665,1142,814,192,148,992,372,1130,541,217,51,62.81,62.68,63.89,59.09,51.83,8.43,47.73,11.33,32.51
2024-11-08,nasdaq,2838,1447,1268,734,563,154,116,760,345,877,462,121,38,59.86,60.71,62.1,52.8,50.88,8.82,40.69,12.06,38.42
2024-11-08,r2000,1871,1109,716,661,434,108,80,497,98,580,177,109,19,73.46,71.85,72.72,68.75,59.46,7.46,54.25,14.43,23.86
2024-11-08,scan,124,67,57,36,28,4,4,52,0,42,0,5,0,95.16,100.0,100.0,100.0,95.16,0.0,100.0,0.0,0.0
2024-11-08,sp500,499,325,173,165,92,12,7,106,6,103,23,63,5,66.33,66.33,68.34,77.42,56.91,9.27,72.38,5.04,13.31
2024-11-11,all,3969,2421,1411,1323,664,308,80,1085,343,1240,541,339,39,64.52,64.03,64.83,59.94,53.41,8.14,48.22,11.72,31.92
2024-11-11,nasdaq,2839,1661,1062,923,489,234,63,836,318,949,461,197,33,61.25,62.1,63.06,53.52,52.24,8.49,41.09,12.43,38.0
2024-11-11,r2000,1871,1271,550,738,315,177,34,567,80,670,178,193,15,75.55,73.3,73.58,70.17,61.56,6.85,55.37,14.75,23.03
2024-11-11,scan,113,68,44,29,19,7,0,49,0,37,0,4,0,92.92,99.12,100.0,100.0,95.58,0.0,100.0,0.0,0.0
2024-11-11,sp500,499,310,189,153,83,13,9,111,6,115,24,84,3,67.33,65.73,67.33,76.81,58.72,10.08,71.57,5.24,13.1
2024-11-12,all,3969,1087,2765,621,1354,96,237,1063,351,1225,577,88,62,59.49,59.83,60.89,58.03,54.1,9.14,47.33,10.67,32.87
2024-11-12,nasdaq,2839,850,1879,472,907,85,197,819,329,932,492,59,48,56.98,58.1,59.55,51.93,52.6,9.16,40.53,11.35,38.97
2024-11-12,r2000,1871,403,1440,281,799,34,146,555,84,656,193,44,25,67.2,67.6,68.25,67.38,63.07,8.44,54.06,13.27,24.23
2024-11-12,scan,113,20,92,13,38,0,10,54,0,45,0,1,0,95.58,100.0,100.0,100.0,98.23,0.0,100.0,0.0,0.0
2024-11-12,sp500,499,148,350,84,156,4,7,107,6,119,26,19,7,65.93,63.93,64.93,75.2,59.52,11.29,70.77,4.44,13.51
2024-11-13,all,3970,1329,2503,675,1145,124,197,911,402,1095,710,72,81,55.49,56.37,57.95,56.81,53.38,9.64,46.91,9.93,33.53
2024-11-13,nasdaq,2840,867,1863,462,835,110,164,710,373,833,605,52,70,52.48,54.35,55.96,50.39,51.7,9.68,40.16,10.27,39.9
2024-11-13,r2000,1871,570,1244,311,638,56,108,450,104,594,236,30,30,62.17,63.56,64.91,66.23,62.05,8.83,53.78,12.39,25.0
2024-11-13,scan,122,36,83,20,27,6,4,52,0,62,0,3,0,94.26,100.0,100.0,100.0,99.18,0.0,100.0,0.0,0.0
2024-11-13,sp500,499,257,238,111,98,5,5,100,7,104,38,19,5,65.13,64.13,65.73,75.2,59.92,11.09,70.97,4.23,13.71
2024-11-14,all,3971,1191,2647,559,1156,91,201,875,406,962,799,36,100,51.42,52.89,54.38,55.13,52.23,10.43,46.3,8.88,34.4
2024-11-14,nasdaq,2841,853,1873,400,818,76,171,687,375,734,677,25,88,47.95,50.55,52.13,48.8,50.3,10.42,39.49,9.38,40.71
2024-11-14,r2000,1871,535,1279,285,587,46,105,435,109,508,277,17,32,58.8,60.28,61.67,64.26,60.65,9.7,53.45,10.75,26.1
2024-11-14,scan,139,35,103,11,44,2,9,65,0,61,0,0,0,96.4,100.0,100.0,100.0,100.0,0.0,100.0,0.0,0.0
2024-11-14,sp500,499,140,359,66,181,4,10,87,8,94,42,7,9,62.32,60.12,61.92,75.0,59.32,11.69,70.36,4.64,13.31
2024-11-15,all,3973,1059,2783,505,1280,51,342,686,499,850,938,29,149,46.09,48.57,49.66,52.69,50.22,11.72,45.25,7.51,35.53
2024-11-15,nasdaq,2843,686,2042,314,953,46,290,536,459,643,802,14,132,41.84,45.47,46.76,46.15,47.8,11.83,38.41,7.82,41.94
2024-11-15,r2000,1871,463,1362,208,621,16,178,327,154,445,324,17,52,53.5,55.65,57.04,62.04,58.65,10.58,52.74,9.27,27.41
2024-11-15,scan,123,31,91,8,36,1,7,35,0,50,0,0,0,96.75,100.0,100.0,100.0,100.0,0.0,100.0,0.0,0.0
2024-11-15,sp500,499,180,317,120,200,2,37,65,11,86,54,9,13,57.52,57.92,58.32,71.57,58.52,13.71,68.15,3.43,14.72
2024-11-18,all,3973,1874,1981,771,785,140,120,661,526,942,892,78,122,45.93,48.31,49.78,52.74,47.95,11.64,45.35,7.48,35.53
2024-11-18,nasdaq,2843,1225,1519,516,619,111,102,511,483,712,764,40,112,40.98,44.97,46.58,45.97,45.04,12.02,38.18,7.85,41.94
2024-11-18,r2000,1871,824,998,344,397,67,64,310,164,503,314,43,50,52.22,54.6,56.17,61.38,55.85,10.69,53.02,8.39,27.91
2024-11-18,scan,125,77,47,31,14,9,0,37,0,62,0,2,0,96.8,100.0,100.0,100.0,98.4,0.0,100.0,0.0,0.0
2024-11-18,sp500,499,330,168,138,75,8,1,64,9,96,48,22,3,60.52,59.12,60.72,73.19,58.12,12.5,68.55,4.64,14.31
2024-11-19,all,3973,2054,1766,780,594,187,71,642,558,995,894,93,83,46.91,48.92,49.67,52.82,47.3,11.38,45.72,7.19,35.71
2024-11-19,nasdaq,2843,1496,1209,578,405,143,62,498,512,753,771,39,64,42.28,46.22,47.14,46.19,44.38,11.69,38.63,7.63,42.05
2024-11-19,r2000,1871,1036,782,377,272,103,28,295,173,537,300,55,34,53.1,54.87,56.44,61.43,55.04,10.42,53.29,8.17,28.12
2024-11-19,scan,148,86,61,32,22,17,0,45,0,83,0,1,0,93.92,100.0,100.0,100.0,95.27,0.0,100.0,0.0,0.0
2024-11-19,sp500,499,207,292,86,114,12,6,58,11,96,45,24,9,58.52,56.71,57.11,72.38,56.71,13.1,68.15,4.23,14.52
2024-11-20,all,3973,1888,1941,692,597,139,87,684,542,1055,845,81,54,46.79,48.83,49.59,53.16,45.97,11.22,46.02,7.19,35.57
2024-11-20,nasdaq,2843,1313,1411,490,450,115,80,517,503,789,732,47,46,42.44,45.83,46.53,46.52,42.92,11.53,38.91,7.66,41.89
2024-11-20,r2000,1871,873,948,314,287,69,37,328,163,571,284,36,23,52.25,55.34,56.44,61.71,53.64,10.36,53.78,7.89,27.96
2024-11-20,scan,139,78,58,18,14,2,1,50,0,87,0,2,0,93.53,100.0,100.0,100.0,97.84,0.0,100.0,0.0,0.0
2024-11-20,sp500,499,303,195,118,57,10,4,69,9,108,40,18,2,58.72,58.32,59.72,72.78,55.31,12.5,68.15,4.64,14.72
2024-11-21,all,3973,2817,1022,1080,389,258,79,703,571,1053,868,169,31,53.18,53.08,53.25,54.81,46.52,10.45,46.68,8.19,34.68
2024-11-21,nasdaq,2843,1859,865,719,313,191,71,532,534,790,759,75,28,47.42,49.0,49.38,47.78,43.09,11.01,39.4,8.44,41.15
2024-11-21,r2000,1871,1455,378,566,171,145,32,336,168,564,298,88,11,60.29,60.6,60.82,63.95,54.31,9.16,54.82,9.1,26.92
2024-11-21,scan,132,106,26,37,9,10,1,38,0,71,0,1,0,93.94,100.0,100.0,100.0,98.48,0.0,100.0,0.0,0.0
2024-11-21,sp500,499,434,65,175,35,14,4,71,9,111,34,55,0,70.34,64.73,64.93,74.8,56.91,11.29,68.95,5.85,13.91
2024-11-22,all,3973,2851,991,1117,347,276,37,814,510,1217,775,211,20,59.52,57.16,56.67,56.32,47.61,9.58,47.57,8.87,33.98
2024-11-22,nasdaq,2843,1944,790,752,279,221,32,611,475,897,687,111,18,53.33,52.67,52.18,49.04,44.0,10.23,40.03,9.11,40.62
2024-11-22,r2000,1871,1525,299,629,110,164,9,413,139,676,248,128,6,67.77,65.92,65.45,66.56,55.92,7.84,56.38,10.19,25.59
2024-11-22,scan,125,97,28,35,8,8,0,50,0,73,0,5,0,93.6,98.4,100.0,100.0,96.8,0.0,100.0,0.0,0.0
2024-11-22,sp500,499,370,126,146,55,13,3,84,9,131,29,49,0,75.55,66.53,66.73,75.81,58.12,10.08,69.96,5.85,14.11
2024-11-25,all,3975,2707,1157,1839,627,421,57,720,505,1312,677,272,21,66.4,61.91,61.26,58.63,49.29,8.37,48.46,10.29,32.88
2024-11-25,nasdaq,2845,1826,915,1157,450,311,45,548,471,951,608,134,21,59.25,56.76,56.57,51.07,45.29,9.15,40.89,10.31,39.66
2024-11-25,r2000,1871,1398,442,997,262,252,21,343,138,739,203,165,2,75.68,71.01,70.18,68.36,57.86,6.9,56.82,11.56,24.71
2024-11-25,scan,123,79,44,57,25,16,5,41,0,62,0,6,0,92.68,99.19,100.0,100.0,91.87,0.0,100.0,0.0,0.0
2024-11-25,sp500,499,374,124,340,117,25,9,75,9,131,25,64,0,83.77,72.75,71.54,79.44,60.92,7.86,71.77,7.66,12.7
2024-11-26,all,3975,1530,2318,617,771,113,81,710,531,1274,701,95,38,63.1,60.43,60.09,57.48,50.59,8.66,47.91,9.69,33.75
2024-11-26,nasdaq,2845,1095,1643,432,531,102,70,539,493,931,618,58,34,56.75,55.39,55.75,50.11,46.43,9.3,40.4,9.82,40.48
2024-11-26,r2000,1871,628,1202,286,422,44,41,339,153,702,216,35,8,70.6,68.67,67.71,67.05,59.1,7.51,56.0,11.07,25.42
2024-11-26,scan,146,59,84,25,23,8,3,41,0,85,0,2,0,94.52,99.32,100.0,100.0,95.89,0.0,100.0,0.0,0.0
2024-11-26,sp500,499,278,220,102,79,5,6,77,9,130,31,38,2,81.56,73.35,72.55,78.43,62.93,8.06,71.37,7.06,13.51
2024-11-27,all,3978,2137,1691,591,377,163,45,742,501,1329,644,90,26,66.57,62.16,61.31,58.19,51.63,8.19,48.57,9.74,33.51
2024-11-27,nasdaq,2848,1506,1210,448,277,150,37,575,469,979,571,44,25,60.42,57.06,56.64,50.81,47.22,8.82,41.0,9.93,40.25
2024-11-27,r2000,1871,1036,781,298,162,73,8,356,128,741,194,40,4,74.93,71.03,69.7,67.83,60.55,6.9,56.66,11.18,25.26
2024-11-27,scan,149,52,94,8,15,8,1,56,0,89,0,0,0,94.63,99.33,100.0,100.0,97.99,0.0,100.0,0.0,0.0
2024-11-27,sp500,499,261,235,36,36,3,7,73,8,125,27,32,0,81.96,73.55,73.35,79.03,62.93,7.86,72.18,6.85,13.1
2024-11-29,all,3979,2339,1466,295,121,106,15,828,449,1231,658,88,10,69.78,64.81,63.74,59.19,52.99,7.63,48.97,10.32,33.08
2024-11-29,nasdaq,2849,1668,1038,238,103,95,12,642,418,916,579,53,10,64.26,59.89,59.47,52.14,48.59,8.03,41.5,10.75,39.72
2024-11-29,r2000,1871,1101,705,130,47,44,6,402,124,658,215,54,2,76.38,73.5,71.74,68.98,61.84,6.19,57.26,11.73,24.82
2024-11-29,scan,155,78,75,1,1,2,0,55,0,74,0,0,0,91.61,98.06,100.0,100.0,97.42,0.0,100.0,0.0,0.0
2024-11-29,sp500,499,303,194,9,4,0,0,80,7,114,27,10,0,85.37,75.15,73.95,79.03,63.53,8.06,71.98,7.06,12.9
2024-12-02,all,3980,1941,1912,924,733,247,157,797,444,1215,650,90,22,69.63,65.03,64.1,59.63,54.35,7.23,49.2,10.52,33.04
2024-12-02,nasdaq,2850,1443,1300,680,497,208,128,617,416,923,568,61,20,64.38,60.49,60.16,52.66,49.93,7.55,41.75,11.0,39.7
2024-12-02,r2000,1871,1022,797,494,354,114,85,384,123,663,209,45,3,77.55,74.36,73.2,69.31,63.19,5.92,57.42,11.89,24.77
2024-12-02,scan,151,69,80,31,22,8,7,53,0,63,0,1,0,92.05,100.0,100.0,100.0,98.01,0.0,100.0,0.0,0.0
2024-12-02,sp500,499,183,314,85,94,12,3,73,5,93,30,13,0,83.37,73.35,71.54,79.44,64.73,7.46,72.18,7.26,13.1
2024-12-03,all,3982,1227,2622,575,870,120,116,777,472,1167,670,74,30,60.64,61.29,61.03,58.61,54.8,7.57,49.11,9.6,33.72
2024-12-03,nasdaq,2852,911,1828,426,623,99,99,611,443,892,587,57,29,56.1,56.88,57.13,51.7,50.53,7.84,41.62,10.18,40.36
2024-12-03,r2000,1872,488,1344,255,450,52,68,367,136,605,229,34,7,64.67,69.9,69.45,68.16,63.42,6.47,57.1,11.07,25.37
2024-12-03,scan,131,45,86,19,16,2,1,46,0,63,0,0,0,75.57,99.24,100.0,100.0,99.24,0.0,100.0,0.0,0.0
2024-12-03,sp500,499,165,332,69,113,6,5,66,5,95,25,14,0,72.75,68.94,67.33,77.82,64.53,8.47,72.18,5.65,13.71
2024-12-04,all,3984,2046,1795,808,714,194,114,903,447,1069,757,94,39,59.95,62.15,61.67,58.86,55.31,7.68,49.4,9.57,33.35
2024-12-04,nasdaq,2854,1475,1259,591,491,162,97,709,415,833,661,68,31,57.58,58.49,58.45,52.42,51.07,7.69,42.14,10.41,39.76
2024-12-04,r2000,1872,1052,772,418,333,77,58,429,123,545,268,34,11,65.58,70.35,70.09,68.16,64.07,6.74,57.48,10.68,25.1
2024-12-04,scan,134,94,39,36,20,16,9,75,0,54,0,1,0,84.33,98.51,100.0,100.0,97.01,0.0,100.0,0.0,0.0
2024-12-04,sp500,499,248,250,105,108,16,4,84,6,87,26,28,4,62.32,68.14,66.33,77.42,64.33,9.07,71.77,5.65,13.51
2024-12-05,all,3984,1153,2707,505,922,96,180,876,461,1007,795,69,48,52.22,58.19,58.36,57.47,54.96,8.2,48.94,8.59,34.27
2024-12-05,nasdaq,2854,828,1919,354,654,79,151,670,430,772,688,46,40,50.53,54.79,55.24,50.87,50.93,8.2,41.61,9.32,40.87
2024-12-05,r2000,1872,465,1365,219,459,41,99,420,129,502,288,33,18,55.69,65.59,66.02,66.68,63.61,7.4,56.99,9.7,25.92
2024-12-05,scan,128,27,98,10,26,5,5,67,0,58,0,1,0,83.59,100.0,100.0,100.0,98.44,0.0,100.0,0.0,0.0
2024-12-05,sp500,499,181,317,79,114,2,10,89,5,88,29,18,3,54.51,64.13,62.93,76.01,63.93,10.08,71.17,4.84,13.91
2024-12-06,all,3986,2196,1648,742,549,231,70,920,427,1034,807,82,34,54.6,58.81,59.25,58.31,54.86,7.64,49.26,9.11,33.98
2024-12-06,nasdaq,2856,1679,1057,579,331,209,45,709,397,808,690,53,23,54.67,56.42,56.77,52.05,51.18,7.49,42.14,9.98,40.39
2024-12-06,r2000,1872,1044,783,340,262,106,45,439,122,512,289,35,10,57.4,65.28,66.94,67.72,63.07,6.85,57.34,10.41,25.41
2024-12-06,scan,121,88,33,23,6,7,1,69,0,59,0,2,0,85.12,99.17,100.0,100.0,99.17,0.0,100.0,0.0,0.0
2024-12-06,sp500,499,214,282,83,105,11,3,89,5,83,33,20,4,51.7,62.53,62.12,75.6,61.72,9.88,70.56,5.04,14.52
2024-12-09,all,3988,1914,1953,941,814,256,145,1007,388,1132,726,60,21,53.89,60.08,60.59,59.15,54.5,7.64,49.09,10.13,33.14
2024-12-09,nasdaq,2857,1375,1380,661,531,219,116,785,359,874,645,44,20,54.7,58.12,58.37,52.83,51.35,7.45,42.02,10.89,39.64
2024-12-09,r2000,1873,877,951,430,371,123,62,480,101,606,248,33,3,55.69,66.88,67.74,68.43,62.64,6.73,57.31,11.17,24.79
2024-12-09,scan,113,46,67,18,28,3,6,68,0,68,0,2,0,83.19,99.12,100.0,100.0,98.23,0.0,100.0,0.0,0.0
2024-12-09,sp500,499,209,289,130,164,6,26,90,4,76,21,5,1,42.69,58.72,61.32,75.81,58.52,10.69,69.96,5.85,13.51
2024-12-10,all,3989,1574,2275,700,912,106,120,963,401,1106,738,55,28,51.69,57.71,59.09,58.4,53.68,7.71,48.85,9.63,33.81
2024-12-10,nasdaq,2858,1162,1576,494,583,89,97,747,373,854,657,47,24,53.49,56.04,57.3,52.36,51.14,7.26,41.96,10.48,40.3
2024-12-10,r2000,1873,847,972,389,427,56,63,469,112,598,253,35,9,55.1,64.9,66.94,68.27,61.78,6.68,57.36,10.95,25.01
2024-12-10,scan,103,37,66,14,23,4,4,70,0,65,0,2,0,91.26,99.03,100.0,100.0,100.0,0.0,100.0,0.0,0.0
2024-12-10,sp500,499,146,352,71,186,4,10,79,5,67,23,3,1,35.47,54.11,56.91,72.78,54.51,12.1,67.94,4.84,15.12
2024-12-11,all,3989,1924,1918,936,823,146,102,989,419,1204,715,69,52,52.73,57.92,58.81,58.22,52.61,7.92,48.77,9.55,33.76
2024-12-11,nasdaq,2858,1369,1366,645,525,122,78,761,392,928,640,51,44,55.12,56.73,57.1,52.4,50.48,7.44,42.04,10.48,40.04
2024-12-11,r2000,1873,995,820,528,412,65,47,490,117,657,234,36,22,56.6,66.19,67.49,67.94,61.05,6.84,57.31,10.67,25.18
2024-12-11,scan,119,90,29,32,15,10,3,71,0,79,0,2,0,78.99,100.0,100.0,100.0,98.32,0.0,100.0,0.0,0.0
2024-12-11,sp500,499,247,250,118,145,13,9,86,5,77,22,9,2,39.88,51.3,54.51,71.37,50.5,12.9,67.14,4.23,15.73
2024-12-12,all,3989,1098,2768,412,793,64,195,923,466,1129,771,33,85,44.93,53.47,55.48,57.12,50.3,8.55,48.07,9.13,34.25
2024-12-12,nasdaq,2858,799,1956,308,540,56,168,710,441,872,689,26,72,47.1,52.48,54.0,51.29,48.7,8.03,41.47,9.92,40.58
2024-12-12,r2000,1873,421,1402,166,429,17,113,453,137,599,268,19,34,45.54,60.03,63.09,66.14,58.26,7.61,56.7,9.47,26.22
2024-12-12,scan,91,31,59,14,14,3,5,56,0,63,0,0,0,85.71,100.0,100.0,100.0,97.8,0.0,100.0,0.0,0.0
2024-12-12,sp500,499,176,320,64,83,4,8,79,5,76,21,5,6,36.67,50.5,53.51,70.97,46.69,13.1,65.73,5.24,15.93
2024-12-13,all,3990,1307,2520,462,782,89,134,849,484,1124,803,35,93,39.84,50.08,52.14,56.59,48.21,8.58,47.81,8.86,34.75
2024-12-13,nasdaq,2859,937,1783,326,550,72,120,668,455,869,727,30,80,42.6,49.11,50.78,50.85,47.51,8.03,41.21,9.74,41.02
2024-12-13,r2000,1873,607,1220,235,402,41,71,406,139,613,268,17,39,38.96,56.39,59.12,65.59,55.9,7.66,56.49,9.14,26.71
2024-12-13,scan,86,32,53,14,12,4,2,58,0,58,1,2,0,76.74,98.84,100.0,100.0,97.67,0.0,100.0,0.0,0.0
2024-12-13,sp500,499,163,331,51,84,6,3,72,6,74,21,6,8,31.66,47.29,51.3,70.36,41.08,13.31,65.32,5.04,16.33
2024-12-16,all,3993,1846,2024,828,951,216,147,792,539,1005,894,72,89,39.32,49.56,51.31,55.86,45.67,8.89,47.37,8.55,35.2
2024-12-16,nasdaq,2862,1372,1382,598,588,192,113,623,504,794,792,58,65,42.35,49.59,50.68,50.37,45.48,8.22,41.01,9.44,41.34
2024-12-16,r2000,1874,968,866,437,443,119,74,374,157,528,315,31,26,40.41,56.29,59.01,65.54,53.06,7.44,56.35,9.19,27.02
2024-12-16,scan,107,84,21,44,10,16,1,60,0,65,0,2,0,74.77,100.0,100.0,100.0,94.39,0.0,100.0,0.0,0.0
2024-12-16,sp500,499,195,304,101,179,5,10,74,7,65,25,12,15,28.06,43.49,48.1,67.54,38.08,14.92,63.1,4.44,17.54
2024-12-17,all,3994,1267,2602,622,1201,118,96,756,542,959,894,33,78,33.38,43.83,47.74,55.09,42.26,9.31,46.87,8.28,35.54
2024-12-17,nasdaq,2863,1033,1719,477,684,111,77,611,500,763,792,28,60,37.43,45.58,48.28,50.13,42.98,8.29,40.97,9.25,41.49
2024-12-17,r2000,1874,531,1305,287,658,49,40,347,161,501,314,15,24,31.21,47.62,53.17,64.23,47.75,8.26,55.47,8.75,27.52
2024-12-17,scan,104,38,66,25,22,7,3,63,0,64,0,1,0,74.04,98.08,100.0,100.0,95.19,0.0,100.0,0.0,0.0
2024-12-17,sp500,499,115,381,79,228,3,6,61,9,63,28,5,7,22.44,36.07,41.88,66.94,34.07,15.52,62.1,4.84,17.54
2024-12-18,all,3994,372,3529,222,2316,71,950,610,633,727,1007,17,205,17.9,27.11,30.55,48.91,33.22,13.53,42.86,6.11,37.51
2024-12-18,nasdaq,2863,338,2437,191,1457,64,661,504,578,601,869,15,152,21.81,30.55,33.83,45.51,35.61,10.84,38.53,7.07,43.56
2024-12-18,r2000,1874,85,1771,72,1313,19,593,258,213,347,367,8,89,13.42,25.35,31.05,56.03,34.75,14.06,50.05,5.96,29.92
2024-12-18,scan,56,2,54,2,41,0,17,36,0,36,0,0,0,83.93,100.0,100.0,100.0,100.0,0.0,100.0,0.0,0.0
2024-12-18,sp500,499,18,481,17,370,2,90,43,12,37,41,1,23,8.62,18.04,22.04,59.07,25.65,21.77,56.05,3.02,19.15
2024-12-19,all,3996,1628,2215,851,1269,103,109,612,625,788,943,12,160,17.82,27.16,30.51,48.23,28.54,13.87,42.25,6.03,37.85
2024-12-19,nasdaq,2865,1223,1509,588,737,96,83,507,564,645,811,11,106,21.56,30.16,33.24,45.48,31.36,10.66,38.49,7.07,43.78
2024-12-19,r2000,1874,730,1091,421,688,42,53,262,206,378,340,2,65,13.09,25.61,30.23,54.94,28.14,14.66,49.23,5.69,30.42
2024-12-19,scan,69,51,17,27,9,5,1,44,0,51,0,1,0,69.57,100.0,100.0,100.0,98.55,0.0,100.0,0.0,0.0
2024-12-19,sp500,499,203,293,147,239,4,9,42,17,47,40,1,26,8.02,18.24,23.65,58.67,21.64,21.57,55.44,3.23,19.76
2024-12-20,all,3997,2624,1250,2055,844,299,54,605,626,835,904,23,64,21.18,30.9,33.39,49.97,26.33,12.61,43.3,6.71,37.38
2024-12-20,nasdaq,2866,1783,975,1254,590,241,45,505,560,684,789,20,49,25.2,33.91,35.6,46.94,29.01,9.81,39.12,7.88,43.19
2024-12-20,r2000,1874,1237,589,1086,512,166,25,253,222,397,327,11,32,17.32,29.02,32.85,56.99,25.2,13.29,50.33,6.62,29.76
2024-12-20,scan,94,81,13,71,10,14,0,54,0,76,0,0,0,71.28,100.0,100.0,100.0,92.55,0.0,100.0,0.0,0.0
2024-12-20,sp500,499,446,52,444,52,11,0,42,13,57,30,1,1,11.62,23.85,28.66,60.89,19.24,19.56,57.26,3.63,19.56
2024-12-23,all,3999,1761,2106,556,608,98,32,617,604,809,924,21,50,22.24,30.64,33.52,49.45,25.39,12.91,42.86,6.6,37.63
2024-12-23,nasdaq,2868,1253,1507,404,419,93,30,514,546,660,789,18,34,26.64,33.83,36.1,46.61,28.4,9.87,38.88,7.76,43.5
2024-12-23,r2000,1874,734,1089,262,328,30,5,263,210,377,350,9,25,16.62,27.79,32.26,55.79,23.65,14.21,49.34,6.39,30.05
2024-12-23,scan,88,49,39,10,4,1,0,47,0,66,0,0,0,65.91,100.0,100.0,100.0,92.05,0.0,100.0,0.0,0.0
2024-12-23,sp500,499,273,224,47,49,0,0,41,10,56,35,1,0,12.63,24.05,28.66,61.09,18.84,19.15,57.46,3.63,19.76
2024-12-24,all,4000,2839,990,227,118,81,10,669,550,780,938,28,17,27.35,34.76,37.16,51.05,25.79,11.94,43.57,7.49,37.0
2024-12-24,nasdaq,2869,1872,848,186,110,72,9,560,496,637,811,18,15,31.07,37.79,39.38,48.3,28.89,9.05,39.39,8.94,42.61
2024-12-24,r2000,1874,1425,397,90,30,32,4,293,178,346,351,14,7,22.07,31.59,35.53,57.37,23.49,13.22,49.95,7.38,29.45
2024-12-24,scan,116,101,14,3,0,1,0,63,0,74,0,0,0,67.24,99.14,100.0,100.0,89.66,0.0,100.0,0.0,0.0
2024-12-24,sp500,499,461,37,1,0,1,0,39,12,56,37,3,0,19.24,29.46,34.47,62.5,19.44,17.54,58.47,4.03,19.96
2024-12-26,all,4000,2690,1170,561,229,338,32,697,526,706,1008,56,10,33.32,39.15,41.14,52.38,26.8,10.89,44.1,8.3,36.71
2024-12-26,nasdaq,2869,1955,791,467,171,305,30,585,472,609,819,43,8,38.47,42.72,44.29,49.78,29.98,8.06,39.95,9.87,42.13
2024-12-26,r2000,1874,1366,459,248,94,167,11,307,174,278,453,34,4,26.46,35.44,39.65,58.73,24.61,11.97,50.6,8.09,29.34
2024-12-26,scan,115,88,26,1,1,13,1,60,0,46,0,1,0,66.96,100.0,100.0,100.0,86.09,0.0,100.0,0.0,0.0
2024-12-26,sp500,499,280,217,6,5,0,0,38,8,34,46,2,0,21.24,31.86,34.27,62.5,19.24,17.34,58.27,4.23,20.16
2024-12-27,all,4000,834,3023,309,554,97,119,683,524,658,1045,23,28,28.27,34.23,36.92,51.23,26.67,11.39,43.38,7.88,37.36
2024-12-27,nasdaq,2869,705,2031,274,396,93,109,573,469,575,855,18,19,33.61,38.7,40.86,48.78,29.94,8.65,39.39,9.42,42.54
2024-12-27,r2000,1874,246,1581,95,334,32,67,305,174,252,451,12,16,20.95,29.18,33.12,56.99,24.18,12.45,49.59,7.37,30.58
2024-12-27,scan,94,18,76,2,6,0,5,52,0,52,0,0,0,68.09,98.94,100.0,100.0,96.81,0.0,100.0,0.0,0.0
2024-12-27,sp500,499,46,452,1,12,0,3,36,10,29,53,0,2,14.83,23.65,29.26,61.9,18.64,17.54,57.46,4.44,20.56
2024-12-30,all,4002,1266,2613,527,624,154,135,643,566,631,1051,35,47,27.05,31.38,34.67,50.6,25.85,11.86,42.93,7.7,37.51
2024-12-30,nasdaq,2871,975,1797,416,462,126,120,541,493,552,854,29,33,32.33,36.38,38.81,48.27,29.28,9.09,38.95,9.35,42.61
2024-12-30,r2000,1874,613,1208,228,307,57,67,287,197,234,459,12,26,19.98,26.72,31.46,56.44,22.9,12.78,49.26,7.15,30.8
2024-12-30,scan,78,26,52,4,4,2,2,40,0,42,0,1,0,70.51,98.72,100.0,100.0,94.87,0.0,100.0,0.0,0.0
2024-12-30,sp500,499,35,463,12,33,1,2,33,19,24,57,0,4,11.02,15.23,21.64,59.88,16.23,18.35,56.25,3.63,21.77
2024-12-31,all,4003,2073,1770,639,478,99,70,617,557,592,1089,16,14,28.34,32.18,35.47,51.05,25.64,11.23,43.32,7.75,37.7
2024-12-31,nasdaq,2872,1323,1414,419,405,82,67,520,491,524,897,8,13,32.73,36.82,39.12,48.34,29.17,8.8,39.14,9.24,42.83
2024-12-31,r2000,1875,1091,721,360,218,41,33,273,188,212,487,11,6,22.65,27.53,32.8,56.88,22.47,11.8,49.81,7.05,31.35
2024-12-31,scan,68,33,31,10,5,2,1,34,0,35,0,0,0,75.0,100.0,100.0,100.0,94.12,0.0,100.0,0.0,0.0
2024-12-31,sp500,499,279,214,20,5,1,0,30,19,21,53,0,0,10.22,15.03,21.84,60.08,14.63,17.74,56.45,3.63,22.18
2025-01-02,all,4004,1922,1980,586,479,253,47,636,551,644,952,30,23,34.46,33.72,36.58,51.18,25.73,11.34,43.22,7.98,37.46
2025-01-02,nasdaq,2873,1474,1306,464,335,228,40,538,479,570,779,24,10,39.7,38.9,41.01,48.82,29.37,8.72,39.32,9.53,42.42
2025-01-02,r2000,1875,761,1074,239,270,104,27,266,196,228,450,19,14,27.67,27.53,32.64,56.5,22.69,12.23,49.15,7.32,31.29
2025-01-02,scan,83,60,23,17,3,9,2,40,0,40,0,0,0,85.54,95.18,100.0,100.0,85.54,0.0,100.0,0.0,0.0
2025-01-02,sp500,499,190,308,34,52,9,1,32,19,21,44,0,7,12.22,15.23,20.64,58.87,13.23,18.35,55.44,3.43,22.78
2025-01-03,all,4007,2928,965,740,292,307,36,739,478,733,744,41,18,43.7,39.34,41.5,53.58,27.24,10.02,43.92,9.66,36.4
2025-01-03,nasdaq,2876,2038,738,548,224,261,33,621,414,644,613,33,9,49.05,44.5,45.28,51.44,31.12,7.91,39.82,11.6,40.67
2025-01-03,r2000,1876,1454,381,390,123,147,11,324,163,266,336,19,11,37.07,33.78,37.33,58.79,23.9,10.54,50.14,8.63,30.69
2025-01-03,scan,108,95,13,14,2,21,0,65,0,43,0,1,0,81.48,95.37,100.0,100.0,75.93,0.0,100.0,0.0,0.0
2025-01-03,sp500,499,400,99,48,23,14,2,39,16,20,33,1,4,24.65,21.04,27.05,59.68,13.63,16.94,55.85,3.83,23.39
2025-01-06,all,4007,1780,2103,807,772,245,119,747,471,817,656,52,23,45.14,40.52,41.57,53.32,29.0,10.47,43.18,10.15,36.19
2025-01-06,nasdaq,2876,1358,1411,620,482,219,103,633,413,725,541,44,16,51.1,46.69,46.5,51.75,33.51,7.91,39.64,12.15,40.3
2025-01-06,r2000,1876,721,1112,326,416,105,54,318,156,292,299,16,16,36.41,32.98,35.83,57.81,24.71,11.52,48.83,8.96,30.69
2025-01-06,scan,113,70,43,29,17,14,5,67,0,52,0,2,0,83.19,95.58,100.0,100.0,87.61,0.0,100.0,0.0,0.0
2025-01-06,sp500,499,237,260,104,112,13,4,40,12,26,25,5,2,29.86,23.25,26.65,58.75,14.63,17.34,54.23,4.44,23.99
2025-01-07,all,4007,1232,2649,509,882,108,124,729,467,865,592,24,31,42.02,37.99,39.23,51.65,29.69,11.54,42.08,9.58,36.8
2025-01-07,nasdaq,2876,889,1879,365,574,94,101,622,408,775,481,19,17,47.45,43.99,44.18,50.13,34.3,8.94,38.64,11.53,40.89
2025-01-07,r2000,1876,479,1349,230,497,47,69,303,152,302,280,8,19,32.94,29.88,33.24,55.79,24.37,13.05,47.24,8.52,31.19
2025-01-07,scan,104,34,69,16,16,5,1,55,0,55,0,1,0,80.77,93.27,100.0,100.0,92.31,0.0,100.0,0.0,0.0
2025-01-07,sp500,499,202,295,77,102,1,5,36,11,29,20,2,7,29.86,22.04,26.65,57.75,15.23,18.35,53.23,4.44,23.99
2025-01-08,all,4008,1363,2522,481,686,71,181,642,538,790,672,21,47,37.05,34.29,36.27,50.16,28.85,11.59,41.87,8.3,38.24
2025-01-08,nasdaq,2877,838,1941,298,501,58,163,546,478,709,535,15,25,39.68,39.2,40.0,48.03,33.37,9.31,38.31,9.75,42.63
2025-01-08,r2000,1876,675,1149,232,332,35,84,271,179,284,308,9,27,30.22,27.9,31.37,54.42,23.52,13.44,46.97,7.43,32.17
2025-01-08,scan,91,50,40,23,16,6,3,40,0,51,0,2,0,89.01,95.6,100.0,100.0,94.51,0.0,100.0,0.0,0.0
2025-01-08,sp500,499,293,202,100,70,2,7,28,13,23,25,3,7,36.87,23.25,27.45,59.15,15.43,16.13,53.83,5.24,24.8
2025-01-10,all,4009,794,3091,344,1256,99,346,627,572,699,896,22,153,28.48,28.82,30.1,46.1,27.22,14.78,38.67,7.4,39.14
2025-01-10,nasdaq,2878,607,2157,235,776,81,261,533,505,627,699,17,94,31.18,32.99,33.7,44.64,31.34,12.0,35.86,8.79,43.35
2025-01-10,r2000,1876,274,1565,147,683,43,215,255,193,239,456,12,83,22.16,23.04,24.59,48.58,21.86,18.24,42.05,6.5,33.21
2025-01-10,scan,67,26,40,18,18,3,1,32,0,35,0,3,0,86.57,97.01,100.0,100.0,97.01,0.0,100.0,0.0,0.0
2025-01-10,sp500,499,62,435,42,263,4,36,28,16,23,39,2,25,21.44,16.63,18.84,54.82,14.83,19.15,50.4,4.23,26.21
2025-01-13,all,4010,1958,1924,788,606,126,208,600,574,636,879,17,78,28.02,27.25,28.41,46.52,25.26,14.13,39.01,7.48,39.38
2025-01-13,nasdaq,2879,1186,1584,440,461,88,185,504,514,569,723,10,70,28.16,29.53,30.53,44.44,28.83,11.82,35.78,8.68,43.72
2025-01-13,r2000,1876,1057,767,410,293,62,102,258,199,221,418,5,38,23.44,22.13,23.94,49.24,20.31,17.59,42.44,6.77,33.21
2025-01-13,scan,73,28,43,16,17,3,2,30,0,27,0,1,0,86.3,93.15,100.0,100.0,97.26,0.0,100.0,0.0,0.0
2025-01-13,sp500,499,359,138,182,52,14,5,24,13,21,33,3,4,29.86,20.64,21.04,57.31,14.63,16.53,52.02,5.04,26.41
2025-01-14,all,4010,2426,1467,728,410,148,112,611,568,584,886,23,45,34.08,28.44,30.53,48.32,23.82,12.09,40.58,7.74,39.59
2025-01-14,nasdaq,2879,1543,1233,434,328,114,98,514,516,527,732,11,40,31.73,29.76,32.01,45.43,26.72,10.27,36.96,8.53,44.24
2025-01-14,r2000,1876,1242,601,378,197,81,56,262,193,197,409,11,19,29.88,23.84,26.19,52.02,19.51,14.36,44.95,7.05,33.64
2025-01-14,scan,71,56,15,23,4,4,1,33,0,24,0,4,0,84.51,94.37,100.0,100.0,85.92,0.0,100.0,0.0,0.0
2025-01-14,sp500,499,382,114,143,34,7,3,24,10,20,31,4,3,44.89,24.65,26.85,60.92,14.63,12.9,54.44,6.25,26.41
2025-01-15,all,4011,3031,867,938,293,355,55,687,515,609,869,52,32,48.15,35.79,36.58,50.9,24.28,9.94,42.33,8.58,39.14
2025-01-15,nasdaq,2880,2094,680,597,217,285,51,568,471,543,716,28,27,42.86,36.48,37.33,47.79,26.82,8.31,38.66,9.19,43.83
2025-01-15,r2000,1876,1601,243,476,102,187,24,305,160,213,408,26,10,49.79,32.28,33.73,55.95,20.63,10.87,47.73,8.19,33.21
2025-01-15,scan,105,95,9,30,5,22,0,57,0,42,0,4,0,91.43,100.0,100.0,100.0,90.48,0.0,100.0,0.0,0.0
2025-01-15,sp500,499,373,126,188,54,24,0,30,10,19,30,13,5,58.92,32.87,34.27,61.32,14.63,12.9,54.23,6.85,26.01
2025-01-16,all,4012,2058,1770,585,424,130,83,636,578,553,999,53,35,51.38,37.68,38.33,51.66,24.5,9.39,42.67,9.03,38.91
2025-01-16,nasdaq,2881,1317,1411,361,327,105,72,534,523,499,805,30,33,44.43,36.72,38.02,47.79,26.46,8.42,38.59,9.31,43.69
2025-01-16,r2000,1876,956,847,287,204,58,48,272,207,180,496,24,15,52.61,34.26,35.6,56.77,20.74,10.43,47.73,9.01,32.82
2025-01-16,scan,107,72,34,23,6,8,0,56,0,33,0,5,0,84.11,97.2,100.0,100.0,88.79,0.0,100.0,0.0,0.0
2025-01-16,sp500,499,374,122,118,45,10,5,29,10,21,41,17,1,68.34,41.28,39.88,63.93,16.23,10.89,55.44,8.27,25.4
2025-01-17,all,4015,2352,1512,750,398,148,51,643,557,576,889,56,19,57.16,40.8,40.65,52.83,25.15,8.42,43.19,9.68,38.71
2025-01-17,nasdaq,2883,1646,1111,497,251,129,42,536,508,518,739,27,15,50.72,39.82,40.24,48.97,26.57,7.49,39.09,9.97,43.45
2025-01-17,r2000,1877,1131,689,325,187,60,30,276,200,187,425,26,10,58.96,36.83,37.09,58.02,21.54,9.23,48.5,9.5,32.77
2025-01-17,scan,104,66,38,26,11,6,1,52,0,27,0,5,0,87.5,97.12,100.0,100.0,91.35,0.0,100.0,0.0,0.0
2025-01-17,sp500,499,344,151,184,80,9,2,29,10,21,27,17,0,74.95,46.69,43.89,63.93,20.64,10.48,55.04,8.67,25.81
2025-01-21,all,4015,2805,1095,1085,350,296,86,712,523,618,843,123,25,63.3,48.43,46.82,54.97,26.89,7.4,44.08,10.93,37.59
2025-01-21,nasdaq,2883,1881,900,687,260,231,79,587,481,548,714,66,21,56.56,45.41,44.89,50.85,28.05,6.76,39.98,10.96,42.3
2025-01-21,r2000,1877,1465,376,509,146,154,36,303,181,207,382,49,8,67.93,45.54,44.25,60.7,23.3,7.81,49.37,11.31,31.51
2025-01-21,scan,120,100,20,45,9,24,1,64,0,41,0,12,0,85.83,99.17,100.0,100.0,81.67,0.0,100.0,0.0,0.0
2025-01-21,sp500,499,417,81,241,57,24,4,40,10,27,26,36,0,82.97,60.52,55.11,66.33,24.25,9.27,56.65,9.48,24.6
2025-01-22,all,4015,1401,2478,548,734,156,92,648,588,582,945,67,32,57.64,44.63,44.43,53.96,28.7,8.34,43.47,10.54,37.64
2025-01-22,nasdaq,2883,1101,1662,400,445,138,67,542,532,512,778,38,27,51.95,43.3,43.8,50.31,29.46,7.35,39.65,10.78,42.23
2025-01-22,r2000,1877,566,1266,243,357,62,46,273,208,201,446,24,9,60.67,41.58,41.1,59.08,25.65,9.01,48.83,10.27,31.9
2025-01-22,scan,119,55,62,17,22,5,2,55,0,37,1,6,0,87.39,97.48,100.0,100.0,89.08,0.0,100.0,0.0,0.0
2025-01-22,sp500,499,183,315,84,159,17,9,39,10,28,36,26,2,77.35,53.11,51.5,65.13,26.45,10.69,55.24,9.68,24.4
2025-01-23,all,4018,2287,1580,745,479,159,65,679,559,559,936,66,41,59.75,46.59,46.59,54.55,30.51,8.32,43.75,10.85,37.08
2025-01-23,nasdaq,2886,1598,1164,508,320,137,56,567,504,486,781,32,35,54.93,45.06,45.83,51.18,30.89,7.05,40.11,11.18,41.66
2025-01-23,r2000,1877,1139,679,375,241,79,27,285,198,202,435,31,10,62.97,43.93,43.13,59.74,27.63,9.12,49.13,10.64,31.11
2025-01-23,scan,127,72,52,23,18,11,0,64,0,43,0,9,0,92.13,98.43,100.0,100.0,95.28,0.0,100.0,0.0,0.0
2025-01-23,sp500,499,320,175,127,71,5,2,44,7,28,33,22,1,79.36,57.52,54.91,65.13,30.66,10.89,55.44,9.48,24.19
2025-01-24,all,4018,1900,1950,545,466,167,62,665,600,583,849,57,22,60.15,47.04,46.96,54.21,32.17,8.79,43.51,10.75,36.95
2025-01-24,nasdaq,2886,1351,1403,373,332,144,52,546,537,497,715,33,18,55.39,45.41,46.25,50.7,32.37,7.75,39.7,11.11,41.44
2025-01-24,r2000,1877,890,920,271,201,68,27,287,212,214,374,29,6,63.61,44.58,44.09,60.01,29.24,9.33,49.02,11.03,30.62
2025-01-24,scan,135,62,71,15,21,9,5,66,0,42,0,2,0,91.85,97.78,100.0,100.0,97.04,0.0,100.0,0.0,0.0
2025-01-24,sp500,499,248,245,79,80,2,8,43,10,28,29,13,0,79.96,59.52,54.91,65.13,33.87,11.49,55.04,9.88,23.59
2025-01-27,all,4019,1791,2128,833,719,122,347,617,585,501,926,52,45,57.18,47.41,46.2,54.61,33.15,8.08,44.06,10.64,37.21
2025-01-27,nasdaq,2887,1104,1695,488,520,86,264,512,537,439,783,24,41,50.33,43.5,43.49,50.2,32.78,7.53,39.7,10.66,42.1
2025-01-27,r2000,1877,978,861,457,323,66,151,278,189,197,398,17,12,63.39,46.98,44.84,60.56,30.79,8.57,49.67,10.92,30.84
2025-01-27,scan,122,43,79,16,35,3,8,51,0,29,0,5,0,93.44,100.0,100.0,100.0,100.0,0.0,100.0,0.0,0.0
2025-01-27,sp500,499,332,167,211,124,14,59,24,8,13,40,21,0,81.16,67.74,62.53,69.14,37.68,8.87,57.66,11.29,22.18
2025-01-28,all,4019,1806,2054,596,566,122,89,650,591,568,849,65,52,55.77,45.92,45.86,53.91,33.47,8.63,43.67,10.33,37.37
2025-01-28,nasdaq,2887,1346,1402,416,354,97,66,537,546,495,719,36,46,49.74,43.17,44.24,49.72,32.77,7.75,39.52,10.37,42.36
2025-01-28,r2000,1877,861,963,279,256,51,43,294,183,226,349,30,15,62.38,46.45,45.06,59.9,32.12,9.5,49.07,10.86,30.57
2025-01-28,scan,125,97,28,42,8,10,0,60,0,42,0,10,0,96.0,100.0,100.0,100.0,100.0,0.0,100.0,0.0,0.0
2025-01-28,sp500,499,166,330,107,151,12,8,31,9,15,33,19,1,74.55,60.12,56.11,67.33,38.08,9.88,57.26,9.88,22.98
2025-01-29,all,4021,1575,2282,470,545,82,93,686,572,503,939,37,52,53.16,45.23,44.25,53.28,34.13,8.84,43.62,9.75,37.79
2025-01-29,nasdaq,2889,1177,1567,336,325,72,73,556,530,439,796,26,38,48.54,42.63,42.91,49.65,33.24,7.45,39.89,9.93,42.73
2025-01-29,r2000,1877,723,1096,226,280,41,49,322,175,206,384,17,21,58.88,46.02,43.61,59.25,32.87,9.61,49.18,10.1,31.11
2025-01-29,scan,145,67,76,26,22,3,3,77,0,38,0,4,0,95.17,100.0,100.0,100.0,99.31,0.0,100.0,0.0,0.0
2025-01-29,sp500,499,218,281,83,107,4,9,34,8,14,36,7,3,71.14,57.92,52.91,65.13,39.88,11.69,55.24,9.68,23.39
2025-01-30,all,4021,2641,1239,740,330,216,80,710,562,525,901,75,34,58.17,49.65,47.72,54.38,34.46,8.13,44.27,10.2,37.4
2025-01-30,nasdaq,2889,1756,1007,439,244,163,62,578,519,446,785,35,30,51.97,45.55,45.23,50.31,33.45,7.23,40.04,10.44,42.29
2025-01-30,r2000,1877,1286,544,362,162,100,35,331,173,215,354,29,7,65.01,51.55,48.0,60.5,33.08,8.57,50.11,10.43,30.9
2025-01-30,scan,147,118,28,40,12,15,0,76,0,38,1,12,0,95.24,100.0,100.0,100.0,98.64,0.0,100.0,0.0,0.0
2025-01-30,sp500,499,411,87,149,51,21,14,42,7,28,22,27,4,77.35,65.53,58.72,67.33,40.88,10.48,56.65,10.48,22.38
2025-01-31,all,4023,1253,2614,525,954,105,152,687,594,503,919,31,40,53.36,46.91,44.35,53.12,34.78,8.6,44.19,9.02,38.18
2025-01-31,nasdaq,2891,978,1773,372,520,91,115,568,547,434,799,18,29,48.19,43.9,42.84,49.14,33.66,7.71,40.0,9.3,42.99
2025-01-31,r2000,1878,552,1280,266,526,40,84,313,181,195,378,17,22,59.01,47.7,43.4,58.7,33.62,9.28,49.56,9.17,31.99
2025-01-31,scan,153,50,102,24,43,6,5,76,0,46,0,0,0,94.77,100.0,100.0,100.0,98.69,0.0,100.0,0.0,0.0
2025-01-31,sp500,499,125,373,89,213,4,8,39,10,25,19,6,0,70.54,60.72,53.11,65.73,41.68,10.89,56.85,8.67,23.59
2025-02-03,all,4026,1068,2845,468,1006,74,201,601,662,457,1022,25,115,44.55,41.74,39.42,51.07,33.88,9.78,43.59,7.58,39.04
2025-02-03,nasdaq,2893,764,2029,301,609,66,157,510,603,397,862,16,85,40.58,39.14,38.45,47.49,32.75,8.49,39.63,8.04,43.84
2025-02-03,r2000,1880,406,1438,194,552,29,114,260,220,170,464,8,50,47.07,40.44,37.25,55.92,32.92,10.86,48.47,7.48,33.19
2025-02-03,scan,142,53,85,27,28,2,2,64,0,39,1,1,0,94.37,99.3,100.0,100.0,99.3,0.0,100.0,0.0,0.0
2025-02-03,sp500,499,183,316,122,196,1,7,33,12,23,30,9,10,63.73,57.11,49.5,64.33,42.08,12.7,56.65,7.46,23.19
2025-02-04,all,4028,2665,1203,759,352,224,53,655,627,564,838,62,35,52.61,47.99,44.0,52.86,34.84,9.25,44.12,8.86,37.77
2025-02-04,nasdaq,2895,1906,856,513,210,186,36,544,574,489,716,43,29,48.71,45.2,42.67,49.36,33.59,7.89,40.01,9.55,42.55
2025-02-04,r2000,1880,1446,387,430,121,121,16,298,205,215,337,26,9,58.69,49.57,43.99,58.43,33.56,10.04,49.45,9.01,31.5
2025-02-04,scan,151,121,30,42,8,16,1,69,0,46,1,8,0,98.01,100.0,100.0,100.0,98.01,0.0,100.0,0.0,0.0
2025-02-04,sp500,499,252,245,102,109,13,13,34,10,30,30,20,4,62.93,57.92,50.1,64.13,44.29,13.31,56.85,7.06,22.78
2025-02-05,all,4028,2558,1301,820,377,236,71,687,592,664,745,103,31,58.08,52.53,48.25,54.25,36.07,8.46,45.27,9.12,37.15
2025-02-05,nasdaq,2895,1804,941,567,231,204,57,575,540,578,632,75,24,55.09,49.35,46.47,50.95,34.75,7.08,41.21,9.95,41.76
2025-02-05,r2000,1880,1287,538,414,176,108,28,302,198,254,292,44,6,64.98,55.21,49.12,60.22,35.17,9.17,50.87,9.39,30.57
2025-02-05,scan,153,123,28,34,7,13,1,69,0,55,0,9,0,96.08,99.35,100.0,100.0,95.42,0.0,100.0,0.0,0.0
2025-02-05,sp500,499,353,144,137,79,13,9,39,8,36,26,28,4,65.93,63.53,54.91,65.13,44.29,12.68,57.55,7.44,22.33
2025-02-06,all,4033,1831,2036,589,579,171,146,732,552,636,760,99,49,55.87,52.19,47.92,53.81,37.03,9.17,45.04,8.91,36.89
2025-02-06,nasdaq,2899,1274,1482,387,373,136,112,606,507,554,645,64,39,53.58,49.06,46.43,50.62,35.68,7.85,40.8,10.03,41.32
2025-02-06,r2000,1881,868,956,279,272,75,77,326,169,236,314,45,18,62.37,54.99,49.17,59.51,36.08,9.72,50.76,8.79,30.73
2025-02-06,scan,143,70,72,29,17,10,2,71,0,41,1,6,0,95.8,99.3,100.0,100.0,98.6,0.0,100.0,0.0,0.0
2025-02-06,sp500,499,265,231,111,116,11,13,45,7,36,26,25,5,61.92,63.93,55.11,63.53,45.89,14.29,57.75,5.63,22.33
2025-02-07,all,4035,1021,2884,382,792,107,202,665,587,623,832,41,103,48.58,48.21,43.37,52.26,37.13,10.53,44.07,8.31,37.1
2025-02-07,nasdaq,2901,771,2018,287,536,95,166,554,536,534,707,31,73,46.58,45.35,42.11,49.21,35.54,9.1,40.03,9.36,41.5
2025-02-07,r2000,1881,362,1478,146,450,43,125,289,194,225,363,19,46,51.33,49.6,42.54,57.06,36.83,11.95,49.18,7.91,30.95
2025-02-07,scan,134,45,89,17,27,7,2,65,0,48,1,2,0,94.78,99.25,100.0,100.0,100.0,0.0,100.0,0.0,0.0
2025-02-07,sp500,499,138,359,66,113,6,8,42,9,40,25,7,10,56.51,60.52,52.91,62.93,46.29,14.89,57.34,5.43,22.33
2025-02-10,all,4037,2039,1862,702,587,186,121,677,596,871,617,55,96,47.61,49.06,44.95,52.88,38.01,10.55,44.29,8.7,36.46
2025-02-10,nasdaq,2902,1429,1365,484,403,150,112,565,547,714,549,46,76,46.34,46.36,43.4,49.62,36.13,9.25,40.14,9.66,40.95
2025-02-10,r2000,1883,964,865,338,286,92,60,285,198,344,220,21,42,49.89,50.99,44.95,58.37,37.89,11.68,49.73,8.62,29.97
2025-02-10,scan,119,74,45,25,18,10,1,65,0,71,0,5,0,92.44,100.0,100.0,100.0,100.0,0.0,100.0,0.0,0.0
2025-02-10,sp500,499,291,205,112,94,12,2,42,9,75,13,10,7,55.31,62.12,53.71,63.33,47.9,14.86,57.63,5.62,21.89
2025-02-11,all,4037,1697,2201,562,638,91,185,603,643,845,674,46,111,45.7,49.0,45.14,52.74,37.92,10.75,44.3,8.54,36.41
2025-02-11,nasdaq,2902,1090,1687,373,453,67,160,507,590,680,608,29,94,43.61,45.19,42.68,49.08,35.45,9.76,39.9,9.32,41.01
2025-02-11,r2000,1883,913,923,306,291,42,85,257,220,340,244,19,52,50.16,52.7,47.09,58.26,38.21,12.17,49.67,8.57,29.59
2025-02-11,scan,112,37,74,20,19,5,7,52,0,62,1,2,0,91.96,100.0,100.0,100.0,98.21,0.0,100.0,0.0,0.0
2025-02-11,sp500,499,252,246,91,93,6,10,32,11,78,14,14,7,52.71,62.93,55.31,63.93,48.9,14.03,58.52,5.41,22.04
2025-02-12,all,4038,1473,2422,507,765,139,107,524,678,739,745,49,75,40.1,45.63,41.86,50.9,37.69,12.42,43.41,7.54,36.63
2025-02-12,nasdaq,2903,1185,1588,374,426,120,71,460,601,616,660,35,55,39.95,43.61,40.77,47.77,35.26,10.82,39.65,8.21,41.31
2025-02-12,r2000,1884,573,1271,217,428,70,60,191,267,290,286,18,39,41.52,47.55,42.12,55.86,37.95,14.19,48.47,7.37,29.97
2025-02-12,scan,115,65,49,20,20,5,3,45,0,51,0,4,0,93.04,99.13,100.0,100.0,98.26,0.0,100.0,0.0,0.0
2025-02-12,sp500,499,163,335,84,142,10,11,24,11,58,18,16,7,45.49,56.31,50.5,61.72,49.1,16.23,57.11,4.61,22.04
2025-02-13,all,4039,2852,1054,892,365,234,81,537,657,823,698,122,34,47.0,49.75,46.76,53.28,38.65,10.91,44.98,8.37,35.74
2025-02-13,nasdaq,2904,1955,828,570,253,191,65,472,587,676,620,82,26,46.31,47.15,44.99,49.96,36.19,9.5,40.83,9.24,40.43
2025-02-13,r2000,1884,1459,382,432,153,111,32,202,245,340,256,55,14,50.03,53.15,48.24,58.69,40.28,12.39,50.6,8.08,28.93
2025-02-13,scan,128,105,22,40,8,14,3,41,0,65,0,5,0,86.72,99.22,100.0,100.0,96.88,0.0,100.0,0.0,0.0
2025-02-13,sp500,499,385,114,156,66,15,9,21,12,68,22,31,3,50.7,60.92,57.11,63.73,50.3,14.63,59.12,4.61,21.64
2025-02-14,all,4045,1934,1962,631,528,161,107,535,646,779,733,82,31,47.55,51.2,47.46,53.21,39.01,11.08,45.06,8.19,35.67
2025-02-14,nasdaq,2909,1401,1379,448,338,140,84,472,580,637,641,49,21,47.87,48.93,45.9,49.96,36.65,9.71,40.91,9.12,40.25
2025-02-14,r2000,1885,908,922,300,239,74,50,191,242,313,271,34,18,49.55,54.43,48.77,58.58,40.71,12.28,50.98,7.59,29.15
2025-02-14,scan,127,72,54,26,18,8,1,38,0,57,0,3,0,88.98,100.0,100.0,100.0,92.91,0.0,100.0,0.0,0.0
2025-02-14,sp500,500,216,283,87,113,7,11,21,12,64,24,19,3,49.5,61.52,57.31,63.13,49.7,16.03,58.12,5.01,20.84
2025-02-18,all,4046,2155,1749,936,689,212,152,509,665,735,837,100,53,49.84,52.15,49.2,53.79,40.14,10.85,45.45,8.42,35.28
2025-02-18,nasdaq,2910,1437,1357,597,491,167,126,446,592,599,742,62,43,48.49,49.21,47.13,51.04,37.84,9.12,41.65,9.49,39.74
2025-02-18,r2000,1886,1079,755,457,333,117,76,188,244,292,304,46,23,53.76,56.78,51.34,58.96,42.04,12.39,51.26,7.75,28.6
2025-02-18,scan,144,93,48,45,26,12,0,38,0,64,0,4,0,88.89,99.31,100.0,100.0,93.75,0.0,100.0,0.0,0.0
2025-02-18,sp500,500,361,137,190,89,16,6,18,11,69,19,25,2,55.11,63.33,60.52,64.53,50.3,15.83,58.12,6.41,19.64
2025-02-19,all,4049,1726,2158,648,689,125,112,520,638,782,827,65,54,47.86,50.59,48.34,53.06,40.64,11.21,45.4,7.77,35.62
2025-02-19,nasdaq,2911,1212,1560,429,449,101,82,453,565,618,736,36,41,46.92,48.08,46.01,50.2,38.38,9.49,41.65,8.68,40.18
2025-02-19,r2000,1888,739,1085,299,366,56,56,199,229,328,301,27,29,49.28,53.52,50.05,57.87,42.47,13.16,50.82,7.1,28.93
2025-02-19,scan,138,61,76,28,25,3,4,38,0,78,0,3,0,90.58,99.28,100.0,100.0,96.38,0.0,100.0,0.0,0.0
2025-02-19,sp500,500,290,210,126,90,11,7,21,9,91,18,15,2,57.11,64.13,61.32,65.73,51.7,14.43,59.72,6.01,19.84
2025-02-20,all,4050,1306,2590,488,830,101,160,517,627,755,852,43,62,42.31,46.76,45.46,51.82,40.62,12.3,44.5,7.37,35.83
2025-02-20,nasdaq,2912,894,1881,307,569,87,122,451,555,600,754,25,48,40.71,44.25,43.3,49.14,38.4,10.66,40.72,8.45,40.17
2025-02-20,r2000,1888,511,1321,214,449,39,93,199,233,301,306,22,27,41.5,48.99,46.5,55.75,42.18,14.57,49.48,6.33,29.62
2025-02-20,scan,119,33,85,20,41,7,9,41,0,82,0,0,0,92.44,99.16,100.0,100.0,97.48,0.0,100.0,0.0,0.0
2025-02-20,sp500,500,221,279,90,118,4,19,19,8,91,15,9,1,53.51,60.12,59.32,64.93,53.11,15.23,59.52,5.41,19.84
2025-02-21,all,4053,811,3121,406,1362,86,436,482,631,624,982,21,86,33.02,39.38,39.18,48.29,38.53,14.61,42.38,5.99,37.01
2025-02-21,nasdaq,2915,599,2205,266,859,75,316,426,557,518,831,11,62,32.21,37.36,37.54,46.1,36.46,12.23,39.13,7.05,41.59
2025-02-21,r2000,1888,278,1573,145,750,30,255,172,235,220,398,5,45,28.72,38.74,37.64,51.12,39.3,17.79,46.48,4.69,31.04
2025-02-21,scan,86,18,68,15,45,6,13,24,0,53,0,0,0,93.02,100.0,100.0,100.0,100.0,0.0,100.0,0.0,0.0
2025-02-21,sp500,500,115,384,88,248,5,45,16,7,71,28,8,4,43.89,53.11,53.71,61.92,51.7,17.84,57.52,4.41,20.24
2025-02-24,all,4054,1362,2580,696,1036,64,269,484,602,535,1092,22,116,29.68,36.05,36.88,47.07,35.97,15.13,41.76,5.39,37.72
2025-02-24,nasdaq,2916,860,1957,413,716,51,239,427,531,433,948,12,101,28.02,33.29,34.25,44.35,33.8,12.93,38.28,6.14,42.65
2025-02-24,r2000,1888,629,1222,334,542,26,125,177,225,200,418,4,47,25.41,34.85,34.92,49.75,35.88,18.39,45.55,4.26,31.81
2025-02-24,scan,77,32,45,23,27,1,2,28,0,43,0,0,0,94.81,98.7,100.0,100.0,98.7,0.0,100.0,0.0,0.0
2025-02-24,sp500,500,273,226,172,144,5,9,18,5,66,29,14,2,45.09,53.31,54.31,62.32,50.5,17.03,58.52,3.81,20.64
2025-02-25,all,4055,1653,2277,880,1001,103,257,450,620,445,1262,34,147,28.9,35.6,36.27,46.82,33.67,15.08,41.72,5.13,38.07
2025-02-25,nasdaq,2916,988,1817,474,724,68,222,401,548,352,1088,16,125,25.23,31.65,32.65,43.53,30.86,13.22,37.83,5.69,43.26
2025-02-25,r2000,1889,905,944,486,495,51,125,167,225,170,504,9,58,26.9,36.45,36.47,50.33,33.05,17.57,46.32,4.04,32.08
2025-02-25,scan,67,29,37,22,26,5,2,15,1,29,0,0,0,85.07,100.0,100.0,100.0,95.52,0.0,100.0,0.0,0.0
2025-02-25,sp500,500,287,212,209,150,10,12,11,7,54,39,19,2,47.29,53.51,53.31,62.93,50.1,17.03,58.12,4.81,20.04
2025-02-26,all,4057,2053,1860,706,675,130,81,458,647,474,1287,20,86,30.07,36.08,36.97,46.54,31.98,15.03,41.69,4.92,38.36
2025-02-26,nasdaq,2918,1559,1236,489,419,110,55,406,569,362,1108,15,67,27.8,32.78,33.72,43.27,29.14,13.15,37.94,5.4,43.52
2025-02-26,r2000,1889,912,933,354,390,59,50,165,239,190,501,12,53,27.22,36.77,36.41,50.35,30.97,17.35,46.21,4.2,32.24
2025-02-26,scan,85,58,27,25,13,11,0,23,1,41,0,0,0,87.06,98.82,100.0,100.0,95.29,0.0,100.0,0.0,0.0
2025-02-26,sp500,500,212,286,100,106,9,8,12,9,59,36,3,0,45.09,51.5,53.51,61.72,48.3,17.43,57.52,4.21,20.84
2025-02-27,all,4058,1087,2835,412,960,87,331,412,690,445,1364,17,198,26.2,32.13,33.66,44.44,29.93,16.59,39.97,4.53,38.91
2025-02-27,nasdaq,2919,728,2073,271,627,70,259,365,604,343,1170,11,156,24.11,29.25,30.64,41.23,27.01,14.84,36.21,5.07,43.89
2025-02-27,r2000,1889,497,1349,234,539,44,175,154,265,188,544,6,100,23.22,31.73,32.82,47.74,29.51,19.26,44.08,3.71,32.95
2025-02-27,scan,61,22,38,16,17,4,2,18,0,30,0,2,0,93.44,100.0,100.0,100.0,98.36,0.0,100.0,0.0,0.0
2025-02-27,sp500,500,182,318,51,149,3,39,8,14,57,44,5,7,40.08,46.89,49.1,59.92,44.89,18.64,55.91,4.01,21.44
2025-02-28,all,4060,2609,1300,1424,590,152,119,388,724,515,1238,58,130,30.68,34.99,36.73,45.85,29.27,14.97,41.22,4.69,39.11
2025-02-28,nasdaq,2921,1735,1053,800,408,120,94,347,626,393,1063,21,110,26.86,31.43,33.25,42.38,26.02,13.73,37.28,5.14,43.85
2025-02-28,r2000,1889,1305,538,723,352,80,59,142,285,225,490,17,57,29.41,36.64,37.3,49.59,28.82,16.97,45.77,3.87,33.39
2025-02-28,scan,99,86,13,62,8,8,1,20,1,50,0,3,0,72.73,100.0,100.0,100.0,89.9,0.0,100.0,0.0,0.0
2025-02-28,sp500,500,446,54,383,49,9,6,8,17,71,40,34,2,50.9,52.3,54.51,61.92,45.09,16.43,57.52,4.41,21.64
2025-03-03,all,4060,729,3227,401,1591,53,548,308,924,546,1352,63,331,23.86,28.6,30.45,42.13,26.72,17.55,38.39,3.8,40.26
2025-03-03,nasdaq,2921,483,2353,243,1026,45,430,279,771,392,1145,22,253,20.45,25.56,27.28,38.86,24.03,16.16,34.63,4.26,44.95
2025-03-03,r2000,1889,279,1576,177,909,18,295,103,410,236,537,15,184,22.23,29.42,31.27,45.4,26.2,19.86,42.61,2.84,34.7
2025-03-03,scan,50,9,41,9,31,0,5,7,0,21,0,0,0,92.0,100.0,100.0,100.0,94.0,0.0,100.0,0.0,0.0
2025-03-03,sp500,500,161,337,108,233,1,33,6,24,99,48,44,13,43.29,44.89,46.89,59.32,42.48,18.44,54.91,4.41,22.24
2025-03-04,all,4060,1288,2640,675,1606,132,207,273,1009,453,1349,6,257,19.46,24.18,26.5,39.36,23.77,19.81,36.0,3.44,40.76
2025-03-04,nasdaq,2921,1100,1708,528,910,118,120,250,821,358,1113,5,181,17.86,22.11,24.36,36.97,21.12,17.58,32.99,4.04,45.39
2025-03-04,r2000,1889,559,1285,349,857,75,105,86,464,184,556,3,125,16.7,22.71,24.55,41.97,22.95,22.8,39.5,2.51,35.19
2025-03-04,scan,44,24,20,20,17,3,0,7,0,29,0,0,0,88.64,100.0,100.0,100.0,95.45,0.0,100.0,0.0,0.0
2025-03-04,sp500,500,82,417,67,372,1,41,5,31,62,58,1,19,33.27,37.68,40.68,52.51,39.08,24.45,49.5,3.01,23.05
2025-03-05,all,4061,2700,1241,1053,544,188,41,314,909,494,1261,19,34,24.18,27.85,29.47,40.68,23.34,18.35,36.86,3.88,40.92
2025-03-05,nasdaq,2922,1917,895,642,341,146,31,288,750,411,1032,19,29,22.59,25.87,27.22,38.21,20.9,16.33,33.65,4.59,45.43
2025-03-05,r2000,1889,1184,678,545,336,77,24,98,408,186,523,10,16,20.1,25.05,26.79,42.57,22.04,21.93,39.77,2.84,35.46
2025-03-05,scan,72,62,10,39,8,13,0,20,0,43,0,0,0,77.78,100.0,100.0,100.0,86.11,0.0,100.0,0.0,0.0
2025-03-05,sp500,500,378,121,202,80,12,3,5,22,54,49,0,1,38.68,42.89,45.09,55.51,38.08,21.44,51.5,4.01,23.05
2025-03-06,all,4061,1304,2625,523,1070,99,298,266,975,382,1450,11,64,22.6,25.52,27.11,38.29,21.78,19.7,34.55,3.74,42.01
2025-03-06,nasdaq,2922,946,1859,319,664,79,219,248,801,328,1158,8,51,21.72,23.71,24.93,36.12,19.53,17.34,31.67,4.44,46.55
2025-03-06,r2000,1889,608,1239,303,535,58,144,80,433,127,626,4,27,18.5,22.49,24.65,40.07,19.58,23.27,37.22,2.83,36.68
2025-03-06,scan,50,19,30,16,18,1,1,9,0,30,0,0,0,78.0,98.0,100.0,100.0,88.0,0.0,100.0,0.0,0.0
2025-03-06,sp500,500,148,352,77,241,4,59,3,31,41,73,1,4,34.67,38.08,41.28,51.1,36.27,24.85,47.49,3.61,24.05
2025-03-07,all,4064,2235,1681,1025,731,222,102,254,1014,408,1449,17,54,26.26,27.29,28.42,39.46,21.25,18.42,35.07,4.39,42.11
2025-03-07,nasdaq,2925,1539,1253,577,466,160,80,239,842,345,1151,9,45,24.02,24.95,25.58,36.7,19.14,16.37,31.98,4.73,46.92
2025-03-07,r2000,1890,1045,792,512,385,118,54,73,436,138,631,6,21,22.57,24.52,25.88,41.26,18.84,21.74,37.66,3.6,37.0
2025-03-07,scan,62,44,18,30,8,6,0,14,1,35,0,1,0,75.81,100.0,100.0,100.0,93.55,0.0,100.0,0.0,0.0
2025-03-07,sp500,500,340,159,265,132,26,8,3,33,44,77,6,2,40.88,43.89,45.69,54.31,35.07,22.04,49.5,4.81,23.65
2025-03-10,all,4068,640,3345,430,1888,49,679,209,1171,317,1697,23,146,20.31,21.95,22.9,33.83,19.15,23.09,30.0,3.82,43.09
2025-03-10,nasdaq,2929,403,2452,224,1186,42,520,199,960,262,1335,11,114,17.75,19.59,19.94,31.45,17.04,20.73,27.21,4.21,47.86
2025-03-10,r2000,1890,256,1609,192,1048,18,357,58,522,96,753,6,66,17.15,18.71,19.96,34.46,16.33,27.41,31.72,2.72,38.15
2025-03-10,scan,47,16,31,15,27,1,2,8,0,21,0,1,0,82.98,100.0,100.0,100.0,100.0,0.0,100.0,0.0,0.0
2025-03-10,sp500,500,143,355,135,335,3,75,1,42,42,108,12,7,37.68,38.28,40.28,47.29,34.47,28.66,42.89,4.41,24.05
2025-03-11,all,4068,1779,2133,850,1253,162,157,225,1113,288,1797,7,130,19.27,20.52,22.18,32.89,17.65,23.4,29.35,3.51,43.74
2025-03-11,nasdaq,2929,1387,1400,575,687,128,113,213,914,253,1384,7,106,18.36,19.07,20.39,31.3,15.72,20.54,27.1,4.17,48.19
2025-03-11,r2000,1890,829,1020,469,680,95,83,63,485,98,823,3,59,17.09,18.07,20.12,33.51,14.89,27.68,30.79,2.67,38.86
2025-03-11,scan,43,24,19,14,18,7,2,11,0,21,0,0,0,81.4,100.0,100.0,100.0,100.0,0.0,100.0,0.0,0.0
2025-03-11,sp500,500,130,368,114,318,6,26,1,42,21,138,0,9,25.45,30.66,32.06,42.89,31.26,31.46,40.48,2.4,25.65
2025-03-12,all,4068,2176,1758,912,823,176,93,242,1086,301,1728,10,79,18.52,20.29,22.21,33.53,16.69,22.23,30.17,3.32,44.27
2025-03-12,nasdaq,2929,1669,1144,612,466,149,69,229,894,262,1338,9,60,19.49,19.9,21.0,32.14,15.33,19.11,28.0,4.14,48.76
2025-03-12,r2000,1890,1036,811,526,457,100,49,67,477,104,785,4,42,15.71,17.06,19.74,34.37,14.03,26.27,31.88,2.4,39.46
2025-03-12,scan,47,24,23,13,13,3,1,11,0,21,0,0,0,85.11,100.0,100.0,100.0,97.87,0.0,100.0,0.0,0.0
2025-03-12,sp500,500,201,298,137,167,8,9,2,42,19,129,0,6,17.43,26.45,29.86,41.08,27.86,31.66,40.08,1.0,27.25
2025-03-13,all,4068,931,3000,341,1011,66,253,232,1131,260,1923,5,199,16.76,18.22,19.81,30.58,15.56,24.62,27.19,3.35,44.85
2025-03-13,nasdaq,2929,697,2107,234,597,58,202,219,922,229,1467,5,142,17.63,18.19,19.29,29.66,14.52,21.08,25.66,3.99,49.27
2025-03-13,r2000,1890,339,1516,160,549,19,126,64,496,80,888,3,105,13.21,14.45,16.05,30.72,12.85,29.16,28.23,2.4,40.22
2025-03-13,scan,35,15,20,10,11,2,0,6,0,11,0,0,0,94.29,100.0,100.0,100.0,97.14,0.0,100.0,0.0,0.0
2025-03-13,sp500,500,125,375,56,192,4,22,0,48,19,157,0,24,17.0,23.45,26.65,36.87,25.05,34.87,35.67,1.2,28.26
2025-03-14,all,4070,3153,784,1006,267,341,41,249,1082,292,1741,18,41,24.1,21.89,23.7,34.33,15.58,21.03,30.2,4.1,44.66
2025-03-14,nasdaq,2931,2141,667,615,205,270,35,234,908,252,1354,14,39,23.95,21.02,22.52,33.16,14.58,17.9,28.29,4.87,48.94
2025-03-14,r2000,1890,1575,275,557,127,169,21,67,461,105,785,6,15,20.94,18.38,20.8,34.96,12.48,24.8,31.88,3.0,40.33
2025-03-14,scan,59,53,6,22,3,9,0,9,1,22,0,0,0,81.36,100.0,100.0,100.0,86.44,0.0,100.0,0.0,0.0
2025-03-14,sp500,500,454,46,187,17,27,0,0,38,22,125,2,1,27.2,30.46,32.46,42.08,25.05,30.06,39.88,2.2,27.86
2025-03-17,all,4070,2865,1061,979,344,260,58,261,1044,333,1573,31,32,31.59,25.33,26.28,36.99,16.7,18.51,32.07,4.91,44.51
2025-03-17,nasdaq,2931,1951,852,597,236,213,52,243,884,296,1228,20,30,30.92,24.35,24.9,35.34,15.61,15.7,29.87,5.49,48.94
2025-03-17,r2000,1890,1361,488,543,191,131,26,78,448,106,725,14,8,27.17,20.56,22.87,37.61,13.33,22.13,33.73,3.81,40.33
2025-03-17,scan,73,62,11,31,6,9,1,12,1,27,0,6,0,82.19,98.63,100.0,100.0,84.93,0.0,100.0,0.0,0.0
2025-03-17,sp500,500,459,40,164,22,16,2,1,25,18,97,6,0,40.6,36.27,38.08,47.49,26.65,25.05,43.89,3.61,27.45
2025-03-18,all,4070,1341,2572,471,687,63,158,254,1056,320,1632,16,52,29.9,23.66,25.01,35.34,17.39,19.52,30.76,4.54,45.17
2025-03-18,nasdaq,2931,946,1853,316,457,55,138,236,885,278,1285,14,47,29.05,22.58,23.44,34.06,16.2,16.25,29.02,5.05,49.69
2025-03-18,r2000,1890,628,1201,260,406,34,83,76,466,108,741,6,19,27.01,19.77,22.01,35.6,14.23,23.49,32.1,3.43,40.98
2025-03-18,scan,61,15,43,10,15,1,1,8,1,20,0,1,0,86.89,96.72,100.0,100.0,91.8,0.0,100.0,0.0,0.0
2025-03-18,sp500,500,154,345,52,94,0,5,1,27,24,110,2,1,35.8,33.87,36.27,45.09,27.05,27.25,41.28,3.81,27.66
2025-03-19,all,4070,2809,1115,902,363,216,41,263,997,358,1516,18,24,39.08,27.03,28.08,37.39,18.29,17.47,32.19,5.19,45.15
2025-03-19,nasdaq,2931,1971,828,577,235,172,36,245,841,309,1212,13,19,38.8,25.78,26.74,35.97,17.14,14.34,30.19,5.82,49.65
2025-03-19,r2000,1890,1405,443,511,190,96,16,81,433,121,689,7,10,37.82,23.44,25.0,37.66,15.25,21.53,33.46,4.14,40.87
2025-03-19,scan,73,60,13,21,4,7,0,10,0,22,0,0,0,87.67,98.63,100.0,100.0,78.08,0.0,100.0,0.0,0.0
2025-03-19,sp500,500,375,124,132,45,18,1,1,25,25,91,3,0,41.4,36.87,39.88,47.7,27.66,24.65,44.09,3.61,27.66
2025-03-20,all,4070,1417,2487,431,620,71,104,272,966,311,1624,19,31,37.84,26.33,27.32,36.56,19.11,17.65,31.78,4.78,45.79
2025-03-20,nasdaq,2931,1002,1787,276,417,59,90,250,813,270,1284,9,26,37.35,25.19,25.83,35.02,17.87,14.75,29.75,5.31,50.2
2025-03-20,r2000,1890,597,1235,228,339,33,54,90,419,110,742,7,14,35.59,22.86,24.79,37.01,15.94,21.58,33.02,3.92,41.47
2025-03-20,scan,68,23,44,12,18,2,5,12,0,21,0,2,0,91.18,98.53,100.0,100.0,82.35,0.0,100.0,0.0,0.0
2025-03-20,sp500,500,181,314,52,86,2,4,1,25,19,108,9,0,41.4,35.27,37.68,46.49,29.06,25.45,43.29,3.21,28.06
2025-03-21,all,4070,1524,2377,866,1614,134,142,281,963,326,1554,12,67,35.81,25.21,25.99,35.55,19.16,18.2,30.87,4.67,46.26
2025-03-21,nasdaq,2931,1203,1580,621,907,119,106,260,804,280,1224,10,53,37.41,24.97,25.05,34.37,18.24,15.15,28.94,5.45,50.46
2025-03-21,r2000,1890,644,1177,457,957,63,76,91,423,117,714,7,32,31.45,20.78,22.81,35.82,15.99,22.13,32.04,3.71,42.13
2025-03-21,scan,63,29,31,22,28,3,0,12,0,17,0,0,0,90.48,98.41,100.0,100.0,90.48,0.0,100.0,0.0,0.0
2025-03-21,sp500,500,151,348,141,328,4,8,2,26,21,104,2,5,34.0,31.86,33.47,44.09,27.45,26.65,42.08,2.0,29.26
2025-03-24,all,4072,2907,1027,877,324,179,35,293,901,381,1298,16,32,51.86,30.9,30.6,39.25,20.22,14.8,33.72,5.48,46.0
2025-03-24,nasdaq,2933,1944,865,548,265,155,33,270,773,329,1056,12,32,51.06,29.68,29.14,36.99,19.21,12.81,30.95,6.0,50.24
2025-03-24,r2000,1890,1541,312,497,118,78,8,87,380,141,558,8,9,51.72,27.49,28.52,40.38,17.22,18.15,35.53,4.74,41.58
2025-03-24,scan,72,60,12,24,6,3,0,16,0,25,0,2,0,86.11,100.0,100.0,100.0,91.67,0.0,100.0,0.0,0.0
2025-03-24,sp500,500,424,75,133,26,11,0,6,17,22,65,2,0,55.0,40.08,39.48,50.9,29.06,19.84,47.29,3.61,29.26
2025-03-25,all,4073,1285,2653,386,651,72,152,289,918,321,1471,16,71,46.77,28.38,28.55,38.0,19.85,15.55,32.73,5.24,46.48
2025-03-25,nasdaq,2934,916,1897,274,445,64,137,266,790,287,1184,10,60,45.56,27.48,27.16,36.15,19.03,13.17,30.43,5.71,50.69
2025-03-25,r2000,1890,499,1357,191,356,28,87,86,394,114,680,7,28,44.47,23.92,24.84,38.29,17.22,19.83,33.77,4.47,41.94
2025-03-25,scan,62,27,35,11,10,0,0,11,0,21,0,0,0,91.94,100.0,100.0,100.0,95.16,0.0,100.0,0.0,0.0
2025-03-25,sp500,500,221,277,47,69,2,2,5,17,19,66,4,4,56.2,38.68,40.08,50.5,28.26,19.64,46.69,3.81,29.86
2025-03-26,all,4073,1440,2462,321,499,59,220,318,835,284,1643,15,91,43.99,26.66,26.95,36.95,19.9,16.32,31.85,5.06,46.77
2025-03-26,nasdaq,2934,934,1847,237,368,53,193,284,740,245,1339,7,81,42.11,24.99,25.17,35.07,18.75,13.89,29.53,5.52,51.06
2025-03-26,r2000,1890,695,1143,141,243,20,103,100,330,99,747,4,42,42.93,23.39,23.61,37.49,17.11,20.2,33.26,4.19,42.35
2025-03-26,scan,69,19,50,2,12,1,5,24,0,21,0,0,0,91.3,94.2,100.0,100.0,95.65,0.0,100.0,0.0,0.0
2025-03-26,sp500,500,249,249,46,48,2,22,8,16,19,81,6,0,56.2,39.28,41.88,49.9,29.86,20.04,46.09,3.81,30.06
2025-03-27,all,4075,1829,2090,464,399,118,114,328,826,285,1631,26,64,44.58,27.74,27.27,36.1,19.84,17.04,31.13,4.93,46.9
2025-03-27,nasdaq,2936,1314,1487,341,292,97,84,296,732,246,1319,14,57,42.83,26.18,26.03,34.56,18.6,14.29,29.17,5.37,51.17
2025-03-27,r2000,1890,925,917,254,173,61,57,105,320,100,729,9,19,45.79,25.13,24.09,36.73,17.38,20.74,32.55,4.14,42.57
2025-03-27,scan,67,37,30,9,6,1,1,26,0,21,0,0,0,95.52,95.52,100.0,100.0,98.51,0.0,100.0,0.0,0.0
2025-03-27,sp500,500,203,294,39,51,0,10,7,19,20,97,11,1,50.6,39.48,39.28,47.49,30.46,22.44,43.69,3.81,30.06
2025-03-28,all,4076,660,3304,219,765,40,375,263,975,257,1741,19,216,31.58,22.68,22.34,31.94,19.18,20.07,28.16,3.73,48.03
2025-03-28,nasdaq,2937,463,2372,158,520,33,303,237,844,211,1398,11,172,30.33,21.19,20.78,30.37,18.04,17.35,26.09,4.27,52.28
2025-03-28,r2000,1890,273,1585,103,401,21,188,86,396,94,765,12,94,31.02,19.89,19.71,32.12,16.78,24.12,29.23,2.83,43.82
2025-03-28,scan,50,10,39,3,14,0,1,14,0,17,0,0,0,96.0,96.0,100.0,100.0,100.0,0.0,100.0,0.0,0.0
2025-03-28,sp500,500,85,415,23,96,1,29,5,31,21,117,4,12,36.4,33.87,33.87,42.69,29.46,26.45,39.88,2.81,30.86
2025-03-31,all,4078,1539,2381,805,1007,59,281,241,1049,246,1848,38,293,30.71,21.52,21.15,31.38,18.61,20.53,27.51,3.79,48.17
2025-03-31,nasdaq,2939,891,1911,417,767,45,262,216,919,195,1488,15,265,26.56,18.55,18.59,29.23,17.2,18.3,24.95,4.2,52.56
2025-03-31,r2000,1890,703,1135,379,586,30,154,82,433,88,815,9,131,30.7,19.79,18.75,31.33,16.41,24.88,28.31,2.89,43.93
2025-03-31,scan,45,23,21,15,12,1,2,10,0,10,0,0,0,93.33,97.78,100.0,100.0,97.78,0.0,100.0,0.0,0.0
2025-03-31,sp500,500,381,117,263,72,2,1,5,31,29,116,21,6,50.2,38.88,38.48,44.89,30.66,24.25,41.28,3.61,30.86
2025-04-01,all,4079,1995,1917,530,656,87,163,224,1103,241,1850,19,182,32.48,22.64,21.72,31.82,17.96,20.03,27.99,3.78,48.2
2025-04-01,nasdaq,2939,1314,1484,356,513,76,146,202,966,193,1501,13,166,27.79,19.24,18.7,29.44,16.16,17.92,25.22,4.2,52.66
2025-04-01,r2000,1891,960,865,305,353,36,86,73,458,91,837,9,86,33.19,21.6,20.03,32.3,16.09,24.33,29.07,3.1,43.49
2025-04-01,scan,38,27,11,7,3,0,0,7,0,8,0,0,0,92.11,97.37,100.0,100.0,100.0,0.0,100.0,0.0,0.0
2025-04-01,sp500,500,309,190,49,46,3,2,5,30,21,103,3,3,51.6,39.28,39.88,45.29,30.86,23.65,41.68,3.61,31.06
2025-04-02,all,4082,2806,1102,727,283,204,40,207,1108,267,1665,20,51,40.4,25.99,24.66,33.36,18.24,18.81,29.28,4.02,47.89
2025-04-02,nasdaq,2942,1959,825,526,202,164,36,186,981,205,1390,9,46,34.63,22.35,21.45,30.74,16.29,17.08,26.17,4.53,52.23
2025-04-02,r2000,1891,1417,415,411,136,94,18,68,451,103,708,7,15,42.7,25.31,23.71,33.88,16.57,22.81,30.54,3.21,43.44
2025-04-02,scan,57,47,9,14,6,7,0,12,0,17,0,1,0,92.98,98.25,100.0,100.0,94.74,0.0,100.0,0.0,0.0
2025-04-02,sp500,500,395,105,60,19,11,0,4,27,28,83,9,0,62.2,43.49,41.28,49.3,30.66,20.44,44.89,4.41,30.26
2025-04-03,all,4084,484,3525,260,1971,39,1455,195,1356,186,2351,22,599,17.99,17.0,16.63,24.97,16.35,25.88,22.28,2.64,49.2
2025-04-03,nasdaq,2943,357,2516,156,1210,31,866,174,1139,150,1817,8,391,17.07,15.93,15.11,23.26,14.45,23.02,20.32,2.92,53.74
2025-04-03,r2000,1892,132,1742,90,1126,11,869,55,596,56,1117,3,348,14.87,13.93,13.69,23.41,14.44,31.95,21.5,1.74,44.8
2025-04-03,scan,30,5,25,5,17,1,3,8,1,7,0,1,0,86.67,100.0,100.0,100.0,100.0,0.0,100.0,0.0,0.0
2025-04-03,sp500,500,89,410,79,353,7,269,10,51,21,196,16,77,28.8,29.46,30.66,36.87,30.46,32.06,33.67,3.21,31.06
2025-04-04,all,4086,496,3500,325,2569,65,1389,148,1533,125,2708,1,774,8.46,8.84,9.26,17.25,12.17,32.44,15.57,1.61,50.39
2025-04-04,nasdaq,2945,403,2456,239,1607,49,851,138,1261,111,2058,1,537,9.7,9.51,9.46,17.62,11.4,27.58,15.65,1.93,54.83
2025-04-04,r2000,1892,241,1629,201,1351,32,663,41,675,34,1261,1,369,6.93,7.54,7.57,15.72,9.96,38.65,14.53,0.98,45.84
2025-04-04,scan,12,0,12,0,12,0,3,2,0,3,0,0,0,100.0,100.0,100.0,100.0,100.0,0.0,100.0,0.0,0.0
2025-04-04,sp500,500,13,487,13,480,2,329,2,65,9,264,0,119,5.4,8.22,11.22,23.05,20.64,44.29,21.84,1.2,32.67
2025-04-07,all,4087,1292,2693,891,1967,125,269,139,1599,111,2855,1,392,7.37,7.73,7.74,15.41,8.83,33.63,14.15,1.22,51.01
2025-04-07,nasdaq,2946,1013,1840,634,1170,105,178,130,1297,104,2138,1,262,9.15,9.1,8.97,16.24,8.73,28.35,14.67,1.53,55.45
2025-04-07,r2000,1892,554,1295,430,1114,57,170,41,704,32,1350,1,176,5.71,5.95,5.91,14.04,7.14,40.07,13.01,0.87,46.05
2025-04-07,scan,7,4,3,4,3,0,0,4,0,2,0,0,0,100.0,100.0,100.0,100.0,100.0,0.0,100.0,0.0,0.0
2025-04-07,sp500,500,174,325,171,319,12,9,2,73,2,281,0,44,2.4,5.21,6.61,19.84,14.03,45.89,19.24,0.6,34.27
2025-04-08,all,4088,745,3234,433,2057,55,297,118,1747,100,2973,2,434,5.95,6.54,6.81,13.71,6.49,34.84,12.69,0.93,51.54
2025-04-08,nasdaq,2947,577,2269,293,1250,46,229,110,1409,94,2209,2,270,7.44,7.96,8.13,14.42,7.06,29.84,13.13,1.2,55.82
2025-04-08,r2000,1892,283,1579,213,1109,22,158,36,761,27,1417,1,231,3.92,4.56,4.58,12.3,4.79,41.29,11.32,0.82,46.57
2025-04-08,scan,9,4,4,4,3,3,0,5,0,3,0,0,0,88.89,100.0,100.0,100.0,100.0,0.0,100.0,0.0,0.0
2025-04-08,sp500,500,73,427,67,398,4,18,1,87,2,296,0,52,2.2,4.01,5.81,18.64,7.41,46.49,18.44,0.2,34.87
2025-04-09,all,4090,3645,363,2787,184,1841,29,139,1456,129,2377,4,39,17.1,13.02,12.11,20.93,6.39,28.09,19.21,1.68,51.01
2025-04-09,nasdaq,2949,2529,339,1751,164,1161,28,124,1239,116,1854,3,38,18.36,13.95,12.63,20.74,6.92,23.97,18.61,2.08,55.34
2025-04-09,r2000,1892,1810,70,1568,52,1016,5,44,592,47,1077,4,5,15.77,11.52,10.55,19.73,4.9,34.42,18.33,1.31,45.95
2025-04-09,scan,37,34,3,33,3,20,0,6,0,9,0,0,0,89.19,97.3,100.0,100.0,78.38,0.0,100.0,0.0,0.0
2025-04-09,sp500,500,492,8,482,8,361,0,3,40,5,188,0,0,20.0,14.23,15.23,31.66,7.21,33.67,30.46,1.2,34.67
2025-04-10,all,4090,637,3351,283,1657,49,111,125,1667,154,2549,6,44,11.57,10.61,10.19,17.29,6.24,31.46,15.79,1.45,51.29
2025-04-10,nasdaq,2949,527,2325,204,976,45,77,111,1378,131,1948,5,37,13.1,11.72,10.79,17.87,6.68,26.82,15.91,1.9,55.38
2025-04-10,r2000,1892,155,1716,84,914,14,66,41,699,56,1206,4,21,9.26,8.54,7.77,14.74,4.74,38.93,13.65,0.98,46.44
2025-04-10,scan,39,24,15,19,12,0,0,6,0,14,0,1,0,79.49,92.31,100.0,100.0,79.49,0.0,100.0,0.0,0.0
2025-04-10,sp500,500,72,427,60,348,0,9,3,70,9,211,0,1,10.4,11.4,14.23,26.65,7.21,38.08,25.65,1.0,35.27
2025-04-11,all,4094,2800,1168,952,422,241,49,145,1564,186,2331,10,43,17.47,14.56,12.92,19.15,7.03,29.83,17.24,1.86,51.06
2025-04-11,nasdaq,2953,1926,915,591,285,201,41,130,1299,157,1793,9,38,18.8,15.02,12.96,19.4,7.43,25.5,17.07,2.26,55.16
2025-04-11,r2000,1892,1278,580,427,239,115,20,50,647,72,1093,5,13,14.44,11.98,10.59,16.8,5.37,37.36,15.06,1.63,45.95
2025-04-11,scan,61,60,1,27,1,6,0,6,0,14,0,1,0,85.25,98.36,100.0,100.0,70.49,0.0,100.0,0.0,0.0
2025-04-11,sp500,500,433,65,210,38,11,2,5,56,10,195,0,0,21.2,19.4,18.64,29.26,8.82,35.07,28.26,1.0,35.67
2025-04-14,all,4095,2869,1090,918,265,224,60,172,1441,227,2169,16,25,22.7,18.05,15.84,20.72,8.12,27.88,18.46,2.23,51.44
2025-04-14,nasdaq,2954,1978,847,614,197,203,49,153,1197,203,1648,12,25,23.95,18.48,16.1,20.66,8.32,23.78,18.16,2.44,55.62
2025-04-14,r2000,1892,1346,500,492,138,97,31,58,605,86,1040,8,8,18.15,14.25,12.39,18.42,6.22,35.16,16.25,2.07,46.52
2025-04-14,scan,88,78,10,22,3,3,0,13,0,21,0,1,0,87.5,100.0,100.0,100.0,69.32,0.0,100.0,0.0,0.0
2025-04-14,sp500,500,427,72,112,16,6,0,7,52,7,178,2,0,30.8,26.6,24.45,32.06,12.02,32.67,29.86,2.2,35.27
2025-04-15,all,4095,2042,1899,489,356,113,74,194,1390,219,2138,12,36,23.91,18.77,16.56,21.31,9.24,26.95,18.97,2.3,51.77
2025-04-15,nasdaq,2954,1509,1310,351,248,100,61,172,1149,194,1624,9,33,25.66,19.54,16.99,21.08,9.36,23.3,18.45,2.59,55.65
2025-04-15,r2000,1892,1017,829,255,165,48,41,72,576,84,1003,8,11,19.15,15.62,13.24,19.55,7.18,33.59,17.34,2.12,46.96
2025-04-15,scan,85,47,38,10,7,3,1,18,0,19,0,0,0,87.06,96.47,100.0,100.0,76.47,0.0,100.0,0.0,0.0
2025-04-15,sp500,500,207,291,35,45,3,3,9,53,8,184,1,1,29.6,24.4,24.65,31.66,14.43,31.46,29.86,1.8,36.87
2025-04-16,all,4096,1157,2792,384,575,79,173,195,1410,233,2116,12,78,22.06,17.64,15.45,20.32,9.65,27.55,18.11,2.2,52.13
2025-04-16,nasdaq,2955,871,1952,280,404,70,147,174,1155,207,1605,10,64,24.33,18.94,15.97,20.46,9.9,23.72,17.82,2.62,55.83
2025-04-16,r2000,1892,585,1267,211,248,38,73,74,597,87,977,5,34,18.52,14.83,12.76,18.41,7.6,34.29,16.36,1.96,47.39
2025-04-16,scan,69,20,48,11,11,1,0,15,0,15,0,1,0,82.61,95.65,100.0,100.0,84.06,0.0,100.0,0.0,0.0
2025-04-16,sp500,500,64,435,20,105,0,18,7,57,6,191,0,2,21.0,20.0,20.64,29.46,14.63,33.07,28.26,1.2,37.47
2025-04-17,all,4096,2735,1184,619,276,193,45,208,1354,236,2084,11,30,27.41,20.7,17.17,21.63,10.38,26.11,18.97,2.64,52.29
2025-04-17,nasdaq,2955,1846,951,415,199,156,33,186,1107,212,1572,9,26,29.76,21.74,17.58,21.54,10.55,22.63,18.55,2.95,55.87
2025-04-17,r2000,1892,1365,470,337,127,113,20,76,568,82,967,6,10,24.23,17.74,14.46,19.92,7.97,32.39,17.61,2.23,47.77
2025-04-17,scan,74,65,8,18,2,1,0,16,0,15,0,2,0,82.43,97.3,100.0,100.0,83.78,0.0,100.0,0.0,0.0
2025-04-17,sp500,500,376,123,88,36,6,5,9,55,6,197,1,1,27.4,25.0,23.85,31.66,16.23,31.06,29.06,2.61,37.27
2025-04-21,all,4099,915,3058,302,644,118,246,170,1524,276,1978,14,76,22.61,17.24,14.59,18.85,10.73,28.18,16.77,2.04,53.01
2025-04-21,nasdaq,2958,806,2033,265,383,112,180,155,1220,245,1477,12,60,26.18,19.31,15.85,19.29,11.06,24.31,16.84,2.41,56.45
2025-04-21,r2000,1892,386,1466,151,341,60,122,62,663,108,919,6,34,19.74,14.88,12.32,17.11,8.44,34.51,15.27,1.74,48.48
2025-04-21,scan,53,6,47,3,15,0,0,8,0,17,0,1,0,90.57,98.11,100.0,100.0,98.11,0.0,100.0,0.0,0.0
2025-04-21,sp500,500,33,467,9,112,0,30,5,75,6,206,1,4,14.4,13.8,15.23,26.25,15.43,35.47,24.45,1.8,38.28
2025-04-22,all,4102,3425,542,878,173,420,35,192,1396,333,1563,16,15,38.72,24.4,20.39,22.24,11.47,24.5,19.48,2.69,53.32
2025-04-22,nasdaq,2961,2342,491,575,150,317,30,174,1135,291,1227,12,14,41.27,26.46,21.64,22.54,11.92,20.81,19.42,3.02,56.74
2025-04-22,r2000,1893,1705,161,484,69,228,8,69,581,133,686,11,3,38.62,22.55,18.37,21.12,9.24,30.27,18.53,2.5,48.7
2025-04-22,scan,77,69,8,20,5,7,1,12,0,20,0,2,0,93.51,98.7,100.0,100.0,89.61,0.0,100.0,0.0,0.0
2025-04-22,sp500,500,490,10,123,6,36,3,6,63,9,122,2,0,36.0,25.4,23.65,30.66,15.83,29.66,28.66,2.0,39.68
2025-04-23,all,4102,2886,1078,931,331,334,38,200,1344,319,1557,15,13,50.8,29.89,24.42,24.02,12.61,22.65,20.76,3.21,53.39
2025-04-23,nasdaq,2961,2088,749,659,222,288,29,184,1086,281,1216,14,12,53.07,32.61,26.18,24.47,13.19,18.78,20.82,3.57,56.83
2025-04-23,r2000,1893,1339,506,447,165,139,15,71,571,133,683,7,3,50.05,26.89,21.55,22.47,10.35,28.9,19.61,2.77,48.72
2025-04-23,scan,81,48,33,22,17,4,1,15,0,23,0,1,0,90.12,97.53,100.0,100.0,91.36,0.0,100.0,0.0,0.0
2025-04-23,sp500,500,371,127,132,56,35,3,5,56,8,124,1,0,50.6,31.0,27.45,31.26,16.63,29.06,28.86,2.4,39.68
2025-04-24,all,4102,3100,883,708,276,310,45,195,1301,400,1245,18,18,66.58,38.92,29.59,26.65,13.94,20.36,22.58,4.01,53.05
2025-04-24,nasdaq,2961,2159,697,494,208,244,37,179,1049,350,991,14,17,66.73,41.05,31.2,26.64,14.7,17.1,22.15,4.4,56.35
2025-04-24,r2000,1893,1511,347,342,113,140,19,68,555,159,539,11,5,67.46,36.0,26.43,25.04,11.52,26.15,21.76,3.2,48.89
2025-04-24,scan,72,53,19,12,5,2,0,10,1,31,0,2,0,95.83,98.61,100.0,100.0,93.06,0.0,100.0,0.0,0.0
2025-04-24,sp500,500,408,91,100,36,36,5,6,50,21,72,3,1,72.4,41.8,34.27,34.67,18.44,26.45,31.06,3.61,38.88
2025-04-25,all,4102,1915,2020,394,367,112,85,205,1299,403,1294,14,13,69.45,39.68,30.8,26.34,15.5,20.18,22.35,3.93,53.54
2025-04-25,nasdaq,2961,1394,1421,296,275,91,73,189,1051,351,1016,10,13,69.99,42.21,32.73,26.2,16.4,17.21,21.75,4.37,56.68
2025-04-25,r2000,1893,886,956,156,166,50,41,69,545,157,558,6,3,69.84,36.53,27.48,24.28,12.89,26.04,21.38,2.82,49.76
2025-04-25,scan,81,48,32,12,4,5,0,12,1,36,0,3,0,98.77,100.0,100.0,100.0,97.53,0.0,100.0,0.0,0.0
2025-04-25,sp500,500,215,283,45,54,7,7,6,53,20,86,4,1,70.4,42.0,34.4,35.87,19.4,25.45,32.06,3.81,38.68
2025-04-28,all,4103,2222,1724,507,340,112,61,200,1311,537,1045,11,18,72.81,42.24,32.75,27.14,17.25,19.48,22.92,4.16,53.44
2025-04-28,nasdaq,2962,1504,1325,382,257,101,59,184,1057,460,832,10,17,72.0,44.13,34.4,26.85,18.28,16.7,22.19,4.58,56.53
2025-04-28,r2000,1893,1071,760,245,147,52,20,68,558,226,434,7,8,75.04,39.76,29.9,25.64,14.95,24.8,22.25,3.31,49.65
2025-04-28,scan,90,57,33,10,10,1,1,12,2,43,0,3,0,97.78,97.78,100.0,100.0,93.33,0.0,100.0,0.0,0.0
2025-04-28,sp500,500,338,161,58,39,0,0,5,52,29,65,2,0,76.2,44.8,36.6,36.07,20.6,24.65,32.67,3.41,39.28
2025-04-29,all,4103,2384,1550,555,348,121,75,206,1295,535,1003,19,22,76.24,46.02,35.91,27.85,19.49,18.57,23.4,4.44,53.59
2025-04-29,nasdaq,2962,1611,1202,395,259,107,62,190,1057,458,824,14,18,74.58,46.95,37.41,27.64,20.47,15.89,22.72,4.91,56.49
2025-04-29,r2000,1893,1193,651,291,161,56,39,73,544,213,405,7,13,79.96,45.05,33.74,26.34,17.06,23.85,22.87,3.47,49.81
2025-04-29,scan,98,84,14,15,3,4,1,12,2,46,0,8,0,98.98,98.98,100.0,100.0,98.98,0.0,100.0,0.0,0.0
2025-04-29,sp500,500,373,126,66,38,7,4,5,50,31,46,5,1,83.8,51.6,42.0,37.68,23.2,23.25,33.47,4.21,39.08
2025-04-30,all,4103,1719,2228,672,592,162,145,203,1240,495,1078,22,26,74.78,45.19,36.37,27.21,21.56,18.9,22.83,4.34,53.93
2025-04-30,nasdaq,2962,1222,1605,432,396,144,97,189,996,427,882,16,24,73.26,46.27,37.95,26.88,22.8,16.58,22.14,4.69,56.6
2025-04-30,r2000,1893,663,1185,277,339,76,87,71,545,187,456,6,10,76.85,42.77,33.63,25.31,19.17,24.23,22.06,3.25,50.46
2025-04-30,scan,115,69,46,28,14,3,4,15,1,49,0,6,0,100.0,100.0,100.0,100.0,99.13,0.0,100.0,0.0,0.0
2025-04-30,sp500,500,314,184,156,82,6,13,5,44,33,43,8,0,83.6,53.0,44.0,37.68,25.4,23.25,33.27,4.41,39.08
2025-05-01,all,4104,2192,1764,641,485,173,98,199,1216,572,939,21,32,76.38,47.76,38.93,27.88,23.12,18.13,23.19,4.67,54.01
2025-05-01,nasdaq,2963,1567,1275,436,321,135,65,187,981,488,793,16,24,74.63,48.99,40.51,27.75,24.77,15.99,22.49,5.23,56.29
2025-05-01,r2000,1893,1085,746,340,223,81,50,68,534,221,359,8,12,79.28,46.72,36.55,25.8,20.23,23.14,22.44,3.36,51.06
2025-05-01,scan,116,63,53,18,13,8,1,12,2,63,0,6,0,99.14,99.14,100.0,100.0,99.14,0.0,100.0,0.0,0.0
2025-05-01,sp500,500,219,280,78,85,19,14,6,42,47,39,5,3,80.8,53.4,43.6,39.28,25.4,21.84,34.27,5.01,38.88
2025-05-02,all,4104,3123,812,788,252,376,62,228,1108,553,935,35,11,82.33,57.62,48.74,31.32,26.49,15.36,25.43,5.86,53.34
2025-05-02,nasdaq,2963,2117,696,546,203,306,50,209,914,471,788,22,9,79.63,57.36,49.25,30.92,28.46,13.55,24.56,6.32,55.56
2025-05-02,r2000,1893,1592,252,425,95,203,23,84,462,227,356,14,3,86.63,58.99,48.73,29.75,23.94,19.84,25.15,4.61,50.41
2025-05-02,scan,128,110,17,26,7,18,4,15,1,42,1,4,0,100.0,100.0,100.0,100.0,99.22,0.0,100.0,0.0,0.0
2025-05-02,sp500,500,458,42,101,22,23,5,5,34,40,36,10,1,90.2,68.2,58.8,44.89,29.4,17.03,38.08,6.81,38.08
2025-05-05,all,4106,1295,2659,384,507,76,145,212,1202,448,1081,29,30,77.27,54.72,46.54,30.4,28.26,16.09,24.99,5.37,53.55
2025-05-05,nasdaq,2965,968,1871,294,364,64,120,196,984,385,882,21,24,75.06,54.46,47.39,30.15,30.49,14.17,24.16,5.92,55.74
2025-05-05,r2000,1893,500,1348,184,286,27,83,77,520,178,450,13,10,81.13,54.39,45.0,28.15,25.52,20.87,24.17,3.96,51.0
2025-05-05,scan,144,73,70,14,9,4,1,12,5,39,3,0,0,99.31,99.31,100.0,100.0,99.31,0.0,100.0,0.0,0.0
2025-05-05,sp500,500,196,301,36,52,0,9,5,37,32,51,6,1,83.8,67.4,57.0,44.29,30.6,17.64,37.88,6.41,38.08
2025-05-06,all,4106,1278,2658,413,693,109,343,206,1260,455,1170,20,60,68.41,49.61,43.11,29.07,30.29,16.96,24.19,4.85,53.99
2025-05-06,nasdaq,2965,906,1917,290,521,86,293,184,1039,388,951,11,44,65.34,49.13,43.69,28.68,32.39,15.08,23.44,5.2,56.29
2025-05-06,r2000,1893,592,1233,224,363,59,204,72,540,168,484,9,31,71.14,49.52,41.61,27.27,27.58,21.36,23.41,3.85,51.38
2025-05-06,scan,144,50,94,19,21,5,7,9,6,39,2,1,0,97.92,98.61,100.0,100.0,99.31,0.0,100.0,0.0,0.0
2025-05-06,sp500,500,146,352,41,59,2,21,6,38,36,61,5,4,78.4,61.2,54.0,41.48,34.0,20.44,36.07,5.41,38.08
2025-05-07,all,4106,2208,1731,677,561,167,134,205,1165,405,1242,30,68,65.67,51.62,44.75,29.38,32.28,16.93,24.45,4.93,53.69
2025-05-07,nasdaq,2965,1495,1325,457,414,125,105,186,969,343,1012,16,52,62.36,50.26,44.6,28.54,33.88,15.26,23.54,4.98,56.23
2025-05-07,r2000,1893,1039,794,370,288,102,73,72,487,164,525,12,32,68.34,52.54,43.99,27.59,30.07,21.41,23.47,4.12,51.0
2025-05-07,scan,131,92,37,29,16,5,3,11,2,25,1,3,0,98.47,99.24,100.0,100.0,99.24,0.0,100.0,0.0,0.0
2025-05-07,sp500,500,362,135,80,56,11,7,6,32,33,58,11,2,77.6,66.2,57.8,44.89,37.6,18.24,38.08,6.81,36.87
2025-05-08,all,4107,2874,1092,951,428,459,111,209,1104,498,1045,33,42,71.37,58.87,52.14,32.18,35.02,15.54,25.79,6.4,52.27
2025-05-08,nasdaq,2966,2027,815,685,322,345,83,192,926,420,875,16,37,68.2,56.74,51.25,31.31,36.43,13.98,24.77,6.54,54.7
2025-05-08,r2000,1894,1448,405,550,187,284,64,77,452,221,400,20,21,75.32,62.49,53.89,31.75,33.25,19.24,25.31,6.45,49.0
2025-05-08,scan,146,105,41,31,12,15,5,12,3,25,0,5,0,97.95,100.0,100.0,100.0,99.32,0.0,100.0,0.0,0.0
2025-05-08,sp500,500,347,150,101,46,23,7,5,31,34,50,8,1,79.8,68.8,63.0,45.69,41.6,18.24,38.48,7.21,36.07
2025-05-09,all,4109,1877,2066,582,497,157,120,211,1164,543,1052,36,50,68.55,58.48,52.66,32.43,38.18,15.44,25.84,6.61,52.12
2025-05-09,nasdaq,2966,1294,1531,437,390,135,101,191,984,455,895,22,41,65.23,55.99,51.04,31.38,39.23,13.88,24.7,6.68,54.74
2025-05-09,r2000,1896,843,996,304,279,79,69,75,479,250,404,21,24,72.25,61.11,54.26,32.34,36.26,18.86,25.53,6.83,48.78
2025-05-09,scan,157,81,75,22,15,7,5,11,5,26,1,1,0,98.73,100.0,100.0,100.0,100.0,0.0,100.0,0.0,0.0
2025-05-09,sp500,500,239,258,39,32,7,4,5,32,34,47,3,1,77.4,69.0,64.6,45.29,47.4,18.64,38.48,6.81,36.07
2025-05-12,all,4109,3131,866,1551,405,932,76,211,1001,544,917,51,12,74.85,68.23,63.5,38.08,42.12,12.13,28.88,9.27,49.72
2025-05-12,nasdaq,2966,2192,678,1064,300,608,57,188,871,453,801,29,12,71.7,65.71,61.25,36.67,42.73,10.93,27.53,9.19,52.34
2025-05-12,r2000,1896,1589,270,845,143,471,30,76,391,251,337,26,2,79.65,73.54,68.08,38.86,41.4,14.69,29.21,9.7,46.4
2025-05-12,scan,172,147,24,74,14,53,2,8,2,16,1,2,0,97.09,99.42,100.0,100.0,100.0,0.0,100.0,0.0,0.0
2025-05-12,sp500,500,408,91,222,51,179,11,6,15,34,26,12,0,81.4,76.2,74.0,54.51,51.6,13.03,43.89,10.62,32.46
2025-05-13,all,4110,2202,1768,875,612,242,124,239,942,631,835,48,28,73.22,68.53,64.49,38.77,45.41,12.1,28.98,9.86,49.06
2025-05-13,nasdaq,2967,1541,1307,654,443,200,104,215,826,513,733,29,26,70.19,66.26,62.32,37.45,45.52,10.57,27.85,9.66,51.92
2025-05-13,r2000,1896,1107,736,432,271,99,63,98,366,300,301,25,4,78.07,73.44,69.19,39.83,45.74,14.19,29.63,10.24,45.94
2025-05-13,scan,172,123,46,44,13,3,5,7,5,12,0,1,0,98.26,100.0,100.0,100.0,100.0,0.0,100.0,0.0,0.0
2025-05-13,sp500,500,252,246,91,87,21,6,4,10,45,26,12,2,77.8,73.6,72.2,54.51,53.8,15.03,42.08,12.42,30.46
2025-05-14,all,4113,1317,2670,542,877,144,165,222,980,684,835,29,47,67.65,64.74,60.45,37.51,47.67,13.05,28.24,9.31,49.39
2025-05-14,nasdaq,2970,1019,1848,412,614,128,136,203,853,557,724,25,39,64.74,62.98,58.66,36.44,47.36,11.39,27.07,9.4,52.14
2025-05-14,r2000,1896,519,1339,252,429,50,88,85,383,303,305,16,19,72.52,68.78,64.21,37.78,48.76,15.48,28.59,9.2,46.72
2025-05-14,scan,148,57,88,19,14,4,2,5,6,15,0,1,0,99.32,100.0,100.0,100.0,100.0,0.0,100.0,0.0,0.0
2025-05-14,sp500,500,156,341,59,118,7,14,3,14,61,34,2,5,72.8,69.6,67.6,53.71,56.2,15.63,41.68,12.02,30.66
2025-05-15,all,4114,2324,1643,662,437,165,88,242,931,722,833,48,24,70.33,67.84,63.44,39.01,50.07,12.1,29.07,9.98,48.85
2025-05-15,nasdaq,2971,1558,1279,469,361,137,73,218,809,578,726,34,22,66.16,64.24,60.21,37.16,49.23,10.89,27.5,9.69,51.92
2025-05-15,r2000,1896,1206,639,327,171,73,38,95,360,331,300,25,8,76.11,73.28,68.2,39.86,51.8,14.19,29.4,10.45,45.97
2025-05-15,scan,168,94,74,16,18,5,5,6,6,26,0,3,0,97.62,100.0,100.0,100.0,98.21,0.0,100.0,0.0,0.0
2025-05-15,sp500,500,361,139,92,27,7,4,6,14,71,26,9,1,81.6,79.4,76.4,57.52,60.8,13.03,44.49,13.03,29.46
2025-05-16,all,4115,2597,1374,752,406,236,52,273,900,974,677,52,20,72.57,71.51,66.79,40.45,53.1,11.14,29.93,10.57,48.36
2025-05-16,nasdaq,2972,1750,1096,566,338,215,46,236,792,768,596,29,20,67.88,67.88,62.99,38.35,51.69,10.41,28.1,10.3,51.2
2025-05-16,r2000,1896,1180,673,364,198,118,19,118,336,421,236,18,5,78.45,76.61,72.12,41.05,55.24,13.37,29.78,11.26,45.59
2025-05-16,scan,163,122,39,28,11,4,1,7,6,39,0,2,0,95.09,100.0,100.0,100.0,98.16,0.0,100.0,0.0,0.0
2025-05-16,sp500,500,443,57,81,14,2,1,6,12,115,20,23,0,87.4,84.2,81.6,60.52,65.6,10.02,47.7,12.83,29.46
2025-05-19,all,4117,1791,2158,468,390,140,76,259,935,1035,610,54,15,71.6,71.69,66.47,40.16,55.31,11.39,29.88,10.31,48.41
2025-05-19,nasdaq,2974,1378,1452,382,300,126,59,224,819,840,521,32,13,67.58,68.54,62.85,38.23,53.19,10.41,28.1,10.15,51.34
2025-05-19,r2000,1896,738,1102,208,186,66,37,109,361,438,212,19,4,76.49,76.46,71.53,40.94,58.62,13.26,29.94,10.99,45.8
2025-05-19,scan,170,72,96,11,11,2,4,9,7,47,1,2,0,92.94,100.0,100.0,100.0,96.47,0.0,100.0,0.0,0.0
2025-05-19,sp500,500,254,243,32,30,4,3,6,9,105,27,22,0,88.8,84.6,81.4,59.12,69.0,11.22,47.7,11.42,29.66
2025-05-20,all,4117,1820,2126,513,430,167,76,262,936,1070,585,36,13,71.14,72.35,66.47,39.98,57.2,11.86,29.97,10.05,48.12
2025-05-20,nasdaq,2974,1428,1395,418,320,156,62,228,815,889,491,28,11,67.95,70.14,63.81,38.2,54.8,10.84,28.13,10.11,50.92
2025-05-20,r2000,1896,812,1014,224,197,77,31,109,354,461,197,17,5,74.96,76.56,70.48,40.67,61.27,14.02,29.72,10.94,45.32
2025-05-20,scan,168,76,91,18,19,4,3,10,6,44,1,2,0,92.26,100.0,100.0,100.0,94.64,0.0,100.0,0.0,0.0
2025-05-20,sp500,500,170,327,36,35,3,2,7,12,93,25,8,0,86.4,84.4,81.4,57.92,71.2,11.42,48.5,9.42,30.66
2025-05-21,all,4117,538,3460,218,889,62,494,232,1053,856,793,17,63,53.58,63.61,57.62,34.79,57.23,15.23,27.55,7.27,49.95
2025-05-21,nasdaq,2974,484,2378,192,618,60,329,209,891,732,638,15,44,53.46,63.15,57.26,34.15,55.0,13.27,26.46,7.72,52.56
2025-05-21,r2000,1896,145,1726,69,451,12,312,88,434,363,324,7,28,52.93,65.71,58.89,33.39,60.79,18.46,26.31,7.04,48.19
2025-05-21,scan,153,20,133,10,27,4,10,12,4,44,1,0,0,95.42,100.0,100.0,100.0,98.04,0.0,100.0,0.0,0.0
2025-05-21,sp500,500,19,480,10,117,0,40,4,24,57,36,1,2,63.4,73.6,69.2,51.7,71.0,17.03,44.09,7.62,31.26
2025-05-22,all,4118,1827,2103,512,477,148,75,243,1014,1289,537,12,41,51.57,62.86,57.15,35.0,56.63,15.19,27.7,7.34,49.77
2025-05-22,nasdaq,2975,1372,1456,399,338,132,54,219,868,1029,459,12,31,51.99,63.19,57.15,34.55,54.66,13.32,26.67,7.89,52.12
2025-05-22,r2000,1896,796,1036,247,234,67,38,93,411,571,185,5,14,49.92,64.29,57.83,33.28,60.05,18.28,26.45,6.87,48.4
2025-05-22,scan,152,84,65,23,10,10,2,13,8,100,0,0,0,92.76,100.0,100.0,100.0,96.71,0.0,100.0,0.0,0.0
2025-05-22,sp500,500,192,301,40,54,3,9,4,21,137,19,0,1,57.6,69.8,65.6,51.3,69.8,17.43,44.09,7.21,31.26
2025-05-23,all,4119,1470,2490,349,437,92,77,261,1002,1675,403,14,25,46.41,61.87,55.43,34.07,55.77,15.47,27.73,6.36,50.44
2025-05-23,nasdaq,2975,1042,1792,270,338,84,68,233,858,1289,354,10,23,47.27,61.76,55.41,33.56,54.11,13.64,26.67,6.88,52.8
2025-05-23,r2000,1897,644,1207,161,217,45,30,102,402,712,132,6,7,42.16,62.65,55.4,32.63,58.68,18.33,26.45,6.22,49.0
2025-05-23,scan,129,61,68,9,6,3,1,14,6,114,0,0,0,92.25,100.0,100.0,100.0,99.22,0.0,100.0,0.0,0.0
2025-05-23,sp500,500,175,322,23,35,1,5,6,25,218,7,2,0,53.8,70.0,64.8,48.3,68.2,19.64,43.09,5.21,32.06
2025-05-27,all,4119,3081,908,970,305,429,80,323,854,1988,354,72,22,59.91,69.38,63.05,37.68,56.34,13.65,29.51,8.21,48.64
2025-05-27,nasdaq,2975,2030,824,686,271,326,75,279,766,1459,323,44,22,57.66,67.1,61.04,36.44,54.52,12.45,27.98,8.47,51.1
2025-05-27,r2000,1897,1627,240,503,100,243,32,138,291,916,108,32,9,62.18,74.41,66.56,37.11,59.26,15.79,28.77,8.38,47.05
2025-05-27,scan,143,115,27,34,10,18,4,11,1,126,0,1,0,91.61,100.0,100.0,100.0,99.3,0.0,100.0,0.0,0.0
2025-05-27,sp500,500,467,32,108,9,26,1,15,13,260,4,24,0,72.8,79.2,75.8,54.51,69.0,15.23,47.09,7.41,30.26
2025-05-28,all,4119,1192,2768,425,592,127,79,346,812,2165,305,32,25,51.0,66.1,59.75,36.53,56.07,14.49,29.11,7.46,48.93
2025-05-28,nasdaq,2975,981,1860,346,425,114,61,300,720,1577,279,21,22,50.62,64.75,58.92,35.83,54.28,12.92,27.86,8.0,51.23
2025-05-28,r2000,1897,452,1395,180,304,57,34,147,281,1008,86,12,7,49.76,70.02,62.12,35.38,58.47,16.87,28.07,7.36,47.7
2025-05-28,scan,127,39,88,10,13,0,1,19,0,121,0,1,0,88.98,100.0,100.0,100.0,100.0,0.0,100.0,0.0,0.0
2025-05-28,sp500,500,86,413,22,58,1,5,14,15,282,4,8,0,59.4,73.4,68.6,51.5,68.8,17.43,45.89,5.61,31.06
2025-05-29,all,4119,2419,1517,565,404,159,78,379,766,1452,405,28,24,54.8,67.83,62.16,37.11,56.09,14.34,29.6,7.52,48.55
2025-05-29,nasdaq,2975,1608,1206,405,327,137,65,330,670,1162,354,16,23,53.66,65.58,60.63,36.14,54.69,13.02,28.26,7.89,50.83
2025-05-29,r2000,1897,1241,598,279,171,81,33,159,267,617,132,16,8,54.83,72.73,65.87,36.06,58.89,16.22,28.83,7.19,47.76
2025-05-29,scan,129,59,68,7,13,2,3,23,1,86,0,0,0,87.6,100.0,100.0,100.0,99.22,0.0,100.0,0.0,0.0
2025-05-29,sp500,500,350,144,56,30,3,4,14,16,121,6,3,0,64.8,75.8,70.8,52.3,67.8,17.43,46.09,6.21,30.26
2025-05-30,all,4119,1441,2521,728,888,97,150,344,795,1805,352,41,34,49.66,66.89,60.79,36.61,55.77,14.9,29.55,7.05,48.49
2025-05-30,nasdaq,2975,990,1846,445,580,87,132,296,697,1369,318,24,33,48.57,64.41,58.89,35.26,54.15,14.04,28.08,7.16,50.72
2025-05-30,r2000,1897,602,1244,286,428,35,69,147,279,829,100,16,9,48.49,70.77,63.02,35.42,58.47,16.87,28.72,6.65,47.76
2025-05-30,scan,125,50,75,28,29,2,4,18,3,96,0,0,0,86.4,100.0,100.0,100.0,99.2,0.0,100.0,0.0,0.0
2025-05-30,sp500,500,261,237,225,195,2,7,14,17,203,6,12,2,60.8,78.4,73.6,53.31,68.2,16.83,46.69,6.61,29.86
2025-06-02,all,4119,1866,2093,654,593,207,81,397,715,1673,406,62,31,48.2,65.92,60.14,36.0,54.89,15.57,29.28,6.74,48.4
2025-06-02,nasdaq,2975,1441,1394,515,421,181,66,341,622,1298,361,41,26,48.8,64.12,59.26,35.16,53.29,14.5,27.99,7.16,50.34
2025-06-02,r2000,1897,731,1118,315,352,104,49,162,244,763,124,20,14,45.01,67.28,60.58,34.07,55.87,18.06,27.96,6.11,47.86
2025-06-02,scan,136,98,35,26,10,11,1,25,0,101,0,1,0,86.03,100.0,100.0,100.0,98.53,0.0,100.0,0.0,0.0
2025-06-02,sp500,500,241,257,35,46,3,0,24,16,169,11,23,1,56.6,78.6,72.2,52.71,68.2,17.84,46.69,6.01,29.46
2025-06-03,all,4120,2826,1156,866,351,347,53,405,662,1660,400,51,11,56.92,69.3,65.26,37.97,55.36,14.71,30.63,7.3,47.35
2025-06-03,nasdaq,2976,1963,889,641,269,272,43,343,588,1269,362,31,11,56.09,67.39,63.8,36.95,53.58,13.63,29.5,7.41,49.46
2025-06-03,r2000,1897,1468,391,462,150,192,26,175,209,792,113,24,1,56.74,73.78,68.41,37.14,56.46,16.69,29.77,7.35,46.19
2025-06-03,scan,131,94,36,27,11,9,1,20,0,94,0,0,0,86.26,100.0,100.0,100.0,96.95,0.0,100.0,0.0,0.0
2025-06-03,sp500,500,356,143,75,35,17,3,22,12,169,11,13,0,67.0,79.2,74.6,53.51,68.8,18.44,47.09,6.41,28.06
2025-06-04,all,4121,1879,2063,584,418,189,59,537,547,1622,388,50,8,54.25,67.95,65.16,37.39,55.9,15.37,30.41,6.94,47.28
2025-06-04,nasdaq,2977,1414,1418,458,307,162,48,458,488,1241,354,34,7,55.02,66.29,64.21,36.83,54.29,13.95,29.44,7.33,49.28
2025-06-04,r2000,1897,769,1065,269,207,84,29,227,169,746,109,24,1,52.11,69.5,66.67,35.31,56.61,18.47,28.73,6.53,46.27
2025-06-04,scan,118,58,59,16,9,8,1,21,0,75,0,1,0,81.36,100.0,100.0,100.0,97.46,0.0,100.0,0.0,0.0
2025-06-04,sp500,500,200,297,39,41,8,2,27,8,168,9,11,0,57.8,76.8,74.0,53.11,67.8,18.84,47.09,6.01,28.06
2025-06-05,all,4121,1646,2304,525,561,120,139,526,536,1731,386,29,18,50.62,64.87,64.37,37.14,55.66,15.94,30.23,6.86,46.97
2025-06-05,nasdaq,2977,1161,1682,385,437,106,128,440,491,1320,348,19,16,51.38,63.07,63.25,36.29,54.33,14.74,29.01,7.23,49.02
2025-06-05,r2000,1897,787,1033,259,279,49,57,223,154,765,114,12,3,48.95,66.28,66.08,35.09,56.24,18.9,28.67,6.37,46.06
2025-06-05,scan,117,62,54,17,16,3,3,18,0,81,0,0,0,82.05,100.0,100.0,100.0,97.44,0.0,100.0,0.0,0.0
2025-06-05,sp500,500,192,306,46,53,4,8,31,7,202,8,10,1,51.2,73.6,71.2,51.1,65.2,20.64,45.69,5.41,28.26
2025-06-06,all,4121,3035,935,734,258,323,29,527,536,1760,382,45,11,60.5,69.98,69.58,39.8,57.41,14.11,32.15,7.61,46.13
2025-06-06,nasdaq,2977,2106,733,578,206,279,27,443,494,1339,349,28,11,59.44,68.2,67.93,39.13,55.87,12.78,30.99,8.09,48.14
2025-06-06,r2000,1897,1536,321,401,110,176,10,235,141,795,102,23,2,62.5,74.26,73.92,38.65,59.21,16.41,31.53,7.07,44.98
2025-06-06,scan,124,105,17,26,4,14,0,22,0,83,0,1,0,76.61,100.0,100.0,100.0,92.74,0.0,100.0,0.0,0.0
2025-06-06,sp500,500,413,86,38,12,4,2,29,6,205,6,12,0,64.6,77.4,76.0,54.31,66.8,17.23,47.9,6.41,28.46
2025-06-09,all,4123,2351,1603,747,492,287,83,584,510,1965,333,50,14,62.73,70.65,70.92,41.28,59.39,13.39,32.92,8.33,45.36
2025-06-09,nasdaq,2979,1636,1197,566,364,242,64,493,468,1452,309,35,13,61.81,68.42,69.31,40.64,57.57,12.21,32.0,8.6,47.2
2025-06-09,r2000,1898,1187,653,398,218,128,36,249,142,910,83,26,1,66.03,75.58,75.03,40.32,61.9,15.5,32.13,8.15,44.22
2025-06-09,scan,125,74,50,17,11,7,1,19,2,102,0,0,0,81.6,100.0,100.0,100.0,92.8,0.0,100.0,0.0,0.0
2025-06-09,sp500,500,256,241,49,57,8,7,36,5,237,6,7,1,61.2,77.2,76.6,54.31,67.6,18.44,47.7,6.61,27.25
2025-06-10,all,4125,2432,1524,728,488,189,89,577,499,1788,378,42,12,67.27,71.89,73.06,43.0,61.9,12.71,33.8,9.17,44.32
2025-06-10,nasdaq,2981,1682,1156,525,373,146,76,488,458,1342,348,28,11,65.86,69.8,70.98,42.4,59.71,11.51,32.88,9.46,46.16
2025-06-10,r2000,1899,1234,607,381,212,99,44,245,135,802,96,21,2,72.26,77.64,78.05,42.37,64.83,14.57,33.24,9.12,43.07
2025-06-10,scan,131,66,64,11,18,5,5,37,2,102,0,1,0,80.92,99.24,100.0,100.0,96.18,0.0,100.0,0.0,0.0
2025-06-10,sp500,500,323,175,72,44,6,2,34,4,209,8,6,1,68.0,77.0,80.0,56.51,71.2,17.43,49.3,7.21,26.05
2025-06-11,all,4125,1557,2417,597,704,143,129,697,447,1563,422,45,18,64.1,69.48,71.48,42.03,62.32,13.58,33.09,8.88,44.44
2025-06-11,nasdaq,2981,1101,1757,447,510,118,104,577,408,1174,388,29,16,62.47,67.14,69.34,41.33,60.3,12.45,32.18,9.05,46.32
2025-06-11,r2000,1899,691,1153,279,363,65,63,296,119,704,112,26,4,67.88,74.05,76.15,41.02,65.68,15.54,32.54,8.47,43.44
2025-06-11,scan,126,55,70,18,11,6,2,56,1,89,0,0,0,78.57,100.0,100.0,100.0,98.41,0.0,100.0,0.0,0.0
2025-06-11,sp500,500,172,326,46,68,1,4,49,5,176,11,6,0,62.2,77.0,78.8,55.11,71.0,18.64,48.1,7.01,26.25
2025-06-12,all,4126,1688,2279,415,517,101,107,660,471,1341,518,39,15,60.63,67.63,70.42,41.62,62.27,13.94,33.07,8.5,44.49
2025-06-12,nasdaq,2981,1117,1727,299,419,88,93,548,435,1023,467,21,15,57.77,64.43,67.48,40.54,59.67,13.02,32.14,8.3,46.54
2025-06-12,r2000,1900,737,1109,189,237,36,48,274,126,604,157,23,2,63.66,71.41,75.05,40.75,66.07,15.81,32.43,8.31,43.44
2025-06-12,scan,107,49,56,5,9,1,2,28,1,52,0,0,0,83.18,100.0,100.0,100.0,98.13,0.0,100.0,0.0,0.0
2025-06-12,sp500,500,305,193,39,28,5,2,48,4,132,10,8,0,65.4,79.2,81.2,55.91,71.8,18.64,47.9,8.02,25.45
2025-06-13,all,4128,639,3388,289,865,89,353,575,521,1174,606,20,71,42.14,55.06,62.21,37.52,59.06,16.56,30.44,7.01,46.0
2025-06-13,nasdaq,2982,482,2406,204,641,70,273,478,479,898,536,11,54,41.49,52.77,59.35,36.4,56.33,15.55,29.44,6.85,48.16
2025-06-13,r2000,1901,233,1647,117,482,39,194,248,144,513,189,5,23,41.46,55.81,64.38,35.09,61.52,19.69,28.69,6.36,45.25
2025-06-13,scan,85,26,58,8,9,1,9,25,1,46,0,1,0,87.06,100.0,100.0,100.0,100.0,0.0,100.0,0.0,0.0
2025-06-13,sp500,500,70,430,36,75,6,22,43,3,115,10,7,3,42.4,64.8,75.0,52.1,69.2,21.24,45.29,6.81,26.65
2025-06-16,all,4129,2642,1359,799,416,308,60,700,459,1232,576,57,30,51.3,58.56,64.52,39.6,56.99,15.4,31.67,7.88,45.05
2025-06-16,nasdaq,2983,1851,1021,576,306,257,54,577,430,952,512,41,29,49.6,55.83,61.91,38.2,54.31,14.5,30.63,7.5,47.37
2025-06-16,r2000,1902,1244,620,408,199,151,24,295,119,546,183,26,3,50.84,58.74,65.86,37.14,58.3,18.82,29.56,7.55,44.07
2025-06-16,scan,100,80,20,25,2,20,1,33,0,45,0,2,0,82.0,98.0,100.0,100.0,93.0,0.0,100.0,0.0,0.0
2025-06-16,sp500,500,369,131,76,46,21,0,57,1,121,10,12,1,56.8,71.8,77.0,55.71,69.2,18.64,47.7,8.02,25.65
2025-06-17,all,4130,1056,2942,450,802,97,222,564,535,1151,623,27,54,42.02,51.58,59.61,37.32,53.79,16.49,30.49,6.82,46.19
2025-06-17,nasdaq,2984,781,2088,319,559,80,184,468,493,895,550,19,47,40.99,50.05,57.11,36.44,51.2,15.42,29.66,6.77,48.14
2025-06-17,r2000,1902,443,1425,221,443,35,123,235,147,486,213,12,16,41.09,50.61,59.99,34.93,54.39,19.58,28.69,6.2,45.52
2025-06-17,scan,80,23,57,9,15,3,4,22,0,46,0,1,0,87.5,100.0,100.0,100.0,96.25,0.0,100.0,0.0,0.0
2025-06-17,sp500,500,91,408,39,79,2,10,40,5,113,12,7,2,41.4,58.4,70.6,51.9,64.4,20.84,45.29,6.61,27.25
2025-06-18,all,4131,2261,1680,748,520,162,65,533,570,1198,589,39,31,45.7,51.97,59.27,37.72,51.15,15.9,30.83,6.87,46.4
2025-06-18,nasdaq,2985,1632,1187,530,337,136,55,442,522,920,522,27,22,44.17,50.56,57.21,36.75,48.97,14.99,30.05,6.67,48.29
2025-06-18,r2000,1902,1116,726,386,257,65,28,223,167,523,194,20,16,45.09,51.51,60.47,35.74,51.43,18.39,29.29,6.42,45.9
2025-06-18,scan,85,52,33,22,9,10,0,26,0,54,0,1,0,91.76,98.82,100.0,100.0,94.12,0.0,100.0,0.0,0.0
2025-06-18,sp500,500,248,248,80,88,7,4,35,7,119,13,8,1,47.8,56.2,67.8,51.1,59.0,21.24,44.29,6.81,27.66
2025-06-20,all,4133,1676,2314,1173,1434,145,183,552,567,1110,617,34,47,42.8,49.73,57.53,37.65,49.39,15.79,30.59,7.0,46.62
2025-06-20,nasdaq,2987,1144,1724,729,960,128,153,456,519,854,558,25,38,40.77,47.75,54.83,36.47,47.3,15.09,29.68,6.7,48.52
2025-06-20,r2000,1903,764,1092,590,810,53,89,226,162,476,200,18,18,41.8,49.76,58.3,35.42,49.15,18.34,28.8,6.58,46.28
2025-06-20,scan,88,27,61,19,40,0,5,28,1,53,0,0,0,85.23,100.0,100.0,100.0,96.59,0.0,100.0,0.0,0.0
2025-06-20,sp500,500,292,205,270,193,2,5,39,6,110,10,2,0,49.4,55.6,68.6,51.9,57.0,20.24,44.89,7.01,27.86
2025-06-23,all,4134,2377,1610,939,644,126,117,510,591,982,682,52,40,50.5,55.62,61.19,38.88,48.93,14.18,31.87,6.97,46.97
2025-06-23,nasdaq,2988,1546,1312,597,493,102,102,420,543,764,613,35,38,46.49,52.26,57.64,37.08,46.66,13.8,30.51,6.52,49.17
2025-06-23,r2000,1903,1231,625,535,290,62,48,217,172,425,228,23,5,55.72,58.58,65.54,37.74,49.84,16.02,30.69,7.01,46.28
2025-06-23,scan,98,71,27,27,11,10,1,23,0,46,0,1,0,84.69,95.92,100.0,100.0,85.71,0.0,100.0,0.0,0.0
2025-06-23,sp500,500,394,104,130,51,4,5,37,5,86,11,9,2,60.2,68.2,74.6,55.11,56.2,17.23,47.7,7.41,27.66
2025-06-24,all,4136,3027,967,1176,383,335,29,586,534,1164,567,84,16,59.31,62.27,66.23,41.54,51.18,12.43,33.3,8.2,46.07
2025-06-24,nasdaq,2990,2195,669,851,232,301,28,489,494,910,508,61,15,55.8,59.18,62.83,40.03,48.48,12.03,32.16,7.81,48.0
2025-06-24,r2000,1903,1463,399,607,177,151,5,245,144,520,171,34,3,64.73,66.77,71.46,41.19,53.33,13.54,32.63,8.52,45.31
2025-06-24,scan,117,101,16,37,6,26,0,38,0,64,0,2,0,84.62,99.15,100.0,100.0,83.76,0.0,100.0,0.0,0.0
2025-06-24,sp500,500,379,118,150,56,18,0,43,3,104,11,19,0,71.0,74.0,77.8,57.11,60.6,14.63,49.1,8.02,28.26
2025-06-25,all,4137,1219,2762,484,819,113,145,586,554,1224,526,43,28,51.71,56.67,61.42,39.72,51.09,13.51,32.15,7.54,46.81
2025-06-25,nasdaq,2991,977,1878,398,518,107,118,492,508,966,464,29,21,50.42,55.06,59.17,38.81,48.61,12.93,31.22,7.53,48.33
2025-06-25,r2000,1904,436,1423,189,474,41,73,245,153,545,155,17,8,53.72,59.01,65.01,38.76,53.54,15.16,31.12,7.61,46.12
2025-06-25,scan,111,34,77,13,25,5,1,36,0,72,0,0,0,81.08,99.1,100.0,100.0,95.5,0.0,100.0,0.0,0.0
2025-06-25,sp500,500,143,357,35,93,3,5,45,3,112,11,15,4,58.8,64.6,70.2,53.31,59.4,16.43,46.09,7.21,30.26
2025-06-26,all,4138,2872,1127,1113,394,253,65,558,572,1302,494,85,19,58.92,62.11,64.77,42.79,52.69,11.87,33.81,8.97,45.35
2025-06-26,nasdaq,2992,1925,944,737,309,203,61,467,526,1009,439,52,15,56.07,59.4,61.83,41.42,50.05,11.49,32.88,8.53,47.1
2025-06-26,r2000,1904,1522,343,601,133,132,23,228,162,585,136,43,4,64.68,67.14,70.14,42.8,55.87,12.84,33.28,9.49,44.39
2025-06-26,scan,118,93,25,32,6,17,0,28,0,66,0,0,0,86.44,96.61,100.0,100.0,88.98,0.0,100.0,0.0,0.0
2025-06-26,sp500,500,376,123,140,57,10,2,36,3,120,15,23,3,65.0,68.4,73.0,57.52,62.0,13.83,48.7,8.82,28.66
2025-06-27,all,4142,2023,1971,1509,1268,133,234,582,557,1111,543,88,24,57.76,60.65,63.82,42.87,53.47,11.79,34.03,8.87,45.31
2025-06-27,nasdaq,2996,1324,1539,918,905,108,208,482,511,888,491,47,23,54.12,57.31,60.24,41.32,50.46,11.59,32.9,8.46,47.05
2025-06-27,r2000,1905,984,870,851,742,52,111,242,150,478,152,48,2,63.52,66.19,69.77,43.02,57.19,12.78,33.53,9.49,44.2
2025-06-27,scan,135,76,59,60,49,5,3,36,0,72,0,0,0,86.67,94.81,100.0,100.0,91.85,0.0,100.0,0.0,0.0
2025-06-27,sp500,500,337,158,284,127,7,3,41,2,105,13,25,0,69.6,70.8,74.4,58.52,64.0,12.22,49.7,8.82,29.26
2025-06-30,all,4144,2151,1826,1095,773,121,50,664,510,1112,522,83,25,59.51,62.03,64.5,43.42,53.77,11.5,34.33,9.07,45.09
2025-06-30,nasdaq,2998,1533,1319,714,505,110,47,554,467,894,473,50,25,56.18,58.82,61.12,42.17,50.51,11.23,33.39,8.74,46.64
2025-06-30,r2000,1905,918,935,550,466,32,10,270,135,464,134,32,1,64.05,66.51,69.71,43.02,57.98,12.78,33.58,9.43,44.2
2025-06-30,scan,129,77,51,44,28,3,1,44,0,63,0,0,0,91.47,98.45,100.0,100.0,93.02,0.0,100.0,0.0,0.0
2025-06-30,sp500,500,356,142,190,61,3,0,53,2,111,11,32,0,75.0,74.2,76.6,59.92,65.8,10.82,50.3,9.62,29.26
2025-07-01,all,4145,2594,1427,1292,522,342,126,688,485,938,569,82,19,64.13,66.32,67.38,46.43,55.75,10.02,35.38,11.04,43.56
2025-07-01,nasdaq,2999,1719,1169,775,372,212,105,561,448,775,511,47,18,58.62,61.92,62.75,44.71,51.94,9.79,34.54,10.15,45.52
2025-07-01,r2000,1905,1373,495,776,233,215,51,286,116,398,158,48,4,71.64,73.43,73.96,47.33,60.75,10.4,35.15,12.18,42.26
2025-07-01,scan,135,56,76,29,35,4,8,49,1,48,0,0,0,91.11,97.04,100.0,100.0,95.56,0.0,100.0,0.0,0.0
2025-07-01,sp500,500,367,132,201,73,31,15,62,2,61,9,17,0,84.4,80.8,83.2,64.33,69.2,9.82,50.3,14.03,25.85
2025-07-02,all,4146,2800,1202,1129,377,307,38,857,396,1012,561,115,10,68.11,68.53,69.16,48.66,57.63,9.34,35.69,13.03,41.94
2025-07-02,nasdaq,3000,1980,883,775,238,255,24,694,369,843,509,61,8,63.65,64.62,65.32,46.77,53.29,9.13,34.9,11.93,44.03
2025-07-02,r2000,1905,1461,406,657,166,147,17,362,86,433,144,66,0,75.86,76.18,76.23,50.59,63.34,9.7,35.58,15.09,39.62
2025-07-02,scan,129,87,42,37,10,14,2,61,0,43,1,0,0,90.7,98.45,100.0,100.0,96.12,0.0,100.0,0.0,0.0
2025-07-02,sp500,500,290,208,107,70,9,7,78,2,62,8,28,2,79.4,78.4,78.8,65.73,72.0,9.22,50.5,15.23,25.05
2025-07-03,all,4149,2739,1210,340,143,102,17,976,362,1152,486,159,10,72.0,70.73,70.99,50.15,59.53,8.24,36.52,13.67,41.57
2025-07-03,nasdaq,3003,1945,887,285,118,93,17,803,335,950,439,89,8,67.99,67.06,67.17,48.18,55.39,8.08,35.5,12.72,43.69
2025-07-03,r2000,1906,1383,456,143,41,33,1,409,81,505,115,85,1,79.7,78.19,78.55,52.48,65.72,8.52,36.77,15.8,38.92
2025-07-03,scan,135,110,24,7,2,5,0,74,1,59,0,0,0,86.67,99.26,100.0,100.0,96.3,0.0,100.0,0.0,0.0
2025-07-03,sp500,500,358,138,13,8,6,0,83,2,76,7,42,2,82.8,81.2,81.2,67.13,73.2,8.02,51.1,16.03,24.85
2025-07-07,all,4149,964,3048,414,919,126,296,938,372,1000,513,56,22,65.32,65.66,66.85,48.01,59.19,9.39,36.01,12.0,42.59
2025-07-07,nasdaq,3003,812,2072,356,569,117,244,781,342,841,458,45,18,62.6,62.68,63.66,46.68,55.25,9.09,35.11,11.57,44.23
2025-07-07,r2000,1906,286,1583,154,564,38,194,391,89,421,144,19,6,70.86,71.62,73.22,49.09,65.61,9.87,36.33,12.83,40.97
2025-07-07,scan,133,49,84,19,24,4,5,75,0,49,0,2,0,92.48,99.25,100.0,100.0,99.25,0.0,100.0,0.0,0.0
2025-07-07,sp500,500,99,398,25,108,0,5,77,2,58,10,10,2,76.0,74.8,76.4,63.73,72.4,9.82,49.5,14.23,26.45
2025-07-08,all,4150,2582,1409,958,516,289,53,905,361,1002,503,39,12,69.7,68.29,69.39,49.57,60.13,8.86,36.42,13.16,41.57
2025-07-08,nasdaq,3004,1865,1013,667,355,238,44,769,333,848,454,29,11,67.06,65.31,66.41,48.18,56.18,8.59,35.64,12.54,43.23
2025-07-08,r2000,1906,1327,525,538,226,138,23,375,83,418,133,15,2,75.83,74.84,76.07,50.81,67.19,9.16,36.93,13.96,39.95
2025-07-08,scan,147,72,73,25,28,5,4,70,0,52,1,0,0,87.76,97.28,100.0,100.0,97.28,0.0,100.0,0.0,0.0
2025-07-08,sp500,500,260,238,90,85,13,6,66,2,60,11,4,1,76.0,74.8,75.6,64.93,72.2,9.62,48.7,16.23,25.45
2025-07-09,all,4153,2531,1466,811,395,300,57,1299,291,1077,469,59,11,72.78,71.0,71.7,50.89,61.17,8.37,37.19,13.72,40.72
2025-07-09,nasdaq,3007,1791,1083,600,266,268,50,1027,276,894,419,38,11,71.25,68.82,69.21,49.46,57.66,8.12,36.47,13.01,42.4
2025-07-09,r2000,1906,1217,632,412,175,150,21,590,54,464,122,25,1,79.36,77.8,78.55,52.42,68.41,8.79,37.84,14.66,38.71
2025-07-09,scan,138,100,37,32,11,10,3,84,0,56,0,1,0,92.03,97.1,100.0,100.0,97.1,0.0,100.0,0.0,0.0
2025-07-09,sp500,500,308,191,58,60,7,1,131,2,73,13,11,0,76.8,74.0,75.6,65.93,70.8,8.62,49.7,16.23,25.45
2025-07-10,all,4154,2473,1521,816,413,207,88,1628,253,1138,453,81,8,74.07,72.43,72.34,51.87,62.3,7.99,37.32,14.59,40.11
2025-07-10,nasdaq,3008,1682,1189,527,309,165,79,1250,242,909,407,41,8,71.92,69.76,69.48,50.34,58.74,8.08,36.36,14.01,41.54
2025-07-10,r2000,1906,1192,664,434,184,102,29,738,41,493,114,42,3,80.74,79.38,79.19,53.28,70.05,8.3,37.95,15.36,38.38
2025-07-10,scan,129,72,56,12,11,6,2,105,0,44,0,0,0,93.02,100.0,100.0,100.0,97.67,0.0,100.0,0.0,0.0
2025-07-10,sp500,500,352,146,98,45,12,10,188,2,89,13,20,0,77.2,76.2,76.6,67.33,71.2,8.22,50.3,17.03,24.45
2025-07-11,all,4155,1011,3004,369,642,111,168,1615,252,1314,426,41,16,67.54,67.04,68.35,49.92,62.23,9.0,36.89,13.02,41.08
2025-07-11,nasdaq,3009,738,2156,287,450,102,146,1236,242,1017,389,26,13,65.19,64.56,65.78,48.11,58.99,9.3,35.94,12.14,42.62
2025-07-11,r2000,1906,371,1498,143,351,42,97,725,42,594,108,21,8,72.38,71.94,73.59,50.32,69.73,9.97,36.55,13.85,39.62
2025-07-11,scan,112,33,77,8,11,6,1,88,0,63,0,0,0,88.39,99.11,100.0,100.0,98.21,0.0,100.0,0.0,0.0
2025-07-11,sp500,500,113,385,24,71,1,3,180,2,121,11,7,1,69.6,70.4,71.4,65.93,69.2,8.62,50.9,15.03,25.45
2025-07-14,all,4159,2256,1760,736,477,206,100,1845,229,1329,418,70,17,67.96,68.41,68.64,50.34,62.28,8.47,37.58,12.71,41.24
2025-07-14,nasdaq,3013,1635,1253,538,323,189,78,1392,219,1023,380,40,13,65.77,65.68,66.05,48.86,59.13,8.62,36.66,12.14,42.59
2025-07-14,r2000,1908,1108,746,392,203,85,40,853,38,609,103,31,5,73.13,73.95,73.75,51.26,69.31,9.38,37.41,13.85,39.35
2025-07-14,scan,120,81,38,14,9,14,2,104,0,62,1,4,0,91.67,99.17,100.0,100.0,95.83,0.0,100.0,0.0,0.0
2025-07-14,sp500,500,292,207,66,63,6,5,207,2,121,10,19,3,72.4,73.0,74.0,64.73,68.8,8.42,51.5,13.23,26.85
2025-07-15,all,4159,827,3206,325,1021,95,274,1230,278,1161,455,32,41,54.48,59.8,60.94,47.29,60.69,10.28,36.52,10.72,42.48
2025-07-15,nasdaq,3013,713,2182,267,648,88,195,1005,258,929,408,25,27,55.09,58.81,59.7,46.5,57.88,10.05,35.89,10.55,43.5
2025-07-15,r2000,1908,236,1642,105,592,25,175,498,58,500,123,14,20,55.26,63.13,64.29,47.28,66.77,11.32,36.06,11.21,41.4
2025-07-15,scan,122,38,84,11,21,3,2,83,0,65,1,0,0,95.08,100.0,100.0,100.0,98.36,0.0,100.0,0.0,0.0
2025-07-15,sp500,500,56,444,25,137,7,13,105,2,100,8,7,7,50.8,60.6,63.8,60.32,67.2,11.02,49.7,10.62,28.66
2025-07-16,all,4160,2725,1280,890,411,241,59,1542,248,1072,450,48,10,58.41,63.37,63.93,48.42,60.01,9.82,37.07,11.32,41.79
2025-07-16,nasdaq,3014,1950,938,610,272,212,52,1204,236,890,404,28,9,58.76,62.21,62.53,47.47,57.71,9.86,36.19,11.23,42.72
2025-07-16,r2000,1908,1323,523,470,187,96,25,678,43,444,134,24,4,59.67,67.04,67.51,48.26,65.66,10.89,36.82,11.48,40.81
2025-07-16,scan,120,84,33,27,8,12,4,92,0,42,0,1,0,92.5,100.0,100.0,100.0,97.5,0.0,100.0,0.0,0.0
2025-07-16,sp500,500,340,158,123,62,7,0,153,2,72,7,8,0,56.2,65.8,66.6,62.53,65.6,9.82,50.5,12.02,27.66
2025-07-17,all,4163,2753,1254,1000,436,289,54,1526,245,1264,406,101,12,63.32,66.19,66.61,50.28,59.94,8.84,37.88,12.37,40.9
2025-07-17,nasdaq,3017,1963,917,699,289,240,40,1202,233,1018,369,57,10,63.98,65.13,65.5,49.47,57.88,8.93,37.09,12.34,41.64
2025-07-17,r2000,1908,1304,553,530,203,143,23,685,44,551,109,48,5,64.16,69.67,69.99,50.89,65.08,9.43,37.95,12.99,39.62
2025-07-17,scan,123,97,24,31,8,15,0,83,0,55,0,1,0,90.24,98.37,100.0,100.0,94.31,0.0,100.0,0.0,0.0
2025-07-17,sp500,500,373,125,113,49,9,3,141,3,99,8,29,2,62.8,68.8,69.8,63.73,65.2,8.82,51.3,12.42,27.45
2025-07-18,all,4163,1465,2530,591,680,138,113,1413,271,1162,440,74,26,57.64,63.11,63.77,49.64,58.58,9.05,38.1,11.5,41.35
2025-07-18,nasdaq,3017,1050,1819,411,458,117,96,1119,258,940,405,37,20,59.07,62.18,62.78,48.79,56.61,9.14,37.33,11.4,42.13
2025-07-18,r2000,1908,536,1325,246,365,56,47,625,49,484,124,39,19,55.7,64.82,65.84,49.33,63.31,10.08,38.11,11.27,40.54
2025-07-18,scan,127,60,66,23,21,9,6,88,0,62,1,1,0,88.98,100.0,100.0,100.0,98.43,0.0,100.0,0.0,0.0
2025-07-18,sp500,500,258,240,94,83,8,4,137,3,99,8,20,2,60.8,68.6,70.6,63.93,63.0,8.82,51.5,12.42,27.25
2025-07-21,all,4164,1985,2050,630,596,178,119,1395,253,1247,416,34,20,57.23,62.95,63.01,50.08,57.56,9.25,38.49,11.57,40.69
2025-07-21,nasdaq,3018,1495,1419,486,411,164,107,1099,239,1007,378,20,15,59.46,62.62,62.64,49.5,56.04,9.39,37.8,11.64,41.17
2025-07-21,r2000,1908,954,908,290,276,73,42,609,49,534,130,14,9,55.44,65.16,65.56,49.81,61.55,10.3,38.38,11.54,39.78
2025-07-21,scan,132,55,77,18,28,4,6,91,1,74,1,1,0,91.67,98.48,100.0,100.0,96.97,0.0,100.0,0.0,0.0
2025-07-21,sp500,500,185,315,46,81,2,2,137,3,100,10,8,3,53.8,65.2,66.4,63.33,62.4,9.02,51.3,12.02,27.66
2025-07-22,all,4165,2711,1314,940,452,345,63,1539,239,1359,402,70,10,63.52,68.22,67.75,52.39,58.38,8.66,39.13,13.28,38.93
2025-07-22,nasdaq,3019,1806,1090,595,355,233,51,1192,226,1059,362,37,8,63.09,66.72,65.91,50.73,57.01,9.06,38.27,12.47,40.2
2025-07-22,r2000,1908,1365,494,489,197,190,23,688,42,623,113,33,3,63.71,71.27,71.36,52.9,62.87,9.6,39.51,13.48,37.41
2025-07-22,scan,143,73,68,25,16,7,1,109,0,81,1,2,0,88.11,100.0,100.0,100.0,97.2,0.0,100.0,0.0,0.0
2025-07-22,sp500,500,391,109,130,44,30,8,159,4,112,11,22,1,68.8,75.2,75.8,69.54,63.4,6.21,52.71,16.83,24.25
2025-07-23,all,4165,2905,1121,1023,385,422,43,1584,235,1368,378,111,4,70.13,72.88,72.0,54.59,60.22,7.86,40.13,14.53,37.48
2025-07-23,nasdaq,3019,2049,847,697,272,337,35,1228,222,1059,344,61,3,68.95,71.29,70.14,53.54,58.44,7.98,39.56,14.0,38.45
2025-07-23,r2000,1908,1466,402,539,137,246,13,715,40,632,104,44,0,72.69,76.96,76.37,55.63,64.87,8.57,40.86,14.93,35.63
2025-07-23,scan,147,113,32,31,12,19,1,107,0,76,1,4,0,90.48,98.64,100.0,100.0,96.6,0.0,100.0,0.0,0.0
2025-07-23,sp500,500,348,152,130,73,17,8,160,5,115,9,38,2,74.8,78.2,78.2,70.74,66.2,6.21,52.71,18.04,23.05
2025-07-24,all,4169,1167,2856,462,749,129,190,1596,235,1258,441,54,21,60.55,66.84,67.32,51.56,60.2,9.6,38.68,12.94,38.78
2025-07-24,nasdaq,3022,838,2054,321,503,104,135,1226,223,984,411,29,20,59.68,65.34,65.69,50.18,58.22,9.92,37.92,12.28,39.89
2025-07-24,r2000,1910,412,1460,169,391,43,101,697,37,570,128,17,6,58.79,68.9,70.09,51.18,64.4,11.21,38.81,12.51,37.47
2025-07-24,scan,141,42,98,13,19,3,4,114,1,73,1,3,0,91.49,98.58,100.0,100.0,99.29,0.0,100.0,0.0,0.0
2025-07-24,sp500,500,221,278,96,102,15,19,177,4,110,11,25,2,69.6,73.8,74.4,69.34,67.0,6.61,52.51,16.83,24.05
2025-07-25,all,4170,2039,1943,536,419,123,85,1446,257,1284,421,67,14,59.48,66.81,67.31,51.79,60.33,9.5,38.78,13.05,38.68
2025-07-25,nasdaq,3023,1323,1541,347,309,98,72,1111,243,990,389,34,13,57.84,64.74,64.93,50.14,58.13,10.13,37.74,12.39,39.74
2025-07-25,r2000,1910,996,852,253,201,51,36,626,43,583,121,22,6,58.79,69.37,70.52,51.39,64.19,11.11,38.81,12.67,37.41
2025-07-25,scan,132,75,57,12,10,6,1,96,1,71,1,0,0,84.09,100.0,100.0,100.0,97.73,0.0,100.0,0.0,0.0
2025-07-25,sp500,500,337,159,85,51,10,4,159,5,129,9,28,0,71.2,76.2,76.4,70.34,68.4,5.81,53.11,17.23,23.85
2025-07-28,all,4171,1528,2485,532,656,129,150,1340,280,1099,492,50,16,54.79,64.34,65.03,50.81,59.66,9.98,38.58,12.25,39.19
2025-07-28,nasdaq,3024,1164,1728,395,413,112,129,1034,266,860,452,35,14,54.22,62.89,63.49,49.63,57.47,10.66,37.5,12.13,39.71
2025-07-28,r2000,1910,748,1109,275,305,61,72,591,49,485,148,25,5,54.12,67.21,68.3,50.43,63.24,11.37,38.81,11.64,38.17
2025-07-28,scan,132,63,69,18,10,6,6,92,1,54,1,2,0,81.82,99.24,100.0,100.0,96.21,0.0,100.0,0.0,0.0
2025-07-28,sp500,500,153,346,54,120,4,2,143,5,104,13,11,1,62.8,70.0,70.4,67.33,68.0,7.01,51.9,15.43,25.65
2025-07-29,all,4171,1212,2825,478,858,86,350,1141,348,912,570,46,43,45.68,58.83,60.38,48.66,57.93,10.97,37.73,11.02,40.28
2025-07-29,nasdaq,3024,744,2163,299,609,70,299,896,329,716,524,37,36,43.07,56.15,58.0,46.62,55.72,11.91,36.48,10.19,41.42
2025-07-29,r2000,1910,511,1365,203,448,28,170,483,68,373,175,10,6,43.36,60.57,63.4,47.99,60.92,12.72,37.57,10.51,39.19
2025-07-29,scan,114,37,75,14,22,3,6,73,1,44,0,1,0,86.84,99.12,100.0,100.0,98.25,0.0,100.0,0.0,0.0
2025-07-29,sp500,500,255,242,105,109,8,19,114,5,97,12,17,7,61.8,70.6,69.6,67.54,66.6,7.01,51.5,16.03,25.45
2025-07-30,all,4171,1203,2818,483,970,130,182,1067,357,832,633,40,47,37.58,51.13,54.55,46.35,53.85,12.24,36.79,9.64,41.33
2025-07-30,nasdaq,3024,916,1974,335,587,109,123,845,337,665,570,27,35,36.8,49.28,52.82,44.6,52.12,13.26,35.38,9.26,42.1
2025-07-30,r2000,1910,478,1396,214,548,58,94,448,71,330,199,12,13,34.47,51.66,56.33,45.18,56.12,14.45,36.33,8.89,40.32
2025-07-30,scan,104,42,60,19,14,10,1,69,0,51,0,2,0,81.73,99.04,100.0,100.0,99.04,0.0,100.0,0.0,0.0
2025-07-30,sp500,500,167,331,84,159,10,20,114,5,93,12,12,7,50.0,62.4,64.0,64.33,62.6,8.42,50.9,13.43,27.25
2025-07-31,all,4174,1221,2812,566,1139,128,223,1012,379,779,696,42,86,31.57,46.01,49.79,44.46,48.6,13.12,35.87,8.69,42.32
2025-07-31,nasdaq,3026,888,2016,356,700,109,171,802,349,628,620,26,59,30.77,44.21,47.81,42.73,46.67,14.07,34.59,8.21,43.13
2025-07-31,r2000,1911,497,1364,249,604,38,106,422,84,300,234,14,28,27.65,45.33,50.32,43.07,49.74,15.39,35.2,7.97,41.44
2025-07-31,scan,95,39,56,21,22,10,3,62,0,51,0,2,0,84.21,100.0,100.0,100.0,97.89,0.0,100.0,0.0,0.0
2025-07-31,sp500,500,144,354,116,241,18,25,107,9,87,17,18,19,41.8,56.0,59.8,61.32,58.4,10.02,49.3,12.02,28.66
2025-08-01,all,4176,932,3122,441,1365,92,350,927,408,725,750,18,107,24.29,37.78,42.16,41.77,42.98,14.8,34.03,7.85,43.33
2025-08-01,nasdaq,3027,680,2236,274,838,78,250,752,372,595,649,13,79,23.27,36.68,40.54,39.89,41.28,15.85,32.66,7.32,44.18
2025-08-01,r2000,1912,352,1526,206,811,47,213,376,97,272,270,7,50,19.94,35.42,41.4,39.97,42.51,17.87,32.62,7.43,42.09
2025-08-01,scan,72,22,49,11,27,4,4,44,0,40,0,1,0,90.28,100.0,100.0,100.0,98.61,0.0,100.0,0.0,0.0
2025-08-01,sp500,500,138,361,90,234,5,21,93,10,71,22,4,12,37.6,48.8,52.4,58.52,54.8,11.22,47.9,10.62,30.26
2025-08-04,all,4177,3150,897,1004,288,249,38,1000,391,1000,588,71,18,33.01,44.77,49.11,44.52,40.11,12.99,35.46,9.2,42.36
2025-08-04,nasdaq,3027,2192,723,639,210,215,36,787,359,794,504,40,15,30.79,43.27,47.39,42.18,38.66,14.03,34.15,8.14,43.68
2025-08-04,r2000,1913,1562,317,540,114,121,14,420,84,427,204,19,6,30.85,44.78,50.5,43.45,39.22,15.18,34.39,9.15,41.28
2025-08-04,scan,106,97,8,28,3,13,0,76,0,67,0,3,0,76.42,99.06,100.0,100.0,94.34,0.0,100.0,0.0,0.0
2025-08-04,sp500,500,431,67,175,33,8,1,102,11,106,22,31,2,48.4,55.0,57.0,62.12,51.8,9.42,49.1,13.03,28.46
2025-08-05,all,4178,2123,1895,788,693,215,135,995,388,930,616,43,43,35.12,46.11,50.35,45.32,38.94,12.63,35.48,9.98,41.9
2025-08-05,nasdaq,3028,1431,1462,463,494,153,106,788,356,744,535,28,31,32.75,43.94,47.66,42.95,37.55,13.74,34.3,8.78,43.18
2025-08-05,r2000,1913,1086,772,471,327,128,68,424,79,395,211,17,17,35.2,46.81,52.35,44.57,38.27,14.64,34.28,10.39,40.69
2025-08-05,scan,137,71,66,31,24,13,2,95,0,79,0,0,0,75.18,98.54,100.0,100.0,90.51,0.0,100.0,0.0,0.0
2025-08-05,sp500,500,216,282,92,139,7,19,97,10,88,24,10,5,43.6,53.4,56.8,60.32,49.2,10.22,48.5,11.82,29.46
2025-08-06,all,4178,1772,2245,659,694,173,197,896,428,1021,621,42,57,35.14,44.95,48.02,44.59,38.31,12.58,35.1,9.63,42.69
2025-08-06,nasdaq,3028,1260,1629,439,430,135,149,717,391,799,530,24,45,32.77,42.8,45.58,42.24,36.54,13.67,33.98,8.39,43.97
2025-08-06,r2000,1913,843,1026,367,375,85,104,377,101,451,212,20,24,35.62,45.44,49.71,43.98,38.27,14.48,33.8,10.28,41.44
2025-08-06,scan,120,69,51,25,15,7,3,63,0,77,0,0,0,78.33,98.33,100.0,100.0,97.5,0.0,100.0,0.0,0.0
2025-08-06,sp500,500,242,258,98,118,6,18,86,11,105,24,9,4,43.8,52.0,54.0,59.72,48.2,10.02,48.7,11.02,30.26
2025-08-07,all,4179,1660,2357,678,771,212,242,916,434,983,686,40,56,34.36,42.78,45.86,43.9,36.78,12.89,34.35,9.68,43.09
2025-08-07,nasdaq,3029,1138,1751,427,519,160,188,738,401,766,592,24,45,31.13,40.09,42.69,41.75,34.79,13.74,33.46,8.38,44.42
2025-08-07,r2000,1913,756,1109,389,430,130,132,391,102,433,234,23,22,35.22,43.68,47.55,42.91,36.85,15.07,32.83,10.17,41.93
2025-08-07,scan,117,52,65,20,21,9,3,71,0,82,0,2,0,76.92,99.15,100.0,100.0,94.02,0.0,100.0,0.0,0.0
2025-08-07,sp500,500,247,248,95,93,13,13,86,10,99,29,6,6,45.8,52.6,56.4,59.92,46.8,9.62,48.1,11.82,30.46
2025-08-08,all,4181,2063,1958,635,601,212,152,967,409,1023,694,68,61,36.43,44.09,46.95,44.8,36.61,12.4,34.7,10.23,42.67
2025-08-08,nasdaq,3031,1468,1425,448,418,171,120,777,378,802,586,45,42,32.92,41.18,43.8,42.69,33.95,13.09,33.7,9.09,44.12
2025-08-08,r2000,1915,970,894,350,342,114,81,416,95,461,242,40,23,38.21,45.82,48.81,44.46,37.16,14.21,33.58,10.98,41.23
2025-08-08,scan,121,73,46,29,16,16,1,71,0,85,0,3,0,80.17,100.0,100.0,100.0,93.39,0.0,100.0,0.0,0.0
2025-08-08,sp500,500,300,197,67,50,10,7,93,11,98,30,11,12,50.2,56.6,59.0,61.52,47.8,9.02,48.9,12.63,29.46
2025-08-11,all,4183,1779,2257,658,702,150,153,962,410,1001,706,51,59,36.75,43.23,46.35,44.24,36.13,12.5,34.23,10.13,43.14
2025-08-11,nasdaq,3033,1312,1602,467,482,133,122,777,377,809,587,31,42,33.97,40.53,43.43,41.86,33.04,13.23,33.13,8.81,44.83
2025-08-11,r2000,1915,897,966,365,366,59,74,424,95,433,256,36,22,38.94,45.53,48.55,44.57,37.16,13.99,33.62,11.08,41.31
2025-08-11,scan,114,60,54,26,18,2,0,68,0,78,0,1,0,80.7,100.0,100.0,100.0,96.49,0.0,100.0,0.0,0.0
2025-08-11,sp500,500,173,321,54,88,3,2,84,11,84,34,3,8,47.2,53.4,56.6,60.72,48.6,8.82,48.7,12.02,30.46
2025-08-12,all,4184,3143,912,1174,329,494,70,962,413,1025,694,133,25,49.22,52.3,54.27,48.93,38.52,9.95,36.09,12.95,41.0
2025-08-12,nasdaq,3034,2168,756,784,246,350,58,769,383,805,590,82,18,45.08,48.83,50.84,46.49,34.98,10.77,35.09,11.52,42.62
2025-08-12,r2000,1916,1640,237,709,119,324,25,431,93,472,230,76,10,58.39,58.99,60.78,51.71,41.22,10.01,36.63,15.12,38.25
2025-08-12,scan,123,106,16,24,8,30,1,68,0,66,0,6,0,86.18,100.0,100.0,100.0,88.62,0.0,100.0,0.0,0.0
2025-08-12,sp500,500,400,98,125,44,24,4,81,9,90,33,25,2,58.2,60.2,62.6,63.53,50.6,7.62,49.1,14.43,28.86
2025-08-13,all,4184,3069,987,1322,358,474,87,1052,373,1221,594,162,15,56.69,57.98,59.38,52.8,42.27,8.54,37.37,15.56,38.54
2025-08-13,nasdaq,3034,2101,818,855,276,355,75,826,345,927,519,92,15,51.51,54.14,55.76,50.11,38.36,9.3,36.32,13.9,40.48
2025-08-13,r2000,1916,1587,295,777,136,289,23,491,74,585,173,95,1,68.61,66.56,67.58,56.74,47.23,8.32,38.16,18.63,34.89
2025-08-13,scan,138,101,37,41,18,22,4,83,0,77,0,6,0,83.33,98.55,100.0,100.0,85.51,0.0,100.0,0.0,0.0
2025-08-13,sp500,500,407,93,170,45,20,6,96,9,113,24,30,0,66.4,65.8,67.6,68.74,53.0,5.21,51.5,17.23,26.05
2025-08-14,all,4184,1164,2874,421,740,115,127,853,428,1079,660,49,22,52.95,54.46,56.56,50.71,44.19,9.63,36.35,14.51,39.5
2025-08-14,nasdaq,3034,910,2000,328,494,108,107,695,390,840,570,37,19,48.77,51.12,53.34,48.41,40.14,10.33,35.32,13.26,41.09
2025-08-14,r2000,1916,412,1452,180,409,39,48,380,100,513,213,19,5,63.21,60.96,63.63,53.87,49.66,9.72,36.98,16.96,36.34
2025-08-14,scan,134,35,96,11,20,3,2,61,0,70,0,3,0,86.57,97.76,100.0,100.0,92.54,0.0,100.0,0.0,0.0
2025-08-14,sp500,500,142,356,35,88,1,6,56,10,90,26,8,0,58.8,62.4,64.0,65.73,56.0,6.81,50.3,15.43,27.45
2025-08-15,all,4187,1599,2433,552,723,144,113,841,447,1066,665,44,28,49.77,51.6,54.19,50.06,44.33,10.09,36.28,13.95,39.68
2025-08-15,nasdaq,3036,1185,1716,390,485,128,101,696,409,840,572,33,26,46.47,48.49,51.16,47.76,40.21,10.86,35.11,12.82,41.2
2025-08-15,r2000,1917,681,1192,272,423,63,47,371,102,506,218,20,4,58.07,57.02,59.46,53.02,50.4,10.14,37.04,16.1,36.71
2025-08-15,scan,130,55,74,19,18,4,2,53,0,66,1,1,0,86.15,99.23,100.0,100.0,96.15,0.0,100.0,0.0,0.0
2025-08-15,sp500,500,207,291,78,91,6,5,50,9,80,23,5,0,52.0,58.2,61.0,64.93,55.8,7.01,50.1,14.83,28.06
2025-08-18,all,4188,2237,1797,622,401,190,72,894,431,1066,666,49,20,52.48,52.8,55.06,50.77,45.48,9.78,36.69,14.27,39.26
2025-08-18,nasdaq,3037,1646,1257,473,268,169,65,736,400,842,562,40,18,49.88,49.83,52.3,48.92,41.59,10.25,35.55,13.59,40.6
2025-08-18,r2000,1917,1072,795,296,182,62,28,397,93,510,217,16,2,61.22,58.91,61.12,53.61,51.69,9.98,37.36,16.37,36.29
2025-08-18,scan,138,87,51,23,8,12,5,63,0,68,1,1,0,89.13,100.0,100.0,100.0,96.38,0.0,100.0,0.0,0.0
2025-08-18,sp500,500,238,262,40,69,2,1,53,8,72,26,4,1,52.4,58.0,61.0,64.13,54.6,6.81,50.9,13.23,29.06
2025-08-19,all,4188,1634,2400,416,582,51,272,803,446,920,724,26,32,50.54,49.72,53.31,50.59,45.28,9.7,36.6,14.14,39.57
2025-08-19,nasdaq,3037,938,1967,245,481,39,241,660,412,746,618,16,32,45.63,44.93,48.67,47.76,41.36,10.53,34.9,13.02,41.55
2025-08-19,r2000,1917,861,1004,197,241,25,118,357,103,439,234,11,2,60.63,56.36,59.87,54.09,51.87,9.33,37.55,16.58,36.53
2025-08-19,scan,124,41,83,16,20,1,12,54,0,63,1,1,0,87.9,100.0,100.0,100.0,97.58,0.0,100.0,0.0,0.0
2025-08-19,sp500,500,341,158,94,45,2,12,46,7,54,25,7,0,59.8,62.0,65.6,67.54,54.0,5.41,52.3,15.23,27.05
2025-08-20,all,4189,1766,2237,466,518,109,95,754,474,790,813,31,38,50.38,48.57,52.41,50.16,45.02,9.54,36.52,13.78,40.15
2025-08-20,nasdaq,3038,1270,1610,315,363,96,74,625,436,636,686,17,35,45.25,43.92,48.0,47.3,41.13,10.35,34.83,12.63,42.19
2025-08-20,r2000,1917,806,1038,200,238,45,47,338,117,369,278,9,5,59.63,54.57,58.66,53.82,51.92,8.96,37.61,16.26,37.18
2025-08-20,scan,109,51,58,14,19,6,0,42,0,45,1,0,0,94.5,99.08,100.0,100.0,95.41,0.0,100.0,0.0,0.0
2025-08-20,sp500,500,256,240,85,81,1,4,35,8,49,26,12,0,62.8,61.2,65.4,67.54,54.2,5.61,51.9,15.63,26.85
2025-08-21,all,4190,1982,2041,428,320,143,46,759,466,755,864,41,35,51.88,48.12,52.33,49.71,44.93,9.19,36.64,13.19,40.98
2025-08-21,nasdaq,3039,1512,1385,343,229,129,37,625,431,617,730,31,33,48.41,44.43,48.41,46.81,41.09,10.06,34.71,12.23,42.99
2025-08-21,r2000,1918,919,938,209,143,65,20,343,107,350,302,19,5,60.42,53.44,58.58,53.02,51.95,8.69,37.93,15.13,38.25
2025-08-21,scan,116,75,40,15,2,10,2,49,0,49,0,1,0,95.69,97.41,100.0,100.0,96.55,0.0,100.0,0.0,0.0
2025-08-21,sp500,500,166,333,26,34,2,3,37,8,38,31,3,0,58.4,59.0,62.8,66.93,54.4,5.61,51.9,15.03,27.45
2025-08-22,all,4191,3583,497,1404,150,1027,19,894,418,1047,671,181,6,69.72,62.67,63.64,56.35,48.62,6.85,38.8,17.71,36.64
2025-08-22,nasdaq,3040,2518,415,932,127,694,19,715,393,817,593,114,6,65.15,57.87,59.22,53.07,44.43,7.54,37.06,16.18,39.22
2025-08-22,r2000,1918,1803,94,871,39,681,2,421,83,526,192,120,0,81.2,73.07,73.8,61.62,56.92,5.95,40.4,21.3,32.35
2025-08-22,scan,154,145,8,64,0,55,0,75,0,64,1,8,0,92.86,99.35,100.0,100.0,91.56,0.0,100.0,0.0,0.0
2025-08-22,sp500,500,421,79,128,18,63,1,55,7,64,20,19,0,78.0,71.8,73.0,73.15,57.6,3.81,53.91,19.24,23.05
2025-08-25,all,4192,1231,2797,428,481,145,93,982,378,932,755,77,10,66.36,58.75,60.5,54.41,49.92,7.76,38.2,16.34,37.7
2025-08-25,nasdaq,3041,951,1951,338,361,133,84,766,357,733,661,52,10,62.24,54.32,56.25,51.41,45.49,8.32,36.54,15.0,40.14
2025-08-25,r2000,1918,446,1425,179,238,52,41,466,70,449,236,41,1,76.6,68.03,69.51,59.33,58.46,6.97,39.97,19.42,33.64
2025-08-25,scan,151,55,96,17,20,9,1,86,0,73,0,3,0,94.7,97.35,100.0,100.0,96.69,0.0,100.0,0.0,0.0
2025-08-25,sp500,500,105,392,17,49,0,5,67,6,58,25,10,0,68.0,65.2,66.6,69.54,58.2,5.41,52.51,17.03,25.05
2025-08-26,all,4192,2347,1660,730,531,166,57,1008,385,913,772,92,20,68.64,59.79,61.48,55.04,50.92,7.15,38.56,16.58,37.7
2025-08-26,nasdaq,3041,1723,1164,502,338,152,48,783,363,714,679,57,16,64.87,55.5,57.44,52.04,46.45,7.82,36.82,15.35,40.01
2025-08-26,r2000,1918,1167,689,342,227,70,23,485,73,445,241,52,4,78.96,69.19,70.93,60.34,59.41,6.01,40.48,19.89,33.62
2025-08-26,scan,152,114,37,28,13,9,1,81,0,66,1,3,0,92.76,98.03,100.0,100.0,94.08,0.0,100.0,0.0,0.0
2025-08-26,sp500,500,273,225,131,121,3,1,75,7,61,26,15,2,69.2,65.8,66.2,69.94,58.4,4.41,52.71,17.23,25.65
2025-08-27,all,4194,2322,1688,553,308,128,59,1040,366,878,803,97,14,70.07,60.88,62.6,55.92,52.43,6.72,38.75,17.28,37.25
2025-08-27,nasdaq,3043,1551,1326,404,236,111,56,795,347,694,711,52,14,65.84,56.41,58.69,52.64,48.31,7.53,37.04,15.73,39.7
2025-08-27,r2000,1919,1200,659,279,130,61,16,511,64,427,248,52,2,81.22,71.72,72.45,61.36,61.09,5.57,40.41,21.01,33.01
2025-08-27,scan,136,76,59,22,6,5,2,72,0,52,0,3,0,94.12,100.0,100.0,100.0,97.06,0.0,100.0,0.0,0.0
2025-08-27,sp500,500,338,160,53,23,2,2,79,6,54,25,24,0,72.4,66.2,67.8,70.54,58.8,3.81,53.11,17.43,25.65
2025-08-28,all,4195,1931,2051,489,387,168,63,958,389,965,725,111,20,69.33,61.05,62.21,55.81,53.16,6.46,38.61,17.27,37.67
2025-08-28,nasdaq,3044,1420,1447,363,270,149,54,765,361,762,645,62,18,65.54,56.81,58.45,52.87,49.11,7.16,36.84,16.1,39.89
2025-08-28,r2000,1919,862,981,240,166,52,23,440,83,482,211,62,0,80.5,71.62,71.78,61.36,62.32,5.03,40.56,20.81,33.6
2025-08-28,scan,136,87,46,21,8,9,0,72,0,61,0,6,0,92.65,98.53,100.0,100.0,96.32,0.0,100.0,0.0,0.0
2025-08-28,sp500,500,228,270,43,61,14,4,65,6,62,20,20,3,68.6,64.2,66.6,69.74,58.2,4.01,52.91,16.83,26.25
2025-08-29,all,4197,1779,2228,457,415,95,92,954,392,912,765,65,18,67.19,60.12,61.18,56.08,53.89,6.28,38.94,17.22,37.57
2025-08-29,nasdaq,3046,1151,1727,304,311,84,86,753,366,708,684,31,18,62.48,55.19,56.89,52.87,49.67,6.91,37.16,15.78,40.14
2025-08-29,r2000,1919,837,1014,234,197,34,33,450,86,457,228,38,2,78.62,71.09,70.94,61.84,63.64,5.03,40.77,21.08,33.12
2025-08-29,scan,134,46,87,15,19,4,2,71,0,55,0,2,0,92.54,98.51,100.0,100.0,97.76,0.0,100.0,0.0,0.0
2025-08-29,sp500,500,269,229,43,50,2,6,60,5,58,19,11,0,68.0,64.0,65.6,69.94,57.6,3.61,52.91,17.03,26.45
2025-09-02,all,4197,1276,2778,485,708,134,164,894,428,1020,761,53,38,60.0,56.73,57.88,54.71,53.14,6.88,38.24,16.5,38.37
2025-09-02,nasdaq,3046,997,1922,372,474,121,139,717,401,783,683,38,33,56.7,52.48,53.78,51.83,48.83,7.59,36.44,15.42,40.55
2025-09-02,r2000,1919,509,1372,202,343,50,67,416,94,528,215,27,11,70.52,67.37,67.21,59.7,63.11,5.72,39.86,19.85,34.56
2025-09-02,scan,129,43,86,21,23,4,3,69,0,61,0,2,0,89.92,97.67,100.0,100.0,98.45,0.0,100.0,0.0,0.0
2025-09-02,sp500,500,127,371,51,125,2,7,57,6,69,22,8,1,54.6,57.2,59.8,68.34,55.6,5.01,51.9,16.43,26.65
2025-09-03,all,4198,1764,2244,586,562,142,112,938,421,952,812,64,40,57.79,56.09,57.34,54.97,52.19,6.91,38.23,16.75,38.11
2025-09-03,nasdaq,3047,1263,1621,433,399,126,80,750,394,727,723,49,34,55.07,52.23,53.53,52.27,47.78,7.34,36.64,15.63,40.4
2025-09-03,r2000,1919,788,1071,277,281,57,57,438,91,497,243,25,11,66.49,66.21,66.33,60.29,62.34,5.72,40.13,20.12,34.03
2025-09-03,scan,120,70,48,21,13,5,2,63,0,48,0,3,0,87.5,97.5,100.0,100.0,96.67,0.0,100.0,0.0,0.0
2025-09-03,sp500,500,227,273,63,71,5,8,59,6,64,27,7,3,53.0,55.0,58.6,67.94,53.2,5.61,51.3,16.63,26.45
2025-09-04,all,4198,2498,1550,661,415,195,120,976,440,911,867,100,41,60.63,58.12,58.6,56.03,52.46,6.3,38.54,17.54,37.63
2025-09-04,nasdaq,3047,1617,1297,443,328,148,104,748,415,682,765,62,39,56.29,53.57,54.18,52.59,47.86,6.98,36.78,15.84,40.4
2025-09-04,r2000,1919,1374,501,357,140,114,36,484,90,487,260,60,5,72.06,69.46,68.8,62.48,63.29,5.03,40.4,22.04,32.53
2025-09-04,scan,125,85,40,19,14,12,4,71,0,50,0,5,0,92.0,99.2,100.0,100.0,97.6,0.0,100.0,0.0,0.0
2025-09-04,sp500,500,369,129,95,50,11,7,63,6,63,28,22,1,59.2,60.4,60.8,69.54,53.2,4.21,51.9,17.64,26.25
2025-09-05,all,4199,2247,1790,710,469,237,79,933,454,995,839,97,26,61.82,59.34,59.42,57.16,52.34,6.07,39.18,18.03,36.72
2025-09-05,nasdaq,3048,1590,1308,491,305,200,61,731,426,744,743,62,24,58.49,55.26,55.31,53.57,47.63,6.73,37.46,16.15,39.66
2025-09-05,r2000,1919,1040,836,346,209,125,37,449,98,529,242,55,2,72.58,71.02,70.24,63.98,63.46,4.65,41.25,22.69,31.41
2025-09-05,scan,132,73,58,20,17,9,0,79,0,61,0,4,0,92.42,98.48,100.0,100.0,98.48,0.0,100.0,0.0,0.0
2025-09-05,sp500,500,270,230,83,91,5,8,59,5,71,26,16,2,55.8,58.8,60.6,69.34,53.6,4.41,51.9,17.43,26.25
2025-09-08,all,4200,2057,1979,754,600,228,132,935,452,1003,828,112,39,61.3,59.97,59.51,56.63,52.46,6.75,39.17,17.52,36.56
2025-09-08,nasdaq,3049,1541,1365,552,378,203,114,731,424,748,743,77,32,58.5,56.32,55.84,53.36,48.13,7.29,37.59,15.82,39.29
2025-09-08,r2000,1919,931,932,333,273,98,50,442,97,518,234,61,10,70.15,70.34,69.82,63.55,63.52,5.24,41.47,22.04,31.25
2025-09-08,scan,141,78,62,34,20,14,3,78,0,68,0,6,0,90.07,98.58,100.0,100.0,95.74,0.0,100.0,0.0,0.0
2025-09-08,sp500,500,246,251,97,118,3,4,63,5,80,24,14,2,56.8,60.2,61.2,67.74,52.0,5.01,51.3,16.43,27.25
2025-09-09,all,4200,1691,2357,592,569,220,90,947,418,899,862,66,23,57.43,59.93,59.2,56.0,53.08,6.75,39.46,16.61,37.18
2025-09-09,nasdaq,3049,1347,1574,470,389,197,62,758,392,709,753,45,19,57.32,57.63,56.45,53.29,49.38,7.22,37.93,15.43,39.42
2025-09-09,r2000,1919,578,1288,194,289,67,49,427,92,447,272,25,8,60.65,68.08,67.03,61.89,63.31,5.46,41.52,20.33,32.69
2025-09-09,scan,130,63,66,24,17,12,2,77,0,52,0,4,0,87.69,100.0,100.0,100.0,98.46,0.0,100.0,0.0,0.0
2025-09-09,sp500,500,212,286,66,74,7,8,62,5,59,33,17,0,49.2,56.8,59.6,66.53,51.6,4.61,51.7,14.83,28.86
2025-09-10,all,4203,1700,2348,664,748,210,172,867,463,797,963,79,40,53.2,58.18,57.5,55.85,52.58,7.09,39.08,16.79,37.04
2025-09-10,nasdaq,3052,1202,1710,478,527,177,133,705,425,640,822,47,29,53.23,55.32,54.47,52.9,49.13,7.67,37.48,15.44,39.42
2025-09-10,r2000,1919,705,1167,259,363,65,109,376,121,366,339,36,19,54.23,65.09,64.25,60.72,62.26,5.99,40.64,20.05,33.32
2025-09-10,scan,129,51,77,22,27,4,6,69,0,47,0,0,0,86.82,99.22,100.0,100.0,96.12,0.0,100.0,0.0,0.0
2025-09-10,sp500,500,211,288,86,111,18,7,56,7,46,42,18,3,44.0,55.6,57.6,65.93,49.6,6.21,50.9,15.03,27.86
2025-09-11,all,4203,3155,908,1137,349,383,48,915,439,996,813,168,8,66.73,64.64,62.74,59.12,53.43,5.81,40.03,19.13,35.03
2025-09-11,nasdaq,3052,2170,756,780,272,304,45,730,409,772,716,88,8,64.66,61.32,59.37,55.65,49.75,6.5,38.49,17.2,37.82
2025-09-11,r2000,1919,1622,262,562,129,192,15,415,101,498,257,83,0,71.99,72.27,70.25,64.99,63.17,4.55,41.76,23.21,30.48
2025-09-11,scan,150,112,38,41,14,19,1,80,0,70,0,1,0,89.33,99.33,100.0,100.0,94.67,0.0,100.0,0.0,0.0
2025-09-11,sp500,500,429,68,169,27,16,0,62,5,63,32,40,0,63.6,67.2,65.8,70.54,51.8,4.61,51.5,19.04,24.85
2025-09-12,all,4206,1263,2802,443,677,138,118,866,455,927,843,78,19,57.86,60.52,59.73,57.28,53.46,6.31,39.96,17.38,36.35
2025-09-12,nasdaq,3054,996,1928,356,467,126,97,703,419,741,724,57,12,57.26,57.89,56.91,54.13,49.92,6.95,38.39,15.81,38.85
2025-09-12,r2000,1921,444,1444,178,338,47,67,372,111,435,282,43,8,56.96,66.35,65.32,61.73,62.49,5.4,41.58,20.15,32.87
2025-09-12,scan,128,44,84,13,16,7,3,69,0,59,0,1,0,85.94,100.0,100.0,100.0,97.66,0.0,100.0,0.0,0.0
2025-09-12,sp500,500,118,380,30,102,2,4,54,7,53,42,10,2,55.0,60.4,62.2,68.54,53.8,5.21,50.9,17.64,26.25
2025-09-15,all,4212,1941,2107,729,702,235,126,895,452,961,806,110,41,55.28,59.78,58.94,56.78,53.06,6.71,39.67,17.15,36.47
2025-09-15,nasdaq,3059,1403,1511,536,474,196,111,719,414,765,693,74,29,55.28,57.6,56.42,53.92,49.87,7.09,38.2,15.77,38.94
2025-09-15,r2000,1924,966,907,380,329,100,54,398,113,459,266,49,15,54.67,65.93,65.27,61.46,61.49,6.09,40.83,20.63,32.44
2025-09-15,scan,135,91,42,37,16,16,0,75,0,59,0,3,0,88.89,99.26,100.0,100.0,97.78,0.0,100.0,0.0,0.0
2025-09-15,sp500,500,210,288,67,116,8,6,59,8,52,39,20,7,49.8,56.6,58.0,66.13,51.8,6.21,50.3,15.83,27.66
2025-09-16,all,4212,1867,2179,686,689,194,77,915,423,1075,718,59,26,53.52,58.99,57.81,56.91,52.18,6.83,39.73,17.22,36.22
2025-09-16,nasdaq,3059,1420,1496,502,433,167,65,743,391,860,619,41,22,54.58,57.4,55.74,54.39,49.25,7.12,38.35,16.07,38.46
2025-09-16,r2000,1924,794,1074,317,326,79,37,401,103,511,236,22,9,51.59,63.99,62.91,61.09,59.76,6.2,40.78,20.31,32.71
2025-09-16,scan,132,67,62,34,16,10,0,70,0,68,0,1,0,89.39,99.24,100.0,100.0,98.48,0.0,100.0,0.0,0.0
2025-09-16,sp500,500,184,314,86,130,7,1,55,7,57,31,9,4,41.8,52.0,54.2,65.53,49.6,6.81,50.3,15.23,27.66
2025-09-17,all,4212,1915,2135,951,825,148,105,1011,398,1131,668,58,24,51.41,58.91,58.31,56.97,51.66,6.55,39.8,17.19,36.45
2025-09-17,nasdaq,3059,1371,1552,658,542,129,87,818,368,907,581,42,17,52.35,57.61,56.18,54.55,48.87,6.87,38.46,16.11,38.56
2025-09-17,r2000,1924,897,969,504,437,58,49,457,97,532,223,23,10,48.44,63.82,63.8,61.36,58.45,5.88,40.89,20.47,32.76
2025-09-17,scan,124,76,46,31,23,8,1,76,0,70,0,1,0,89.52,98.39,100.0,100.0,97.58,0.0,100.0,0.0,0.0
2025-09-17,sp500,500,291,208,143,111,1,3,62,6,55,25,10,4,45.8,52.8,56.6,65.33,50.0,6.21,50.3,15.03,28.46
2025-09-18,all,4213,3086,987,1260,409,410,57,1048,382,1389,542,153,18,62.75,65.68,64.12,59.95,53.04,5.85,40.21,19.76,34.18
2025-09-18,nasdaq,3059,2206,727,896,289,367,50,845,355,1097,478,92,13,63.88,64.34,62.28,57.68,50.52,6.17,39.16,18.54,36.13
2025-09-18,r2000,1925,1627,261,732,129,226,11,488,92,700,163,83,4,65.9,72.77,71.56,66.01,60.39,4.65,41.21,24.8,29.34
2025-09-18,scan,142,114,27,54,15,26,3,73,0,85,0,7,0,87.32,100.0,100.0,100.0,94.37,0.0,100.0,0.0,0.0
2025-09-18,sp500,500,323,175,132,91,18,6,60,7,69,17,32,4,52.2,58.2,59.2,65.53,50.0,6.61,49.5,16.03,27.86
2025-09-19,all,4214,1354,2721,936,2094,222,251,1085,379,1439,487,93,34,54.56,62.5,61.26,58.31,52.92,5.92,40.08,18.23,35.77
2025-09-19,nasdaq,3060,1062,1880,680,1320,194,188,873,351,1144,430,62,21,57.32,62.2,60.14,56.31,50.98,6.13,39.2,17.1,37.57
2025-09-19,r2000,1925,403,1481,338,1337,86,158,499,90,707,143,40,17,51.3,66.86,66.4,63.03,59.38,4.92,40.78,22.23,32.07
2025-09-19,scan,135,61,72,54,64,9,3,77,1,88,0,3,0,91.11,99.26,100.0,100.0,96.3,0.0,100.0,0.0,0.0
2025-09-19,sp500,500,224,274,219,268,6,6,72,6,79,15,18,6,49.4,57.0,59.6,65.73,50.4,6.21,49.3,16.43,28.06
2025-09-22,all,4217,2204,1871,918,671,168,45,1076,364,1305,523,124,26,55.44,63.05,61.14,59.26,52.78,5.59,39.94,19.33,35.13
2025-09-22,nasdaq,3063,1651,1295,673,436,151,38,876,339,1056,459,84,14,58.6,63.72,60.9,57.39,51.84,5.71,39.22,18.18,36.89
2025-09-22,r2000,1926,1035,840,438,325,51,14,492,75,635,158,57,8,52.14,67.02,66.25,64.05,58.02,4.76,40.41,23.62,31.21
2025-09-22,scan,134,84,49,30,15,5,0,75,0,80,0,4,0,86.57,100.0,100.0,100.0,94.78,0.0,100.0,0.0,0.0
2025-09-22,sp500,500,251,247,118,101,4,1,66,6,60,16,15,10,49.2,56.8,57.4,66.13,49.0,5.21,48.9,17.23,28.66
2025-09-23,all,4218,1614,2445,638,713,147,118,1077,370,1277,529,76,32,52.24,62.05,60.46,58.66,52.21,5.7,39.69,18.98,35.64
2025-09-23,nasdaq,3064,1073,1862,426,514,112,104,876,343,1040,471,41,22,54.42,62.04,59.72,56.34,51.36,5.99,38.76,17.58,37.67
2025-09-23,r2000,1927,721,1149,290,363,72,48,498,83,606,157,32,14,47.26,64.45,64.52,63.46,56.55,4.65,40.19,23.25,31.91
2025-09-23,scan,144,54,88,26,29,8,9,81,0,83,1,6,0,88.19,100.0,100.0,100.0,97.22,0.0,100.0,0.0,0.0
2025-09-23,sp500,500,272,225,101,82,7,5,66,6,62,12,21,7,52.8,60.4,60.2,66.13,50.4,5.41,48.9,17.23,28.46
2025-09-24,all,4218,1772,2297,571,636,197,108,1047,366,1267,500,40,36,50.68,60.3,58.68,58.38,52.05,5.92,39.39,19.0,35.69
2025-09-24,nasdaq,3064,1335,1595,408,429,174,88,858,335,1041,445,26,25,53.25,60.84,58.5,56.3,51.94,6.13,38.76,17.55,37.56
2025-09-24,r2000,1927,744,1140,250,310,89,54,470,86,587,139,19,16,45.44,61.8,62.21,62.82,55.35,4.92,39.39,23.41,32.28
2025-09-24,scan,146,51,95,20,31,7,4,92,0,82,1,2,0,89.73,99.32,100.0,100.0,98.63,0.0,100.0,0.0,0.0
2025-09-24,sp500,500,212,285,75,95,7,8,63,7,62,13,9,4,48.8,57.6,56.4,65.93,50.0,6.01,47.9,18.04,28.06
2025-09-25,all,4218,1020,3056,400,798,97,179,924,415,1183,501,32,62,43.1,54.72,54.53,56.37,50.2,6.35,38.94,17.46,37.25
2025-09-25,nasdaq,3064,748,2189,304,528,86,148,772,375,993,440,21,42,45.83,55.83,54.72,54.39,50.51,6.55,38.27,16.14,39.04
2025-09-25,r2000,1927,452,1421,177,369,36,84,415,107,531,138,17,32,38.46,56.01,56.81,60.76,52.36,5.24,38.91,21.86,33.99
2025-09-25,scan,142,49,92,20,26,5,3,86,0,88,0,1,0,88.03,100.0,100.0,100.0,97.18,0.0,100.0,0.0,0.0
2025-09-25,sp500,500,121,378,43,133,2,11,48,10,54,16,6,11,41.2,49.8,52.2,64.13,47.8,6.61,47.7,16.43,29.26
2025-09-26,all,4219,2652,1400,656,341,192,52,985,385,1216,454,75,20,48.3,57.65,57.32,57.66,49.4,5.82,39.13,18.57,36.48
2025-09-26,nasdaq,3065,1756,1159,435,281,172,51,807,350,1007,413,41,19,49.7,57.61,56.86,55.39,49.6,6.13,38.32,17.08,38.46
2025-09-26,r2000,1928,1340,549,335,147,95,13,459,89,559,106,35,5,44.76,59.23,60.06,62.63,50.73,4.65,39.12,23.52,32.71
2025-09-26,scan,145,93,51,16,10,13,2,84,0,86,0,5,0,90.34,100.0,100.0,100.0,95.86,0.0,100.0,0.0,0.0
2025-09-26,sp500,500,425,74,95,18,3,0,53,8,59,14,23,1,53.6,57.4,58.0,66.33,47.8,5.81,47.9,18.44,27.86
2025-09-29,all,4221,1910,2165,733,663,215,98,933,409,1223,440,91,35,47.19,55.07,55.56,57.48,48.26,5.72,39.3,18.22,36.76
2025-09-29,nasdaq,3067,1402,1540,539,443,197,81,786,369,1015,404,61,31,48.83,55.52,54.95,55.25,48.36,6.02,38.64,16.63,38.71
2025-09-29,r2000,1928,726,1144,299,378,74,47,415,101,534,99,36,14,41.38,53.16,56.24,61.67,48.53,4.81,38.96,22.72,33.51
2025-09-29,scan,137,81,53,22,14,8,3,80,0,78,0,2,0,88.32,100.0,100.0,100.0,97.08,0.0,100.0,0.0,0.0
2025-09-29,sp500,500,310,190,121,66,12,2,48,8,67,12,26,1,55.4,58.4,58.0,67.33,48.6,5.61,48.3,19.04,27.05
2025-09-30,all,4222,1997,2057,771,718,152,141,948,411,1029,502,97,26,46.43,54.5,55.01,57.26,47.56,5.62,39.52,17.76,37.1
2025-09-30,nasdaq,3067,1362,1555,500,501,128,125,805,372,878,454,48,24,46.54,54.49,54.29,54.69,47.63,6.09,38.59,16.09,39.23
2025-09-30,r2000,1929,944,932,381,342,59,59,428,101,430,138,29,4,41.48,52.12,55.45,61.56,46.91,4.7,39.18,22.39,33.73
2025-09-30,scan,132,75,57,26,14,5,0,74,0,59,0,5,0,91.67,100.0,100.0,100.0,96.21,0.0,100.0,0.0,0.0
2025-09-30,sp500,500,305,194,125,113,13,5,47,8,48,12,42,0,59.2,60.2,60.4,68.34,49.8,4.61,49.7,18.64,27.05
2025-10-01,all,4224,2036,2030,745,716,269,119,963,413,971,575,92,39,47.49,53.74,54.88,57.47,46.68,5.54,39.49,18.06,36.92
2025-10-01,nasdaq,3069,1474,1461,515,500,222,96,809,378,831,493,57,27,47.93,53.75,54.24,54.84,46.59,6.05,38.68,16.23,39.04
2025-10-01,r2000,1930,896,984,375,317,105,58,430,101,375,201,40,17,42.83,50.44,54.24,61.19,44.92,4.76,39.12,22.07,34.05
2025-10-01,scan,122,80,42,32,16,15,0,65,0,43,0,2,0,88.52,98.36,100.0,100.0,96.72,0.0,100.0,0.0,0.0
2025-10-01,sp500,500,218,281,92,144,37,7,52,10,58,20,22,5,56.8,58.2,58.8,68.94,50.6,4.61,49.1,19.84,26.45
2025-10-02,all,4226,2183,1870,692,514,232,64,944,404,1045,485,93,20,48.81,53.67,55.18,57.3,46.04,5.56,39.52,17.82,37.1
2025-10-02,nasdaq,3071,1617,1306,518,352,204,54,808,367,891,431,65,12,49.85,54.47,54.75,54.86,45.95,5.94,38.87,16.0,39.18
2025-10-02,r2000,1931,928,946,305,258,100,26,415,97,419,147,39,5,42.63,48.46,53.77,60.57,43.19,5.02,38.7,21.91,34.37
2025-10-02,scan,133,86,47,25,15,17,3,68,1,69,0,7,0,86.47,99.25,100.0,100.0,96.99,0.0,100.0,0.0,0.0
2025-10-02,sp500,500,274,222,74,82,3,4,49,10,62,15,23,7,57.2,57.2,58.8,68.34,51.2,4.81,49.5,18.84,26.85
2025-10-03,all,4228,2520,1556,838,471,283,94,915,395,1124,437,105,4,52.69,56.04,58.21,58.79,46.7,5.31,39.64,19.15,35.89
2025-10-03,nasdaq,3073,1776,1164,592,345,230,84,793,358,955,388,75,2,53.1,56.38,57.87,56.23,46.63,5.66,39.08,17.16,38.09
2025-10-03,r2000,1932,1254,633,409,222,142,34,392,97,457,127,45,1,47.63,52.17,56.91,62.33,43.77,4.65,38.7,23.62,33.03
2025-10-03,scan,137,67,68,18,18,9,3,74,1,68,1,5,0,89.05,98.54,100.0,100.0,97.08,0.0,100.0,0.0,0.0
2025-10-03,sp500,500,319,179,92,43,3,5,42,8,63,13,21,1,61.8,60.8,62.2,69.14,52.2,4.81,49.7,19.44,26.05
2025-10-06,all,4230,2088,2010,888,671,288,119,896,424,1134,463,133,34,52.18,56.17,58.21,58.29,46.97,5.74,39.37,18.93,35.97
2025-10-06,nasdaq,3075,1612,1348,698,431,260,90,782,384,967,407,96,21,54.46,58.37,59.26,56.16,47.39,5.91,39.01,17.16,37.92
2025-10-06,r2000,1932,885,1014,411,367,110,58,374,113,451,154,52,18,45.86,50.94,55.6,61.53,43.3,5.29,38.11,23.41,33.19
2025-10-06,scan,135,84,51,26,11,11,1,66,1,70,0,5,0,90.37,99.26,100.0,100.0,97.04,0.0,100.0,0.0,0.0
2025-10-06,sp500,500,243,257,81,87,4,7,39,8,66,14,25,5,57.0,57.8,60.2,67.94,53.0,5.41,49.1,18.84,26.65
2025-10-07,all,4231,1241,2858,567,928,159,221,895,420,1145,483,51,51,47.01,51.39,54.5,56.81,46.39,5.89,39.34,17.49,37.28
2025-10-07,nasdaq,3076,890,2079,413,637,150,175,781,375,994,404,31,34,49.51,53.33,55.89,54.83,47.29,6.3,38.73,16.14,38.83
2025-10-07,r2000,1932,492,1399,248,508,44,107,374,114,437,180,17,29,39.86,44.89,50.52,59.02,41.94,5.45,38.16,20.84,35.54
2025-10-07,scan,142,37,105,12,27,3,10,79,1,88,0,1,0,86.62,99.3,100.0,100.0,97.89,0.0,100.0,0.0,0.0
2025-10-07,sp500,500,198,300,63,78,2,11,42,8,62,17,14,2,52.8,55.4,57.6,67.94,53.4,5.21,49.1,18.84,26.85
2025-10-08,all,4231,2563,1531,816,444,310,48,901,398,1242,426,98,27,51.09,53.94,57.47,58.29,47.1,5.54,39.74,18.63,36.09
2025-10-08,nasdaq,3076,1860,1102,640,322,275,37,782,356,1068,369,66,19,53.11,56.46,59.58,56.49,48.35,5.91,39.25,17.34,37.5
2025-10-08,r2000,1932,1231,646,347,178,136,23,371,105,471,147,40,15,46.07,47.91,53.53,60.94,42.8,5.02,38.48,22.45,34.05
2025-10-08,scan,130,94,36,19,12,7,2,72,0,84,0,6,0,86.15,100.0,100.0,100.0,98.46,0.0,100.0,0.0,0.0
2025-10-08,sp500,500,269,229,83,67,15,1,49,9,71,14,20,1,53.8,55.2,57.6,67.33,52.6,5.61,49.5,17.84,27.05
2025-10-09,all,4233,1326,2764,535,726,190,141,848,436,1179,465,67,49,45.58,50.11,53.16,56.51,46.34,6.37,39.29,17.27,37.08
2025-10-09,nasdaq,3078,1093,1859,445,473,174,101,743,390,1022,399,51,30,48.94,53.72,56.33,55.4,48.2,6.54,38.76,16.71,37.99
2025-10-09,r2000,1933,508,1381,233,373,85,67,346,114,441,171,27,30,39.09,43.09,48.06,58.0,41.37,6.47,37.63,20.31,35.6
2025-10-09,scan,116,39,77,19,11,7,2,60,1,74,0,2,0,87.07,99.14,100.0,100.0,98.28,0.0,100.0,0.0,0.0
2025-10-09,sp500,500,122,377,34,84,5,6,42,8,64,13,7,4,46.2,49.8,52.4,65.93,50.4,5.61,49.9,16.03,28.46
2025-10-10,all,4236,455,3704,254,1672,57,888,705,543,824,850,23,123,29.96,38.11,40.87,50.28,42.37,8.88,37.21,13.06,40.86
2025-10-10,nasdaq,3080,329,2682,186,1178,52,685,631,470,737,656,18,77,33.12,41.72,44.0,49.63,44.8,8.65,36.66,12.97,41.72
2025-10-10,r2000,1934,154,1763,92,866,19,432,286,162,295,400,7,73,25.1,31.87,35.96,50.69,37.17,9.3,35.54,15.13,40.03
2025-10-10,scan,88,9,79,5,30,0,21,46,0,56,0,1,0,90.91,100.0,100.0,100.0,98.86,0.0,100.0,0.0,0.0
2025-10-10,sp500,500,78,422,41,204,0,93,26,12,37,35,4,9,29.2,36.6,39.2,58.72,44.6,9.22,47.49,11.22,32.06
2025-10-13,all,4237,3031,1090,870,313,227,51,805,496,934,704,55,47,36.4,42.43,45.74,53.42,40.69,7.35,38.64,14.82,39.19
2025-10-13,nasdaq,3081,2124,849,618,243,183,46,705,442,820,567,41,35,38.71,45.64,48.41,52.35,43.16,7.21,38.0,14.38,40.42
2025-10-13,r2000,1934,1509,395,444,119,110,18,345,131,350,298,31,21,32.43,37.56,41.66,54.8,36.28,7.43,37.25,17.58,37.73
2025-10-13,scan,122,105,16,21,6,7,1,66,1,73,0,1,0,81.97,100.0,100.0,100.0,96.72,0.0,100.0,0.0,0.0
2025-10-13,sp500,500,357,140,92,47,10,4,33,11,52,27,1,6,36.6,40.0,44.6,62.73,41.4,7.41,49.5,13.23,29.86
2025-10-14,all,4237,2798,1305,992,366,325,77,834,470,954,641,89,12,43.67,46.91,50.07,56.32,41.38,6.31,39.59,16.74,37.36
2025-10-14,nasdaq,3081,1904,1056,663,285,247,71,722,424,832,530,53,11,45.15,49.51,52.05,54.72,43.96,6.29,38.73,15.98,39.01
2025-10-14,r2000,1934,1424,478,529,149,174,29,365,123,362,256,49,3,42.75,43.19,48.14,58.91,37.53,6.25,38.54,20.42,34.79
2025-10-14,scan,142,101,41,38,7,20,3,69,1,68,0,2,0,83.8,97.89,100.0,100.0,93.66,0.0,100.0,0.0,0.0
2025-10-14,sp500,500,381,118,136,32,12,3,36,8,47,17,15,0,43.8,48.2,51.0,66.13,41.2,6.21,50.7,15.43,27.66
2025-10-15,all,4238,2222,1847,827,588,358,116,950,429,992,656,116,19,45.51,48.02,50.59,56.55,41.54,6.36,39.88,16.69,37.07
2025-10-15,nasdaq,3082,1614,1327,599,398,314,98,806,388,873,521,77,14,46.76,50.87,52.79,54.96,43.94,6.21,38.93,16.08,38.79
2025-10-15,r2000,1934,1081,797,412,272,181,38,433,107,385,276,61,6,45.56,44.47,48.09,59.28,38.16,6.04,38.91,20.36,34.69
2025-10-15,scan,152,116,36,45,20,26,4,90,1,77,0,8,0,80.26,99.34,100.0,100.0,92.76,0.0,100.0,0.0,0.0
2025-10-15,sp500,500,251,246,97,94,13,7,47,6,56,20,22,2,44.0,47.2,51.0,64.53,41.6,7.62,49.7,14.83,27.86
2025-10-16,all,4239,953,3167,429,1165,103,391,848,486,896,794,37,58,36.92,40.75,43.51,52.56,39.58,8.44,38.99,13.52,39.05
2025-10-16,nasdaq,3083,725,2260,326,804,94,309,721,436,790,628,30,36,38.88,43.85,46.06,51.22,42.03,8.07,38.04,13.09,40.81
2025-10-16,r2000,1934,377,1512,172,608,35,207,386,123,342,346,14,24,35.25,37.17,40.57,54.19,36.4,8.55,38.27,15.87,37.31
2025-10-16,scan,153,51,102,19,34,5,4,84,1,81,0,3,0,84.31,99.35,100.0,100.0,97.39,0.0,100.0,0.0,0.0
2025-10-16,sp500,500,132,367,68,158,10,23,45,8,48,31,6,10,35.8,39.2,42.0,60.92,39.0,10.62,48.1,12.83,28.46
2025-10-17,all,4241,1736,2367,592,636,84,149,788,526,846,798,17,49,34.73,38.93,41.86,52.72,37.7,7.96,39.35,13.31,39.38
2025-10-17,nasdaq,3085,1122,1845,380,469,76,122,679,471,746,631,11,41,35.57,40.97,43.52,51.06,39.86,7.89,38.25,12.73,41.13
2025-10-17,r2000,1934,801,1085,290,322,29,75,354,138,326,344,6,16,32.28,35.56,38.9,54.08,34.88,7.96,38.51,15.49,38.03
2025-10-17,scan,153,62,91,16,23,6,5,83,0,83,0,2,0,80.39,98.04,100.0,100.0,96.08,0.0,100.0,0.0,0.0
2025-10-17,sp500,500,354,145,137,50,3,4,37,10,53,24,5,0,42.4,43.0,46.4,63.13,38.2,9.62,49.5,13.63,27.25
2025-10-20,all,4243,3256,875,780,228,368,52,876,490,1003,636,64,19,46.25,45.73,47.71,56.18,38.07,6.55,40.81,15.39,37.25
2025-10-20,nasdaq,3087,2292,695,561,182,327,49,745,442,871,522,40,16,46.38,47.55,49.24,54.52,40.08,6.52,39.7,14.86,38.93
2025-10-20,r2000,1934,1631,279,398,84,202,19,405,117,399,246,35,4,47.64,43.38,45.3,58.85,35.8,6.36,40.28,18.54,34.83
2025-10-20,scan,185,154,30,43,5,30,1,99,1,111,0,8,0,89.73,100.0,100.0,100.0,92.97,0.0,100.0,0.0,0.0
2025-10-20,sp500,500,409,87,110,23,9,3,42,8,66,14,12,1,54.8,51.0,54.0,65.93,39.4,7.21,51.5,14.43,26.85
2025-10-21,all,4245,2084,2025,575,458,159,152,858,490,980,569,33,14,48.34,46.85,48.92,56.78,38.62,6.4,40.99,15.81,36.8
2025-10-21,nasdaq,3089,1406,1565,378,326,126,134,721,439,842,481,18,13,47.13,47.78,49.9,55.39,40.38,6.27,39.77,15.66,38.3
2025-10-21,r2000,1934,1071,813,282,218,75,60,403,110,391,204,15,3,51.63,46.38,48.64,59.49,36.69,6.3,40.6,18.86,34.24
2025-10-21,scan,170,56,114,10,31,4,8,97,1,95,0,4,0,84.12,98.82,100.0,100.0,97.65,0.0,100.0,0.0,0.0
2025-10-21,sp500,500,294,204,94,53,14,1,49,7,63,8,10,0,60.6,55.2,55.6,67.54,41.8,6.81,52.1,15.43,25.65
2025-10-22,all,4247,1338,2781,508,846,80,408,751,560,860,647,31,45,41.91,42.72,44.98,55.83,37.57,6.8,40.84,15.0,37.36
2025-10-22,nasdaq,3091,836,2149,324,621,58,358,639,504,747,532,17,40,39.74,42.9,45.09,53.82,38.89,6.9,39.39,14.46,39.25
2025-10-22,r2000,1934,768,1118,281,384,39,183,360,133,347,244,19,9,48.91,44.82,46.97,59.97,36.48,5.98,41.03,18.91,34.08
2025-10-22,scan,144,49,94,15,35,5,16,88,0,71,0,2,0,85.42,99.31,100.0,100.0,95.14,0.0,100.0,0.0,0.0
2025-10-22,sp500,500,189,309,82,120,3,16,40,10,50,12,5,2,50.8,50.4,52.0,67.54,41.2,7.41,52.3,15.23,25.05
2025-10-23,all,4250,2580,1508,616,421,214,72,737,588,908,640,51,23,46.7,46.39,47.43,56.56,37.47,6.62,41.22,15.37,36.79
2025-10-23,nasdaq,3094,1870,1082,400,287,160,55,632,527,785,520,29,18,43.59,46.32,47.4,54.54,38.44,6.83,39.62,14.95,38.61
2025-10-23,r2000,1934,1171,717,319,212,109,31,339,151,360,243,32,7,53.37,48.15,48.77,60.18,37.19,5.87,41.54,18.63,33.96
2025-10-23,scan,177,143,32,29,10,20,0,99,2,91,0,3,0,81.36,99.44,100.0,100.0,94.92,0.0,100.0,0.0,0.0
2025-10-23,sp500,500,290,209,95,73,14,9,35,9,55,12,6,2,57.4,54.8,53.8,68.34,42.0,7.62,52.91,15.43,24.05
2025-10-24,all,4250,2655,1449,603,330,287,56,821,539,965,617,86,13,53.15,49.96,50.88,57.79,38.35,6.07,41.69,16.17,36.07
2025-10-24,nasdaq,3094,1937,1035,440,220,245,43,689,482,823,508,46,10,50.28,49.9,51.07,56.01,39.35,5.91,40.34,15.75,38.0
2025-10-24,r2000,1934,1326,564,307,139,131,27,392,138,389,233,45,6,63.61,53.1,53.47,62.31,38.29,5.18,42.34,19.97,32.51
2025-10-24,scan,196,150,45,43,10,29,1,114,2,110,1,6,0,84.69,99.49,100.0,100.0,93.37,0.0,100.0,0.0,0.0
2025-10-24,sp500,500,265,232,62,66,16,3,43,8,67,11,22,2,58.6,56.2,54.2,66.53,43.2,8.82,51.7,14.83,24.65
2025-10-27,all,4250,1952,2143,678,597,213,126,797,532,937,634,78,24,53.27,49.38,50.48,57.81,38.8,6.27,42.12,15.74,35.87
2025-10-27,nasdaq,3094,1406,1565,475,406,200,101,675,474,788,533,53,18,50.83,49.39,50.71,55.96,39.58,6.37,40.55,15.47,37.61
2025-10-27,r2000,1934,802,1080,301,303,85,58,377,138,397,225,23,7,60.93,51.43,52.16,62.42,39.18,5.39,42.87,19.54,32.19
2025-10-27,scan,195,124,70,37,19,17,5,114,1,107,0,5,0,88.21,99.49,100.0,100.0,92.31,0.0,100.0,0.0,0.0
2025-10-27,sp500,500,327,171,131,77,8,2,38,6,69,7,26,1,63.6,58.2,58.2,66.53,44.0,8.62,52.91,13.63,24.85
2025-10-28,all,4252,1428,2680,484,703,123,156,782,537,920,686,58,57,47.59,46.26,47.39,56.53,38.36,7.32,41.69,14.89,36.1
2025-10-28,nasdaq,3095,1086,1886,343,455,107,125,665,478,781,575,39,38,46.21,46.87,48.29,54.88,39.04,7.1,40.17,14.77,37.96
2025-10-28,r2000,1935,692,1195,253,315,42,60,363,139,400,222,27,18,54.89,48.98,49.09,61.3,39.28,6.3,42.71,18.58,32.41
2025-10-28,scan,199,79,117,24,31,9,8,118,1,107,0,3,0,86.43,100.0,100.0,100.0,93.47,0.0,100.0,0.0,0.0
2025-10-28,sp500,501,107,393,54,147,9,16,43,7,63,15,8,10,51.0,49.4,49.4,63.73,43.2,11.82,51.3,12.42,24.45
2025-10-29,all,4252,1065,3079,480,1299,153,353,819,549,787,969,71,130,37.37,38.89,40.81,52.46,36.68,9.65,40.05,12.48,37.82
2025-10-29,nasdaq,3095,818,2182,330,800,128,251,697,479,675,762,43,79,37.52,40.26,42.42,51.35,37.51,9.13,38.72,12.73,39.42
2025-10-29,r2000,1935,397,1511,221,732,66,203,386,158,332,382,24,53,40.27,39.13,40.25,55.97,37.38,8.97,41.32,14.68,35.02
2025-10-29,scan,180,98,82,46,30,16,3,112,0,97,0,7,0,85.0,100.0,100.0,100.0,96.11,0.0,100.0,0.0,0.0
2025-10-29,sp500,501,132,368,85,247,12,36,47,11,57,49,28,35,38.0,42.8,43.4,57.72,40.6,16.83,48.1,9.62,25.45
2025-10-30,all,4252,1483,2638,633,850,137,236,816,563,783,966,43,128,33.5,36.0,37.68,51.99,34.41,10.12,39.89,12.17,37.82
2025-10-30,nasdaq,3095,1047,1936,411,523,111,178,692,490,667,768,29,84,33.33,36.67,38.75,51.02,35.26,9.54,38.68,12.44,39.34
2025-10-30,r2000,1935,680,1218,327,472,61,119,389,158,329,369,18,58,35.61,35.7,36.55,55.12,34.93,9.87,40.93,14.19,35.01
2025-10-30,scan,174,59,115,24,33,8,3,104,0,98,0,3,0,86.78,100.0,100.0,100.0,98.85,0.0,100.0,0.0,0.0
2025-10-30,sp500,501,227,272,124,144,13,24,38,13,63,45,11,16,36.2,41.8,42.8,57.72,38.6,16.63,48.5,9.22,25.65
2025-10-31,all,4253,2398,1717,884,689,233,97,863,510,788,944,43,55,36.87,38.31,39.53,52.48,33.18,9.81,40.21,12.37,37.61
2025-10-31,nasdaq,3096,1738,1237,545,405,200,78,735,452,675,757,29,45,36.44,39.06,40.78,51.68,34.2,9.19,39.05,12.75,39.02
2025-10-31,r2000,1935,1137,763,494,366,112,52,408,133,329,353,21,16,39.54,38.46,39.05,55.46,33.16,9.5,41.41,14.09,35.01
2025-10-31,scan,177,107,70,34,31,19,6,109,0,91,1,2,0,85.88,98.31,100.0,100.0,96.61,0.0,100.0,0.0,0.0
2025-10-31,sp500,501,268,229,146,158,11,7,44,9,63,42,8,5,41.0,44.2,42.4,57.92,38.4,16.63,48.5,9.42,25.45
2025-11-03,all,4254,1587,2530,792,932,125,297,886,494,711,1002,41,91,35.69,35.55,37.29,50.88,32.25,10.62,39.31,11.67,38.41
2025-11-03,nasdaq,3097,1083,1895,483,578,105,267,750,440,604,811,34,67,34.88,36.01,38.31,49.98,33.11,10.09,38.0,12.09,39.82
2025-11-03,r2000,1935,862,1024,482,462,51,130,421,125,315,350,13,24,40.17,37.26,37.59,54.4,32.06,10.35,40.61,13.82,35.22
2025-11-03,scan,176,89,86,42,32,7,9,114,0,81,0,2,0,88.64,99.43,100.0,100.0,97.16,0.0,100.0,0.0,0.0
2025-11-03,sp500,501,189,310,113,194,10,4,50,8,57,46,8,12,37.8,39.4,40.4,57.11,38.6,16.03,49.1,8.02,26.85
2025-11-04,all,4255,1067,3088,563,1186,86,477,721,585,615,1119,25,148,29.44,30.31,31.88,48.62,29.59,11.31,38.44,10.24,40.02
2025-11-04,nasdaq,3098,661,2354,305,803,67,401,608,526,522,919,15,127,28.01,29.82,31.91,46.79,29.94,11.24,36.79,10.05,41.92
2025-11-04,r2000,1935,530,1366,308,642,43,220,341,149,269,389,12,31,32.9,31.63,32.67,52.74,29.6,10.46,40.39,12.38,36.77
2025-11-04,scan,127,24,102,16,49,4,10,70,0,64,0,1,0,87.4,98.43,100.0,100.0,98.43,0.0,100.0,0.0,0.0
2025-11-04,sp500,501,215,285,146,167,7,32,42,10,55,53,7,7,35.4,39.4,40.4,57.72,36.8,16.23,48.3,9.42,26.05
2025-11-05,all,4257,2675,1420,1013,571,257,136,754,568,575,1176,50,68,35.69,35.43,36.09,50.52,28.3,10.23,38.8,11.78,39.18
2025-11-05,nasdaq,3099,1903,1058,644,354,190,106,635,517,479,975,30,52,33.64,34.45,35.51,48.75,28.29,10.08,37.23,11.58,41.1
2025-11-05,r2000,1936,1337,550,613,291,152,75,357,133,247,427,19,24,42.86,39.98,40.13,55.99,28.82,8.8,41.36,14.67,35.17
2025-11-05,scan,138,109,27,39,15,20,1,78,0,51,0,1,0,91.3,97.83,100.0,100.0,97.83,0.0,100.0,0.0,0.0
2025-11-05,sp500,501,311,186,157,115,20,8,44,11,52,52,15,5,40.6,41.8,41.6,56.91,35.6,16.23,47.7,9.22,26.85
2025-11-06,all,4258,1001,3131,495,1117,144,455,703,615,562,1316,36,179,30.54,30.53,31.9,47.69,26.66,11.65,37.13,10.6,40.61
2025-11-06,nasdaq,3100,669,2318,302,737,99,372,589,553,458,1098,21,138,28.27,28.83,30.76,45.84,26.26,11.37,35.63,10.25,42.75
2025-11-06,r2000,1936,433,1471,260,661,84,246,327,167,256,484,18,71,35.16,33.78,34.86,52.64,27.36,10.83,39.22,13.45,36.5
2025-11-06,scan,134,54,80,27,34,5,6,72,0,49,0,2,0,91.79,97.76,100.0,100.0,97.76,0.0,100.0,0.0,0.0
2025-11-06,sp500,501,163,338,93,163,10,15,49,10,47,56,6,12,38.8,39.4,39.8,54.71,34.2,17.23,46.09,8.62,28.06
2025-11-07,all,4261,2317,1781,958,707,225,174,723,618,530,1326,47,113,33.0,33.17,33.67,49.12,25.83,10.68,37.9,11.28,40.15
2025-11-07,nasdaq,3102,1549,1408,577,495,178,146,599,553,424,1122,21,96,29.37,30.7,31.98,46.73,25.05,10.74,36.14,10.63,42.49
2025-11-07,r2000,1938,1130,752,544,403,114,94,344,166,241,474,31,41,38.52,37.68,37.05,54.71,26.89,9.66,40.45,14.3,35.59
2025-11-07,scan,144,78,64,33,29,14,3,82,0,58,0,6,0,88.89,98.61,100.0,100.0,97.22,0.0,100.0,0.0,0.0
2025-11-07,sp500,501,387,113,199,58,13,6,53,9,53,49,9,1,45.0,44.8,45.2,57.92,34.8,15.43,47.7,10.22,26.65
2025-11-10,all,4261,2594,1499,882,557,234,101,758,602,581,1212,97,63,37.73,36.25,36.8,49.96,26.3,10.07,38.05,11.98,39.9
2025-11-10,nasdaq,3102,1891,1060,593,351,198,81,629,541,471,1024,57,45,34.3,33.38,34.92,48.08,25.14,9.79,36.46,11.68,42.07
2025-11-10,r2000,1938,1208,690,505,309,112,49,365,158,267,435,44,32,43.49,41.68,40.96,55.25,27.88,9.39,40.39,14.89,35.33
2025-11-10,scan,152,128,24,44,14,26,1,83,0,65,0,6,0,91.45,100.0,100.0,100.0,94.74,0.0,100.0,0.0,0.0
2025-11-10,sp500,501,322,177,116,82,6,5,53,9,60,45,26,3,50.0,47.6,47.6,58.32,35.6,15.03,47.49,10.82,26.65
2025-11-11,all,4261,2362,1742,712,419,226,102,771,568,639,1212,78,60,41.83,39.26,38.88,51.48,27.25,9.02,38.8,12.72,39.45
2025-11-11,nasdaq,3102,1586,1379,467,298,188,90,636,516,507,1034,46,43,37.59,35.96,36.27,48.98,25.63,9.27,36.95,12.06,41.72
2025-11-11,r2000,1938,1194,698,427,223,118,35,375,143,302,431,45,23,48.91,45.56,43.82,57.17,29.03,8.06,41.36,15.85,34.74
2025-11-11,scan,155,93,61,27,14,15,0,87,0,69,0,7,0,87.1,100.0,100.0,100.0,93.55,0.0,100.0,0.0,0.0
2025-11-11,sp500,501,338,162,87,42,9,3,53,8,71,35,9,2,56.0,51.2,51.2,61.12,39.2,12.63,48.9,12.22,26.25
2025-11-12,all,4262,1983,2115,702,655,186,162,713,622,681,1117,70,50,42.77,39.75,39.18,51.33,28.34,8.85,38.61,12.77,39.78
2025-11-12,nasdaq,3103,1423,1543,463,433,162,146,604,560,540,958,40,39,38.67,36.54,36.78,48.84,26.64,8.88,36.68,12.19,42.25
2025-11-12,r2000,1938,887,998,384,369,79,65,324,167,321,379,34,18,50.16,45.82,43.82,57.17,30.95,7.9,41.14,16.06,34.9
2025-11-12,scan,147,78,69,23,22,4,6,66,0,68,0,2,0,91.84,100.0,100.0,100.0,99.32,0.0,100.0,0.0,0.0
2025-11-12,sp500,501,296,202,103,70,6,2,50,9,76,33,13,1,57.0,53.6,53.4,60.92,40.2,13.03,49.3,11.62,26.05
2025-11-13,all,4262,904,3235,427,1120,67,547,584,739,533,1305,19,146,35.02,34.08,34.17,48.62,28.0,9.79,37.7,10.97,41.54
2025-11-13,nasdaq,3103,625,2371,267,771,58,463,498,653,439,1109,13,120,31.32,31.18,31.88,45.94,26.11,9.99,35.62,10.34,44.05
2025-11-13,r2000,1938,432,1472,226,582,28,232,257,218,240,464,10,47,41.31,40.08,38.67,54.42,31.42,8.96,40.27,14.19,36.59
2025-11-13,scan,113,16,96,9,41,0,12,52,0,46,0,1,0,97.35,100.0,100.0,100.0,100.0,0.0,100.0,0.0,0.0
2025-11-13,sp500,501,128,371,73,173,3,37,36,11,48,43,5,3,47.4,45.0,45.8,59.92,39.0,12.83,49.7,10.22,27.25
2025-11-14,all,4262,1696,2390,575,707,135,135,598,730,520,1360,26,130,34.02,33.57,33.33,48.34,27.76,9.87,37.56,10.81,41.76
2025-11-14,nasdaq,3103,1247,1708,403,456,122,113,505,650,421,1167,12,100,31.18,30.68,30.96,45.42,25.61,10.16,35.47,9.95,44.41
2025-11-14,r2000,1938,825,1057,310,348,66,55,273,208,248,464,17,44,40.54,40.11,38.04,53.94,31.94,9.12,40.16,13.81,36.91
2025-11-14,scan,115,63,51,20,13,8,1,60,0,45,1,1,0,89.57,100.0,100.0,100.0,96.52,0.0,100.0,0.0,0.0
2025-11-14,sp500,501,187,308,79,116,3,1,39,10,49,48,2,6,42.8,43.6,44.4,59.92,38.6,12.83,49.5,10.42,27.25
2025-11-17,all,4263,883,3269,382,1157,119,414,544,776,478,1481,27,253,24.84,27.6,27.88,44.64,26.5,11.68,35.61,9.01,43.7
2025-11-17,nasdaq,3104,736,2267,301,709,112,296,461,681,398,1237,20,186,23.78,26.04,26.67,42.31,24.67,11.82,33.66,8.59,45.93
2025-11-17,r2000,1938,302,1609,164,686,54,227,245,238,220,538,11,114,26.27,30.46,29.65,48.62,30.28,11.73,37.95,10.66,39.66
2025-11-17,scan,92,39,52,19,17,4,1,52,0,48,0,2,0,89.13,98.91,100.0,100.0,94.57,0.0,100.0,0.0,0.0
2025-11-17,sp500,501,99,402,49,167,0,26,35,14,39,64,5,8,32.0,37.4,37.8,55.71,37.8,13.83,47.29,8.42,30.46
2025-11-18,all,4264,2174,1913,694,649,140,97,550,795,467,1498,24,140,26.78,28.62,28.74,45.46,25.65,10.88,35.76,9.68,43.67
2025-11-18,nasdaq,3105,1525,1424,454,426,133,81,468,696,398,1244,18,103,25.89,27.25,27.69,43.28,23.75,11.16,33.76,9.46,45.62
2025-11-18,r2000,1938,1059,822,360,318,54,41,250,245,220,549,8,65,28.75,31.97,31.16,49.26,29.49,10.98,38.22,11.03,39.77
2025-11-18,scan,99,59,39,16,11,6,4,54,0,43,0,2,0,92.93,97.98,100.0,100.0,89.9,0.0,100.0,0.0,0.0
2025-11-18,sp500,501,247,254,114,131,2,8,34,13,33,62,5,6,33.0,37.4,38.6,56.51,36.6,12.02,47.29,9.22,31.46
2025-11-19,all,4265,1539,2588,485,710,108,187,578,801,445,1607,27,199,25.84,27.23,27.65,44.11,24.63,11.43,35.04,9.03,44.5
2025-11-19,nasdaq,3106,1127,1862,337,457,93,164,498,696,376,1334,21,158,25.5,26.13,26.92,41.84,23.08,11.68,33.0,8.76,46.56
2025-11-19,r2000,1939,704,1181,258,366,48,82,262,245,211,596,12,74,27.46,30.5,29.98,48.11,27.69,11.3,37.69,10.39,40.62
2025-11-19,scan,114,64,48,21,14,5,1,66,0,53,0,2,0,78.95,100.0,100.0,100.0,94.74,0.0,100.0,0.0,0.0
2025-11-19,sp500,501,203,294,71,118,7,3,33,16,31,67,4,12,30.4,35.2,36.6,55.31,34.8,12.83,46.29,9.02,31.86
2025-11-20,all,4266,1033,3099,447,1109,69,473,521,844,369,1773,6,262,22.05,24.12,24.41,42.03,23.17,12.35,33.61,8.36,45.68
2025-11-20,nasdaq,3107,735,2251,295,717,64,378,454,737,314,1452,6,216,21.69,23.25,23.73,39.88,21.97,12.76,31.49,8.27,47.48
2025-11-20,r2000,1939,519,1376,237,549,27,210,245,257,185,671,4,88,23.58,27.44,26.87,46.62,26.04,11.78,36.67,9.91,41.63
2025-11-20,scan,82,16,65,6,31,1,7,48,0,44,0,0,0,91.46,97.56,100.0,100.0,96.34,0.0,100.0,0.0,0.0
2025-11-20,sp500,501,148,352,73,190,2,45,25,20,23,83,0,12,28.2,30.4,32.2,52.3,31.8,14.03,44.09,8.22,33.67
2025-11-21,all,4266,3267,869,1586,290,552,53,551,795,422,1628,36,87,35.51,33.06,31.81,46.3,24.12,9.95,35.02,11.22,43.8
2025-11-21,nasdaq,3107,2239,749,947,218,380,47,472,713,352,1388,25,80,32.96,30.45,29.88,43.63,22.79,10.25,32.9,10.63,46.21
2025-11-21,r2000,1939,1684,230,929,89,364,16,263,215,216,559,22,12,43.05,40.69,38.57,52.68,28.12,8.74,38.49,14.13,38.65
2025-11-21,scan,115,104,11,41,6,21,1,61,0,59,0,4,0,86.96,100.0,100.0,100.0,95.65,0.0,100.0,0.0,0.0
2025-11-21,sp500,501,445,55,317,47,47,2,31,9,32,65,9,0,46.71,42.2,41.4,57.31,32.2,12.22,45.29,12.02,30.46
2025-11-24,all,4267,2615,1495,1088,696,304,62,550,857,494,1535,81,46,39.63,35.2,34.09,47.26,25.07,8.78,35.49,11.7,44.04
2025-11-24,nasdaq,3108,1946,1025,701,376,253,56,473,752,403,1311,60,40,37.06,32.84,32.0,44.76,23.57,9.03,33.31,11.32,46.34
2025-11-24,r2000,1939,1206,691,550,336,144,27,247,265,253,505,36,18,47.18,42.8,40.75,53.48,29.68,8.1,38.97,14.45,38.49
2025-11-24,scan,136,117,19,67,11,20,0,69,0,70,0,10,0,83.82,100.0,100.0,100.0,88.97,0.0,100.0,0.0,0.0
2025-11-24,sp500,501,266,233,222,207,18,4,37,18,44,62,20,1,48.7,43.6,43.2,57.31,33.4,10.82,45.49,11.82,31.86
2025-11-25,all,4267,3160,944,1108,255,303,40,585,778,552,1463,138,18,51.08,42.33,41.23,50.47,27.27,7.31,36.16,14.24,42.29
2025-11-25,nasdaq,3108,2152,808,679,206,211,39,492,700,426,1269,83,17,45.33,38.0,37.3,47.12,25.5,7.68,33.83,13.16,45.33
2025-11-25,r2000,1939,1609,292,692,91,179,13,272,215,300,462,81,4,62.84,52.77,51.06,58.23,33.04,6.18,39.82,18.34,35.66
2025-11-25,scan,148,114,34,38,15,10,1,69,0,64,0,10,0,85.14,99.32,100.0,100.0,90.54,0.0,100.0,0.0,0.0
2025-11-25,sp500,501,424,74,157,33,15,1,43,10,55,56,31,0,64.67,55.4,53.4,61.52,36.2,9.02,46.29,15.23,29.46
2025-11-26,all,4267,2665,1450,727,453,235,43,594,761,627,1409,102,13,56.57,45.46,43.95,51.6,29.78,6.78,36.37,15.13,41.71
2025-11-26,nasdaq,3108,1885,1090,474,308,216,39,501,685,471,1236,68,12,50.68,40.74,39.87,48.38,27.78,7.15,33.99,14.24,44.62
2025-11-26,r2000,1939,1198,692,442,299,78,14,275,204,349,431,54,2,67.96,55.43,53.35,59.34,36.78,5.65,40.03,19.24,35.07
2025-11-26,scan,158,115,42,23,13,10,0,76,0,79,0,8,0,89.24,100.0,100.0,100.0,91.14,0.0,100.0,0.0,0.0
2025-11-26,sp500,501,365,135,47,28,9,2,44,10,63,46,18,0,71.46,60.4,57.8,61.92,38.0,8.62,46.29,15.63,29.46
2025-11-28,all,4268,2615,1487,180,87,88,13,608,724,816,1150,54,6,62.18,48.01,46.12,52.39,31.87,5.98,36.84,15.45,41.72
2025-11-28,nasdaq,3109,1874,1087,146,70,79,13,514,648,609,1028,31,6,56.86,43.12,41.72,48.99,29.38,6.46,34.29,14.54,44.71
2025-11-28,r2000,1939,1109,774,64,27,26,1,276,203,457,333,28,1,71.83,58.23,55.45,60.21,39.04,4.85,40.72,19.4,35.02
2025-11-28,scan,170,110,58,2,3,3,0,78,0,108,0,2,0,94.12,100.0,100.0,100.0,94.12,0.0,100.0,0.0,0.0
2025-11-28,sp500,501,382,118,4,3,2,0,44,9,90,23,14,0,78.04,63.8,61.4,63.0,42.4,7.41,47.29,15.63,29.66
2025-12-01,all,4268,1284,2873,511,696,102,450,564,783,676,1293,41,28,55.49,45.17,43.29,50.84,33.31,6.53,36.39,14.32,42.76
2025-12-01,nasdaq,3109,889,2123,331,450,84,409,482,706,506,1142,26,28,50.19,40.38,39.16,47.46,30.35,6.87,33.96,13.32,45.86
2025-12-01,r2000,1939,666,1239,287,349,34,234,259,219,375,392,22,4,65.12,55.28,52.57,58.17,41.46,5.75,40.01,18.06,36.17
2025-12-01,scan,168,50,117,15,24,2,18,77,0,86,0,5,0,96.43,99.4,100.0,100.0,97.02,0.0,100.0,0.0,0.0
2025-12-01,sp500,501,135,366,57,115,3,10,38,11,77,35,9,0,68.46,57.4,54.2,61.6,43.2,8.42,46.49,15.03,30.06
2025-12-02,all,4268,1730,2360,527,659,137,150,552,781,594,1375,37,44,54.01,44.22,42.27,50.61,33.78,6.6,36.39,14.12,42.89
2025-12-02,nasdaq,3109,1255,1695,366,440,114,138,474,702,450,1206,30,44,49.5,39.63,38.74,47.13,30.94,7.01,33.71,13.28,45.99
2025-12-02,r2000,1939,812,1072,275,328,58,66,251,217,325,442,16,6,63.22,54.24,51.53,58.69,42.14,5.33,40.33,18.27,36.07
2025-12-02,scan,162,65,96,17,25,4,6,68,0,83,1,5,0,93.21,98.77,100.0,100.0,98.15,0.0,100.0,0.0,0.0
2025-12-02,sp500,501,218,282,81,108,13,3,38,11,68,33,8,0,65.47,55.6,53.0,60.0,42.6,9.42,46.89,13.03,30.66
2025-12-03,all,4268,3109,1013,1019,314,466,59,615,689,655,1328,99,32,63.53,49.82,47.18,53.63,35.49,5.65,37.24,16.31,40.8
2025-12-03,nasdaq,3109,2215,761,667,212,362,50,523,625,492,1184,64,29,59.35,44.9,43.05,50.31,32.57,5.93,34.76,15.44,43.88
2025-12-03,r2000,1939,1613,295,606,117,273,13,289,177,370,402,54,4,74.9,62.18,58.8,62.39,44.73,4.32,41.18,21.15,33.35
2025-12-03,scan,160,113,45,42,13,15,2,72,0,62,2,8,0,95.0,98.75,100.0,100.0,98.75,0.0,100.0,0.0,0.0
2025-12-03,sp500,501,335,165,132,66,22,6,43,5,72,31,20,1,68.66,58.4,55.6,62.8,43.6,8.42,48.1,14.63,28.86
2025-12-04,all,4270,2359,1754,693,532,324,68,664,667,783,1192,81,13,66.18,51.7,48.9,53.84,36.69,5.48,37.58,16.18,40.77
2025-12-04,nasdaq,3111,1825,1153,497,328,287,48,561,599,584,1053,46,9,64.25,48.18,45.81,50.98,33.61,5.54,35.24,15.63,43.59
2025-12-04,r2000,1940,978,902,337,271,149,29,317,169,459,357,45,5,75.44,62.41,59.49,62.29,46.42,4.16,41.77,20.46,33.62
2025-12-04,scan,158,106,52,28,12,13,5,83,0,78,0,4,0,94.94,99.37,100.0,100.0,98.1,0.0,100.0,0.0,0.0
2025-12-04,sp500,501,258,241,91,112,7,6,45,6,79,26,21,1,66.07,60.4,57.4,62.2,44.8,8.62,47.9,14.23,29.26
2025-12-05,all,4271,1741,2371,569,560,124,148,630,669,777,1138,79,34,63.22,50.04,47.38,53.68,37.81,5.85,37.31,16.3,40.54
2025-12-05,nasdaq,3112,1225,1751,383,357,105,127,539,596,589,1007,49,22,61.61,46.67,44.28,50.75,34.56,5.82,35.0,15.66,43.52
2025-12-05,r2000,1940,762,1121,272,280,40,64,294,184,443,342,35,15,71.26,60.13,57.26,61.81,47.46,4.69,41.4,20.35,33.56
2025-12-05,scan,156,74,81,24,11,6,2,77,0,85,0,8,0,91.67,99.36,100.0,100.0,99.36,0.0,100.0,0.0,0.0
2025-12-05,sp500,501,267,234,97,88,15,3,43,5,80,31,22,3,63.07,58.6,56.6,64.0,46.8,8.62,48.1,15.83,27.45
2025-12-08,all,4271,1779,2340,667,834,203,126,603,701,668,1255,61,36,60.74,48.55,46.47,53.09,38.11,6.1,37.25,15.78,40.88
2025-12-08,nasdaq,3112,1425,1558,481,476,181,106,517,618,520,1092,48,24,60.44,46.45,44.6,50.65,34.99,5.82,35.12,15.45,43.61
2025-12-08,r2000,1940,804,1088,365,434,93,59,284,201,363,407,38,15,68.21,57.81,56.09,61.41,47.9,4.95,41.24,20.09,33.72
2025-12-08,scan,162,69,92,21,32,8,0,79,0,81,0,3,0,92.59,99.38,100.0,100.0,98.77,0.0,100.0,0.0,0.0
2025-12-08,sp500,501,160,340,65,175,5,4,39,8,65,38,6,6,57.68,53.8,51.2,61.2,46.6,10.02,47.9,13.23,28.86
2025-12-09,all,4271,2384,1743,741,478,224,94,616,689,689,1214,62,33,63.23,50.17,47.51,53.61,38.49,6.15,37.92,15.63,40.31
2025-12-09,nasdaq,3112,1724,1265,521,329,196,76,524,610,532,1049,39,26,63.91,48.15,45.78,51.23,35.68,5.65,36.06,15.1,43.19
2025-12-09,r2000,1940,1236,660,422,223,101,45,296,187,378,395,35,10,71.98,61.17,58.13,62.26,48.55,5.01,42.14,20.03,32.82
2025-12-09,scan,157,89,67,22,13,9,3,72,0,78,0,3,0,91.72,99.36,100.0,100.0,100.0,0.0,100.0,0.0,0.0
2025-12-09,sp500,501,215,285,71,73,6,4,33,6,62,41,16,1,52.89,48.4,49.0,59.8,45.6,11.22,47.49,12.22,29.06
2025-12-10,all,4272,2763,1373,1513,476,352,114,644,680,844,1096,182,26,67.67,54.45,51.99,55.64,39.87,5.84,38.52,17.06,38.57
2025-12-10,nasdaq,3113,1867,1132,919,341,244,99,539,621,646,956,123,26,66.52,51.05,48.84,52.79,37.09,5.5,36.59,16.13,41.78
2025-12-10,r2000,1940,1456,433,955,193,217,47,315,159,455,328,106,1,77.97,67.32,64.73,65.59,50.28,4.16,43.42,22.11,30.31
2025-12-10,scan,142,96,43,38,13,9,1,66,0,77,0,9,0,90.14,99.3,100.0,100.0,100.0,0.0,100.0,0.0,0.0
2025-12-10,sp500,501,391,109,239,64,32,5,43,6,93,37,49,2,61.08,57.0,56.0,61.4,46.2,11.42,46.69,14.63,27.25
2025-12-11,all,4273,2458,1668,1031,506,190,102,675,680,868,1134,171,27,69.33,57.04,54.23,56.65,41.82,5.52,39.12,17.51,37.85
2025-12-11,nasdaq,3114,1636,1352,629,366,153,93,558,629,664,1008,99,26,67.16,52.8,49.98,53.27,38.53,5.3,37.14,16.1,41.47
2025-12-11,r2000,1941,1265,634,616,239,77,35,337,141,477,333,100,3,79.88,70.63,67.86,66.6,52.74,4.32,43.85,22.7,29.14
2025-12-11,scan,146,88,58,32,16,7,0,68,0,67,0,8,0,93.15,99.32,100.0,100.0,100.0,0.0,100.0,0.0,0.0
2025-12-11,sp500,501,368,130,159,56,15,4,50,3,90,25,42,1,70.46,63.2,61.4,64.8,48.2,9.82,48.1,16.63,25.45
2025-12-12,all,4274,1389,2727,635,900,97,278,559,758,730,1270,54,48,64.27,53.97,51.8,55.74,42.62,5.97,38.98,16.73,38.33
2025-12-12,nasdaq,3115,969,2008,425,595,85,229,473,686,564,1123,44,43,61.37,49.3,47.51,52.24,39.38,5.88,36.8,15.39,41.92
2025-12-12,r2000,1942,668,1227,358,468,43,101,276,182,406,380,32,10,76.06,67.58,65.17,65.48,54.19,4.85,43.93,21.51,29.71
2025-12-12,scan,171,39,131,17,57,4,24,74,0,79,0,1,0,90.06,99.42,100.0,100.0,100.0,0.0,100.0,0.0,0.0
2025-12-12,sp500,501,212,288,90,138,1,33,34,6,72,32,8,2,66.67,62.2,59.8,64.8,48.4,9.42,48.3,16.43,25.85
2025-12-15,all,4274,1500,2658,807,966,87,355,528,821,728,1364,73,116,58.16,51.5,49.33,54.38,42.9,6.61,39.0,15.35,39.05
2025-12-15,nasdaq,3115,953,2069,480,669,75,314,444,750,556,1205,55,110,53.11,45.68,44.44,50.39,39.14,6.77,36.54,13.83,42.86
2025-12-15,r2000,1942,799,1101,455,491,38,143,264,187,415,397,53,15,72.14,65.2,62.27,64.58,55.18,5.43,44.26,20.27,30.05
2025-12-15,scan,147,60,86,22,36,1,2,64,0,58,0,0,0,89.12,99.32,100.0,100.0,100.0,0.0,100.0,0.0,0.0
2025-12-15,sp500,501,290,208,176,118,1,5,41,9,72,45,10,4,67.66,65.2,61.8,64.8,50.8,9.22,49.9,14.83,26.05
2025-12-16,all,4277,1739,2384,662,951,115,128,517,824,749,1326,31,77,54.96,49.99,48.26,53.95,42.99,6.9,39.3,14.65,39.15
2025-12-16,nasdaq,3118,1336,1643,449,574,107,99,441,753,575,1179,26,74,51.32,45.65,44.18,50.62,39.37,7.01,37.03,13.61,42.35
2025-12-16,r2000,1944,830,1067,398,499,49,58,259,190,430,388,21,10,68.7,63.5,61.13,63.74,55.54,5.43,44.79,18.88,30.9
2025-12-16,scan,139,54,83,24,24,5,3,53,0,57,0,2,0,94.24,100.0,100.0,100.0,99.28,0.0,100.0,0.0,0.0
2025-12-16,sp500,501,136,364,65,187,2,8,35,9,71,39,1,0,60.48,60.0,57.8,63.2,50.2,10.42,49.7,13.43,26.45
2025-12-17,all,4277,1578,2544,730,906,75,333,482,879,840,1337,39,84,49.62,47.58,46.49,53.19,42.62,7.3,39.62,13.56,39.52
2025-12-17,nasdaq,3118,1002,1982,409,618,61,285,406,801,628,1193,25,81,45.32,42.63,41.49,49.25,38.6,7.7,37.06,12.19,43.04
2025-12-17,r2000,1944,790,1107,400,452,28,138,248,207,515,366,23,13,62.45,61.17,59.13,63.79,55.2,5.64,45.43,18.3,30.64
2025-12-17,scan,118,42,75,20,29,2,9,50,0,61,0,1,0,89.83,100.0,100.0,100.0,100.0,0.0,100.0,0.0,0.0
2025-12-17,sp500,501,252,247,156,138,4,25,32,9,75,43,3,0,57.88,59.2,59.8,63.2,50.2,10.82,50.5,12.63,26.05
2025-12-18,all,4278,2383,1738,957,668,180,86,493,864,870,1238,53,80,51.31,49.58,48.21,53.25,42.49,7.34,40.22,13.04,39.4
2025-12-18,nasdaq,3119,1728,1249,610,423,154,71,417,789,656,1116,34,72,47.02,44.8,43.41,49.44,38.7,7.66,37.84,11.62,42.88
2025-12-18,r2000,1944,1187,720,560,311,87,34,252,199,537,323,40,16,64.67,63.34,62.05,63.44,55.17,5.95,46.25,17.12,30.68
2025-12-18,scan,129,101,27,41,11,12,0,56,0,56,0,3,0,89.15,100.0,100.0,100.0,99.22,0.0,100.0,0.0,0.0
2025-12-18,sp500,501,270,228,145,129,10,3,36,9,70,31,5,0,58.48,60.2,58.2,63.8,50.4,10.62,50.7,13.03,25.65
2025-12-19,all,4278,2200,1947,1422,1443,325,116,490,902,827,1236,53,65,51.44,51.18,48.67,52.88,42.79,7.76,40.74,12.17,39.33
2025-12-19,nasdaq,3119,1670,1335,969,871,288,88,417,822,628,1113,32,63,48.81,47.38,44.82,49.57,39.14,7.72,38.64,11.0,42.64
2025-12-19,r2000,1944,854,1050,659,939,138,64,239,217,485,329,29,6,61.22,62.82,60.55,62.49,55.02,6.54,46.89,15.52,31.05
2025-12-19,scan,159,138,21,125,18,26,0,63,0,64,0,3,0,85.53,100.0,100.0,100.0,98.74,0.0,100.0,0.0,0.0
2025-12-19,sp500,501,288,212,277,210,18,1,34,8,77,32,9,0,56.69,60.6,58.2,62.2,51.4,11.82,49.9,12.22,26.05
2025-12-22,all,4279,2476,1655,700,547,140,48,531,880,891,1155,95,51,52.78,53.46,50.53,53.91,43.21,7.46,41.62,12.34,38.59
2025-12-22,nasdaq,3120,1737,1256,490,383,126,45,442,811,681,1040,58,48,50.06,49.66,46.74,50.73,39.5,7.48,39.66,11.13,41.73
2025-12-22,r2000,1944,1094,803,352,316,46,12,274,201,507,304,39,5,61.22,65.06,62.1,63.39,55.22,6.37,47.69,15.67,30.27
2025-12-22,scan,171,141,29,28,7,9,0,81,0,78,1,6,0,82.46,99.42,100.0,100.0,91.81,0.0,100.0,0.0,0.0
2025-12-22,sp500,501,396,105,65,21,1,0,40,7,81,24,33,1,63.67,63.87,62.4,64.0,52.2,10.62,50.9,13.03,25.45
2025-12-23,all,4279,1372,2750,339,564,78,125,492,930,917,1035,42,78,47.29,51.98,49.08,52.95,43.35,7.88,41.91,11.07,39.14
2025-12-23,nasdaq,3120,952,2037,250,410,72,112,408,852,706,934,25,72,44.79,48.37,45.23,49.85,39.75,7.89,39.87,10.03,42.21
2025-12-23,r2000,1944,582,1310,162,301,31,49,248,222,505,263,18,12,52.35,63.15,60.39,62.65,54.81,6.8,48.22,14.39,30.59
2025-12-23,scan,189,70,112,6,15,2,4,85,0,110,0,1,0,79.37,96.3,100.0,100.0,93.65,0.0,100.0,0.0,0.0
2025-12-23,sp500,501,219,282,17,27,0,2,37,8,87,17,11,1,61.28,63.67,62.8,63.0,53.0,10.82,51.3,11.62,26.25
2025-12-24,all,4279,2546,1471,166,96,49,20,503,899,841,1036,46,54,50.05,53.97,50.88,53.56,43.95,7.7,42.45,11.17,38.68
2025-12-24,nasdaq,3120,1706,1184,139,81,46,20,425,825,654,943,27,53,46.48,50.05,46.68,50.26,40.19,7.92,40.3,10.02,41.75
2025-12-24,r2000,1944,1248,612,68,32,19,2,255,206,445,252,17,2,55.49,65.58,62.41,63.02,55.12,6.69,48.89,14.12,30.31
2025-12-24,scan,181,110,68,0,1,0,1,81,0,92,0,2,0,82.32,97.79,100.0,100.0,93.37,0.0,100.0,0.0,0.0
2025-12-24,sp500,501,386,113,2,0,1,0,38,7,79,15,16,0,65.87,66.07,63.2,64.2,54.8,10.42,51.7,12.42,25.45
2025-12-26,all,4279,1707,2353,221,247,66,156,513,905,928,919,33,64,48.22,53.99,50.88,53.69,44.49,8.05,42.63,11.12,38.2
2025-12-26,nasdaq,3120,1162,1782,171,204,62,143,430,835,725,849,19,63,44.29,49.84,46.61,50.29,40.88,8.3,40.36,10.02,41.32
2025-12-26,r2000,1944,791,1072,91,101,18,52,264,204,503,207,16,5,52.91,65.94,62.41,63.6,55.64,7.17,49.26,14.33,29.25
2025-12-26,scan,178,64,111,2,5,1,6,80,0,93,0,1,0,79.78,99.44,100.0,100.0,98.31,0.0,100.0,0.0,0.0
2025-12-26,sp500,501,261,232,2,1,0,1,43,7,83,12,7,0,66.07,66.67,63.6,64.2,56.2,10.82,52.51,11.62,25.05
2025-12-29,all,4279,1276,2842,326,611,90,245,510,917,813,976,19,123,43.67,51.81,48.97,52.63,44.21,8.85,42.92,9.81,38.42
2025-12-29,nasdaq,3120,833,2154,244,468,86,226,425,847,645,895,16,123,38.66,47.3,44.48,48.99,40.2,9.25,40.36,8.77,41.63
2025-12-29,r2000,1944,606,1280,159,282,33,78,262,198,445,218,7,7,46.88,62.84,59.41,62.38,55.02,7.96,49.97,12.41,29.66
2025-12-29,scan,178,50,125,5,6,2,4,81,0,91,0,0,0,79.78,98.88,100.0,100.0,98.31,0.0,100.0,0.0,0.0
2025-12-29,sp500,501,203,292,13,9,0,2,46,6,67,13,2,0,67.66,66.87,65.4,64.8,56.4,10.6,53.6,11.2,24.6
2025-12-30,all,4279,1441,2671,417,476,88,113,465,941,701,1031,20,105,40.23,50.51,48.13,51.89,42.94,9.49,42.73,9.24,38.53
2025-12-30,nasdaq,3120,987,1986,291,386,80,107,394,872,556,948,12,101,34.93,45.32,43.25,47.94,38.46,10.1,39.97,8.08,41.86
2025-12-30,r2000,1944,635,1250,217,213,29,41,238,211,375,236,13,10,42.96,61.45,59.2,61.75,53.15,8.64,50.0,11.72,29.64
2025-12-30,scan,162,56,105,7,5,5,3,66,0,72,0,0,0,78.4,100.0,100.0,100.0,96.3,0.0,100.0,0.0,0.0
2025-12-30,sp500,501,187,311,7,3,0,0,37,7,54,14,1,0,64.07,66.87,62.8,64.8,56.8,10.6,54.2,10.6,24.6
2025-12-31,all,4279,1253,2852,403,557,97,86,461,965,617,1050,15,95,33.04,47.71,45.89,50.88,41.65,10.52,42.58,8.37,38.53
2025-12-31,nasdaq,3120,1059,1907,317,393,91,83,390,896,498,961,13,89,30.54,43.69,42.03,47.36,37.14,10.65,39.99,7.45,41.91
2025-12-31,r2000,1944,536,1356,198,311,27,22,232,210,317,240,8,12,33.14,56.51,55.22,60.69,50.78,10.01,50.0,10.65,29.34
2025-12-31,scan,133,49,83,9,6,4,1,65,0,58,0,0,0,70.68,99.25,100.0,100.0,96.99,0.0,100.0,0.0,0.0
2025-12-31,sp500,501,17,482,2,4,1,0,33,7,41,19,0,0,42.91,59.68,57.2,61.4,56.2,13.6,52.6,8.8,25.0
2026-01-02,all,4280,2488,1679,591,481,331,150,469,927,626,972,42,20,37.95,48.14,46.54,51.3,40.21,10.22,43.19,8.2,38.4
2026-01-02,nasdaq,3121,1748,1271,414,345,272,117,392,853,494,888,29,14,33.68,42.9,42.05,47.59,35.68,10.54,40.52,7.18,41.76
2026-01-02,r2000,1944,975,932,292,285,128,104,234,210,316,225,17,9,34.79,54.6,54.14,60.37,47.78,10.12,50.37,9.96,29.56
2026-01-02,scan,147,119,27,19,8,38,3,50,0,58,0,3,0,74.83,97.28,100.0,100.0,91.16,0.0,100.0,0.0,0.0
2026-01-02,sp500,501,331,169,43,51,38,10,35,8,50,19,10,4,57.68,62.87,60.6,62.0,55.4,12.8,53.0,9.0,25.2
2026-01-05,all,4280,2842,1291,1210,530,515,121,479,872,888,752,120,12,48.4,55.1,52.02,53.51,40.54,9.33,44.29,9.28,37.11
2026-01-05,nasdaq,3121,2039,955,812,337,423,101,395,802,687,697,69,9,44.86,51.0,47.48,50.09,35.78,9.57,41.68,8.47,40.27
2026-01-05,r2000,1944,1359,540,632,260,230,66,239,191,451,150,30,4,48.56,63.67,61.84,63.17,47.78,8.9,51.91,11.23,27.97
2026-01-05,scan,140,101,38,42,22,32,5,55,0,79,0,6,0,80.0,98.57,100.0,100.0,91.43,0.0,100.0,0.0,0.0
2026-01-05,sp500,501,339,160,171,100,31,4,39,7,86,11,47,1,61.88,65.07,63.4,63.6,55.6,12.0,54.0,9.6,24.4
2026-01-06,all,4280,2597,1517,1052,546,353,97,511,874,1008,712,140,20,55.07,57.52,55.27,54.49,42.12,9.23,44.6,9.97,36.21
2026-01-06,nasdaq,3121,1760,1209,674,388,265,83,414,812,757,658,75,18,50.32,52.8,49.74,50.46,36.94,9.67,41.91,8.64,39.78
2026-01-06,r2000,1944,1240,650,537,279,192,47,259,187,520,141,55,5,56.39,66.62,66.13,64.66,49.69,9.27,52.22,12.39,26.11
2026-01-06,scan,154,115,39,52,13,31,2,58,0,91,0,3,0,88.31,98.7,100.0,100.0,96.75,0.0,100.0,0.0,0.0
2026-01-06,sp500,501,378,123,170,63,35,3,46,7,111,11,48,2,71.86,68.06,68.2,66.0,56.8,10.6,55.0,11.0,23.4
2026-01-07,all,4281,1678,2449,621,730,237,135,494,898,1166,624,60,36,51.66,55.9,54.44,53.55,42.52,9.89,44.54,9.08,36.5
2026-01-07,nasdaq,3122,1370,1618,494,428,225,89,410,824,873,583,42,27,49.44,51.93,50.15,50.41,37.42,10.01,42.01,8.47,39.51
2026-01-07,r2000,1944,708,1193,275,358,107,61,249,206,620,123,29,15,52.47,64.4,64.13,63.12,49.87,9.95,52.36,10.75,26.95
2026-01-07,scan,195,89,105,31,35,19,7,76,1,134,0,4,0,84.62,99.49,100.0,100.0,96.92,0.0,100.0,0.0,0.0
2026-01-07,sp500,501,114,387,51,160,7,23,40,10,115,5,8,9,57.09,62.08,63.27,63.2,56.29,12.0,54.4,8.8,24.8
2026-01-08,all,4282,2651,1480,976,426,339,125,482,904,1284,620,117,23,60.5,60.84,58.65,55.95,44.5,8.73,45.62,10.4,35.25
2026-01-08,nasdaq,3123,1755,1242,594,338,208,104,390,843,910,580,62,20,55.78,55.72,52.44,51.74,39.13,9.32,42.67,9.15,38.86
2026-01-08,r2000,1945,1375,517,539,157,200,50,249,197,718,112,74,6,65.48,71.72,70.7,66.61,52.56,8.26,53.79,12.81,25.15
2026-01-08,scan,194,101,91,37,31,16,8,66,1,126,0,5,0,91.75,99.48,100.0,100.0,96.91,0.0,100.0,0.0,0.0
2026-01-08,sp500,501,349,152,150,56,30,12,38,8,132,8,19,3,68.86,68.86,71.06,66.8,58.48,10.4,55.4,11.4,22.8
2026-01-09,all,4282,2088,2038,727,541,225,131,542,883,1385,585,134,28,59.97,61.19,59.13,56.44,46.45,8.97,45.61,10.89,34.52
2026-01-09,nasdaq,3123,1399,1587,447,418,160,118,427,828,976,553,67,23,54.67,55.59,52.54,51.29,40.1,9.63,42.55,8.8,39.02
2026-01-09,r2000,1945,986,912,358,254,109,53,277,185,756,106,74,7,64.21,71.0,71.06,67.46,55.87,8.73,53.68,13.76,23.82
2026-01-09,scan,194,115,78,40,18,17,2,72,0,127,0,1,0,93.3,100.0,100.0,100.0,96.39,0.0,100.0,0.0,0.0
2026-01-09,sp500,501,287,212,102,72,19,1,51,9,143,7,31,2,69.86,70.86,72.26,69.0,60.68,9.6,56.4,12.6,21.4
2026-01-12,all,4284,2136,1982,754,568,284,137,518,911,1581,509,146,32,60.76,61.52,60.0,56.58,48.06,8.89,45.94,10.69,34.48
2026-01-12,nasdaq,3125,1514,1468,515,414,248,122,404,852,1110,487,78,31,55.79,56.17,53.71,51.45,41.57,9.62,42.69,8.8,38.89
2026-01-12,r2000,1946,1019,881,341,243,121,59,268,195,832,83,87,4,64.62,70.85,72.2,67.72,57.47,8.58,54.42,13.29,23.72
2026-01-12,scan,207,128,78,50,21,21,4,68,2,157,0,9,0,92.27,99.52,100.0,100.0,95.65,0.0,100.0,0.0,0.0
2026-01-12,sp500,501,251,249,106,83,4,7,48,10,173,4,27,1,67.07,69.26,71.46,68.4,61.88,9.6,56.6,11.8,22.0
2026-01-13,all,4284,1817,2324,639,654,169,174,541,914,1295,559,117,53,59.13,60.45,59.19,55.84,48.26,9.29,46.03,9.88,34.8
2026-01-13,nasdaq,3125,1254,1739,421,471,143,146,408,856,947,525,54,45,54.46,54.9,53.12,50.7,41.85,10.07,42.62,8.15,39.16
2026-01-13,r2000,1946,841,1069,304,277,76,76,288,190,654,115,64,11,62.19,69.04,70.03,66.67,57.31,9.05,54.58,12.07,24.3
2026-01-13,scan,206,113,89,39,22,14,8,69,6,136,0,5,0,93.2,100.0,100.0,100.0,95.15,0.0,100.0,0.0,0.0
2026-01-13,sp500,501,265,236,97,98,8,13,53,10,120,7,32,6,65.67,70.46,68.66,67.8,60.68,10.0,56.6,11.2,22.2
2026-01-14,all,4284,2472,1645,905,517,234,115,689,809,1237,600,128,52,62.52,62.36,61.27,56.8,49.85,9.14,46.33,10.57,33.97
2026-01-14,nasdaq,3125,1704,1273,578,384,188,98,509,761,878,559,63,41,57.41,56.46,55.23,51.31,43.42,9.96,42.86,8.52,38.65
2026-01-14,r2000,1946,1250,656,470,205,116,48,378,157,654,121,75,15,68.11,71.67,72.56,67.79,59.69,8.89,55.06,12.76,23.29
2026-01-14,scan,209,128,81,54,22,23,3,96,4,114,1,8,0,90.91,99.04,100.0,100.0,93.78,0.0,100.0,0.0,0.0
2026-01-14,sp500,501,311,189,157,73,9,14,72,7,123,12,28,5,68.46,73.65,72.85,70.2,61.68,9.2,57.0,13.2,20.6
2026-01-15,all,4284,2443,1713,961,530,216,147,655,865,1095,656,183,27,65.31,63.61,62.37,58.33,51.84,8.72,47.01,11.45,32.82
2026-01-15,nasdaq,3125,1633,1377,637,403,170,137,490,810,781,610,91,25,60.12,57.47,56.08,52.48,45.3,9.69,43.39,9.21,37.71
2026-01-15,r2000,1946,1278,637,505,213,95,70,357,177,566,144,105,4,72.79,74.37,74.17,70.12,62.91,8.31,55.8,14.35,21.55
2026-01-15,scan,210,129,80,50,33,15,8,84,10,96,1,10,0,96.19,100.0,100.0,100.0,97.14,0.0,100.0,0.0,0.0
2026-01-15,sp500,501,312,188,130,82,15,4,68,9,104,11,40,2,70.06,73.05,73.65,71.8,61.88,8.2,58.2,13.6,20.0
2026-01-16,all,4284,1701,2403,742,865,196,163,615,885,1006,713,102,47,62.46,61.81,61.13,57.15,52.75,9.46,46.89,10.42,33.24
2026-01-16,nasdaq,3125,1230,1745,482,596,166,134,464,824,723,658,47,39,57.81,55.68,54.77,51.51,46.26,10.4,43.39,8.25,37.95
2026-01-16,r2000,1946,686,1194,311,415,89,68,320,181,522,166,61,13,68.93,71.27,71.8,68.45,64.0,8.89,55.69,12.81,22.6
2026-01-16,scan,196,83,110,29,34,10,4,71,10,81,1,3,0,94.39,99.49,100.0,100.0,97.96,0.0,100.0,0.0,0.0
2026-01-16,sp500,501,230,271,154,165,5,14,66,11,92,15,15,8,66.67,72.06,72.85,70.4,61.28,9.0,57.8,12.6,20.6
2026-01-20,all,4284,1038,3131,519,1194,157,347,532,954,831,856,53,85,52.68,54.5,56.04,55.09,51.72,10.85,46.04,9.18,33.93
2026-01-20,nasdaq,3125,833,2185,388,759,142,264,411,887,619,786,39,67,48.43,48.99,50.16,49.98,45.1,11.52,42.67,7.42,38.39
2026-01-20,r2000,1946,403,1518,208,540,63,150,279,212,431,206,18,27,58.95,62.71,66.36,65.8,63.05,10.37,55.03,10.85,23.76
2026-01-20,scan,198,66,131,32,47,14,15,66,8,83,1,1,0,94.95,98.48,100.0,100.0,96.97,0.0,100.0,0.0,0.0
2026-01-20,sp500,501,97,402,74,269,5,44,53,14,63,28,6,18,53.89,62.08,64.47,66.6,58.48,12.0,55.4,11.2,21.4
2026-01-21,all,4286,2972,1179,1324,476,459,94,703,873,1097,729,231,46,59.76,59.67,60.55,57.62,53.09,9.73,47.39,10.4,32.47
2026-01-21,nasdaq,3127,2024,984,855,364,325,86,530,819,796,681,144,39,54.55,53.57,54.38,52.0,46.52,10.72,43.77,8.4,37.11
2026-01-21,r2000,1946,1572,345,708,166,283,36,392,182,593,148,156,8,70.32,71.07,72.91,69.29,65.02,9.05,56.56,12.8,21.59
2026-01-21,scan,231,183,46,82,26,36,10,80,9,109,0,11,0,92.21,99.13,100.0,100.0,96.97,0.0,100.0,0.0,0.0
2026-01-21,sp500,501,410,91,248,68,35,2,67,11,100,21,38,5,62.28,68.46,70.06,70.4,60.28,10.0,57.6,12.8,19.6
2026-01-22,all,4288,2654,1492,1006,494,331,59,739,813,1221,637,182,22,64.8,62.15,63.15,58.76,54.35,9.41,48.97,9.98,31.64
2026-01-22,nasdaq,3128,1999,1004,743,312,295,46,564,768,896,593,120,19,61.7,57.11,57.9,53.31,48.0,10.34,45.2,8.3,36.16
2026-01-22,r2000,1947,1248,660,506,213,173,18,411,147,675,124,128,4,73.97,73.29,75.13,70.88,67.03,8.62,58.41,12.54,20.42
2026-01-22,scan,242,155,85,63,23,27,1,90,2,124,0,10,0,92.98,99.59,100.0,100.0,95.04,0.0,100.0,0.0,0.0
2026-01-22,sp500,501,281,217,129,97,8,5,67,10,96,20,17,2,62.28,67.66,69.66,70.2,61.08,10.4,59.4,10.8,19.4
2026-01-23,all,4288,1215,2926,441,795,123,147,601,864,892,757,59,28,58.1,57.37,59.81,57.38,54.39,10.55,48.82,8.78,31.86
2026-01-23,nasdaq,3128,919,2075,335,535,108,119,457,806,676,692,35,25,55.26,52.64,54.72,52.12,48.63,11.33,45.07,7.27,36.33
2026-01-23,r2000,1947,378,1536,147,447,41,89,318,187,438,179,29,7,64.61,65.19,69.66,68.08,66.15,10.16,58.2,9.95,21.69
2026-01-23,scan,239,68,169,31,51,12,9,82,5,86,0,3,0,94.56,99.16,100.0,100.0,98.33,0.0,100.0,0.0,0.0
2026-01-23,sp500,501,182,318,68,112,3,4,55,9,74,22,8,1,57.88,64.47,67.47,70.0,60.48,11.6,59.0,11.0,18.4
2026-01-26,all,4291,1782,2363,627,685,112,222,565,880,800,822,44,42,55.43,55.79,59.22,56.77,53.78,10.99,48.92,8.06,32.03
2026-01-26,nasdaq,3131,1256,1747,454,469,100,192,433,819,585,756,33,37,52.82,50.82,54.08,51.51,48.24,11.78,45.07,6.66,36.5
2026-01-26,r2000,1948,793,1101,273,340,42,92,297,196,399,196,17,8,60.34,63.02,68.32,67.28,64.65,10.42,58.52,8.84,22.22
2026-01-26,scan,233,119,112,39,31,8,12,91,1,71,0,4,0,94.42,100.0,100.0,100.0,98.28,0.0,100.0,0.0,0.0
2026-01-26,sp500,501,315,186,113,70,3,5,45,9,71,20,7,3,60.28,67.27,70.26,70.4,61.28,11.6,59.6,10.8,18.0
2026-01-27,all,4293,2135,1987,633,556,197,124,625,819,870,819,94,63,54.57,55.6,58.42,56.33,53.17,11.5,48.97,7.59,31.94
2026-01-27,nasdaq,3133,1588,1399,469,373,162,88,485,762,651,750,57,50,52.82,51.3,53.66,51.44,47.89,12.11,45.31,6.38,36.2
2026-01-27,r2000,1948,972,927,271,251,79,66,315,178,434,200,39,19,57.77,62.35,66.62,66.7,63.36,11.11,58.41,8.36,22.12
2026-01-27,scan,220,163,56,44,11,25,0,87,2,86,0,8,0,96.36,100.0,100.0,100.0,96.82,0.0,100.0,0.0,0.0
2026-01-27,sp500,501,237,264,88,104,16,15,51,11,72,28,26,7,57.88,63.87,67.07,68.8,61.08,12.4,59.2,9.6,18.8
2026-01-28,all,4295,1273,2853,537,871,125,260,563,887,829,882,84,73,46.44,50.28,54.42,54.75,51.51,13.17,48.13,6.86,31.84
2026-01-28,nasdaq,3135,919,2072,381,587,112,223,452,822,617,804,52,53,44.65,46.03,49.97,49.73,46.42,14.02,44.05,5.94,35.99
2026-01-28,r2000,1948,463,1440,211,452,32,142,276,198,402,241,31,30,46.91,54.15,60.99,64.59,60.53,13.12,57.35,7.3,22.22
2026-01-28,scan,202,93,106,39,43,9,8,62,2,79,0,4,0,93.56,99.01,100.0,100.0,99.01,0.0,100.0,0.0,0.0
2026-01-28,sp500,501,194,307,91,137,14,8,46,13,77,25,23,7,52.1,59.68,62.48,68.2,59.48,12.8,59.6,8.6,19.0
2026-01-29,all,4298,2029,2131,923,798,158,283,540,952,833,968,88,128,46.99,51.73,54.64,54.33,49.67,13.69,48.35,6.22,31.74
2026-01-29,nasdaq,3138,1266,1753,516,597,106,238,422,882,594,886,47,107,43.32,46.38,49.08,48.71,44.73,15.01,43.91,5.05,36.03
2026-01-29,r2000,1949,1189,725,521,293,78,100,277,224,406,260,41,32,52.62,58.28,63.67,65.01,58.0,13.02,58.2,6.88,21.9
2026-01-29,scan,222,132,88,63,43,12,9,70,0,88,0,1,0,93.24,100.0,100.0,100.0,97.3,0.0,100.0,0.0,0.0
2026-01-29,sp500,501,283,214,190,140,18,27,47,18,90,37,23,11,54.89,62.28,64.47,68.4,58.08,12.8,60.2,8.2,18.8
2026-01-30,all,4300,1534,2624,870,1132,109,352,508,1006,661,1083,46,89,41.92,48.74,51.86,53.27,48.11,14.99,47.69,5.82,31.5
2026-01-30,nasdaq,3140,1021,1998,536,771,89,304,388,931,487,981,22,78,38.03,42.82,45.56,47.45,42.63,16.31,42.89,4.81,35.99
2026-01-30,r2000,1950,797,1100,481,542,38,159,265,247,313,310,32,23,47.43,55.62,60.39,64.01,56.21,14.6,57.46,6.61,21.32
2026-01-30,scan,186,51,134,33,76,1,18,57,0,62,1,0,0,92.47,100.0,100.0,100.0,96.77,0.0,100.0,0.0,0.0
2026-01-30,sp500,501,242,258,179,169,10,16,45,20,63,46,7,3,54.29,64.67,67.07,68.2,58.88,13.8,60.6,7.6,18.0
2026-02-02,all,4302,2461,1683,1132,709,223,137,567,997,683,1106,137,103,45.21,50.46,52.88,54.13,47.42,14.74,48.67,5.72,30.86
2026-02-02,nasdaq,3142,1752,1251,759,469,184,116,424,922,509,995,89,88,41.08,44.92,46.86,48.56,42.1,15.93,43.91,4.95,35.21
2026-02-02,r2000,1950,1308,601,639,304,119,50,309,232,328,315,89,21,53.24,58.97,62.82,65.8,55.6,13.7,59.1,6.77,20.42
2026-02-02,scan,226,175,50,80,25,16,1,68,0,73,1,5,0,88.5,98.23,100.0,100.0,95.13,0.0,100.0,0.0,0.0
2026-02-02,sp500,501,296,205,183,115,12,4,53,19,65,45,25,8,56.49,64.87,67.07,67.0,58.88,14.4,61.0,6.0,18.6
2026-02-03,all,4304,1919,2245,989,1092,231,435,646,982,809,1116,184,228,44.41,49.43,50.73,53.16,45.85,15.65,48.35,5.09,30.91
2026-02-03,nasdaq,3144,1233,1783,576,784,170,334,466,908,579,1002,101,184,39.88,43.54,44.35,47.33,40.39,16.82,43.47,4.16,35.55
2026-02-03,r2000,1950,1026,888,551,502,125,201,377,223,401,321,105,77,53.03,58.66,61.22,64.96,54.36,14.55,58.99,6.03,20.42
2026-02-03,scan,223,163,58,98,29,31,3,78,1,100,0,6,0,89.69,99.55,100.0,100.0,96.41,0.0,100.0,0.0,0.0
2026-02-03,sp500,501,275,225,203,182,21,66,53,24,87,55,52,23,56.49,63.07,63.47,65.8,58.08,16.4,59.2,6.6,17.8
2026-02-04,all,4304,1964,2204,1232,1018,221,395,692,992,856,1083,209,139,43.23,48.21,49.73,53.07,44.93,16.4,47.79,5.53,30.28
2026-02-04,nasdaq,3144,1179,1842,677,781,120,342,481,926,579,981,110,129,35.96,40.81,42.12,46.23,39.0,18.17,42.35,4.13,35.36
2026-02-04,r2000,1950,1049,870,660,444,109,168,408,226,426,311,114,25,53.26,58.14,60.19,65.5,53.84,14.97,58.73,6.83,19.47
2026-02-04,scan,211,112,99,74,64,19,23,73,1,83,1,14,0,87.2,99.05,100.0,100.0,94.31,0.0,100.0,0.0,0.0
2026-02-04,sp500,501,357,144,313,134,52,36,71,21,114,60,69,5,62.28,65.87,68.06,69.6,58.28,14.6,60.8,8.8,15.8
2026-02-05,all,4305,1033,3176,636,1510,80,583,626,1129,779,1296,88,310,36.48,42.79,45.04,50.54,42.49,18.51,46.03,4.74,30.71
2026-02-05,nasdaq,3145,652,2406,394,1069,63,493,438,1045,495,1168,41,278,29.39,35.21,37.23,43.13,36.07,20.89,39.84,3.51,35.75
2026-02-05,r2000,1950,523,1406,326,747,35,283,368,283,389,405,53,74,45.4,52.22,54.93,62.86,51.42,17.09,57.14,5.77,20.0
2026-02-05,scan,210,68,141,51,71,10,6,62,1,90,0,2,0,86.67,99.05,100.0,100.0,96.67,0.0,100.0,0.0,0.0
2026-02-05,sp500,501,181,319,142,229,7,28,69,30,116,65,23,7,58.08,62.48,65.27,68.0,57.88,16.0,60.0,8.0,16.0
2026-02-06,all,4306,3421,768,1497,361,517,55,749,1012,1033,1044,235,55,45.35,49.54,50.41,52.93,42.89,16.79,48.07,5.11,30.03
2026-02-06,nasdaq,3146,2471,573,1004,256,395,46,519,943,670,938,116,48,37.57,41.71,42.47,45.69,35.91,18.75,42.13,3.82,35.31
2026-02-06,r2000,1951,1636,287,824,167,263,14,430,229,518,297,129,13,55.81,59.61,61.99,65.87,52.09,15.19,59.58,6.35,18.89
2026-02-06,scan,229,217,12,110,11,59,1,90,1,129,0,11,0,89.96,100.0,100.0,100.0,92.14,0.0,100.0,0.0,0.0
2026-02-06,sp500,501,402,99,224,70,39,8,90,28,152,57,67,6,67.27,69.46,69.06,69.4,60.68,15.4,61.2,8.2,15.2
2026-02-09,all,4308,2208,1951,763,640,213,93,808,898,1047,1038,150,73,46.71,50.47,50.89,53.78,43.46,16.27,49.13,4.91,29.69
2026-02-09,nasdaq,3148,1633,1387,526,430,182,71,551,835,682,922,77,54,39.94,43.18,43.1,46.67,36.35,18.15,43.22,3.71,34.91
2026-02-09,r2000,1952,929,983,331,324,78,33,452,206,505,321,78,26,55.29,59.22,61.22,66.19,52.6,15.08,60.42,5.82,18.68
2026-02-09,scan,258,159,98,61,25,20,1,117,0,152,0,13,0,85.27,100.0,100.0,100.0,89.53,0.0,100.0,0.0,0.0
2026-02-09,sp500,501,266,233,129,118,11,13,99,20,157,56,40,10,65.07,68.26,68.26,69.6,61.28,15.6,61.0,8.6,14.8
2026-02-10,all,4311,2079,2072,777,633,159,156,737,913,1034,1070,134,62,48.46,51.33,51.15,53.59,43.88,16.85,48.77,5.03,29.34
2026-02-10,nasdaq,3151,1388,1624,473,462,120,123,497,849,650,951,53,48,41.41,43.95,43.0,46.42,36.67,18.66,42.83,3.78,34.73
2026-02-10,r2000,1952,980,927,372,292,71,69,409,205,523,323,67,17,57.81,60.25,61.53,65.93,53.07,15.71,60.0,5.98,18.31
2026-02-10,scan,274,111,159,38,57,8,10,108,0,151,0,6,0,89.42,100.0,100.0,100.0,94.16,0.0,100.0,0.0,0.0
2026-02-10,sp500,501,297,202,156,109,17,19,89,18,155,54,45,6,67.27,68.66,68.66,69.8,61.88,15.8,61.0,8.8,14.4
2026-02-11,all,4311,1564,2596,655,937,151,368,811,898,960,1197,161,141,45.38,49.05,49.32,52.84,43.7,17.48,48.41,4.66,29.45
2026-02-11,nasdaq,3151,1016,1999,383,651,109,280,554,833,598,1060,61,107,38.05,42.08,42.07,45.75,36.15,19.26,42.33,3.64,34.77
2026-02-11,r2000,1952,692,1218,303,465,62,194,452,203,474,390,73,52,53.19,57.46,58.79,64.82,53.07,16.4,59.84,5.03,18.73
2026-02-11,scan,232,120,111,51,45,11,8,102,0,118,0,8,0,90.09,100.0,100.0,100.0,98.28,0.0,100.0,0.0,0.0
2026-02-11,sp500,501,284,217,155,154,21,36,98,20,157,70,62,19,67.27,66.87,67.07,70.0,62.48,16.4,60.6,9.4,13.6
2026-02-12,all,4311,1061,3111,502,1280,92,516,728,972,906,1284,74,179,39.1,44.73,45.2,50.69,42.48,19.07,46.75,4.12,30.06
2026-02-12,nasdaq,3151,755,2275,315,787,75,362,509,893,571,1122,25,141,32.61,38.01,38.37,43.82,35.09,20.52,40.83,3.16,35.49
2026-02-12,r2000,1952,456,1456,213,657,35,251,396,240,453,439,43,74,47.02,53.24,53.89,62.76,51.99,17.93,58.22,4.55,19.3
2026-02-12,scan,239,49,189,31,101,4,26,105,0,120,0,3,0,91.21,100.0,100.0,100.0,97.07,0.0,100.0,0.0,0.0
2026-02-12,sp500,501,160,341,125,275,13,76,83,25,147,84,24,13,58.28,60.88,61.88,67.0,61.28,18.6,58.4,8.6,14.4
2026-02-13,all,4315,2712,1424,886,472,218,85,735,975,944,1279,91,58,41.9,46.03,46.63,51.02,41.85,18.69,46.94,4.26,30.11
2026-02-13,nasdaq,3155,1880,1109,537,315,176,65,513,894,595,1117,29,48,35.14,39.56,39.92,44.04,34.49,20.12,40.82,3.4,35.66
2026-02-13,r2000,1954,1334,578,446,224,100,41,407,241,478,431,63,24,50.15,53.76,55.15,63.18,51.34,17.56,58.43,4.76,19.25
2026-02-13,scan,248,182,66,51,27,20,3,99,0,131,0,2,0,91.53,99.6,100.0,100.0,98.39,0.0,100.0,0.0,0.0
2026-02-13,sp500,501,367,134,194,74,17,5,83,25,154,78,22,2,61.68,62.48,63.47,67.8,60.88,18.0,59.2,8.6,14.2
2026-02-17,all,4315,1975,2190,692,708,182,172,697,991,969,1254,72,101,42.25,45.91,46.78,50.9,41.84,18.51,47.04,3.97,30.48
2026-02-17,nasdaq,3155,1445,1582,474,434,160,138,488,908,609,1095,33,91,36.07,39.4,40.04,43.98,34.67,19.81,40.98,3.09,36.12
2026-02-17,r2000,1954,980,931,360,356,92,77,383,251,496,430,46,20,50.46,54.48,55.46,63.23,50.93,17.34,58.72,4.49,19.45
2026-02-17,scan,262,141,120,44,33,9,2,99,0,135,0,3,0,89.69,99.62,100.0,100.0,98.09,0.0,100.0,0.0,0.0
2026-02-17,sp500,501,246,254,117,125,4,11,77,26,154,80,12,4,61.48,62.87,65.07,66.6,61.08,18.8,59.4,7.2,14.6
2026-02-18,all,4315,2357,1759,757,570,228,68,692,952,1031,1125,52,44,44.59,47.84,47.95,51.46,41.75,18.11,47.53,4.06,30.3
2026-02-18,nasdaq,3155,1709,1276,487,374,182,59,479,872,668,984,33,42,38.43,41.44,40.97,44.35,34.51,19.49,41.19,3.29,36.03
2026-02-18,r2000,1954,1030,860,393,327,108,31,394,239,516,384,26,6,50.39,55.71,56.29,63.66,50.77,17.28,59.09,4.55,19.08
2026-02-18,scan,289,174,114,53,31,17,5,111,0,155,0,3,0,88.58,98.27,100.0,100.0,95.16,0.0,100.0,0.0,0.0
2026-02-18,sp500,501,316,184,123,78,19,2,73,26,153,67,8,0,66.67,66.27,66.87,68.8,61.48,17.4,61.4,7.4,13.8
2026-02-19,all,4316,2045,2074,601,570,223,103,785,856,1089,1081,57,46,45.38,47.49,48.16,51.56,41.47,17.57,47.66,4.01,30.76
2026-02-19,nasdaq,3156,1512,1467,410,389,188,75,555,788,724,944,29,39,40.15,41.7,41.68,44.69,34.19,18.6,41.55,3.26,36.59
2026-02-19,r2000,1955,967,941,324,313,110,57,441,201,542,356,24,10,50.59,55.25,56.39,63.76,50.57,16.86,59.2,4.55,19.4
2026-02-19,scan,271,137,130,44,36,16,1,126,0,164,0,6,0,90.41,98.89,100.0,100.0,95.57,0.0,100.0,0.0,0.0
2026-02-19,sp500,501,206,291,66,80,10,9,83,25,148,65,18,2,61.48,63.07,64.47,67.4,61.68,18.4,60.2,7.2,14.2
2026-02-20,all,4317,2121,2003,761,572,138,172,802,847,1163,1085,76,79,47.22,47.67,48.62,51.32,41.76,17.51,47.31,4.09,31.09
2026-02-20,nasdaq,3157,1431,1553,505,389,110,139,552,783,748,945,39,69,42.13,41.44,41.89,44.25,34.66,18.66,40.92,3.39,37.02
2026-02-20,r2000,1955,1034,872,418,308,64,93,453,201,591,365,32,19,53.7,55.66,56.96,63.44,50.82,16.91,58.67,4.76,19.66
2026-02-20,scan,281,193,85,77,30,13,2,126,0,175,0,8,0,91.81,99.64,100.0,100.0,96.8,0.0,100.0,0.0,0.0
2026-02-20,sp500,501,337,164,135,69,7,5,93,22,174,62,24,3,63.07,63.87,66.27,68.2,61.88,16.8,61.6,6.6,15.0
2026-02-23,all,4317,1153,3004,379,1121,109,459,827,842,972,1232,52,185,37.83,41.83,43.2,48.97,40.04,18.9,45.62,3.42,32.05
2026-02-23,nasdaq,3157,864,2144,272,738,96,313,561,772,639,1062,27,154,33.77,36.06,36.93,42.18,33.14,19.87,39.5,2.75,37.88
2026-02-23,r2000,1955,473,1453,188,658,47,255,469,207,487,417,18,76,38.71,47.27,48.38,59.98,48.02,19.29,56.18,3.81,20.72
2026-02-23,scan,233,86,145,30,41,10,4,131,0,152,0,0,0,93.13,99.57,100.0,100.0,97.0,0.0,100.0,0.0,0.0
2026-02-23,sp500,501,173,326,58,156,5,54,97,24,152,71,19,13,56.49,59.28,61.88,66.6,60.28,17.8,60.0,6.6,15.6
2026-02-24,all,4318,2820,1294,896,407,321,65,838,824,943,1243,103,48,42.61,44.71,45.34,49.96,39.61,17.53,46.31,3.74,32.42
2026-02-24,nasdaq,3158,2043,933,618,269,267,46,566,758,612,1065,60,36,38.85,39.2,39.39,43.46,32.74,18.24,40.45,3.09,38.22
2026-02-24,r2000,1955,1314,590,478,223,153,42,470,196,465,429,45,21,43.53,49.95,51.29,61.02,46.96,17.81,56.98,4.07,21.14
2026-02-24,scan,252,197,53,54,13,23,3,131,0,137,0,2,0,92.46,99.6,100.0,100.0,95.24,0.0,100.0,0.0,0.0
2026-02-24,sp500,501,357,142,122,53,22,4,100,22,160,74,28,4,58.48,62.28,62.67,67.2,60.08,17.0,60.2,7.0,15.8
2026-02-25,all,4318,2674,1475,874,516,327,107,884,750,884,1241,85,28,48.07,47.86,48.03,50.89,40.06,16.41,47.12,3.79,32.68
2026-02-25,nasdaq,3158,2022,988,626,311,289,70,613,693,606,1054,48,18,46.46,43.08,42.63,44.61,33.42,16.97,41.28,3.35,38.4
2026-02-25,r2000,1955,1303,613,479,258,140,51,501,167,449,429,49,14,49.77,54.42,54.99,62.34,47.22,16.33,58.3,4.02,21.35
2026-02-25,scan,244,138,105,41,29,15,1,130,0,115,0,5,0,87.3,99.18,100.0,100.0,94.26,0.0,100.0,0.0,0.0
2026-02-25,sp500,501,261,239,109,89,21,13,98,19,120,77,15,2,58.28,62.08,63.07,66.2,59.28,16.6,60.4,5.8,17.2
2026-02-26,all,4319,2416,1695,911,570,331,128,985,653,943,1227,87,36,51.21,49.22,50.41,51.61,40.07,15.51,47.69,3.91,32.89
2026-02-26,nasdaq,3159,1633,1337,595,412,251,100,674,608,606,1068,48,26,48.44,43.91,44.87,45.16,33.71,16.25,41.74,3.42,38.59
2026-02-26,r2000,1956,1197,711,525,308,184,75,545,133,493,411,52,20,53.08,56.22,57.3,62.97,46.91,15.54,58.77,4.18,21.51
2026-02-26,scan,271,161,108,57,48,23,10,156,0,141,0,8,0,84.13,99.26,100.0,100.0,94.46,0.0,100.0,0.0,0.0
2026-02-26,sp500,501,344,154,122,67,25,10,115,12,152,65,12,0,64.47,64.87,66.07,68.0,59.08,14.4,61.4,6.6,17.6
2026-02-27,all,4322,1395,2756,734,1256,155,379,824,738,821,1318,97,60,44.79,43.62,45.03,50.35,38.46,16.39,46.32,4.03,33.26
2026-02-27,nasdaq,3162,933,2076,404,811,118,282,581,682,540,1126,44,50,42.01,38.39,39.51,43.6,32.07,17.33,40.12,3.49,39.07
2026-02-27,r2000,1956,535,1382,325,783,75,216,433,182,402,463,40,23,44.21,47.48,49.02,61.13,43.93,17.07,56.82,4.28,21.83
2026-02-27,scan,226,117,106,74,59,11,4,120,0,106,0,3,0,88.94,99.12,100.0,100.0,97.79,0.0,100.0,0.0,0.0
2026-02-27,sp500,501,277,224,220,174,11,30,90,14,142,72,34,0,61.48,62.08,63.47,68.4,57.88,14.4,61.0,7.4,17.2
2026-03-02,all,4324,2279,1881,1000,636,274,113,783,780,822,1326,123,55,46.61,44.53,46.42,50.58,37.8,15.8,46.58,4.0,33.62
2026-03-02,nasdaq,3164,1615,1398,660,407,223,93,552,725,544,1122,57,50,44.31,39.7,41.1,43.76,32.09,16.92,40.17,3.59,39.32
2026-03-02,r2000,1958,1208,710,615,335,140,52,411,189,399,470,54,11,46.87,50.93,53.14,61.76,42.59,15.96,57.61,4.12,22.3
2026-03-02,scan,211,129,82,61,29,13,1,111,0,110,1,7,0,86.73,99.05,100.0,100.0,94.31,0.0,100.0,0.0,0.0
2026-03-02,sp500,501,243,256,102,91,11,14,93,12,129,74,36,0,58.68,60.08,62.08,68.2,56.09,13.8,61.4,6.8,18.0
2026-03-03,all,4325,1206,2957,585,1124,108,335,638,861,700,1438,18,66,38.94,39.04,41.87,48.51,36.04,16.8,44.87,3.66,34.67
2026-03-03,nasdaq,3165,894,2123,407,734,90,268,465,793,475,1220,9,57,37.53,34.6,36.97,42.16,30.75,17.6,38.71,3.49,40.2
2026-03-03,r2000,1958,589,1332,323,581,48,134,320,224,346,509,10,17,40.26,44.14,48.15,60.02,40.28,16.75,56.24,3.75,23.26
2026-03-03,scan,174,46,128,26,60,3,17,87,0,90,0,2,0,87.36,98.28,100.0,100.0,97.7,0.0,100.0,0.0,0.0
2026-03-03,sp500,501,131,369,75,167,4,35,77,14,104,76,5,0,47.11,54.29,57.09,63.8,54.09,16.0,58.8,5.0,20.2
2026-03-04,all,4325,2832,1332,921,440,306,57,640,838,739,1299,67,26,45.02,42.84,44.87,49.43,35.76,15.25,45.72,3.73,35.3
2026-03-04,nasdaq,3165,2095,928,652,297,256,48,460,765,510,1106,35,23,44.61,38.73,40.13,43.17,30.71,15.96,39.69,3.52,40.84
2026-03-04,r2000,1958,1382,533,537,197,147,24,336,212,368,450,47,4,46.77,49.49,51.75,61.34,40.07,15.17,57.08,4.18,23.57
2026-03-04,scan,200,155,45,57,15,17,1,80,0,93,1,2,0,84.0,98.5,100.0,100.0,95.5,0.0,100.0,0.0,0.0
2026-03-04,sp500,501,284,216,90,77,13,1,70,15,104,63,11,1,49.3,54.49,58.68,63.4,52.89,15.0,59.2,4.2,21.6
2026-03-05,all,4325,1199,2955,534,1089,165,296,568,907,594,1399,31,42,38.3,36.36,39.12,47.75,33.98,16.53,44.1,3.68,35.69
2026-03-05,nasdaq,3165,922,2085,379,678,129,228,418,832,420,1190,20,39,38.59,32.72,34.84,41.9,29.36,16.92,38.2,3.75,41.13
2026-03-05,r2000,1958,463,1462,252,611,74,175,295,239,298,498,17,9,37.93,40.0,43.98,59.28,38.07,16.38,55.2,4.01,24.41
2026-03-05,scan,155,53,101,33,43,0,10,67,1,68,0,1,0,86.45,98.71,100.0,100.0,96.77,0.0,100.0,0.0,0.0
2026-03-05,sp500,501,132,368,85,202,14,16,59,13,70,65,4,0,41.12,50.3,51.9,61.0,47.31,17.6,57.0,4.0,21.4
2026-03-06,all,4325,1172,2976,489,1140,111,294,546,870,531,1496,27,77,33.01,31.53,34.35,45.2,30.43,18.43,41.98,3.27,36.32
2026-03-06,nasdaq,3165,935,2062,361,727,100,216,408,791,385,1234,21,63,34.37,29.49,31.47,40.25,26.28,18.03,36.95,3.34,41.68
2026-03-06,r2000,1958,414,1510,238,673,49,155,283,231,260,573,18,27,30.94,32.96,37.5,55.22,33.69,19.55,51.82,3.38,25.25
2026-03-06,scan,113,42,71,23,28,4,0,56,1,63,0,0,0,91.15,100.0,100.0,100.0,100.0,0.0,100.0,0.0,0.0
2026-03-06,sp500,501,145,355,66,176,3,35,56,13,57,79,2,1,35.13,42.71,45.11,58.0,43.31,20.2,54.4,3.6,21.8
2026-03-09,all,4326,2079,2087,970,1026,282,110,571,844,573,1457,29,61,34.59,32.33,34.8,44.92,28.42,17.84,41.96,3.02,37.18
2026-03-09,nasdaq,3166,1602,1415,666,586,249,75,428,760,429,1196,26,49,36.88,31.49,32.72,40.27,25.48,17.36,37.25,3.07,42.32
2026-03-09,r2000,1958,864,1057,485,637,122,69,295,235,277,548,22,21,32.22,32.58,36.88,54.32,31.02,19.44,51.08,3.22,26.25
2026-03-09,scan,140,98,42,56,29,21,2,72,0,80,0,3,0,85.0,100.0,100.0,100.0,98.57,0.0,100.0,0.0,0.0
2026-03-09,sp500,501,256,245,158,153,19,3,56,17,63,75,0,1,34.53,41.12,44.71,58.2,38.52,18.2,54.8,3.4,23.6
2026-03-10,all,4327,1914,2254,780,856,209,125,511,928,609,1346,23,55,35.44,32.49,35.15,44.33,27.16,17.63,41.71,2.68,37.98
2026-03-10,nasdaq,3167,1492,1531,584,517,191,98,392,822,452,1104,18,46,39.29,32.16,33.43,40.1,24.87,16.75,37.35,2.8,43.09
2026-03-10,r2000,1958,874,1040,446,503,90,55,248,274,303,517,14,19,32.12,32.43,37.14,53.66,28.91,18.75,50.87,2.8,27.58
2026-03-10,scan,162,102,59,49,25,17,0,76,1,96,0,1,0,83.95,99.38,100.0,100.0,96.3,0.0,100.0,0.0,0.0
2026-03-10,sp500,501,153,348,52,113,2,11,51,22,70,67,1,1,29.34,38.92,41.72,55.6,36.13,20.0,53.4,2.2,24.4
2026-03-11,all,4328,1695,2436,495,735,172,117,497,965,536,1479,30,59,34.45,31.93,33.91,43.41,25.85,18.18,40.87,2.61,38.34
2026-03-11,nasdaq,3168,1314,1675,354,474,145,91,378,861,408,1185,23,47,38.53,32.13,33.04,39.56,24.71,17.18,36.73,2.9,43.18
2026-03-11,r2000,1958,714,1200,265,400,75,53,241,278,253,592,17,17,31.05,30.78,34.41,51.92,27.01,19.86,49.34,2.59,28.21
2026-03-11,scan,155,92,61,34,17,11,1,74,1,79,0,3,0,80.65,98.71,100.0,100.0,92.9,0.0,100.0,0.0,0.0
2026-03-11,sp500,501,172,326,41,101,5,7,51,24,55,94,2,5,27.54,36.53,39.52,54.6,32.34,20.2,52.6,2.0,25.2
2026-03-12,all,4328,993,3164,429,1158,123,505,460,1022,451,1726,37,129,28.92,27.36,29.0,41.3,24.07,19.64,38.83,2.53,39.0
2026-03-12,nasdaq,3168,741,2268,291,730,98,370,352,905,335,1377,15,91,32.65,27.58,28.72,37.78,23.27,18.1,35.18,2.67,44.06
2026-03-12,r2000,1958,412,1514,222,636,50,268,226,307,204,714,18,53,24.62,26.16,28.45,49.34,24.64,21.76,46.75,2.59,28.9
2026-03-12,scan,116,28,86,17,37,4,10,57,1,53,0,3,0,79.31,100.0,100.0,100.0,95.69,0.0,100.0,0.0,0.0
2026-03-12,sp500,501,109,391,55,183,6,66,49,30,54,120,13,18,20.96,30.54,32.53,51.4,29.34,23.6,49.4,2.0,25.0
2026-03-13,all,4329,1598,2532,539,784,108,191,447,1045,454,1684,22,112,26.23,26.68,27.66,40.42,22.97,20.23,37.8,2.68,39.29
2026-03-13,nasdaq,3169,1111,1882,376,550,98,162,338,927,334,1353,17,92,29.45,27.26,27.36,36.94,22.4,18.77,34.1,2.9,44.23
2026-03-13,r2000,1958,709,1198,288,443,36,90,216,316,208,664,10,44,22.21,25.08,26.85,48.76,23.05,22.19,45.75,3.01,29.05
2026-03-13,scan,104,46,58,15,20,7,3,55,0,54,1,0,0,82.69,100.0,100.0,100.0,97.12,0.0,100.0,0.0,0.0
2026-03-13,sp500,501,263,235,64,69,5,6,49,31,60,116,4,5,22.55,29.34,32.73,50.8,27.54,23.4,49.0,1.8,25.8
2026-03-16,all,4330,2718,1433,824,456,242,86,463,1037,511,1543,23,71,29.73,29.18,29.91,41.54,22.52,18.98,38.94,2.63,39.45
2026-03-16,nasdaq,3170,1923,1086,566,336,207,74,346,916,384,1230,18,61,32.9,30.02,29.54,37.88,22.2,17.82,35.0,2.94,44.25
2026-03-16,r2000,1958,1300,608,454,231,108,37,229,318,247,607,10,22,25.79,27.9,30.04,49.82,22.53,20.71,47.07,2.69,29.53
2026-03-16,scan,122,88,31,32,12,14,1,58,0,58,1,3,0,80.33,99.18,100.0,100.0,90.98,0.0,100.0,0.0,0.0
2026-03-16,sp500,501,386,114,94,35,11,2,52,26,58,106,5,1,26.35,31.54,34.53,52.4,26.35,21.4,50.6,1.8,26.2
2026-03-17,all,4332,2350,1796,673,541,226,92,438,1032,511,1533,37,64,32.11,30.89,30.77,41.71,22.38,18.62,39.11,2.63,39.64
2026-03-17,nasdaq,3172,1602,1402,456,409,180,78,331,909,381,1253,27,58,34.76,31.6,30.25,37.92,22.24,17.55,35.1,2.87,44.48
2026-03-17,r2000,1958,1124,789,390,316,106,42,217,315,246,587,17,16,27.88,29.19,30.92,50.24,22.48,20.07,47.33,2.85,29.74
2026-03-17,scan,143,109,34,42,11,21,2,66,0,68,1,6,0,78.32,99.3,100.0,100.0,89.51,0.0,100.0,0.0,0.0
2026-03-17,sp500,501,316,181,54,39,9,2,44,25,55,86,7,1,28.74,32.93,35.73,52.2,25.35,21.6,50.4,1.8,26.2
2026-03-18,all,4333,829,3351,348,1121,78,360,409,1131,499,1596,24,141,25.43,25.72,26.26,39.1,21.3,20.46,36.85,2.29,40.4
2026-03-18,nasdaq,3173,642,2394,248,782,68,299,313,987,375,1298,13,115,27.97,26.31,25.91,35.55,21.27,19.16,33.05,2.56,45.23
2026-03-18,r2000,1959,283,1644,165,714,26,191,192,370,242,618,12,58,21.33,23.93,25.1,46.28,20.83,23.09,43.95,2.32,30.64
2026-03-18,scan,114,43,69,19,20,4,4,58,0,58,1,5,0,83.33,98.25,100.0,100.0,94.74,0.0,100.0,0.0,0.0
2026-03-18,sp500,501,78,423,31,96,5,13,40,33,47,97,8,7,18.96,26.15,29.94,49.6,23.55,22.6,48.4,1.2,27.8
2026-03-19,all,4333,1994,2131,758,701,142,151,435,1077,489,1570,29,129,26.01,26.07,26.23,39.07,20.81,20.24,36.75,2.34,40.67
2026-03-19,nasdaq,3173,1459,1527,532,456,116,127,325,945,382,1257,13,103,28.48,27.01,26.1,35.71,20.91,18.82,33.25,2.5,45.43
2026-03-19,r2000,1959,1077,821,481,346,74,58,207,336,230,619,14,41,23.27,24.86,26.27,47.07,20.62,22.24,44.59,2.48,30.69
2026-03-19,scan,126,94,28,29,10,14,0,73,0,61,1,5,0,84.13,98.41,100.0,100.0,88.89,0.0,100.0,0.0,0.0
2026-03-19,sp500,501,216,285,79,96,5,6,48,27,42,100,9,6,19.76,25.95,28.74,49.2,21.96,22.4,47.6,1.6,28.4
2026-03-20,all,4333,994,3215,657,2211,89,520,415,1044,467,1614,21,151,19.57,21.0,21.7,36.67,19.15,21.92,34.41,2.29,41.38
2026-03-20,nasdaq,3173,808,2248,482,1356,83,382,321,911,370,1279,14,117,22.42,22.9,22.64,33.93,19.69,20.1,31.4,2.56,45.94
2026-03-20,r2000,1959,350,1580,305,1286,20,280,192,345,214,644,11,46,15.65,19.05,20.31,44.18,18.15,24.14,41.73,2.48,31.64
2026-03-20,scan,86,11,75,11,68,0,19,56,0,54,1,0,0,80.23,97.67,100.0,100.0,97.67,0.0,100.0,0.0,0.0
2026-03-20,sp500,501,111,390,105,380,0,36,42,28,37,110,2,12,12.57,16.37,20.76,46.2,19.96,24.0,45.2,1.0,29.8
2026-03-23,all,4335,3154,1041,1281,385,161,51,477,997,479,1487,24,51,27.93,26.35,26.1,39.99,19.0,18.72,36.94,3.07,41.27
2026-03-23,nasdaq,3175,2202,848,826,273,145,46,357,878,368,1192,19,45,30.81,28.31,26.98,36.92,19.74,17.3,33.55,3.41,45.75
2026-03-23,r2000,1959,1632,300,810,153,61,11,224,308,217,591,14,10,28.75,26.28,26.36,48.34,18.76,19.9,45.04,3.27,31.78
2026-03-23,scan,129,101,28,41,19,4,2,78,0,71,0,4,0,84.5,99.22,100.0,100.0,89.92,0.0,100.0,0.0,0.0
2026-03-23,sp500,501,383,117,135,57,5,1,52,27,46,94,3,4,16.97,20.76,24.95,49.2,17.17,20.8,47.8,1.4,30.0
2026-03-24,all,4337,1814,2349,580,623,172,230,522,992,514,1485,38,114,28.29,25.77,26.42,39.49,19.21,18.67,36.55,2.99,41.79
2026-03-24,nasdaq,3177,1202,1817,391,461,136,196,387,866,399,1195,19,92,29.34,26.99,26.75,36.22,20.16,17.33,33.07,3.2,46.39
2026-03-24,r2000,1959,886,1030,325,337,80,97,250,312,235,594,17,40,30.42,25.77,27.29,47.89,19.01,20.09,44.62,3.32,31.96
2026-03-24,scan,143,119,23,30,5,22,1,89,0,81,0,7,0,88.81,97.2,100.0,100.0,86.71,0.0,100.0,0.0,0.0
2026-03-24,sp500,501,286,215,65,50,9,20,58,32,47,80,13,10,20.16,20.76,25.55,49.4,17.56,20.6,47.8,1.6,30.0
2026-03-25,all,4337,2674,1484,655,360,277,73,540,979,592,1402,54,78,34.61,29.06,28.8,40.41,19.84,17.35,37.14,3.36,42.15
2026-03-25,nasdaq,3177,1899,1107,489,268,243,67,401,852,471,1084,31,64,35.99,30.34,29.02,36.77,20.64,16.22,33.45,3.41,46.93
2026-03-25,r2000,1959,1289,641,327,165,124,21,259,307,264,561,31,28,37.83,29.25,29.91,49.08,19.84,18.62,45.52,3.64,32.23
2026-03-25,scan,151,116,35,23,8,15,0,92,0,88,0,9,0,89.4,97.35,100.0,100.0,89.4,0.0,100.0,0.0,0.0
2026-03-25,sp500,501,324,176,52,32,9,2,58,33,46,103,10,8,24.35,23.55,27.94,49.4,16.57,20.0,47.4,2.0,30.6
2026-03-26,all,4337,1428,2738,375,578,110,259,485,1044,674,1242,40,96,31.66,26.26,26.05,38.84,19.72,18.32,35.45,3.48,42.75
2026-03-26,nasdaq,3177,1018,2002,295,421,90,211,356,915,548,948,18,80,32.59,27.32,26.4,35.49,20.45,16.82,32.12,3.47,47.59
2026-03-26,r2000,1959,703,1217,181,283,50,103,236,330,300,502,20,29,36.82,27.18,27.49,47.6,20.55,19.88,43.67,4.01,32.44
2026-03-26,scan,116,52,64,17,21,4,6,58,0,74,0,4,0,89.66,100.0,100.0,100.0,93.97,0.0,100.0,0.0,0.0
2026-03-26,sp500,501,184,316,28,59,3,33,51,35,45,91,11,6,19.36,20.96,22.95,48.2,15.97,20.2,45.8,2.4,31.6
2026-03-27,all,4337,787,3398,270,918,79,512,427,1170,471,1700,35,237,23.49,22.06,22.15,35.68,18.58,20.74,32.68,3.06,43.52
2026-03-27,nasdaq,3177,584,2457,200,660,66,431,306,1019,381,1308,13,199,24.74,22.85,22.46,32.91,19.04,18.79,29.97,3.0,48.25
2026-03-27,r2000,1959,280,1651,120,478,25,256,210,390,208,712,13,85,24.92,21.59,22.66,43.84,18.86,22.78,40.35,3.59,33.28
2026-03-27,scan,89,36,52,10,12,2,3,47,0,42,0,4,0,88.76,97.75,100.0,100.0,95.51,0.0,100.0,0.0,0.0
2026-03-27,sp500,501,110,388,27,83,1,28,50,45,33,139,16,14,13.97,18.96,20.16,44.4,15.17,23.2,42.2,2.2,32.4
2026-03-30,all,4338,1840,2320,583,687,99,356,389,1169,411,1830,16,188,24.53,21.35,22.13,35.47,17.55,20.32,32.6,2.94,44.14
2026-03-30,nasdaq,3178,1231,1788,403,507,81,297,283,1024,328,1432,6,163,24.74,22.04,22.21,32.46,17.66,18.65,29.72,2.79,48.84
2026-03-30,r2000,1959,972,942,331,321,47,146,198,382,188,741,7,50,28.55,21.59,23.9,43.5,18.24,22.31,40.19,3.43,34.07
2026-03-30,scan,79,26,53,14,21,1,10,41,0,40,0,1,0,94.94,97.47,100.0,100.0,93.67,0.0,100.0,0.0,0.0
2026-03-30,sp500,501,270,229,68,62,2,36,40,43,30,154,6,7,17.96,17.76,20.16,45.2,14.77,21.8,42.8,2.4,33.0
2026-03-31,all,4340,3430,776,1375,326,691,54,454,1077,469,1552,20,37,39.35,28.67,27.11,38.92,18.32,16.96,35.43,3.57,44.03
2026-03-31,nasdaq,3180,2474,581,953,212,572,41,336,946,382,1216,14,34,38.45,29.64,27.34,35.1,18.42,16.12,31.76,3.4,48.72
2026-03-31,r2000,1959,1621,314,730,163,315,23,223,350,210,630,9,7,45.05,29.59,28.98,48.26,19.27,17.99,43.99,4.43,33.6
2026-03-31,scan,130,115,14,52,10,37,2,67,0,59,0,2,0,89.23,99.23,100.0,100.0,91.54,0.0,100.0,0.0,0.0
2026-03-31,sp500,501,421,79,191,49,72,3,47,38,30,112,4,1,37.13,24.35,24.75,49.2,16.17,17.4,46.4,2.8,33.4
2026-04-01,all,4340,2562,1606,728,465,227,110,485,1053,520,1366,37,41,45.94,32.15,30.41,40.19,19.82,15.47,36.31,3.93,44.28
2026-04-01,nasdaq,3180,1889,1131,546,302,201,80,362,919,444,1067,31,34,44.96,34.18,30.95,36.36,19.88,14.93,32.35,4.03,48.69
2026-04-01,r2000,1959,1211,711,382,212,91,45,241,342,234,545,20,9,51.74,33.08,32.31,49.89,20.75,15.93,45.57,4.48,34.02
2026-04-01,scan,138,83,55,28,24,11,2,81,0,61,0,5,0,91.3,99.28,100.0,100.0,93.48,0.0,100.0,0.0,0.0
2026-04-01,sp500,501,304,195,65,62,11,10,49,40,26,96,6,2,46.31,25.75,27.74,49.6,18.76,16.4,47.0,2.6,34.0
2026-04-02,all,4342,2420,1719,524,365,190,65,524,978,622,1180,43,38,50.9,35.35,32.93,41.1,20.83,15.01,36.6,4.57,43.82
2026-04-02,nasdaq,3182,1724,1264,397,261,155,54,397,853,510,933,29,31,48.96,36.84,33.63,37.32,21.23,14.32,32.89,4.47,48.32
2026-04-02,r2000,1960,1183,740,294,192,94,28,253,310,287,454,23,12,58.22,38.08,35.49,50.68,21.62,15.66,45.68,5.17,33.49
2026-04-02,scan,160,107,49,31,8,13,1,91,0,76,0,4,0,92.5,98.75,100.0,100.0,89.38,0.0,100.0,0.0,0.0
2026-04-02,sp500,501,298,201,33,28,5,1,47,38,33,67,7,2,53.49,28.54,30.74,49.8,19.56,16.8,46.4,3.4,33.4
2026-04-06,all,4344,2505,1643,512,292,197,94,571,930,602,1205,25,24,55.23,38.53,36.24,41.57,22.26,14.79,37.04,4.59,43.58
2026-04-06,nasdaq,3184,1797,1217,405,225,177,86,438,812,497,949,22,23,52.89,39.52,36.7,37.9,22.8,14.19,33.32,4.61,47.88
2026-04-06,r2000,1961,1216,689,286,142,89,36,279,293,286,456,14,1,63.13,42.16,39.73,51.45,22.95,15.14,46.41,5.17,33.28
2026-04-06,scan,169,102,66,12,9,5,0,92,0,73,0,2,0,95.27,97.63,100.0,100.0,92.31,0.0,100.0,0.0,0.0
2026-04-06,sp500,501,321,177,14,13,6,1,54,39,24,72,3,0,59.48,33.33,34.13,49.6,20.16,16.8,46.4,3.2,33.6
2026-04-07,all,4346,1816,2333,527,465,136,159,567,929,614,1187,37,53,53.37,39.04,36.36,41.8,24.34,14.64,37.08,4.76,43.52
2026-04-07,nasdaq,3186,1278,1731,389,340,121,130,434,815,507,940,26,47,50.98,39.89,36.8,38.32,24.9,13.92,33.51,4.81,47.76
2026-04-07,r2000,1962,952,958,302,224,48,75,277,293,288,461,28,9,62.56,44.06,41.43,51.6,25.31,15.19,46.31,5.43,33.07
2026-04-07,scan,167,99,67,18,10,9,0,94,0,68,0,5,0,94.01,97.6,100.0,100.0,94.01,0.0,100.0,0.0,0.0
2026-04-07,sp500,501,207,293,28,50,9,5,54,34,30,78,0,4,54.69,32.34,30.74,50.2,21.96,16.0,47.2,3.0,33.8
2026-04-08,all,4346,3177,1019,1239,353,673,115,605,913,646,1103,121,34,65.69,49.41,46.1,45.31,26.22,11.94,39.26,6.12,42.68
2026-04-08,nasdaq,3186,2209,830,846,258,451,81,452,808,540,895,84,29,61.24,48.21,44.63,40.47,26.86,12.27,34.69,5.82,47.23
2026-04-08,r2000,1962,1584,355,719,138,334,54,318,273,302,419,72,3,75.84,55.64,52.1,56.28,27.31,11.81,49.08,7.33,31.79
2026-04-08,scan,181,132,49,61,25,41,6,100,0,86,0,17,0,94.48,100.0,100.0,100.0,97.24,0.0,100.0,0.0,0.0
2026-04-08,sp500,501,422,79,131,50,110,17,57,31,34,54,22,3,76.05,51.1,49.7,56.2,24.75,12.0,50.6,5.6,31.8
2026-04-09,all,4347,2357,1799,704,396,196,156,593,989,644,1090,164,78,65.1,51.54,47.93,45.98,28.36,11.43,39.62,6.41,42.53
2026-04-09,nasdaq,3187,1612,1402,516,316,165,129,443,871,545,902,105,69,60.27,49.6,45.89,40.82,29.0,12.07,34.92,5.92,47.09
2026-04-09,r2000,1962,1261,658,438,160,104,64,326,297,298,409,108,18,75.84,59.78,55.72,57.51,30.27,10.81,49.71,7.91,31.58
2026-04-09,scan,181,112,67,23,11,9,1,99,0,79,0,19,0,96.13,98.9,100.0,100.0,95.58,0.0,100.0,0.0,0.0
2026-04-09,sp500,501,292,208,39,43,8,12,54,39,36,47,34,9,74.45,52.5,50.7,57.6,25.75,10.4,51.4,6.2,32.0
2026-04-10,all,4347,1535,2610,340,514,132,187,527,1047,608,1141,63,84,61.73,48.95,46.16,44.88,29.77,12.21,38.92,6.02,42.85
2026-04-10,nasdaq,3187,1102,1906,275,420,119,161,395,924,513,933,41,66,57.22,46.75,44.55,39.81,30.41,12.77,34.18,5.65,47.39
2026-04-10,r2000,1962,679,1236,138,241,50,85,293,330,275,435,35,25,72.17,57.37,53.64,56.57,32.72,11.23,49.34,7.33,32.1
2026-04-10,scan,182,82,99,15,15,11,5,84,0,70,0,12,0,97.25,99.45,100.0,100.0,98.9,0.0,100.0,0.0,0.0
2026-04-10,sp500,501,138,362,25,53,6,11,47,42,30,61,14,16,66.87,47.7,45.11,54.4,26.75,13.4,49.2,5.2,32.2
2026-04-13,all,4347,2990,1181,702,293,433,55,571,968,773,883,92,30,69.28,55.34,51.58,46.89,32.36,10.9,40.18,6.75,42.17
2026-04-13,nasdaq,3187,2140,888,539,232,358,49,419,862,628,737,57,27,65.16,53.06,49.4,41.92,33.2,11.33,35.63,6.29,46.76
2026-04-13,r2000,1962,1431,484,339,119,212,15,309,290,371,309,43,2,79.16,63.61,59.74,58.37,36.21,10.28,50.4,8.07,31.26
2026-04-13,scan,204,168,34,24,8,20,1,97,0,96,0,12,0,95.59,99.51,100.0,100.0,98.04,0.0,100.0,0.0,0.0
2026-04-13,sp500,501,360,140,55,29,29,3,56,33,43,39,19,2,72.46,54.09,51.1,57.4,28.54,11.0,50.8,6.6,31.6
2026-04-14,all,4347,2669,1493,786,335,356,90,564,931,741,876,112,13,74.24,59.42,55.44,47.85,34.94,10.15,40.91,7.04,41.9
2026-04-14,nasdaq,3187,1956,1057,618,253,318,68,433,824,618,731,76,13,71.64,57.62,53.91,42.66,35.85,10.76,36.27,6.45,46.52
2026-04-14,r2000,1962,1266,656,361,148,156,36,293,275,341,298,59,0,83.87,67.96,62.97,59.63,39.54,9.54,51.19,8.54,30.73
2026-04-14,scan,199,130,68,31,12,11,7,80,0,72,0,11,0,96.98,98.99,100.0,100.0,97.99,0.0,100.0,0.0,0.0
2026-04-14,sp500,501,288,209,54,45,14,7,49,32,39,46,20,0,74.05,56.49,54.49,58.2,29.54,10.2,51.4,6.8,31.6
2026-04-15,all,4349,2426,1744,689,424,383,86,554,873,731,862,74,21,77.87,63.74,58.83,48.15,37.78,9.93,41.34,6.87,41.85
2026-04-15,nasdaq,3189,1848,1184,561,312,323,69,433,763,603,725,55,21,76.27,63.24,58.62,43.51,38.65,10.15,37.01,6.52,46.32
2026-04-15,r2000,1962,1105,816,318,193,181,31,293,256,348,289,48,3,87.14,72.74,66.05,59.58,42.87,9.7,51.45,8.22,30.63
2026-04-15,scan,230,108,118,24,27,10,4,88,0,73,0,1,0,97.39,99.13,100.0,100.0,99.57,0.0,100.0,0.0,0.0
2026-04-15,sp500,501,222,277,42,58,22,8,43,30,38,36,5,0,73.25,53.69,52.69,56.8,31.34,11.2,51.0,5.8,32.0
2026-04-16,all,4349,2135,2037,604,519,247,118,553,888,729,874,93,13,77.94,64.56,59.56,48.72,40.88,10.02,41.58,7.21,41.19
2026-04-16,nasdaq,3189,1529,1503,476,397,210,100,432,776,618,727,72,12,76.46,63.83,59.43,44.33,41.78,10.18,37.23,7.16,45.43
2026-04-16,r2000,1962,940,980,265,258,103,50,285,259,324,300,46,3,86.01,72.84,66.72,60.1,46.62,9.7,51.92,8.22,30.15
2026-04-16,scan,228,124,103,25,21,19,3,83,0,67,0,8,0,95.61,99.56,100.0,100.0,99.56,0.0,100.0,0.0,0.0
2026-04-16,sp500,501,299,201,55,48,19,7,47,29,36,42,15,1,75.65,58.88,53.69,57.0,33.53,12.0,50.8,6.2,31.0
2026-04-17,all,4350,3168,1022,1378,398,539,97,600,815,940,725,212,17,81.48,70.44,65.75,51.53,44.61,8.32,43.17,8.42,40.09
2026-04-17,nasdaq,3190,2250,790,979,277,403,66,472,721,788,625,137,16,79.94,68.58,64.69,46.15,45.45,8.9,38.63,7.56,44.91
2026-04-17,r2000,1962,1623,313,728,151,307,42,320,226,439,195,125,2,89.54,80.82,75.24,63.9,51.1,7.75,53.82,10.12,28.31
2026-04-17,scan,213,183,30,86,11,37,4,65,0,65,0,17,0,99.06,100.0,100.0,100.0,99.53,0.0,100.0,0.0,0.0
2026-04-17,sp500,501,394,105,191,61,31,11,43,22,53,35,34,0,80.44,66.07,61.48,62.2,36.33,8.0,54.0,8.2,29.8
2026-04-20,all,4352,2208,1970,645,488,220,82,596,798,933,701,134,15,80.52,70.61,65.81,51.65,47.59,8.44,43.17,8.54,39.84
2026-04-20,nasdaq,3192,1570,1472,514,376,196,70,475,706,780,605,90,13,79.35,68.78,64.26,46.32,48.28,9.0,38.63,7.73,44.64
2026-04-20,r2000,1964,1040,879,309,240,90,32,304,216,421,182,64,5,88.62,81.79,75.92,64.74,55.33,7.49,54.24,10.54,27.73
2026-04-20,scan,206,96,109,20,16,3,4,62,0,59,0,9,0,98.06,100.0,100.0,100.0,100.0,0.0,100.0,0.0,0.0
2026-04-20,sp500,501,276,223,42,32,5,2,46,20,58,36,31,0,78.24,64.07,62.67,61.2,38.92,9.0,53.4,7.8,29.8
2026-04-21,all,4353,1190,3015,416,848,148,254,551,864,960,695,78,33,73.85,65.77,61.89,50.05,49.5,9.25,42.49,7.62,40.65
2026-04-21,nasdaq,3193,860,2199,311,631,116,220,443,766,804,609,55,31,72.21,64.0,60.68,45.21,50.08,9.61,38.16,7.09,45.15
2026-04-21,r2000,1964,475,1460,188,424,67,124,280,246,422,178,30,2,82.29,76.27,71.21,62.49,57.68,8.38,53.51,9.01,29.1
2026-04-21,scan,228,77,149,18,41,9,8,67,1,91,0,2,0,94.3,100.0,100.0,100.0,96.05,0.0,100.0,0.0,0.0
2026-04-21,sp500,501,164,337,44,105,12,15,44,20,68,42,24,4,69.86,60.28,58.28,58.6,41.92,11.0,51.8,6.8,30.4
2026-04-22,all,4354,2389,1779,636,481,258,97,586,813,914,731,73,25,74.43,67.86,63.51,50.73,51.54,8.93,42.78,8.0,40.29
2026-04-22,nasdaq,3194,1820,1206,503,325,224,72,462,722,768,633,47,23,73.84,66.67,63.15,46.09,51.92,9.13,38.67,7.45,44.75
2026-04-22,r2000,1964,1135,794,299,214,118,49,302,219,399,193,39,1,82.39,78.63,72.95,63.17,59.94,8.17,53.69,9.48,28.66
2026-04-22,scan,240,143,95,29,26,10,1,86,3,84,0,7,0,92.92,100.0,100.0,100.0,93.75,0.0,100.0,0.0,0.0
2026-04-22,sp500,501,220,280,48,87,10,7,49,19,61,45,16,2,66.07,58.28,55.49,58.8,43.71,11.2,51.2,7.6,30.0
2026-04-23,all,4356,1549,2654,490,707,128,404,612,835,888,772,86,43,67.56,63.72,59.5,49.47,52.45,9.5,42.18,7.32,40.99
2026-04-23,nasdaq,3196,977,2079,326,563,101,318,471,737,727,683,48,38,65.06,61.54,58.2,44.32,52.46,9.9,37.77,6.54,45.79
2026-04-23,r2000,1966,778,1161,232,300,40,199,308,226,408,201,35,8,75.86,74.34,69.11,62.07,61.12,8.85,53.29,8.74,29.12
2026-04-23,scan,245,116,129,27,34,6,15,87,1,98,0,6,0,94.69,99.18,100.0,100.0,94.69,0.0,100.0,0.0,0.0
2026-04-23,sp500,501,272,228,88,85,22,46,58,20,64,45,30,4,66.47,60.88,55.89,59.0,45.71,10.6,51.4,7.6,30.4
2026-04-24,all,4358,2203,1961,544,497,202,125,578,829,1004,712,110,33,66.37,64.66,59.95,49.36,53.05,9.84,41.92,7.52,40.73
2026-04-24,nasdaq,3198,1623,1405,432,363,171,107,454,729,812,634,78,30,64.29,62.33,58.99,44.63,53.03,10.0,37.57,7.08,45.35
2026-04-24,r2000,1967,1083,842,252,243,77,57,286,234,465,166,62,2,74.99,75.94,69.6,61.49,62.08,9.37,52.87,8.64,29.12
2026-04-24,scan,235,116,118,23,28,9,2,67,1,108,0,7,0,93.19,99.57,100.0,100.0,97.02,0.0,100.0,0.0,0.0
2026-04-24,sp500,501,179,320,50,74,16,7,53,24,81,46,15,4,60.28,57.88,53.29,57.6,46.51,11.8,50.6,7.0,30.6
2026-04-27,all,4359,2078,2080,577,508,151,125,538,899,997,754,73,47,64.65,63.86,59.37,49.29,54.09,10.11,41.88,7.51,40.5
2026-04-27,nasdaq,3199,1449,1572,425,387,131,109,418,785,795,675,50,45,62.48,61.2,57.97,44.64,53.76,10.23,37.64,7.08,45.05
2026-04-27,r2000,1967,1075,843,295,212,65,48,266,270,475,179,45,5,73.92,75.69,70.01,61.64,63.05,9.47,52.79,8.89,28.84
2026-04-27,scan,248,153,95,42,27,6,10,70,2,114,0,5,0,93.15,99.6,100.0,100.0,95.97,0.0,100.0,0.0,0.0
2026-04-27,sp500,501,227,272,67,77,5,5,55,25,74,49,8,4,56.89,58.08,52.1,57.4,47.7,12.2,50.6,6.8,30.4
2026-04-28,all,4359,1791,2379,507,591,123,215,558,895,1004,777,57,50,60.09,62.73,58.49,48.81,54.23,10.83,41.45,7.44,40.29
2026-04-28,nasdaq,3199,1214,1815,352,427,95,178,428,793,792,710,39,43,57.14,59.53,56.42,43.68,53.44,11.07,36.99,6.74,45.2
2026-04-28,r2000,1967,951,965,267,248,46,78,295,255,510,180,42,4,70.39,74.57,69.5,61.43,64.07,10.05,52.71,8.73,28.51
2026-04-28,scan,244,95,148,27,45,2,15,83,2,120,0,5,0,94.67,100.0,100.0,100.0,97.13,0.0,100.0,0.0,0.0
2026-04-28,sp500,501,228,272,80,108,8,25,49,23,72,39,2,7,56.69,58.88,52.89,57.8,48.1,12.8,50.4,7.4,29.4
2026-04-29,all,4359,1124,3057,389,852,129,329,539,916,903,833,44,78,48.18,57.2,53.22,46.8,53.08,12.62,39.99,6.88,40.52
2026-04-29,nasdaq,3199,845,2194,271,573,100,263,413,810,707,750,27,68,46.07,54.57,51.3,42.14,51.62,12.64,35.87,6.3,45.19
2026-04-29,r2000,1967,393,1541,149,450,41,196,281,272,437,224,22,14,51.63,66.09,61.18,58.33,62.61,12.41,50.58,7.73,29.28
2026-04-29,scan,210,93,117,34,39,13,4,72,2,111,0,6,0,92.38,100.0,100.0,100.0,96.19,0.0,100.0,0.0,0.0
2026-04-29,sp500,501,167,333,77,138,28,15,49,28,77,40,10,15,49.1,54.89,50.3,56.6,48.7,14.0,48.8,7.8,29.4
2026-04-30,all,4359,3032,1147,1111,418,470,80,597,863,1193,700,98,34,56.88,62.87,58.91,48.91,53.16,10.85,41.45,7.51,40.19
2026-04-30,nasdaq,3199,2155,885,705,287,373,56,455,770,890,656,58,32,53.67,59.62,56.6,44.35,51.38,10.76,37.43,6.94,44.87
2026-04-30,r2000,1967,1478,453,563,173,239,35,309,248,608,143,46,4,62.77,72.22,67.93,60.85,62.51,10.67,52.1,8.73,28.5
2026-04-30,scan,253,201,50,80,28,44,3,85,3,154,0,5,0,92.09,100.0,100.0,100.0,97.23,0.0,100.0,0.0,0.0
2026-04-30,sp500,501,377,119,225,85,40,11,57,22,113,30,20,3,59.48,63.47,56.49,58.6,50.3,12.2,50.4,8.2,29.2
2026-05-01,all,4360,2436,1721,738,454,277,92,638,779,1316,616,124,26,59.23,64.79,60.99,49.51,53.74,10.51,41.83,7.72,39.94
2026-05-01,nasdaq,3200,1885,1141,543,282,232,63,487,700,992,573,75,17,58.1,62.82,59.55,45.21,51.54,10.25,37.92,7.3,44.52
2026-05-01,r2000,1968,1238,684,399,222,139,46,338,201,694,120,71,3,64.68,74.97,70.74,61.64,63.84,10.36,52.79,8.83,28.02
2026-05-01,scan,250,127,122,36,26,13,3,90,3,160,0,8,0,89.6,99.6,100.0,100.0,98.4,0.0,100.0,0.0,0.0
2026-05-01,sp500,501,177,322,66,77,8,4,53,18,109,33,21,11,56.89,59.28,55.49,58.4,50.7,12.4,50.2,8.2,29.2
2026-05-04,all,4362,1583,2623,553,824,226,256,641,762,1188,649,66,49,51.2,61.59,58.36,47.96,53.52,11.47,41.08,6.92,40.53
2026-05-04,nasdaq,3202,1283,1777,439,505,209,166,512,672,913,595,45,32,52.57,60.81,58.3,44.17,51.87,10.81,37.53,6.66,44.99
2026-05-04,r2000,1970,642,1295,265,470,92,153,315,211,595,130,35,10,52.75,69.66,65.68,59.17,63.07,12.14,51.29,7.88,28.69
2026-05-04,scan,218,122,96,39,29,17,4,84,1,131,0,2,0,85.78,99.54,100.0,100.0,98.17,0.0,100.0,0.0,0.0
2026-05-04,sp500,501,155,343,48,122,9,18,51,16,102,40,14,17,46.31,56.69,52.5,55.6,49.5,14.0,48.8,6.8,30.4
2026-05-05,all,4362,2567,1606,830,502,303,149,717,707,1221,658,141,41,54.8,63.77,60.86,49.2,53.87,10.72,41.73,7.52,40.03
2026-05-05,nasdaq,3202,1743,1281,574,366,242,124,575,629,932,605,83,34,54.97,62.82,60.16,44.98,52.41,10.41,37.88,7.13,44.58
2026-05-05,r2000,1970,1366,574,439,209,151,61,360,177,627,134,86,9,59.84,72.78,70.03,61.32,63.12,10.88,52.39,8.93,27.8
2026-05-05,scan,226,163,63,46,20,25,1,82,0,115,1,5,0,85.4,100.0,100.0,100.0,96.9,0.0,100.0,0.0,0.0
2026-05-05,sp500,501,321,180,105,77,21,9,56,16,100,38,27,5,48.7,58.08,54.09,56.2,49.7,12.8,49.2,7.0,31.0
2026-05-06,all,4362,2546,1653,1139,697,490,234,715,680,1477,579,160,53,58.78,65.9,63.05,50.95,55.13,9.53,42.5,8.51,39.46
2026-05-06,nasdaq,3202,1815,1237,795,471,388,157,583,601,1132,530,100,47,58.77,64.61,62.01,46.51,53.34,9.1,38.76,7.79,44.35
2026-05-06,r2000,1970,1236,706,552,338,224,133,348,176,767,115,78,8,64.12,74.31,71.83,63.31,64.57,9.72,53.39,9.93,26.96
2026-05-06,scan,240,171,66,75,37,44,15,74,0,154,0,4,0,90.42,100.0,100.0,100.0,95.0,0.0,100.0,0.0,0.0
2026-05-06,sp500,501,317,183,162,117,47,26,57,19,124,30,37,11,52.69,59.08,56.69,58.2,50.3,11.8,49.6,8.6,30.0
2026-05-07,all,4362,1659,2533,771,1024,254,315,701,687,1413,597,59,50,53.28,63.71,60.9,49.75,55.0,10.66,41.48,8.36,39.5
2026-05-07,nasdaq,3202,1233,1818,538,668,195,241,574,612,1083,542,39,42,53.44,62.64,59.8,45.3,53.67,10.13,37.75,7.62,44.5
2026-05-07,r2000,1970,813,1119,407,512,127,171,335,183,731,145,33,14,59.12,71.4,69.89,61.83,63.91,11.34,51.94,9.98,26.73
2026-05-07,scan,204,69,134,38,58,7,13,59,0,125,0,4,0,86.27,100.0,100.0,100.0,98.04,0.0,100.0,0.0,0.0
2026-05-07,sp500,501,173,328,105,178,14,18,55,14,117,25,6,3,45.11,58.08,54.29,57.4,50.3,12.8,49.6,7.8,29.8
2026-05-08,all,4364,2094,2111,821,709,276,191,744,672,1599,568,111,67,51.21,62.08,60.22,49.98,54.44,10.49,41.37,8.7,39.44
2026-05-08,nasdaq,3203,1519,1548,605,486,231,151,619,586,1203,510,78,47,51.65,61.17,59.26,45.82,53.13,9.63,37.93,7.95,44.49
2026-05-08,r2000,1972,1067,866,445,358,135,96,354,186,835,121,69,15,56.68,69.66,69.05,62.2,63.48,11.13,52.05,10.24,26.58
2026-05-08,scan,183,133,50,50,17,17,4,50,3,131,0,1,0,86.89,100.0,100.0,100.0,96.72,0.0,100.0,0.0,0.0
2026-05-08,sp500,501,211,290,77,110,22,8,59,20,133,29,19,17,42.71,55.69,52.69,56.2,48.3,14.6,47.4,8.8,29.2
2026-05-11,all,4366,1569,2659,770,1107,287,315,860,618,1343,628,108,125,45.64,57.57,56.79,48.12,53.04,11.37,40.61,7.63,40.39
2026-05-11,nasdaq,3205,1165,1913,579,769,241,229,710,532,1032,549,81,86,46.41,57.38,56.49,44.38,52.04,10.21,37.35,7.14,45.29
2026-05-11,r2000,1974,600,1343,347,598,127,189,406,173,653,147,45,33,46.74,62.87,63.07,58.74,60.98,13.02,50.55,8.29,28.14
2026-05-11,scan,201,117,84,51,32,23,6,74,0,124,0,4,0,88.56,99.0,100.0,100.0,97.01,0.0,100.0,0.0,0.0
2026-05-11,sp500,501,218,283,92,144,21,17,69,26,123,43,27,33,42.71,52.1,50.9,55.4,47.7,15.2,47.4,8.0,29.4
2026-05-12,all,4368,1553,2632,670,956,143,200,715,742,1340,629,33,102,41.96,54.95,54.94,47.45,50.94,11.51,40.03,7.5,40.95
2026-05-12,nasdaq,3207,1079,1957,440,676,110,166,598,627,1037,542,20,79,42.3,54.46,54.28,43.65,50.02,10.54,36.66,7.07,45.73
2026-05-12,r2000,1974,673,1272,319,529,76,100,326,234,643,167,17,37,41.85,60.13,61.29,58.22,58.07,13.23,49.87,8.45,28.45
2026-05-12,scan,206,88,116,34,51,9,2,65,0,131,0,2,0,89.81,99.51,100.0,100.0,99.03,0.0,100.0,0.0,0.0
2026-05-12,sp500,501,259,241,126,102,9,3,62,34,124,35,6,13,44.71,52.89,51.9,56.0,46.51,13.8,48.0,8.0,30.2
2026-05-13,all,4368,1716,2471,761,939,254,245,686,784,1238,702,93,143,40.62,52.07,52.44,46.78,48.79,11.82,39.45,7.41,41.33
2026-05-13,nasdaq,3207,1319,1731,582,630,221,194,577,657,972,593,65,98,41.22,52.6,52.7,43.15,48.5,10.77,36.11,7.1,46.02
2026-05-13,r2000,1974,740,1192,355,501,112,106,321,250,575,207,37,56,39.96,55.13,57.46,57.23,54.19,13.81,49.08,8.24,28.87
2026-05-13,scan,194,111,81,49,29,15,2,57,1,109,0,4,0,90.21,98.45,100.0,100.0,98.97,0.0,100.0,0.0,0.0
2026-05-13,sp500,501,177,322,75,134,8,17,53,35,112,44,26,33,42.12,48.1,46.71,55.0,44.51,14.0,47.4,7.6,31.0
2026-05-14,all,4369,2408,1764,833,609,278,165,722,766,1324,625,81,66,42.23,53.1,54.27,46.93,47.24,11.67,39.48,7.5,41.34
2026-05-14,nasdaq,3208,1680,1352,622,465,246,140,606,644,1044,527,54,55,43.36,53.45,54.28,43.23,47.27,10.8,36.03,7.23,45.93
2026-05-14,r2000,1975,1160,772,399,308,110,81,335,249,614,193,42,20,42.01,56.71,60.16,57.61,51.74,13.54,49.29,8.4,28.77
2026-05-14,scan,188,91,95,27,29,10,7,58,1,116,0,3,0,88.83,100.0,100.0,100.0,98.4,0.0,100.0,0.0,0.0
2026-05-14,sp500,501,300,200,84,49,16,5,57,34,124,34,18,5,41.72,47.5,47.7,55.6,43.51,13.0,47.8,7.8,31.4
2026-05-15,all,4372,989,3235,443,1161,113,389,655,780,1365,630,23,111,33.7,45.24,47.94,44.64,44.59,13.21,38.08,6.58,42.13
2026-05-15,nasdaq,3211,744,2330,323,781,87,308,549,644,1077,537,16,69,35.05,46.3,48.67,41.66,45.04,11.75,35.06,6.63,46.55
2026-05-15,r2000,1976,383,1567,192,602,45,180,310,257,624,181,11,42,30.75,46.04,50.66,53.82,47.85,16.11,46.96,6.93,30.01
2026-05-15,scan,159,41,118,15,40,4,19,55,2,115,0,0,0,91.19,100.0,100.0,100.0,99.37,0.0,100.0,0.0,0.0
2026-05-15,sp500,501,140,359,77,167,10,27,52,38,127,33,8,22,36.13,42.51,45.51,52.8,41.32,14.4,46.4,6.4,32.8
2026-05-18,all,4373,2163,2067,782,797,208,332,696,730,1392,582,43,86,34.34,45.77,48.81,45.51,42.48,12.8,38.27,7.25,41.67
2026-05-18,nasdaq,3212,1420,1662,507,626,150,296,574,618,1101,504,20,75,34.41,45.45,48.06,42.02,43.01,11.75,34.97,7.09,46.19
2026-05-18,r2000,1976,1118,838,397,385,103,161,325,228,635,165,24,22,32.79,48.44,53.27,54.57,45.05,15.74,47.06,7.56,29.64
2026-05-18,scan,151,85,66,27,27,5,10,54,1,105,0,3,0,88.74,100.0,100.0,100.0,98.01,0.0,100.0,0.0,0.0
2026-05-18,sp500,501,354,145,137,54,17,14,58,30,129,22,12,4,45.11,49.3,52.1,56.6,40.72,12.0,48.0,8.6,31.4
2026-05-19,all,4373,1405,2768,558,912,112,197,644,791,1133,731,32,103,31.15,42.63,46.1,43.9,39.7,13.69,37.47,6.48,42.36
2026-05-19,nasdaq,3212,1065,1975,386,599,98,141,532,662,906,626,13,70,31.7,42.81,45.9,40.52,40.25,12.62,34.25,6.36,46.77
2026-05-19,r2000,1976,584,1332,242,461,45,101,301,253,506,239,17,40,28.94,43.7,49.54,52.74,41.73,16.95,46.17,6.61,30.27
2026-05-19,scan,138,50,88,19,30,2,4,48,1,86,0,4,0,89.86,99.28,100.0,100.0,95.65,0.0,100.0,0.0,0.0
2026-05-19,sp500,501,184,316,101,129,2,17,52,32,102,31,12,11,40.12,47.9,48.1,54.6,39.92,12.8,47.4,7.2,32.6
2026-05-20,all,4373,3153,1050,1103,371,452,62,702,697,1184,677,59,35,41.14,49.69,52.2,46.43,40.11,11.53,39.06,7.42,41.99
2026-05-20,nasdaq,3212,2284,765,759,250,365,56,578,592,935,590,43,32,41.34,49.45,51.89,42.73,40.5,10.77,35.65,7.15,46.43
2026-05-20,r2000,1976,1580,378,597,148,226,16,322,212,555,196,39,7,41.54,53.39,57.2,56.19,42.39,13.85,48.64,7.61,29.91
2026-05-20,scan,184,146,37,54,8,31,1,63,1,105,0,4,0,80.43,98.91,100.0,100.0,90.22,0.0,100.0,0.0,0.0
2026-05-20,sp500,501,349,150,152,70,38,3,56,26,110,24,6,0,48.3,51.5,53.89,57.0,39.92,10.6,48.6,8.4,32.4
2026-05-21,all,4375,2543,1665,843,461,335,86,695,678,1195,673,63,21,45.7,51.69,53.5,46.97,41.28,11.24,39.46,7.51,41.79
2026-05-21,nasdaq,3214,1871,1190,616,301,290,67,581,577,943,581,44,21,46.05,51.87,53.23,43.45,41.65,10.31,36.1,7.35,46.24
2026-05-21,r2000,1976,1263,679,447,199,165,34,319,198,555,188,37,3,47.43,56.05,58.89,57.08,44.13,13.43,49.32,7.76,29.49
2026-05-21,scan,185,119,64,29,16,16,2,66,0,113,0,1,0,80.0,98.38,100.0,100.0,85.41,0.0,100.0,0.0,0.0
2026-05-21,sp500,501,287,210,84,76,14,7,50,28,110,24,10,1,52.5,52.1,55.69,57.8,41.72,10.2,49.2,8.6,32.0
2026-05-22,all,4377,2371,1803,660,445,281,86,730,672,1205,674,84,22,49.92,52.42,54.87,47.81,42.75,10.78,39.98,7.82,41.42
2026-05-22,nasdaq,3216,1643,1396,504,351,236,78,607,581,952,584,64,20,49.55,52.17,54.35,43.91,43.15,10.07,36.32,7.58,46.03
2026-05-22,r2000,1977,1087,824,293,197,126,23,340,198,556,196,41,2,51.4,55.74,59.5,57.65,46.07,13.22,49.53,8.13,29.12
2026-05-22,scan,183,127,55,26,11,15,2,64,0,110,0,4,0,83.06,99.45,100.0,100.0,89.07,0.0,100.0,0.0,0.0
2026-05-22,sp500,501,352,148,71,26,22,3,55,23,113,24,19,0,59.88,56.49,58.48,59.6,43.11,8.6,51.6,8.0,31.8
2026-05-26,all,4377,2575,1637,1022,559,422,127,752,639,1289,653,156,30,54.97,54.84,57.29,49.08,45.18,9.83,40.95,8.08,41.14
2026-05-26,nasdaq,3216,1808,1258,767,405,351,105,626,552,1012,567,107,27,53.74,53.77,56.12,45.17,45.18,9.36,37.17,7.93,45.54
2026-05-26,r2000,1977,1383,555,529,218,195,53,353,184,599,183,86,3,60.04,60.8,64.25,59.63,50.0,11.69,51.05,8.54,28.72
2026-05-26,scan,188,146,41,52,16,31,3,65,0,112,0,4,0,87.77,99.47,100.0,100.0,88.83,0.0,100.0,0.0,0.0
2026-05-26,sp500,501,252,248,83,92,29,5,55,20,115,26,30,1,61.48,54.69,56.89,59.8,45.31,8.6,51.8,8.0,31.6
2026-05-27,all,4377,2126,2066,798,590,254,118,826,584,1189,715,101,38,55.63,55.35,57.74,49.45,46.32,9.83,40.9,8.51,40.75
2026-05-27,nasdaq,3216,1483,1571,562,440,200,88,684,524,950,617,68,32,54.42,54.25,56.45,45.62,46.23,9.19,37.21,8.36,45.24
2026-05-27,r2000,1977,1072,852,384,260,114,55,404,152,553,213,49,7,61.72,61.0,64.88,60.49,51.3,11.37,51.36,9.12,28.14
2026-05-27,scan,190,99,89,34,22,11,3,75,0,103,0,7,0,86.32,100.0,100.0,100.0,91.05,0.0,100.0,0.0,0.0
2026-05-27,sp500,501,234,263,101,81,16,11,56,20,95,33,18,2,56.49,54.69,56.69,59.0,46.91,9.8,51.0,8.0,31.2
2026-05-28,all,4379,2493,1704,938,563,368,75,830,586,1214,680,97,21,57.91,56.66,59.75,50.62,47.75,9.16,41.78,8.77,40.29
2026-05-28,nasdaq,3217,1855,1194,695,381,317,63,695,527,977,582,62,14,57.25,56.16,58.68,46.9,47.08,8.46,38.25,8.56,44.72
2026-05-28,r2000,1977,1192,748,419,231,141,31,402,147,546,204,59,5,65.4,62.7,67.48,61.74,53.65,10.69,52.15,9.54,27.62
2026-05-28,scan,193,101,90,28,30,13,2,71,0,94,0,2,0,86.01,98.45,100.0,100.0,93.26,0.0,100.0,0.0,0.0
2026-05-28,sp500,502,238,263,111,107,31,6,55,19,103,34,8,5,55.69,52.89,57.29,60.2,47.5,9.4,51.6,8.6,30.4
2026-05-29,all,4379,1826,2380,1007,1173,279,178,790,602,1261,677,80,26,56.69,55.39,58.69,50.33,47.98,9.3,41.6,8.7,40.4
2026-05-29,nasdaq,3217,1393,1670,706,712,237,152,662,542,1026,570,54,14,57.12,55.59,58.24,46.7,47.59,8.62,38.08,8.58,44.71
2026-05-29,r2000,1977,791,1137,453,556,106,77,375,152,563,205,36,5,61.52,59.92,64.98,61.12,53.96,11.01,51.68,9.38,27.94
2026-05-29,scan,180,76,101,53,65,8,9,61,0,90,0,0,0,83.89,96.67,100.0,100.0,95.0,0.0,100.0,0.0,0.0
2026-05-29,sp500,502,197,305,186,275,31,7,54,22,114,33,16,8,50.7,51.3,55.09,59.4,45.91,9.8,51.6,7.8,30.8
2026-06-01,all,4379,1905,2312,958,899,351,190,786,625,1212,769,98,43,53.9,53.27,56.54,49.84,48.0,10.31,40.81,8.96,39.92
2026-06-01,nasdaq,3217,1429,1636,707,605,292,166,652,548,986,642,60,32,55.25,53.99,56.72,46.74,48.06,9.35,37.49,9.18,43.98
2026-06-01,r2000,1977,818,1126,446,470,161,84,376,167,542,244,46,9,56.5,55.45,61.31,60.51,53.09,12.05,51.21,9.22,27.52
2026-06-01,scan,164,90,73,38,26,16,3,66,0,85,0,3,0,89.02,98.78,100.0,100.0,96.95,0.0,100.0,0.0,0.0
2026-06-01,sp500,502,211,291,118,128,15,5,54,25,105,47,26,7,47.9,49.7,53.09,55.6,45.11,13.6,47.4,8.2,30.8
2026-06-02,all,4379,1929,2262,777,883,242,266,808,629,1099,883,102,57,54.45,52.19,55.41,49.12,48.12,10.33,40.63,8.43,40.61
2026-06-02,nasdaq,3217,1254,1799,528,681,195,251,660,555,886,750,62,45,53.4,51.22,54.52,45.34,47.72,9.94,36.88,8.38,44.8
2026-06-02,r2000,1977,999,929,401,398,98,128,386,164,503,299,57,13,59.49,57.03,61.26,59.89,53.65,12.05,50.89,9.01,28.04
2026-06-02,scan,179,111,67,54,25,28,3,71,1,88,0,4,0,87.71,99.44,100.0,100.0,93.85,0.0,100.0,0.0,0.0
2026-06-02,sp500,502,259,242,105,114,28,10,60,29,96,52,22,9,52.5,50.3,52.89,56.2,46.11,12.2,49.0,7.2,31.6
2026-06-03,all,4379,1096,3135,462,1255,129,377,737,678,940,1020,58,77,42.92,43.73,48.84,46.9,46.11,11.36,39.71,7.15,41.78
2026-06-03,nasdaq,3217,828,2256,343,861,119,295,614,599,761,872,43,58,42.41,43.3,48.03,43.46,45.48,10.7,36.17,7.22,45.91
2026-06-03,r2000,1977,406,1544,177,708,36,194,339,180,425,357,20,28,41.88,44.39,52.07,56.23,50.89,14.15,49.06,7.23,29.56
2026-06-03,scan,169,69,100,26,39,11,10,67,0,74,0,4,0,91.72,97.04,100.0,100.0,92.31,0.0,100.0,0.0,0.0
2026-06-03,sp500,502,201,299,97,144,12,14,57,27,89,55,19,10,50.5,46.91,50.7,56.2,44.91,11.4,49.4,6.8,32.4
2026-06-04,all,4379,2902,1290,1048,432,346,91,823,593,1000,958,86,41,54.15,50.98,54.32,49.22,46.11,9.84,40.98,8.21,40.96
2026-06-04,nasdaq,3217,2025,1023,714,328,277,79,676,534,792,821,51,35,52.01,50.11,53.04,45.46,45.36,9.27,37.36,8.05,45.31
2026-06-04,r2000,1977,1505,435,576,165,176,34,391,147,472,319,54,9,58.77,55.4,60.08,59.73,51.15,12.0,50.84,8.91,28.25
2026-06-04,scan,204,144,60,40,18,23,4,91,0,94,0,3,0,88.73,98.53,100.0,100.0,95.1,0.0,100.0,0.0,0.0
2026-06-04,sp500,502,361,140,153,58,24,4,67,22,92,41,17,3,62.28,54.89,56.29,59.0,45.71,8.8,51.4,7.6,32.2
2026-06-05,all,4381,1195,3046,505,1138,70,784,659,739,744,1231,51,96,44.41,44.4,47.87,46.99,44.2,11.03,39.58,7.34,42.05
2026-06-05,nasdaq,3219,756,2337,319,910,57,681,547,663,597,1056,28,90,40.75,42.36,45.77,42.58,43.31,10.92,35.64,6.85,46.59
2026-06-05,r2000,1978,622,1323,254,491,24,336,306,208,339,450,39,19,49.7,48.98,53.85,57.09,49.57,13.56,49.01,8.01,29.42
2026-06-05,scan,151,35,116,11,59,2,30,52,1,61,0,2,0,90.07,98.68,100.0,100.0,98.68,0.0,100.0,0.0,0.0
2026-06-05,sp500,502,237,265,113,121,8,56,48,20,67,49,11,3,61.48,53.49,55.09,59.6,45.71,7.6,52.2,7.4,32.8
2026-06-08,all,4382,2140,2066,713,660,198,117,705,693,752,1234,36,77,44.69,45.02,47.99,47.15,43.34,11.13,39.52,7.55,41.8
2026-06-08,nasdaq,3220,1601,1458,522,453,163,101,583,626,607,1050,21,69,42.06,43.52,46.19,43.22,42.54,10.75,35.96,7.18,46.11
2026-06-08,r2000,1978,1066,874,351,272,74,36,331,175,337,454,25,16,50.61,50.36,54.62,57.35,48.75,13.56,49.06,8.22,29.16
2026-06-08,scan,193,129,62,38,15,10,1,88,0,98,0,0,0,86.53,99.48,100.0,100.0,96.37,0.0,100.0,0.0,0.0
2026-06-08,sp500,502,180,321,61,112,4,4,57,17,69,53,4,3,55.29,50.3,53.09,58.2,45.31,8.8,50.6,7.6,33.0
2026-06-09,all,4384,2473,1735,1094,696,294,285,778,671,819,1125,108,71,49.06,47.18,49.95,48.19,42.7,10.45,40.23,7.89,41.43
2026-06-09,nasdaq,3222,1625,1439,690,557,212,246,628,613,649,979,61,65,44.15,44.06,46.86,43.31,41.45,10.71,36.14,7.08,46.06
2026-06-09,r2000,1978,1317,622,587,283,145,118,379,161,390,391,81,14,56.33,53.36,57.07,59.49,48.49,11.99,50.31,9.11,28.59
2026-06-09,scan,174,122,52,57,30,28,3,78,1,75,1,1,0,86.78,99.43,100.0,100.0,96.55,0.0,100.0,0.0,0.0
2026-06-09,sp500,502,371,130,190,67,31,12,67,16,72,35,16,1,64.87,58.08,58.68,61.2,45.91,7.4,52.2,9.0,31.4
2026-06-10,all,4386,1823,2394,764,767,183,182,743,718,779,1214,72,86,46.74,45.9,48.23,47.85,41.8,10.55,40.09,7.7,41.67
2026-06-10,nasdaq,3224,1336,1739,553,512,164,135,602,657,623,1047,47,73,42.46,43.49,46.07,43.01,40.31,10.91,35.85,7.08,46.16
2026-06-10,r2000,1978,908,1017,422,371,66,78,359,184,363,434,55,24,55.14,52.34,55.59,59.12,47.93,11.94,50.37,8.69,29.01
2026-06-10,scan,154,62,91,24,35,5,3,66,0,65,0,1,0,93.51,100.0,100.0,100.0,96.1,0.0,100.0,0.0,0.0
2026-06-10,sp500,502,174,327,80,128,2,29,58,18,66,49,8,5,56.29,51.9,51.7,59.6,44.71,7.8,51.8,7.8,32.6
2026-06-11,all,4388,2938,1282,1138,437,561,96,838,676,943,1000,122,45,53.39,50.69,52.16,49.33,42.42,9.57,41.05,8.22,41.17
2026-06-11,nasdaq,3226,2142,937,795,313,441,84,658,626,746,859,73,43,49.21,47.93,49.5,44.59,40.63,9.95,37.04,7.47,45.54
2026-06-11,r2000,1979,1409,527,595,192,269,26,423,157,448,333,82,4,62.04,58.15,59.64,60.55,48.72,10.89,51.26,9.21,28.64
2026-06-11,scan,204,177,26,78,8,52,1,105,0,100,0,11,0,88.73,99.51,100.0,100.0,93.14,0.0,100.0,0.0,0.0
2026-06-11,sp500,502,322,178,163,71,55,8,65,17,81,40,15,7,64.67,58.28,56.89,61.2,47.31,6.6,52.6,8.6,32.2
2026-06-12,all,4389,2422,1781,731,417,168,136,854,680,941,1015,152,55,55.55,52.41,53.38,49.44,43.0,9.51,41.18,8.17,41.14
2026-06-12,nasdaq,3227,1587,1470,509,324,143,124,660,635,719,890,102,54,49.63,48.21,49.87,44.02,40.92,10.01,36.98,6.94,46.07
2026-06-12,r2000,1980,1281,650,413,189,77,31,452,146,456,307,108,2,66.35,60.64,61.86,61.28,49.67,10.62,51.6,9.58,28.21
2026-06-12,scan,223,175,47,26,15,13,2,123,0,123,0,13,0,91.03,99.55,100.0,100.0,96.86,0.0,100.0,0.0,0.0
2026-06-12,sp500,502,394,108,90,27,6,5,70,17,93,36,25,3,71.06,64.87,61.28,62.0,48.3,6.2,53.2,8.8,31.8
2026-06-15,all,4390,2122,2090,824,858,329,178,939,631,939,959,76,46,55.68,53.43,53.64,49.34,43.42,9.46,41.33,7.95,41.26
2026-06-15,nasdaq,3228,1620,1441,598,542,292,132,718,587,735,835,50,43,51.18,49.58,50.56,44.06,41.05,9.94,37.2,6.77,46.09
2026-06-15,r2000,1980,856,1084,365,489,124,82,493,117,438,299,36,5,64.32,60.13,60.75,60.87,50.25,10.62,51.99,8.79,28.61
2026-06-15,scan,224,152,71,51,32,27,4,143,1,128,0,12,0,89.73,100.0,100.0,100.0,93.75,0.0,100.0,0.0,0.0
2026-06-15,sp500,502,262,239,125,126,33,15,86,16,92,32,16,2,70.26,69.06,64.07,62.8,49.1,5.8,53.0,9.8,31.4
2026-06-16,all,4391,1832,2378,749,766,160,209,939,613,925,957,33,56,53.3,52.37,52.74,49.2,43.51,9.36,41.2,8.0,41.44
2026-06-16,nasdaq,3229,1220,1846,497,564,147,177,723,571,734,830,15,55,48.32,48.15,49.09,43.73,40.87,10.01,36.8,6.87,46.32
2026-06-16,r2000,1980,899,1031,404,386,58,83,489,115,425,307,21,4,61.34,59.01,59.68,60.5,50.61,10.72,51.7,8.78,28.8
2026-06-16,scan,221,74,145,24,37,3,8,144,0,131,0,1,0,90.95,99.1,100.0,100.0,95.48,0.0,100.0,0.0,0.0
2026-06-16,sp500,503,273,230,106,76,3,12,85,14,88,29,5,1,68.46,69.26,65.87,64.2,49.3,5.2,54.0,10.2,30.6
2026-06-17,all,4391,1484,2725,647,1196,243,264,891,647,955,932,39,65,46.06,48.35,48.82,48.31,42.67,9.74,40.93,7.37,41.96
2026-06-17,nasdaq,3229,1248,1819,514,721,222,181,697,601,768,791,21,55,44.03,46.15,46.78,43.58,40.19,9.84,36.99,6.54,46.63
2026-06-17,r2000,1980,630,1306,321,690,110,143,459,127,450,299,17,9,51.32,54.02,54.49,58.83,49.08,11.66,50.86,7.95,29.53
2026-06-17,scan,205,88,117,35,46,10,3,130,0,127,0,5,0,84.88,100.0,100.0,100.0,97.56,0.0,100.0,0.0,0.0
2026-06-17,sp500,503,73,429,51,222,5,36,74,17,77,39,9,16,51.9,57.88,55.09,61.6,48.9,6.4,53.0,8.6,32.0
2026-06-18,all,4391,2653,1585,1941,966,502,167,901,656,918,1020,90,80,50.93,51.26,51.41,49.5,42.67,8.95,41.43,8.07,41.55
2026-06-18,nasdaq,3229,1887,1201,1284,606,404,136,703,612,731,852,60,68,48.13,48.84,49.14,44.86,40.48,8.95,37.68,7.13,46.24
2026-06-18,r2000,1980,1474,475,1213,401,292,56,483,120,454,329,57,8,61.0,59.68,59.79,61.18,49.39,10.04,51.96,9.2,28.8
2026-06-18,scan,209,179,28,152,26,51,2,133,0,111,0,3,0,86.12,98.56,100.0,100.0,93.78,0.0,100.0,0.0,0.0
2026-06-18,sp500,503,265,237,262,235,35,14,75,19,73,56,7,13,51.5,56.89,56.29,61.4,47.5,6.6,52.8,8.6,32.0
2026-06-22,all,4394,1822,2428,904,922,125,141,972,618,861,1097,74,109,48.0,50.63,49.37,49.06,42.28,9.07,41.3,7.78,41.85
2026-06-22,nasdaq,3232,1336,1765,619,619,114,126,760,571,682,924,54,87,45.65,48.11,47.03,44.46,39.94,9.05,37.54,6.9,46.52
2026-06-22,r2000,1983,845,1107,469,459,38,35,522,113,418,360,35,17,56.95,59.07,57.49,60.87,49.69,9.78,52.01,8.89,29.33
2026-06-22,scan,219,132,85,70,32,4,1,141,0,122,0,11,0,85.84,99.09,100.0,100.0,96.35,0.0,100.0,0.0,0.0
2026-06-22,sp500,503,266,236,166,137,4,3,83,14,80,52,14,24,52.3,58.28,55.69,60.4,47.7,8.2,51.8,8.6,31.4
2026-06-23,all,4395,2246,1964,946,638,176,214,975,616,918,1072,77,85,49.44,51.36,50.66,49.69,42.58,8.61,41.38,8.32,41.69
2026-06-23,nasdaq,3233,1563,1503,644,448,145,178,767,574,711,916,57,80,46.36,48.45,47.69,45.29,39.85,8.51,37.71,7.56,46.22
2026-06-23,r2000,1983,1186,761,549,272,84,77,537,104,481,333,57,12,60.14,61.16,59.79,62.01,50.82,9.09,52.22,9.82,28.88
2026-06-23,scan,232,101,130,39,54,4,26,157,0,137,0,5,0,83.62,99.14,100.0,100.0,98.28,0.0,100.0,0.0,0.0
2026-06-23,sp500,503,282,220,132,122,6,31,73,17,84,52,5,3,54.29,58.68,59.88,61.8,48.9,7.0,52.2,9.6,31.2
2026-06-24,all,4395,2254,1967,1169,728,329,293,1083,589,882,1134,162,99,50.95,51.92,51.76,50.17,43.02,8.58,41.12,9.06,41.24
2026-06-24,nasdaq,3233,1527,1551,762,507,216,248,827,551,675,965,120,89,46.66,48.2,48.07,45.33,40.04,8.67,37.39,7.91,46.03
2026-06-24,r2000,1983,1230,714,707,326,190,123,608,95,470,354,119,22,63.78,62.68,61.77,62.85,51.63,9.14,51.7,11.17,27.99
2026-06-24,scan,213,123,90,62,34,17,8,151,0,117,0,9,0,87.79,99.53,100.0,100.0,98.59,0.0,100.0,0.0,0.0
2026-06-24,sp500,503,319,181,181,94,37,7,90,15,76,50,15,2,59.76,63.27,63.67,63.6,50.1,6.2,52.8,10.8,30.2
2026-06-25,all,4395,1980,2235,831,685,185,226,978,660,808,1184,172,153,49.87,50.63,50.63,49.77,43.37,8.96,40.42,9.37,41.25
2026-06-25,nasdaq,3233,1291,1779,545,503,149,189,748,615,611,1029,102,137,45.17,46.14,46.32,44.56,40.11,9.1,36.68,7.84,46.37
2026-06-25,r2000,1983,1049,891,444,336,84,89,536,117,439,354,110,29,63.18,62.58,61.37,62.74,52.75,9.13,50.94,11.85,28.08
2026-06-25,scan,236,172,63,65,23,28,3,142,0,97,1,9,0,88.14,99.15,100.0,100.0,96.61,0.0,100.0,0.0,0.0
2026-06-25,sp500,503,303,200,138,86,20,14,87,18,76,51,34,11,60.76,62.67,63.47,62.8,51.5,7.2,52.0,10.8,30.0
2026-06-26,all,4396,2970,1275,2223,769,780,208,1088,586,960,1049,272,69,56.04,55.55,54.64,51.8,44.39,7.41,41.61,10.21,40.77
2026-06-26,nasdaq,3234,2110,988,1455,527,590,175,828,549,716,931,167,68,50.85,50.56,50.13,46.33,40.44,7.65,37.77,8.54,46.04
2026-06-26,r2000,1983,1568,389,1430,317,503,48,620,84,543,260,212,3,72.18,69.36,67.53,65.61,54.94,7.1,52.66,13.0,27.24
2026-06-26,scan,211,141,69,136,64,34,14,127,0,102,1,11,0,91.0,100.0,100.0,100.0,95.26,0.0,100.0,0.0,0.0
2026-06-26,sp500,503,322,179,301,163,44,38,82,17,86,41,32,2,62.75,66.27,64.07,65.0,54.29,6.0,52.8,12.2,29.0
2026-06-29,all,4398,2285,1959,1029,843,190,65,1059,613,1017,1018,195,48,58.85,57.27,55.84,52.35,46.0,7.34,41.54,10.85,40.27
2026-06-29,nasdaq,3236,1770,1325,753,517,183,58,812,569,773,901,118,41,54.74,53.0,51.94,47.45,42.07,7.28,38.0,9.43,45.29
2026-06-29,r2000,1985,1015,945,564,537,35,13,595,96,550,249,133,6,72.23,70.41,67.92,66.16,56.87,7.36,52.35,13.88,26.41
2026-06-29,scan,224,135,89,70,43,6,1,123,0,96,1,13,0,93.75,99.11,100.0,100.0,95.98,0.0,100.0,0.0,0.0
2026-06-29,sp500,503,231,270,100,106,7,5,85,18,92,46,30,8,65.14,66.67,64.67,63.2,54.89,6.8,52.0,11.2,30.0
2026-06-30,all,4398,2144,2086,895,749,293,132,1123,569,1107,969,143,49,60.06,57.73,56.37,52.78,47.65,7.07,41.77,11.06,40.1
2026-06-30,nasdaq,3236,1626,1461,653,476,264,107,866,526,850,860,100,41,56.73,54.0,52.83,48.48,43.41,6.65,38.47,10.01,44.86
2026-06-30,r2000,1985,990,942,473,384,114,52,615,87,624,233,92,6,72.79,70.36,68.23,66.22,58.91,7.04,52.74,13.62,26.6
2026-06-30,scan,239,141,95,64,41,22,4,145,0,111,1,12,0,94.98,99.58,100.0,100.0,97.07,0.0,100.0,0.0,0.0
2026-06-30,sp500,503,213,290,107,139,19,10,99,16,91,44,16,7,62.95,64.27,62.28,61.8,57.68,7.8,51.4,10.4,30.4
2026-07-01,all,4398,2428,1824,949,572,345,190,1282,500,1259,907,225,27,62.46,59.12,57.69,53.51,48.76,6.97,41.86,11.72,39.45
2026-07-01,nasdaq,3236,1800,1306,697,382,274,151,992,456,960,801,159,22,60.18,55.87,54.54,49.1,44.65,6.42,38.62,10.5,44.45
2026-07-01,r2000,1985,1116,833,525,304,150,89,710,72,717,221,175,6,74.41,72.08,69.91,67.0,60.03,7.15,53.21,13.93,25.72
2026-07-01,scan,227,91,135,41,42,11,18,149,0,122,2,3,0,93.83,98.68,100.0,100.0,97.8,0.0,100.0,0.0,0.0
2026-07-01,sp500,503,298,205,118,78,32,12,110,15,112,46,22,2,64.14,63.27,63.67,63.8,59.48,7.6,51.4,12.4,28.6
2026-07-02,all,4401,2029,2204,696,625,197,329,1300,476,1293,920,112,23,60.42,58.48,57.53,53.56,49.61,7.33,41.5,12.11,39.06
2026-07-02,nasdaq,3239,1361,1740,512,485,165,275,1011,433,957,819,47,21,57.41,54.37,53.69,48.51,45.59,6.95,38.03,10.47,44.55
2026-07-02,r2000,1987,904,1031,323,325,81,154,699,64,731,220,61,6,70.98,71.22,69.48,67.0,61.55,7.82,52.58,14.55,25.04
2026-07-02,scan,181,94,85,28,23,8,8,124,0,96,0,4,0,95.58,100.0,100.0,100.0,98.9,0.0,100.0,0.0,0.0
2026-07-02,sp500,503,357,145,106,52,26,22,111,14,138,42,34,0,67.93,67.47,67.27,67.6,59.48,6.6,52.6,15.0,25.8
2026-07-06,all,4401,2198,2047,591,449,213,123,1162,510,1254,938,90,32,61.02,59.14,58.26,53.81,49.86,7.26,41.75,12.08,38.91
2026-07-06,nasdaq,3239,1677,1422,448,300,187,96,903,468,934,821,62,28,59.01,55.42,54.57,49.07,45.81,6.75,38.31,10.73,44.21
2026-07-06,r2000,1987,962,988,276,246,79,59,632,70,711,245,44,8,68.91,70.79,69.34,67.17,61.92,7.77,52.95,14.35,24.93
2026-07-06,scan,212,122,90,26,13,8,3,117,0,106,0,5,0,93.4,99.53,100.0,100.0,97.64,0.0,100.0,0.0,0.0
2026-07-06,sp500,503,220,281,50,63,8,5,97,13,128,40,18,1,67.73,68.06,68.66,67.6,59.88,6.4,53.0,14.6,26.0
2026-07-07,all,4403,1574,2684,512,649,170,396,1064,552,1330,907,68,53,56.39,56.37,55.68,52.73,49.78,7.71,41.43,11.34,39.52
2026-07-07,nasdaq,3241,1084,2027,374,469,147,333,834,506,976,800,41,50,53.94,52.42,51.86,47.88,45.73,7.37,37.68,10.2,44.75
2026-07-07,r2000,1987,707,1250,266,349,86,168,592,83,757,232,31,11,64.66,68.24,66.75,65.51,61.82,8.76,52.14,13.5,25.6
2026-07-07,scan,194,90,104,34,18,10,7,101,0,117,0,4,0,93.81,100.0,100.0,100.0,98.97,0.0,100.0,0.0,0.0
2026-07-07,sp500,503,283,219,63,49,10,25,83,13,143,32,17,0,66.73,67.07,67.66,67.8,59.88,6.0,54.0,13.8,26.2
2026-07-08,all,4403,1319,2922,392,831,154,245,953,587,1134,866,25,59,49.02,53.57,53.31,51.53,48.93,8.04,41.09,10.47,40.4
2026-07-08,nasdaq,3241,1035,2057,290,566,125,185,757,541,875,762,16,54,47.98,50.55,50.45,47.18,45.01,7.57,37.27,9.9,45.26
2026-07-08,r2000,1987,573,1381,202,497,77,120,521,92,628,203,13,12,53.69,64.89,63.7,64.64,60.65,8.71,52.24,12.51,26.54
2026-07-08,scan,185,58,126,20,38,9,8,101,0,111,0,5,0,95.14,98.38,100.0,100.0,98.92,0.0,100.0,0.0,0.0
2026-07-08,sp500,503,112,391,35,85,9,19,71,15,91,37,3,0,57.57,61.28,64.07,64.6,58.88,7.4,53.4,11.2,28.0
2026-07-09,all,4404,2738,1484,532,310,216,77,1005,591,1288,803,51,27,53.35,55.82,55.22,52.7,48.91,7.25,41.84,10.9,40.0
2026-07-09,nasdaq,3242,2013,1066,396,223,190,67,805,541,984,698,39,22,52.48,52.6,52.27,48.53,45.3,6.61,38.28,10.23,44.89
2026-07-09,r2000,1988,1355,594,266,137,92,29,542,95,725,189,21,5,60.18,66.67,65.58,65.8,60.29,8.08,52.82,13.14,25.96
2026-07-09,scan,223,175,47,25,11,13,2,122,0,145,0,4,0,92.83,99.1,100.0,100.0,97.31,0.0,100.0,0.0,0.0
2026-07-09,sp500,503,301,202,58,44,11,2,80,14,103,38,8,1,59.16,64.67,64.87,65.0,59.48,7.2,53.8,11.2,27.8
2026-07-10,all,4404,2095,2125,307,307,111,168,988,581,1105,865,27,38,53.34,56.63,55.93,52.49,48.93,7.49,41.87,10.66,39.98
2026-07-10,nasdaq,3242,1389,1690,233,250,92,153,778,529,840,755,13,35,51.81,52.77,51.95,47.52,45.33,7.17,37.95,9.54,45.35
2026-07-10,r2000,1988,994,954,133,147,40,77,533,98,631,218,16,4,59.19,67.29,66.29,65.33,60.45,8.45,52.55,12.93,26.07
2026-07-10,scan,262,118,142,13,16,3,12,146,0,156,0,6,0,88.93,99.24,100.0,100.0,96.18,0.0,100.0,0.0,0.0
2026-07-10,sp500,503,340,161,29,14,4,2,76,14,93,33,5,1,62.35,67.86,68.26,67.4,59.08,6.8,55.2,12.2,25.8
2026-07-13,all,4405,1692,2552,419,464,168,372,850,629,1013,975,34,83,50.87,53.93,53.53,51.9,48.17,8.01,41.49,10.42,40.08
2026-07-13,nasdaq,3243,1124,1981,300,356,122,333,682,584,748,873,15,74,48.7,49.49,49.19,46.8,44.12,7.76,37.3,9.43,45.51
2026-07-13,r2000,1988,877,1065,240,214,80,150,448,108,582,255,21,19,58.08,65.49,64.89,64.92,59.6,8.96,52.21,12.82,26.0
2026-07-13,scan,223,87,135,10,12,5,8,102,0,120,0,1,0,91.03,99.55,100.0,100.0,97.76,0.0,100.0,0.0,0.0
2026-07-13,sp500,503,275,228,34,36,15,25,62,12,96,33,9,2,62.95,66.27,65.87,67.8,59.88,6.8,56.6,11.2,25.4
2026-07-14,all,4407,2059,2156,437,415,202,160,834,632,963,1007,39,65,49.72,53.24,52.89,51.91,47.98,7.94,41.62,10.3,40.14
2026-07-14,nasdaq,3245,1459,1608,306,292,173,132,668,589,719,900,15,61,47.1,49.07,48.91,46.98,44.03,7.52,37.45,9.46,45.57
2026-07-14,r2000,1988,978,965,224,209,77,57,425,113,550,261,21,7,56.16,64.88,64.11,64.89,59.75,8.86,52.58,12.45,26.11
2026-07-14,scan,226,128,97,19,14,12,3,111,0,131,0,1,0,89.82,99.56,100.0,100.0,98.23,0.0,100.0,0.0,0.0
2026-07-14,sp500,503,204,296,30,50,9,19,62,13,86,41,14,4,57.65,61.68,63.67,66.6,58.88,7.6,56.2,10.4,25.8
2026-07-15,all,4407,2415,1818,570,370,207,176,905,614,928,1023,47,55,51.13,54.13,53.76,52.57,47.8,7.65,42.01,10.6,39.74
2026-07-15,nasdaq,3245,1733,1354,398,250,161,143,713,567,691,908,28,52,48.34,49.94,49.44,47.47,44.0,7.22,37.79,9.65,45.34
2026-07-15,r2000,1988,1232,714,311,174,109,81,468,106,538,272,27,3,60.25,66.9,65.74,65.82,59.75,8.49,53.31,12.66,25.53
2026-07-15,scan,238,151,85,32,15,15,8,116,0,138,0,2,0,85.71,100.0,100.0,100.0,97.9,0.0,100.0,0.0,0.0
2026-07-15,sp500,503,257,246,63,56,8,23,74,10,77,41,11,3,52.49,60.08,62.08,67.0,57.29,7.8,56.4,10.6,25.2
2026-07-16,all,4407,2103,2146,702,468,224,419,801,680,1006,1098,205,85,52.33,54.72,54.29,53.1,48.17,7.82,41.89,11.25,39.05
2026-07-16,nasdaq,3245,1299,1805,437,361,133,365,629,633,723,987,123,79,46.11,48.75,48.28,46.82,43.72,8.01,37.16,9.62,45.21
2026-07-16,r2000,1988,1147,808,422,203,134,196,425,128,615,291,155,15,63.28,68.32,67.82,66.98,60.66,8.81,53.1,14.02,24.08
2026-07-16,scan,203,126,76,34,16,15,6,85,0,86,1,8,0,83.25,100.0,100.0,100.0,94.58,0.0,100.0,0.0,0.0
2026-07-16,sp500,503,369,133,119,47,33,30,67,13,97,41,28,1,64.81,68.26,67.66,70.8,59.08,5.4,58.4,12.4,23.8
2026-07-17,all,4408,1451,2758,359,644,122,153,728,724,870,1187,63,79,47.45,51.86,52.34,51.96,47.29,8.08,41.83,10.17,39.92
2026-07-17,nasdaq,3246,1114,1947,247,420,110,126,577,672,623,1069,23,75,42.91,46.73,47.16,46.07,42.88,8.07,37.15,8.89,45.88
2026-07-17,r2000,1989,616,1334,152,343,62,74,392,138,528,312,39,14,56.03,64.42,64.72,65.23,60.0,9.12,53.1,12.3,25.48
2026-07-17,scan,224,103,120,27,27,15,0,92,0,108,2,2,0,85.27,99.55,100.0,100.0,99.11,0.0,100.0,0.0,0.0
2026-07-17,sp500,503,146,357,60,124,2,10,54,13,82,46,22,2,58.05,62.67,64.47,68.6,56.49,6.6,58.0,10.6,24.8
2026-07-20,all,4409,1366,2841,265,530,113,182,658,791,792,1207,21,86,42.25,48.53,50.09,50.78,45.62,8.62,41.28,9.53,40.57
2026-07-20,nasdaq,3247,1029,2037,186,363,96,160,520,730,567,1089,12,79,38.48,44.0,45.27,45.23,41.06,8.3,36.69,8.53,46.47
2026-07-20,r2000,1989,584,1356,146,279,49,76,353,168,480,316,14,7,47.96,59.69,61.61,63.8,57.56,9.69,52.63,11.31,26.37
2026-07-20,scan,194,49,144,7,22,2,2,73,0,90,1,1,0,79.38,99.48,100.0,100.0,97.94,0.0,100.0,0.0,0.0
2026-07-20,sp500,503,165,337,28,68,1,2,46,14,67,45,3,2,52.49,57.88,62.08,66.4,55.69,8.6,56.6,9.8,25.0
2026-07-21,all,4409,2584,1616,555,392,379,110,707,747,849,1169,38,38,45.01,50.58,51.97,51.63,44.71,7.76,42.15,9.5,40.58
2026-07-21,nasdaq,3247,1916,1138,415,256,329,98,555,693,611,1057,22,35,41.79,46.3,47.68,46.14,40.41,7.41,37.4,8.73,46.46
2026-07-21,r2000,1989,1286,668,296,186,170,35,386,136,519,291,25,4,51.84,63.23,64.49,65.27,56.84,8.49,54.04,11.36,26.11
2026-07-21,scan,232,179,49,35,14,31,2,94,0,125,1,3,0,81.47,100.0,100.0,100.0,91.81,0.0,100.0,0.0,0.0
2026-07-21,sp500,503,230,270,62,71,30,7,48,16,72,49,4,3,49.7,57.49,59.88,65.6,53.09,8.4,57.2,8.4,26.0
2026-07-22,all,4409,1530,2677,340,482,132,212,565,803,777,1173,22,53,38.36,48.14,50.71,50.76,43.73,8.26,41.71,9.07,40.95
2026-07-22,nasdaq,3247,1031,2040,232,338,113,177,446,744,572,1059,14,49,34.46,43.5,45.62,45.07,39.38,8.07,36.8,8.27,46.87
2026-07-22,r2000,1989,613,1332,126,291,39,107,295,176,454,301,11,11,41.45,58.67,62.41,63.98,55.57,9.38,53.36,10.73,26.52
2026-07-22,scan,194,79,112,18,17,7,4,70,0,100,1,3,0,76.8,99.48,100.0,100.0,93.3,0.0,100.0,0.0,0.0
2026-07-22,sp500,503,247,252,63,46,8,9,40,18,69,46,5,2,45.92,57.88,62.87,66.2,50.7,7.4,57.8,8.4,26.4
2026-07-23,all,4409,1346,2865,380,679,123,276,530,868,860,1142,26,95,33.46,43.41,46.43,49.04,41.03,8.71,41.26,7.86,42.17
2026-07-23,nasdaq,3247,979,2078,254,433,98,221,416,797,623,1031,16,82,30.27,39.38,42.38,43.79,37.26,8.43,36.44,7.35,47.79
2026-07-23,r2000,1989,570,1384,190,398,42,141,277,200,508,289,10,26,34.8,51.44,55.72,61.08,50.76,10.32,52.63,8.65,28.4
2026-07-23,scan,175,79,95,24,14,7,1,66,1,99,1,0,0,73.71,99.43,100.0,100.0,96.57,0.0,100.0,0.0,0.0
2026-07-23,sp500,503,211,292,64,94,16,21,35,23,79,48,8,4,43.74,55.38,59.28,65.4,51.1,7.6,57.2,8.2,27.0
2026-07-24,all,4409,2061,2147,426,366,120,305,555,860,750,1253,52,121,35.4,44.33,46.97,48.85,39.76,8.9,40.8,8.16,42.14
2026-07-24,nasdaq,3247,1291,1780,280,282,86,267,438,798,529,1124,27,114,29.7,38.82,41.46,43.37,35.6,8.58,35.94,7.47,48.0
2026-07-24,r2000,1989,1071,872,225,182,57,119,311,190,438,343,38,22,38.84,52.86,56.25,60.97,48.81,10.53,52.21,8.96,28.3
2026-07-24,scan,182,124,57,19,5,10,0,60,1,87,0,4,0,78.57,98.9,100.0,100.0,96.7,0.0,100.0,0.0,0.0
2026-07-24,sp500,503,363,140,69,33,15,20,34,15,73,55,8,3,55.27,62.95,65.47,66.4,52.5,8.0,56.6,9.8,25.6
2026-07-27,all,4402,2619,1590,589,381,328,164,575,861,923,1004,63,77,41.78,48.0,49.56,50.6,39.92,8.13,41.33,9.37,41.17
2026-07-27,nasdaq,3241,1878,1190,394,263,253,132,439,799,677,918,34,77,36.23,42.52,44.04,44.77,35.21,7.91,36.39,8.44,47.26
2026-07-27,r2000,1987,1343,605,304,190,168,65,324,197,550,234,37,5,46.44,56.66,59.32,63.08,49.14,9.7,52.69,10.54,27.07
2026-07-27,scan,221,157,63,38,13,22,4,80,0,123,0,6,0,82.35,99.55,100.0,100.0,90.5,0.0,100.0,0.0,0.0
2026-07-27,sp500,503,329,174,103,52,35,13,48,13,81,35,19,1,64.02,69.12,69.46,70.0,53.69,6.0,58.2,11.8,24.0
2026-07-28,all,4404,2337,1882,810,520,297,331,640,835,1034,1107,156,89,44.74,49.14,50.33,51.18,40.39,8.46,40.54,10.77,40.23
2026-07-28,nasdaq,3243,1543,1528,477,366,196,281,482,775,721,1001,102,86,38.09,43.43,44.02,44.58,35.07,8.5,35.31,9.35,46.83
2026-07-28,r2000,1989,1229,721,405,222,145,120,366,179,622,280,102,8,52.5,59.44,61.8,64.54,50.05,9.74,52.11,12.61,25.53
2026-07-28,scan,212,166,44,49,15,12,2,75,0,125,0,10,0,82.55,100.0,100.0,100.0,91.04,0.0,100.0,0.0,0.0
2026-07-28,sp500,503,356,146,206,92,66,32,60,12,125,42,38,0,69.38,70.12,72.26,72.0,56.69,6.2,57.2,14.8,21.8
2026-07-29,all,4405,1269,2962,477,920,130,447,582,902,868,1167,58,127,38.49,44.25,45.34,48.83,39.5,9.97,38.96,9.97,41.1
2026-07-29,nasdaq,3244,926,2158,330,575,99,343,436,833,634,1050,33,117,33.63,39.63,40.62,42.68,34.57,9.57,33.94,8.81,47.67
2026-07-29,r2000,1990,558,1401,232,472,63,224,330,200,517,307,40,29,44.38,52.41,54.61,61.49,48.94,11.5,50.42,11.13,26.95
2026-07-29,scan,175,63,110,21,33,5,6,59,0,84,0,3,0,82.29,100.0,100.0,100.0,95.43,0.0,100.0,0.0,0.0
2026-07-29,sp500,503,180,323,89,179,18,37,53,15,93,49,10,1,62.82,65.54,66.27,70.0,56.29,8.4,55.2,14.8,21.6
2026-07-30,all,4405,2354,1881,658,577,365,159,605,847,878,1053,33,53,39.77,44.96,46.64,49.75,39.06,8.94,40.08,9.78,41.2
2026-07-30,nasdaq,3244,1858,1227,467,336,313,99,465,785,670,952,26,46,36.85,41.25,42.62,44.37,34.51,8.16,35.45,9.01,47.38
2026-07-30,r2000,1990,1017,940,305,296,156,80,334,179,498,258,18,11,44.03,52.2,55.27,61.96,47.62,10.82,51.14,10.87,27.16
2026-07-30,scan,226,141,82,31,24,22,3,77,0,122,0,4,0,84.96,100.0,100.0,100.0,92.04,0.0,100.0,0.0,0.0
2026-07-30,sp500,503,198,303,105,131,23,24,49,12,89,36,0,2,56.06,62.75,64.47,69.2,55.29,7.4,57.0,12.2,23.4
2026-07-31,all,4407,1825,2397,555,647,141,185,603,802,765,1160,23,55,38.68,43.86,44.72,49.53,37.83,9.21,39.87,9.78,41.15
2026-07-31,nasdaq,3245,1325,1751,356,385,126,157,471,739,598,1034,14,51,36.15,40.6,40.72,44.2,33.4,8.45,35.16,9.14,47.25
2026-07-31,r2000,1991,832,1119,284,332,47,80,324,184,426,321,18,10,42.72,50.1,52.53,61.39,45.59,11.29,50.68,10.77,27.26
2026-07-31,scan,217,84,132,24,22,8,1,77,0,92,0,1,0,84.79,99.08,100.0,100.0,95.85,0.0,100.0,0.0,0.0
2026-07-31,sp500,503,223,279,95,124,8,13,48,4,69,45,0,0,53.68,60.96,62.67,68.0,55.49,8.0,56.6,11.4,24.0
2026-08-03,all,4411,3148,1089,949,372,520,62,732,715,842,1027,61,33,50.65,50.43,50.38,51.76,38.66,8.09,40.62,11.27,40.02
2026-08-03,nasdaq,3249,2289,801,621,250,409,54,561,669,649,924,42,33,47.9,46.69,46.4,46.13,34.19,7.4,35.94,10.32,46.33
2026-08-03,r2000,1992,1572,392,560,155,294,20,417,139,477,268,41,3,57.08,59.06,60.15,64.44,46.84,9.57,51.79,12.69,25.95
2026-08-03,scan,226,160,65,50,19,29,2,100,0,94,0,1,0,87.17,100.0,100.0,100.0,94.69,0.0,100.0,0.0,0.0
2026-08-03,sp500,503,341,162,107,65,22,2,56,4,78,38,9,0,59.44,64.34,65.27,70.2,56.09,7.4,57.0,13.2,22.4
2026-08-04,all,4411,3062,1174,1138,450,594,93,745,702,981,978,101,21,59.62,55.14,54.45,54.08,40.7,6.94,41.65,12.55,38.85
2026-08-04,nasdaq,3249,2235,857,749,277,475,69,572,655,748,885,59,18,57.03,51.35,49.98,48.44,36.43,6.29,36.88,11.69,45.14
2026-08-04,r2000,1992,1505,447,639,230,306,39,435,143,569,250,70,2,67.93,64.98,65.77,67.65,49.77,7.96,53.25,14.46,24.34
2026-08-04,scan,256,206,48,81,17,40,1,107,0,117,0,18,0,87.89,100.0,100.0,100.0,89.45,0.0,100.0,0.0,0.0
2026-08-04,sp500,503,361,139,162,72,52,7,57,4,88,33,16,2,68.19,68.92,68.66,72.2,56.89,6.4,58.4,13.8,21.4
2026-08-05,all,4414,1754,2471,556,696,188,187,673,737,957,975,54,36,57.58,54.34,53.79,53.6,41.95,7.34,41.67,12.05,38.94
2026-08-05,nasdaq,3252,1267,1811,358,452,151,143,514,685,732,885,33,32,55.61,50.7,49.58,48.21,37.68,6.48,36.98,11.35,45.19
2026-08-05,r2000,1992,735,1223,280,396,79,89,384,165,553,257,28,7,63.65,62.9,63.65,66.56,51.34,8.94,53.07,13.57,24.43
2026-08-05,scan,266,123,142,49,42,15,4,112,0,127,0,8,0,91.35,98.5,100.0,100.0,91.73,0.0,100.0,0.0,0.0
2026-08-05,sp500,503,244,259,81,87,10,16,55,6,83,28,14,1,65.41,66.93,67.66,71.8,56.89,7.2,58.8,13.0,21.0
2026-08-06,all,4415,1855,2360,638,669,272,233,704,749,1013,997,68,41,56.79,53.04,52.37,53.34,42.55,7.27,41.92,11.54,39.26
2026-08-06,nasdaq,3253,1419,1656,444,421,223,181,531,693,758,911,48,37,55.93,50.14,49.03,47.73,38.88,6.54,37.23,10.63,45.6
2026-08-06,r2000,1993,835,1119,370,391,141,125,401,173,590,261,43,10,61.13,60.85,61.42,66.3,51.75,8.57,53.56,12.83,25.04
2026-08-06,scan,243,111,132,36,34,16,5,95,0,134,0,4,0,92.59,98.77,100.0,100.0,95.06,0.0,100.0,0.0,0.0
2026-08-06,sp500,503,202,299,59,90,9,20,65,8,108,29,7,2,63.42,63.15,64.74,71.4,55.98,7.0,58.4,13.0,21.6
2026-08-07,all,4416,2675,1563,768,424,431,126,674,724,1002,980,64,32,61.81,56.72,55.59,54.99,43.79,6.72,42.38,12.76,38.15
2026-08-07,nasdaq,3254,1929,1156,540,291,356,108,514,670,742,887,46,28,61.55,53.66,51.9,49.55,40.06,5.59,37.98,11.74,44.68
2026-08-07,r2000,1994,1265,697,438,244,209,56,385,156,551,273,40,10,65.66,63.95,64.86,68.32,52.66,8.05,54.08,14.29,23.58
2026-08-07,scan,244,169,71,32,16,19,1,77,1,113,0,2,0,90.16,99.18,100.0,100.0,94.67,0.0,100.0,0.0,0.0
2026-08-07,sp500,503,323,178,55,41,19,6,58,6,114,33,5,1,65.41,66.14,66.33,73.6,57.57,6.4,58.8,14.8,20.0
2026-08-10,all,4418,1659,2586,546,669,252,242,636,778,1032,956,73,41,58.4,53.61,53.79,54.34,44.25,7.13,42.19,12.28,38.41
2026-08-10,nasdaq,3256,1235,1869,402,454,203,191,488,717,760,848,45,31,58.49,51.41,50.72,49.21,40.5,5.82,37.75,11.61,44.82
2026-08-10,r2000,1996,656,1299,269,404,92,125,346,182,551,294,42,18,59.92,59.3,61.62,66.56,52.71,8.83,53.92,12.68,24.57
2026-08-10,scan,226,114,111,28,20,18,3,63,0,106,0,2,0,95.13,100.0,100.0,100.0,96.9,0.0,100.0,0.0,0.0
2026-08-10,sp500,503,231,269,50,42,23,9,57,7,129,40,12,0,63.62,63.75,65.94,73.0,58.37,6.8,58.8,14.2,20.2
2026-08-11,all,4420,2411,1811,574,478,226,146,674,738,1044,931,60,39,59.92,54.87,54.63,54.67,45.16,7.36,42.22,12.54,37.88
2026-08-11,nasdaq,3258,1766,1310,414,332,199,118,522,687,763,830,35,33,60.19,53.29,52.06,49.43,41.68,6.21,37.77,11.77,44.24
2026-08-11,r2000,1996,1158,793,303,273,96,71,374,157,544,280,40,11,62.08,60.67,62.18,67.24,53.67,9.19,53.89,13.34,23.57
2026-08-11,scan,222,126,95,22,13,10,3,73,1,110,0,7,0,93.24,99.1,100.0,100.0,97.3,0.0,100.0,0.0,0.0
2026-08-11,sp500,503,276,225,40,22,8,3,59,6,134,31,11,1,64.02,60.83,64.14,72.4,57.17,7.2,59.0,13.4,20.4
2026-08-12,all,4420,2246,1959,628,505,251,153,675,751,1002,877,64,49,61.07,56.29,55.55,54.55,45.73,7.29,42.44,12.2,38.07
2026-08-12,nasdaq,3258,1627,1444,473,372,218,133,519,702,737,776,42,46,61.84,55.03,53.18,49.53,42.68,6.11,37.88,11.76,44.25
2026-08-12,r2000,1996,1126,814,326,259,103,57,375,162,509,273,37,11,63.46,61.98,62.94,67.24,53.77,9.14,54.15,13.08,23.62
2026-08-12,scan,231,127,100,21,15,10,3,75,0,95,0,4,0,93.51,99.57,100.0,100.0,96.54,0.0,100.0,0.0,0.0
2026-08-12,sp500,503,262,240,44,37,21,6,65,7,121,28,12,1,65.01,63.62,65.54,71.8,56.77,7.4,59.8,12.0,20.8
2026-08-13,all,4421,2444,1781,708,423,291,147,753,726,1096,847,88,32,63.99,57.59,57.15,55.42,47.06,7.14,42.57,12.96,37.33
2026-08-13,nasdaq,3259,1691,1385,501,329,234,129,574,682,821,737,58,32,63.64,55.46,54.3,50.0,44.14,6.11,37.84,12.29,43.76
2026-08-13,r2000,1997,1216,746,374,195,125,64,418,151,540,273,51,3,67.64,64.05,65.06,67.98,55.34,8.93,54.28,13.75,23.04
2026-08-13,scan,234,117,116,19,12,6,4,78,0,80,0,8,0,94.44,100.0,100.0,100.0,97.44,0.0,100.0,0.0,0.0
2026-08-13,sp500,503,319,183,54,26,20,3,69,7,124,35,16,0,69.38,66.4,68.73,74.85,57.57,6.6,60.4,14.4,18.6
2026-08-14,all,4422,2179,2028,476,358,207,126,781,696,952,880,54,38,64.03,58.12,57.81,55.3,48.48,6.67,42.96,12.45,37.93
2026-08-14,nasdaq,3260,1565,1500,372,283,187,114,602,659,724,754,36,37,63.77,55.88,54.92,49.74,45.52,5.75,37.98,11.89,44.38
2026-08-14,r2000,1997,1023,933,212,162,80,42,447,140,436,302,26,2,67.44,63.71,65.49,67.87,56.58,8.35,54.77,13.12,23.76
2026-08-14,scan,240,134,104,10,3,7,1,91,0,74,1,3,0,94.58,98.33,100.0,100.0,97.92,0.0,100.0,0.0,0.0
2026-08-14,sp500,503,255,240,21,17,10,2,65,7,113,29,9,0,67.79,69.38,70.52,74.65,59.56,6.0,61.0,13.6,19.4
2026-08-17,all,4422,1430,2829,422,629,177,268,766,736,877,989,44,54,58.21,54.27,54.6,53.82,48.19,7.23,42.53,11.36,38.88
2026-08-17,nasdaq,3260,1117,1987,334,445,161,217,589,696,653,853,28,49,58.8,53.1,52.82,48.77,45.81,6.07,37.63,11.23,45.07
2026-08-17,r2000,1997,626,1341,179,320,59,124,449,152,403,345,26,13,61.3,59.72,61.84,65.96,55.47,9.18,54.17,11.77,24.88
2026-08-17,scan,237,121,114,18,21,13,4,93,0,89,2,2,0,96.62,97.89,100.0,100.0,98.73,0.0,100.0,0.0,0.0
2026-08-17,sp500,503,133,368,24,56,7,17,65,7,102,32,5,1,58.45,59.64,62.15,71.66,57.97,6.8,60.4,11.2,21.6
2026-08-18,all,4422,1658,2561,442,538,149,288,739,786,852,1080,41,55,53.74,50.9,52.19,53.24,47.76,7.63,42.51,10.78,39.08
2026-08-18,nasdaq,3260,1222,1859,310,388,134,226,575,735,632,927,28,46,54.94,50.06,50.67,48.2,45.66,6.29,37.51,10.76,45.43
2026-08-18,r2000,1997,767,1187,228,254,71,124,429,165,384,381,22,11,56.77,55.93,59.26,65.65,55.06,9.48,54.4,11.24,24.87
2026-08-18,scan,232,101,130,21,17,6,18,93,2,88,2,3,0,96.55,98.71,100.0,100.0,98.28,0.0,100.0,0.0,0.0
2026-08-18,sp500,503,227,273,45,45,4,34,62,11,111,41,6,3,53.48,57.26,60.76,71.66,55.98,7.2,61.2,10.4,21.2
2026-08-19,all,4422,2451,1803,759,465,471,163,839,707,867,1047,77,36,54.46,52.66,53.43,54.83,47.4,7.48,42.78,12.13,37.61
2026-08-19,nasdaq,3260,1733,1372,557,341,377,136,636,661,642,912,50,34,54.63,51.46,51.69,49.61,45.48,6.13,37.81,11.9,44.17
2026-08-19,r2000,1997,1173,795,371,237,221,64,479,143,409,349,43,4,55.51,57.29,59.77,67.3,54.55,8.91,55.18,12.12,23.78
2026-08-19,scan,219,150,69,33,11,24,7,99,2,89,0,7,0,92.69,100.0,100.0,100.0,94.52,0.0,100.0,0.0,0.0
2026-08-19,sp500,503,288,214,70,44,44,15,75,10,113,38,14,0,54.47,58.25,61.55,75.05,55.38,8.0,60.0,15.0,17.0
2026-08-20,all,4422,1464,2774,431,601,130,245,783,676,807,1049,36,37,48.66,49.23,50.25,53.4,46.53,8.69,41.87,11.65,37.79
2026-08-20,nasdaq,3260,1107,1985,330,393,119,196,619,638,603,912,25,32,49.86,48.62,49.33,48.59,44.7,7.01,36.88,11.83,44.28
2026-08-20,r2000,1997,613,1346,167,314,35,129,438,135,379,373,16,8,48.16,52.8,55.44,65.08,53.41,10.62,53.94,11.19,24.25
2026-08-20,scan,197,65,129,25,14,4,6,99,2,73,2,4,0,92.89,97.46,100.0,100.0,96.95,0.0,100.0,0.0,0.0
2026-08-20,sp500,503,158,341,50,72,7,8,63,7,93,33,6,2,45.92,52.29,54.78,73.45,52.59,9.6,59.6,13.8,17.0
2026-08-21,all,4424,2624,1588,713,363,271,65,868,636,862,1020,49,31,51.59,52.12,52.86,54.27,46.15,8.64,42.24,12.12,36.99
2026-08-21,nasdaq,3262,1919,1157,528,225,225,60,670,601,649,891,35,27,53.25,52.0,51.74,49.74,44.72,6.81,37.37,12.48,43.34
2026-08-21,r2000,1997,1242,699,353,200,117,21,492,125,405,342,27,3,50.28,55.32,57.74,65.72,52.73,10.57,54.51,11.24,23.68
2026-08-21,scan,198,148,50,25,6,10,0,105,2,74,2,4,0,93.43,98.99,100.0,100.0,97.98,0.0,100.0,0.0,0.0
2026-08-21,sp500,503,334,167,77,43,12,2,72,6,106,39,6,2,50.3,55.67,58.17,72.65,50.4,11.0,59.4,13.2,16.4
2026-08-24,all,4424,1803,2411,485,440,121,211,766,708,882,992,61,43,48.49,50.46,51.6,53.6,45.71,8.9,42.18,11.48,37.44
2026-08-24,nasdaq,3262,1216,1860,352,336,108,184,596,668,667,868,39,40,48.8,49.4,50.02,48.59,44.49,7.36,37.09,11.59,43.96
2026-08-24,r2000,1997,826,1124,218,199,47,77,423,150,415,346,27,6,47.49,53.1,55.71,64.68,51.52,11.19,54.12,10.56,24.13
2026-08-24,scan,196,95,101,17,13,8,4,97,1,71,1,3,0,89.8,100.0,100.0,100.0,96.94,0.0,100.0,0.0,0.0
2026-08-24,sp500,503,305,195,52,32,2,11,70,9,106,30,14,2,53.48,58.65,60.76,74.45,50.8,9.6,60.8,13.6,16.0
2026-08-25,all,4432,2390,1842,511,297,271,82,756,701,966,911,55,37,50.7,52.35,52.78,54.13,45.38,8.93,42.2,11.97,36.91
2026-08-25,nasdaq,3269,1828,1265,408,220,248,69,593,656,731,796,41,34,51.48,51.93,51.7,49.69,44.05,7.02,37.48,12.24,43.26
2026-08-25,r2000,1999,1122,834,230,114,119,24,413,157,453,298,26,2,50.2,55.06,57.32,65.43,50.4,11.07,54.19,11.27,23.47
2026-08-25,scan,195,121,72,11,7,9,1,97,1,82,0,5,0,93.85,100.0,100.0,100.0,99.49,0.0,100.0,0.0,0.0
2026-08-25,sp500,503,207,294,30,39,9,3,63,8,119,33,7,1,51.69,57.06,59.05,72.46,51.89,11.8,59.2,13.2,15.8
2026-08-26,all,4434,1828,2414,372,405,143,107,723,739,863,973,24,33,48.38,51.15,51.56,53.93,45.18,8.9,42.77,11.19,37.15
2026-08-26,nasdaq,3271,1274,1827,285,307,124,94,576,688,656,853,17,30,48.89,50.42,50.29,49.32,43.79,7.21,37.91,11.42,43.46
2026-08-26,r2000,1999,810,1141,153,181,45,37,395,167,392,321,12,2,46.56,53.7,55.35,65.27,49.55,11.12,54.71,10.6,23.58
2026-08-26,scan,202,97,101,16,11,6,2,105,0,67,0,2,0,88.61,99.01,100.0,100.0,97.52,0.0,100.0,0.0,0.0
2026-08-26,sp500,503,283,218,34,32,7,1,59,10,113,35,3,1,54.08,57.06,59.24,72.85,52.29,10.6,60.6,12.2,16.6
2026-08-27,all,4432,1943,2286,425,394,256,125,728,759,912,942,30,49,46.5,50.53,50.38,53.72,44.52,9.16,42.79,10.98,37.07
2026-08-27,nasdaq,3269,1514,1575,340,274,229,110,579,705,708,815,21,41,48.09,51.1,50.14,49.52,43.76,7.24,38.13,11.43,43.2
2026-08-27,r2000,1999,931,1024,173,174,95,38,389,182,428,313,14,10,45.14,52.69,53.99,64.86,47.93,11.27,54.86,10.08,23.78
2026-08-27,scan,202,104,95,19,17,16,2,103,1,80,0,4,0,87.13,99.5,100.0,100.0,98.51,0.0,100.0,0.0,0.0
2026-08-27,sp500,503,152,349,35,58,17,7,61,10,99,35,3,3,44.93,52.09,53.88,70.86,50.3,12.0,59.6,11.2,17.2
2026-08-28,all,4432,1513,2700,304,453,83,321,663,806,870,944,26,62,41.1,47.57,47.53,52.59,43.2,9.99,42.22,10.44,37.36
2026-08-28,nasdaq,3269,1012,2067,214,346,74,282,522,738,680,816,18,56,41.5,47.37,46.61,48.19,42.55,8.15,37.51,10.69,43.65
2026-08-28,r2000,1999,744,1201,135,199,29,143,355,212,403,317,16,7,40.17,50.18,51.64,63.05,45.74,12.67,53.98,9.2,24.15
2026-08-28,scan,172,70,99,17,13,2,4,84,0,74,0,2,0,83.72,100.0,100.0,100.0,98.26,0.0,100.0,0.0,0.0
2026-08-28,sp500,503,230,272,36,37,5,17,62,14,91,34,2,1,43.34,52.29,53.48,71.66,49.9,11.8,59.4,12.4,16.4
2026-08-31,all,4427,1513,2725,520,778,118,142,599,840,845,986,13,84,36.56,44.36,44.99,51.47,41.55,10.92,41.56,9.95,37.57
2026-08-31,nasdaq,3266,1175,1922,357,444,111,113,476,767,654,848,7,73,37.12,44.72,44.83,47.26,41.23,8.84,37.07,10.17,43.92
2026-08-31,r2000,1997,616,1337,234,387,37,60,328,213,384,335,6,16,33.75,45.41,47.17,61.83,43.74,14.08,53.05,8.9,23.96
2026-08-31,scan,164,74,88,34,26,3,0,77,0,71,0,1,0,86.59,100.0,100.0,100.0,98.78,0.0,100.0,0.0,0.0
2026-08-31,sp500,503,136,362,74,175,5,9,53,15,100,38,4,8,40.16,47.91,50.7,69.06,47.51,13.8,58.0,11.2,17.0
2026-09-01,all,4426,1184,3052,405,758,104,293,564,886,774,1057,19,110,31.08,40.51,40.8,50.0,39.21,12.05,40.7,9.31,37.94
2026-09-01,nasdaq,3265,858,2237,267,465,94,249,449,811,597,898,12,93,32.48,41.25,40.94,46.14,39.32,9.68,36.51,9.58,44.24
2026-09-01,r2000,1996,516,1445,189,405,40,125,319,225,351,375,10,29,28.13,39.92,41.74,60.26,40.53,15.28,51.99,8.39,24.34
2026-09-01,scan,128,58,69,22,20,3,4,61,0,66,0,2,0,82.03,100.0,100.0,100.0,99.22,0.0,100.0,0.0,0.0
2026-09-01,sp500,503,161,340,60,87,2,15,38,15,93,40,5,5,32.41,44.73,46.72,66.27,44.93,16.2,56.4,10.0,17.4
2026-09-02,all,4427,2710,1515,781,412,258,75,586,878,857,951,51,66,37.75,44.97,44.91,51.0,38.32,11.24,41.53,9.49,37.73
2026-09-02,nasdaq,3266,1963,1125,527,269,217,71,475,811,678,785,35,62,38.92,46.01,45.4,47.22,38.39,8.99,37.36,9.83,43.82
2026-09-02,r2000,1996,1410,544,452,181,131,14,329,218,397,345,25,4,37.6,46.22,47.45,61.71,39.57,14.14,53.03,8.75,24.08
2026-09-02,scan,167,136,31,36,12,14,0,76,0,78,0,1,0,80.84,99.4,100.0,100.0,95.21,0.0,100.0,0.0,0.0
2026-09-02,sp500,503,300,202,80,61,10,5,40,15,83,32,10,3,38.17,46.92,48.51,67.07,43.74,15.4,57.2,10.0,17.4
2026-09-03,all,4429,2410,1785,567,420,197,106,645,882,910,905,33,57,41.42,46.62,46.08,51.76,38.58,11.09,41.92,9.84,37.15
2026-09-03,nasdaq,3268,1726,1337,388,293,171,90,526,812,720,760,24,55,41.6,47.57,46.38,47.89,38.6,9.02,37.69,10.15,43.14
2026-09-03,r2000,1996,1142,800,267,193,70,36,357,221,414,318,20,5,42.28,48.39,48.76,62.22,39.62,14.03,53.34,8.91,23.72
2026-09-03,scan,180,99,79,16,15,7,3,82,0,76,0,3,0,82.78,98.33,100.0,100.0,95.0,0.0,100.0,0.0,0.0
2026-09-03,sp500,503,341,160,73,39,16,4,50,20,93,30,5,0,46.92,51.09,51.49,69.26,44.93,14.0,58.2,11.2,16.6
2026-09-04,all,4430,2254,1947,443,333,196,99,719,808,999,847,30,55,43.19,47.81,46.97,52.01,38.88,10.9,42.58,9.41,37.11
2026-09-04,nasdaq,3269,1660,1406,322,235,165,91,579,753,794,723,24,50,44.12,49.03,47.31,48.45,39.04,8.62,38.61,9.79,42.98
2026-09-04,r2000,1996,1205,737,218,125,87,24,412,189,462,276,19,5,48.32,51.56,51.09,62.45,40.79,13.83,53.96,8.54,23.67
2026-09-04,scan,183,82,100,15,7,5,1,87,0,98,0,1,0,83.06,100.0,100.0,100.0,94.54,0.0,100.0,0.0,0.0
2026-09-04,sp500,503,179,323,34,53,14,11,46,17,98,26,1,3,36.58,47.32,48.31,67.66,43.54,14.6,58.4,9.4,17.6
2026-09-08,all,4430,1420,2836,512,845,234,286,613,839,841,935,26,78,34.52,42.92,42.94,50.49,37.56,12.0,41.94,8.53,37.53
2026-09-08,nasdaq,3269,1084,2029,385,566,202,222,503,775,669,792,18,68,36.27,44.61,43.68,47.18,37.99,9.62,37.89,9.26,43.23
2026-09-08,r2000,1996,595,1366,220,401,95,136,356,202,383,320,13,9,34.94,44.96,45.94,61.0,39.73,14.86,53.55,7.51,24.08
2026-09-08,scan,157,77,79,25,23,16,10,60,5,81,0,1,0,78.98,99.36,100.0,100.0,90.45,0.0,100.0,0.0,0.0
2026-09-08,sp500,503,148,354,62,126,16,28,27,17,74,32,1,6,27.83,38.17,43.54,63.47,39.76,17.6,56.0,7.4,19.0
2026-09-09,all,4430,1025,3215,369,927,93,279,638,755,792,973,24,121,28.18,36.8,38.91,48.61,34.94,13.34,40.9,7.69,38.07
2026-09-09,nasdaq,3269,788,2311,268,606,82,239,527,696,633,810,18,93,29.2,38.78,39.57,45.63,35.45,10.65,37.14,8.42,43.78
2026-09-09,r2000,1996,374,1586,162,517,25,150,342,177,363,352,8,36,26.6,36.19,40.69,58.32,36.55,16.83,52.1,6.32,24.75
2026-09-09,scan,132,55,75,17,24,3,3,48,0,65,0,0,0,79.55,100.0,100.0,100.0,96.21,0.0,100.0,0.0,0.0
2026-09-09,sp500,503,99,404,36,124,5,9,29,12,67,37,2,13,22.07,32.6,38.37,60.48,35.59,20.0,53.8,6.6,19.6
2026-09-10,all,4431,1398,2831,465,868,90,263,601,803,787,987,15,150,25.85,33.93,35.88,46.75,31.89,15.02,39.6,7.1,38.28
2026-09-10,nasdaq,3270,1075,2016,335,540,81,230,501,734,629,812,12,115,27.63,35.96,37.3,44.33,32.82,11.98,36.27,7.97,43.78
2026-09-10,r2000,1996,615,1340,236,491,24,132,320,202,362,364,6,43,24.6,33.65,37.12,55.79,32.78,19.01,50.18,5.7,25.12
2026-09-10,scan,102,41,60,17,16,2,4,41,0,50,0,0,0,83.33,100.0,100.0,100.0,100.0,0.0,100.0,0.0,0.0
2026-09-10,sp500,503,167,332,55,111,3,13,28,14,60,44,0,17,17.89,29.82,34.19,58.28,31.21,21.2,52.6,5.6,20.6
2026-09-11,all,4432,2373,1846,651,514,182,115,596,781,843,898,24,94,29.08,35.36,36.97,47.29,30.84,14.77,40.01,7.21,38.01
2026-09-11,nasdaq,3271,1656,1422,424,366,150,104,494,720,682,735,16,81,30.57,36.87,37.86,44.71,32.01,11.72,36.68,7.93,43.67
2026-09-11,r2000,1997,1162,783,358,282,62,46,309,183,383,324,10,27,28.21,34.41,38.02,56.66,31.16,18.84,50.36,6.31,24.48
2026-09-11,scan,123,84,37,23,7,10,0,39,0,64,0,1,0,76.42,100.0,100.0,100.0,95.93,0.0,100.0,0.0,0.0
2026-09-11,sp500,503,341,162,71,46,19,0,30,11,59,37,4,5,25.25,35.59,39.76,60.08,29.42,19.76,54.29,5.79,20.16
2026-09-14,all,4432,2038,2176,760,769,244,325,629,790,814,1013,23,126,30.62,36.06,37.16,46.7,29.83,15.55,39.04,7.59,37.82
2026-09-14,nasdaq,3271,1510,1564,539,493,208,265,520,731,674,820,15,104,32.51,38.17,38.61,44.36,30.97,12.37,36.03,8.22,43.38
2026-09-14,r2000,1997,1008,933,414,382,102,116,324,187,365,376,9,36,31.36,36.57,38.58,55.84,30.06,19.41,49.38,6.47,24.74
2026-09-14,scan,126,88,38,28,19,19,4,60,0,75,0,3,0,76.98,99.21,100.0,100.0,90.48,0.0,100.0,0.0,0.0
2026-09-14,sp500,503,282,220,96,98,21,41,39,12,55,45,5,5,26.44,34.59,39.17,59.88,29.62,20.76,52.3,7.58,19.36
2026-09-15,all,4432,1374,2875,608,1093,117,291,561,907,788,1062,43,187,27.86,32.95,34.79,44.95,28.44,16.64,37.94,6.93,38.5
2026-09-15,nasdaq,3271,992,2112,401,695,101,254,466,827,646,829,26,143,29.32,34.68,36.2,42.83,29.89,13.37,35.19,7.51,43.93
2026-09-15,r2000,1997,684,1270,320,598,36,130,284,235,345,423,22,60,29.61,33.8,36.41,53.82,28.85,20.76,47.67,6.16,25.41
2026-09-15,scan,119,72,46,37,18,7,1,50,2,74,0,4,0,78.99,100.0,100.0,100.0,89.08,0.0,100.0,0.0,0.0
2026-09-15,sp500,503,162,340,87,138,7,11,36,21,52,58,8,14,24.25,32.21,35.98,57.29,27.24,22.36,50.5,6.79,20.36
2026-09-16,all,4432,1602,2609,709,1109,149,203,525,904,837,981,23,159,24.54,29.56,32.35,44.13,26.93,17.24,37.39,6.69,38.68
2026-09-16,nasdaq,3271,1212,1863,495,717,134,157,441,820,692,771,14,123,26.16,31.35,33.65,42.7,28.46,13.53,35.05,7.54,43.88
2026-09-16,r2000,1997,718,1229,368,637,44,84,261,243,360,387,13,45,24.8,29.07,33.32,53.05,26.81,21.17,47.26,5.85,25.72
2026-09-16,scan,114,62,51,35,25,9,5,50,0,67,0,3,0,82.46,99.12,100.0,100.0,90.35,0.0,100.0,0.0,0.0
2026-09-16,sp500,503,162,339,70,142,6,22,33,23,45,50,4,14,19.48,27.04,32.8,54.09,25.65,25.15,48.1,5.99,20.76
2026-09-17,all,4432,2625,1622,1006,598,345,81,541,885,786,994,32,74,29.75,32.47,34.44,44.53,26.59,16.79,37.59,6.85,38.77
2026-09-17,nasdaq,3271,1964,1138,712,370,312,64,445,806,646,807,21,53,32.36,34.83,36.25,43.06,28.06,13.23,35.23,7.7,43.84
2026-09-17,r2000,1997,1149,816,507,340,138,41,275,228,341,377,11,25,29.01,31.13,34.48,52.84,25.91,20.91,47.1,5.75,26.24
2026-09-17,scan,142,115,26,64,10,25,0,64,1,82,0,4,0,78.17,99.3,100.0,100.0,88.03,0.0,100.0,0.0,0.0
2026-09-17,sp500,503,296,204,132,86,16,3,34,25,49,51,8,7,22.07,29.22,32.01,54.09,26.24,24.55,48.5,5.59,21.36
2026-09-18,all,4434,1638,2600,1166,1926,230,210,550,869,803,980,17,110,28.77,31.12,33.57,44.11,25.56,16.95,37.44,6.57,39.04
2026-09-18,nasdaq,3273,1311,1785,870,1181,212,164,461,782,678,791,13,63,32.27,34.52,36.55,43.15,27.34,13.16,35.45,7.57,43.82
2026-09-18,r2000,1997,691,1262,618,1115,79,103,267,226,338,374,7,48,26.4,28.36,31.8,52.07,24.4,21.01,46.58,5.49,26.92
2026-09-18,scan,126,45,81,41,75,8,8,58,0,79,0,0,0,86.51,98.41,100.0,100.0,92.06,0.0,100.0,0.0,0.0
2026-09-18,sp500,503,156,346,155,345,13,12,31,19,47,51,1,17,20.28,25.65,29.22,53.09,24.25,25.15,48.7,4.39,21.76
2026-09-21,all,4440,2345,1905,853,639,128,72,570,829,733,1075,20,73,31.12,31.95,34.24,44.6,25.76,16.52,37.42,7.08,38.97
2026-09-21,nasdaq,3279,1698,1418,601,415,123,68,472,759,622,860,16,49,34.31,35.64,37.14,43.93,27.97,12.77,35.6,8.18,43.45
2026-09-21,r2000,2000,1083,869,397,317,26,13,286,210,300,432,12,20,28.11,28.89,31.96,52.5,24.5,20.43,46.4,6.1,27.06
2026-09-21,scan,132,95,37,35,9,4,0,69,0,81,0,3,0,82.58,97.73,100.0,100.0,88.64,0.0,100.0,0.0,0.0
2026-09-21,sp500,503,292,209,122,105,7,1,42,13,47,53,3,11,26.64,26.64,31.21,52.89,22.07,24.55,48.9,3.99,22.55
2026-09-22,all,4440,219,156,97,76,71,28,557,841,630,1179,2,11,31.97,32.19,34.37,44.55,25.19,16.31,37.39,7.06,39.25
2026-09-22,nasdaq,3279,196,126,87,59,69,25,458,764,549,937,2,10,35.38,36.18,37.54,43.88,27.57,12.7,35.65,8.08,43.57
2026-09-22,r2000,2000,69,45,31,22,16,5,266,228,247,502,0,3,28.76,28.82,31.91,52.5,23.64,20.07,46.3,6.21,27.42
2026-09-22,scan,131,14,11,3,5,3,2,66,0,60,0,0,0,83.21,97.71,100.0,100.0,90.08,0.0,100.0,0.0,0.0
2026-09-22,sp500,503,29,30,7,21,3,5,40,18,38,61,2,0,26.64,25.65,30.82,52.89,20.87,24.15,48.7,4.19,22.95
2026-09-23,all,4440,40,132,13,72,0,6,569,819,642,1155,4,21,32.33,31.44,34.17,44.48,24.91,16.11,37.24,7.15,39.5
2026-09-23,nasdaq,3279,31,47,10,12,0,3,466,740,562,926,4,0,35.87,35.41,37.54,43.98,27.35,12.34,35.79,8.07,43.8
2026-09-23,r2000,2000,14,117,4,68,0,6,273,223,248,473,2,21,29.01,27.92,31.4,52.19,22.93,20.05,45.68,6.51,27.75
2026-09-23,scan,131,0,0,0,0,0,0,62,2,56,1,0,0,84.73,94.66,100.0,100.0,91.6,0.0,100.0,0.0,0.0
2026-09-23,sp500,503,1,0,1,0,0,0,44,23,40,56,0,0,27.24,25.05,30.02,52.89,20.28,23.55,48.3,4.59,23.55
