Ticker,Name,Exchange,Sector,Industry,Country,MarketCap,SP500,NASDAQ,R2000,R2000_Source,Updated
A,Agilent Technologies Inc.,NYSE,Industrials,Biotechnology: Laboratory Analytical Instruments,United States,48714486683.0,True,False,False,Proxy (Market-Cap-Rang 1001-3000),2026-09-29
AACG,ATA Creativity Global American Depositary Shares,NASDAQ,Real Estate,Other Consumer Services,China,58879057.0,False,True,False,Proxy (Market-Cap-Rang 1001-3000),2026-09-29
AACO,Abony Acquisition Corp. I Class A Ordinary Share,NASDAQ,Unknown,Unknown,United States,0.0,False,True,False,Proxy (Market-Cap-Rang 1001-3000),2026-09-29
AAL,American Airlines Group Inc.,NASDAQ,Consumer Discretionary,Air Freight/Delivery Services,United States,9181523220.0,False,True,False,Proxy (Market-Cap-Rang 1001-3000),2026-09-29
AAME,Atlantic American Corporation,NASDAQ,Finance,Life Insurance,United States,27740230.0,False,True,False,Proxy (Market-Cap-Rang 1001-3000),2026-09-29
AAOI,Applied Optoelectronics Inc.,NASDAQ,Technology,Semiconductors,United States,8609497705.0,False,True,False,Proxy (Market-Cap-Rang 1001-3000),2026-09-29
AAON,AAON Inc.,NASDAQ,Industrials,Industrial Machinery/Components,United States,7346619235.0,False,True,False,Proxy (Market-Cap-Rang 1001-3000),2026-09-29
AAP,Advance Auto Parts Inc.,NYSE,Consumer Discretionary,Auto & Home Supply Stores,United States,2520492000.0,False,False,True,Proxy (Market-Cap-Rang 1001-3000),2026-09-29
AAPG,Ascentage Pharma Group International American Depository Shares,NASDAQ,Health Care,Biotechnology: Pharmaceutical Preparations,China,1386518621.0,False,True,False,Proxy (Market-Cap-Rang 1001-3000),2026-09-29
AAPL,Apple Inc.,NASDAQ,Technology,Computer Manufacturing,United States,4977636972600.0,True,True,False,Proxy (Market-Cap-Rang 1001-3000),2026-09-29
AARD,Aardvark Therapeutics Inc.,NASDAQ,Health Care,Biotechnology: Pharmaceutical Preparations,United States,110737321.0,False,True,False,Proxy (Market-Cap-Rang 1001-3000),2026-09-29
AAT,American Assets Trust Inc.,NYSE,Real Estate,Real Estate Investment Trusts,United States,1325102917.0,False,False,True,Proxy (Market-Cap-Rang 1001-3000),2026-09-29
ABAT,American Battery Technology Company,NASDAQ,Industrials,Mining & Quarrying of Nonmetallic Minerals (No Fuels),United States,322225733.0,False,True,True,Proxy (Market-Cap-Rang 1001-3000),2026-09-29
ABBV,AbbVie Inc.,NYSE,Health Care,Biotechnology: Pharmaceutical Preparations,United States,467119783117.0,True,False,False,Proxy (Market-Cap-Rang 1001-3000),2026-09-29
ABCL,AbCellera Biologics Inc. Common Shares,NASDAQ,Health Care,Biotechnology: Pharmaceutical Preparations,Canada,4113600218.0,False,True,False,Proxy (Market-Cap-Rang 1001-3000),2026-09-29
ABEO,Abeona Therapeutics Inc.,NASDAQ,Health Care,Biotechnology: Pharmaceutical Preparations,United States,308793692.0,False,True,True,Proxy (Market-Cap-Rang 1001-3000),2026-09-29
ABG,Asbury Automotive Group Inc,NYSE,Consumer Discretionary,Retail-Auto Dealers and Gas Stations,United States,3323797433.0,False,False,True,Proxy (Market-Cap-Rang 1001-3000),2026-09-29
ABLV,Able View Global Inc. Class B,NASDAQ,Consumer Discretionary,Other Consumer Services,China,71787074.0,False,True,False,Proxy (Market-Cap-Rang 1001-3000),2026-09-29
ABM,ABM Industries Incorporated,NYSE,Consumer Discretionary,Diversified Commercial Services,United States,2917834390.0,False,False,True,Proxy (Market-Cap-Rang 1001-3000),2026-09-29
ABNB,Airbnb Inc.,NASDAQ,Consumer Discretionary,Diversified Commercial Services,United States,94290781345.0,True,True,False,Proxy (Market-Cap-Rang 1001-3000),2026-09-29
ABOS,Acumen Pharmaceuticals Inc.,NASDAQ,Health Care,Biotechnology: Biological Products (No Diagnostic Substances),United States,161990718.0,False,True,True,Proxy (Market-Cap-Rang 1001-3000),2026-09-29
ABR,Arbor Realty Trust,NYSE,Real Estate,Real Estate Investment Trusts,United States,751828913.0,False,False,True,Proxy (Market-Cap-Rang 1001-3000),2026-09-29
ABSI,Absci Corporation,NASDAQ,Health Care,Biotechnology: Commercial Physical & Biological Resarch,United States,1671520457.0,False,True,True,Proxy (Market-Cap-Rang 1001-3000),2026-09-29
ABT,Abbott Laboratories,NYSE,Health Care,Biotechnology: Pharmaceutical Preparations,United States,175270524052.0,True,False,False,Proxy (Market-Cap-Rang 1001-3000),2026-09-29
ABTC,American Bitcoin Corp.,NASDAQ,Finance,Finance: Consumer Services,United States,662659388.0,False,True,True,Proxy (Market-Cap-Rang 1001-3000),2026-09-29
ABTS,Abits Group Inc,NASDAQ,Finance,Finance: Consumer Services,China,3793045.0,False,True,False,Proxy (Market-Cap-Rang 1001-3000),2026-09-29
ABUS,Arbutus Biopharma Corporation,NASDAQ,Health Care,Biotechnology: Pharmaceutical Preparations,Canada,959562000.0,False,True,False,Proxy (Market-Cap-Rang 1001-3000),2026-09-29
ABVC,ABVC BioPharma Inc.,NASDAQ,Health Care,Biotechnology: Pharmaceutical Preparations,United States,30119432.0,False,True,False,Proxy (Market-Cap-Rang 1001-3000),2026-09-29
ABVX,Abivax SA American Depositary Shares,NASDAQ,Health Care,Biotechnology: Pharmaceutical Preparations,France,7839768357.0,False,True,False,Proxy (Market-Cap-Rang 1001-3000),2026-09-29
ABX,Abacus Global Management Inc.,NYSE,Finance,Investment Managers,United States,810697744.0,False,False,True,Proxy (Market-Cap-Rang 1001-3000),2026-09-29
ACAD,ACADIA Pharmaceuticals Inc.,NASDAQ,Health Care,Biotechnology: Pharmaceutical Preparations,United States,3563278112.0,False,True,True,Proxy (Market-Cap-Rang 1001-3000),2026-09-29
ACB,Aurora Cannabis Inc. Common Shares,NASDAQ,Health Care, Medicinal Chemicals and Botanical Products ,Canada,254023388.0,False,True,False,Proxy (Market-Cap-Rang 1001-3000),2026-09-29
ACCL,Acco Group Holdings Limited Class A,NASDAQ,Consumer Discretionary,Professional Services,Hong Kong,34750000.0,False,True,False,Proxy (Market-Cap-Rang 1001-3000),2026-09-29
ACCO,Acco Brands Corporation,NYSE,Consumer Discretionary,Publishing,United States,397845618.0,False,False,True,Proxy (Market-Cap-Rang 1001-3000),2026-09-29
ACDC,ProFrac Holding Corp.,NASDAQ,Energy,Oilfield Services/Equipment,United States,838675319.0,False,True,True,Proxy (Market-Cap-Rang 1001-3000),2026-09-29
ACEL,Accel Entertainment Inc. ,NYSE,Consumer Discretionary,Services-Misc. Amusement & Recreation,United States,898811768.0,False,False,True,Proxy (Market-Cap-Rang 1001-3000),2026-09-29
ACET,Adicet Bio Inc.,NASDAQ,Health Care,Biotechnology: Pharmaceutical Preparations,United States,84440640.0,False,True,False,Proxy (Market-Cap-Rang 1001-3000),2026-09-29
ACFN,Acorn Energy Inc.,NASDAQ,Consumer Discretionary,Military/Government/Technical,United States,52664334.0,False,True,False,Proxy (Market-Cap-Rang 1001-3000),2026-09-29
ACGL,Arch Capital Group Ltd.,NASDAQ,Finance,Property-Casualty Insurers,Bermuda,32300749067.0,True,True,False,Proxy (Market-Cap-Rang 1001-3000),2026-09-29
ACHC,Acadia Healthcare Company Inc.,NASDAQ,Health Care,Medical Specialities,United States,2615186725.0,False,True,True,Proxy (Market-Cap-Rang 1001-3000),2026-09-29
ACHR,Archer Aviation Inc.,NYSE,Industrials,Aerospace,United States,4366179260.0,False,False,True,Proxy (Market-Cap-Rang 1001-3000),2026-09-29
ACHV,Achieve Life Sciences Inc. Common Shares,NASDAQ,Health Care,Biotechnology: In Vitro & In Vivo Diagnostic Substances,United States,775884775.0,False,True,True,Proxy (Market-Cap-Rang 1001-3000),2026-09-29
ACIC,American Coastal Insurance Corporation,NASDAQ,Finance,Property-Casualty Insurers,United States,444355183.0,False,True,True,Proxy (Market-Cap-Rang 1001-3000),2026-09-29
ACIU,AC Immune SA,NASDAQ,Health Care,Biotechnology: Pharmaceutical Preparations,Switzerland,256469404.0,False,True,False,Proxy (Market-Cap-Rang 1001-3000),2026-09-29
ACIW,ACI Worldwide Inc.,NASDAQ,Technology,Computer Software: Prepackaged Software,United States,4998293982.0,False,True,True,Proxy (Market-Cap-Rang 1001-3000),2026-09-29
ACLS,Axcelis Technologies Inc.,NASDAQ,Technology,Industrial Machinery/Components,United States,3801820111.0,False,True,True,Proxy (Market-Cap-Rang 1001-3000),2026-09-29
ACMR,ACM Research Inc.,NASDAQ,Technology,Industrial Machinery/Components,United States,5383882851.0,False,True,False,Proxy (Market-Cap-Rang 1001-3000),2026-09-29
ACN,Accenture plc Class A Ordinary Shares (Ireland),NYSE,Consumer Discretionary,Business Services,Ireland,117555223083.0,True,False,False,Proxy (Market-Cap-Rang 1001-3000),2026-09-29
ACNB,ACNB Corporation,NASDAQ,Finance,Major Banks,United States,648129639.0,False,True,True,Proxy (Market-Cap-Rang 1001-3000),2026-09-29
ACNT,Ascent Industries Co.,NASDAQ,Industrials,Major Chemicals,United States,132438959.0,False,True,False,Proxy (Market-Cap-Rang 1001-3000),2026-09-29
ACOG,Alpha Cognition Inc.,NASDAQ,Unknown,Unknown,Canada,184426661.0,False,True,False,Proxy (Market-Cap-Rang 1001-3000),2026-09-29
ACON,Aclarion Inc.,NASDAQ,Health Care,Medical Specialities,United States,7465341.0,False,True,False,Proxy (Market-Cap-Rang 1001-3000),2026-09-29
ACRE,Ares Commercial Real Estate Corporation,NYSE,Real Estate,Real Estate Investment Trusts,United States,232465863.0,False,False,True,Proxy (Market-Cap-Rang 1001-3000),2026-09-29
ACRS,Aclaris Therapeutics Inc.,NASDAQ,Health Care,Biotechnology: Pharmaceutical Preparations,United States,758074299.0,False,True,True,Proxy (Market-Cap-Rang 1001-3000),2026-09-29
ACRV,Acrivon Therapeutics Inc.,NASDAQ,Health Care,Biotechnology: Pharmaceutical Preparations,United States,89992060.0,False,True,False,Proxy (Market-Cap-Rang 1001-3000),2026-09-29
ACT,Enact Holdings Inc.,NASDAQ,Finance,Specialty Insurers,United States,6457608027.0,False,True,False,Proxy (Market-Cap-Rang 1001-3000),2026-09-29
ACTG,Acacia Research Corporation (Acacia Tech),NASDAQ,Miscellaneous,Multi-Sector Companies,United States,416695657.0,False,True,True,Proxy (Market-Cap-Rang 1001-3000),2026-09-29
ACTU,Actuate Therapeutics Inc. Common stock,NASDAQ,Health Care,Biotechnology: Pharmaceutical Preparations,United States,16329657.0,False,True,False,Proxy (Market-Cap-Rang 1001-3000),2026-09-29
ACU,Acme United Corporation.,AMEX,Consumer Discretionary,Industrial Machinery/Components,United States,240572393.0,False,False,True,Proxy (Market-Cap-Rang 1001-3000),2026-09-29
ACV,Virtus Diversified Income & Convertible Fund Common Shares of Beneficial Interest,NYSE,Finance,Finance/Investors Services,United States,256275852.0,False,False,True,Proxy (Market-Cap-Rang 1001-3000),2026-09-29
ACVA,ACV Auctions Inc.,NYSE,Consumer Discretionary,Business Services,United States,1776191471.0,False,False,True,Proxy (Market-Cap-Rang 1001-3000),2026-09-29
ACXP,Acurx Pharmaceuticals Inc.,NASDAQ,Health Care,Biotechnology: Pharmaceutical Preparations,United States,7560791.0,False,True,False,Proxy (Market-Cap-Rang 1001-3000),2026-09-29
AD,Array Digital Infrastructure Inc. Common Shares,NYSE,Telecommunications,Telecommunications Equipment,United States,2983385000.0,False,False,True,Proxy (Market-Cap-Rang 1001-3000),2026-09-29
ADAC,American Drive Acquisition Company Class A,NASDAQ,Unknown,Unknown,United States,0.0,False,True,False,Proxy (Market-Cap-Rang 1001-3000),2026-09-29
ADAG,Adagene Inc. American Depositary Shares,NASDAQ,Health Care,Biotechnology: Pharmaceutical Preparations,China,193531170.0,False,True,False,Proxy (Market-Cap-Rang 1001-3000),2026-09-29
ADAM,Adamas Trust Inc.,NASDAQ,Real Estate,Real Estate Investment Trusts,United States,731621458.0,False,True,True,Proxy (Market-Cap-Rang 1001-3000),2026-09-29
ADBE,Adobe Inc.,NASDAQ,Technology,Computer Software: Prepackaged Software,United States,91644924000.0,True,True,False,Proxy (Market-Cap-Rang 1001-3000),2026-09-29
ADBT,Advasa Holdings Inc.,NASDAQ,Technology,Computer Software: Prepackaged Software,Japan,55038424.0,False,True,False,Proxy (Market-Cap-Rang 1001-3000),2026-09-29
ADEA,Adeia Inc.,NASDAQ,Telecommunications,Cable & Other Pay Television Services,United States,2809938222.0,False,True,True,Proxy (Market-Cap-Rang 1001-3000),2026-09-29
ADGM,Adagio Medical Holdings Inc,NASDAQ,Health Care,Medical/Dental Instruments,United States,4331040.0,False,True,False,Proxy (Market-Cap-Rang 1001-3000),2026-09-29
ADI,Analog Devices Inc.,NASDAQ,Technology,Semiconductors,United States,190724967024.0,True,True,False,Proxy (Market-Cap-Rang 1001-3000),2026-09-29
ADIG,ADI Global Distribution Inc.,NYSE,Industrials,Wholesale Distributors,United States,1484298521.0,False,False,True,Proxy (Market-Cap-Rang 1001-3000),2026-09-29
ADIL,Adial Pharmaceuticals Inc,NASDAQ,Health Care,Biotechnology: Pharmaceutical Preparations,United States,11081256.0,False,True,False,Proxy (Market-Cap-Rang 1001-3000),2026-09-29
ADM,Archer-Daniels-Midland Company,NYSE,Consumer Staples,Packaged Foods,United States,39096561373.0,True,False,False,Proxy (Market-Cap-Rang 1001-3000),2026-09-29
ADMA,ADMA Biologics Inc,NASDAQ,Health Care,Biotechnology: Biological Products (No Diagnostic Substances),United States,2100976298.0,False,True,True,Proxy (Market-Cap-Rang 1001-3000),2026-09-29
ADNT,Adient plc Ordinary Shares ,NYSE,Consumer Discretionary,Auto Parts:O.E.M.,United States,1359218911.0,False,False,True,Proxy (Market-Cap-Rang 1001-3000),2026-09-29
ADP,Automatic Data Processing Inc.,NASDAQ,Technology,EDP Services,United States,104479645661.0,True,True,False,Proxy (Market-Cap-Rang 1001-3000),2026-09-29
ADPT,Adaptive Biotechnologies Corporation,NASDAQ,Health Care,Biotechnology: Biological Products (No Diagnostic Substances),United States,4696905630.0,False,True,True,Proxy (Market-Cap-Rang 1001-3000),2026-09-29
ADRX,ADARx Pharmaceuticals Inc.,NASDAQ,Health Care,Biotechnology: Pharmaceutical Preparations,United States,1977587512.0,False,True,True,Proxy (Market-Cap-Rang 1001-3000),2026-09-29
ADSE,ADS-TEC ENERGY PLC,NASDAQ,Consumer Discretionary,Industrial Specialties,Ireland,812152381.0,False,True,False,Proxy (Market-Cap-Rang 1001-3000),2026-09-29
ADSK,Autodesk Inc.,NASDAQ,Technology,Computer Software: Prepackaged Software,United States,43764600000.0,True,True,False,Proxy (Market-Cap-Rang 1001-3000),2026-09-29
ADT,ADT Inc.,NYSE,Consumer Discretionary,Diversified Commercial Services,United States,4675579187.0,False,False,True,Proxy (Market-Cap-Rang 1001-3000),2026-09-29
ADTN,ADTRAN Holdings Inc.,NASDAQ,Utilities,Telecommunications Equipment,United States,580962432.0,False,True,True,Proxy (Market-Cap-Rang 1001-3000),2026-09-29
ADUR,Aduro Clean Technologies Inc.,NASDAQ,Industrials,Major Chemicals,Canada,450950967.0,False,True,False,Proxy (Market-Cap-Rang 1001-3000),2026-09-29
ADUS,Addus HomeCare Corporation,NASDAQ,Health Care,Medical/Nursing Services,United States,2113744017.0,False,True,True,Proxy (Market-Cap-Rang 1001-3000),2026-09-29
ADV,Advantage Solutions Inc.,NASDAQ,Consumer Discretionary,Business Services,United States,424672258.0,False,True,True,Proxy (Market-Cap-Rang 1001-3000),2026-09-29
ADVB,Advanced Biomed Inc.,NASDAQ,Health Care,Medical Specialities,Taiwan,10540609.0,False,True,False,Proxy (Market-Cap-Rang 1001-3000),2026-09-29
ADXN,Addex Therapeutics Ltd American Depositary Shares,NASDAQ,Health Care,Biotechnology: Pharmaceutical Preparations,Switzerland,6218552.0,False,True,False,Proxy (Market-Cap-Rang 1001-3000),2026-09-29
AEAQ,Activate Energy Acquisition Corp. Class A Ordinary Share,NASDAQ,Unknown,Unknown,Cayman Islands,0.0,False,True,False,Proxy (Market-Cap-Rang 1001-3000),2026-09-29
AEBI,Aebi Schmidt Holding AG Common Stock ,NASDAQ,Industrials,Auto Manufacturing,Switzerland,853593224.0,False,True,False,Proxy (Market-Cap-Rang 1001-3000),2026-09-29
AEC,Anfield Energy Inc. Common Shares,NASDAQ,Basic Materials,Metal Mining,Canada,72617913.0,False,True,False,Proxy (Market-Cap-Rang 1001-3000),2026-09-29
AEE,Ameren Corporation,NYSE,Utilities,Power Generation,United States,27515450717.0,True,False,False,Proxy (Market-Cap-Rang 1001-3000),2026-09-29
AEF,abrdn Emerging Markets ex-China Fund Inc.,AMEX,Finance,Finance/Investors Services,United States,1045710750.0,False,False,True,Proxy (Market-Cap-Rang 1001-3000),2026-09-29
AEHL,Antelope Enterprise Holdings Limited Class A,NASDAQ,Consumer Discretionary,Telecommunications Equipment,China,177511052.0,False,True,False,Proxy (Market-Cap-Rang 1001-3000),2026-09-29
AEHR,Aehr Test Systems,NASDAQ,Industrials,Electrical Products,United States,3409330007.0,False,True,True,Proxy (Market-Cap-Rang 1001-3000),2026-09-29
AEI,Alset Inc. Common Stock (TX),NASDAQ,Finance,Real Estate,United States,30505999.0,False,True,False,Proxy (Market-Cap-Rang 1001-3000),2026-09-29
AEIS,Advanced Energy Industries Inc.,NASDAQ,Technology,Industrial Machinery/Components,United States,11201307619.0,False,True,False,Proxy (Market-Cap-Rang 1001-3000),2026-09-29
AEMD,Aethlon Medical Inc.,NASDAQ,Health Care,Medical/Dental Instruments,United States,10073717.0,False,True,False,Proxy (Market-Cap-Rang 1001-3000),2026-09-29
AENT,Alliance Entertainment Holding Corporation,NASDAQ,Consumer Discretionary,Durable Goods,United States,248780594.0,False,True,True,Proxy (Market-Cap-Rang 1001-3000),2026-09-29
AEO,American Eagle Outfitters Inc.,NYSE,Consumer Discretionary,Clothing/Shoe/Accessory Stores,United States,2778365861.0,False,False,True,Proxy (Market-Cap-Rang 1001-3000),2026-09-29
AEP,American Electric Power Company Inc.,NASDAQ,Utilities,Electric Utilities: Central,United States,64429426609.0,True,True,False,Proxy (Market-Cap-Rang 1001-3000),2026-09-29
AERT,Aeries Technology Inc. Class A Ordinary Share,NASDAQ,Consumer Discretionary,Professional Services,United States,37259749.0,False,True,False,Proxy (Market-Cap-Rang 1001-3000),2026-09-29
AES,The AES Corporation,NYSE,Industrials,Electric Utilities: Central,United States,10608832428.0,True,False,False,Proxy (Market-Cap-Rang 1001-3000),2026-09-29
AESI,Atlas Energy Solutions Inc.,NYSE,Industrials,Mining & Quarrying of Nonmetallic Minerals (No Fuels),United States,1558793034.0,False,False,True,Proxy (Market-Cap-Rang 1001-3000),2026-09-29
AEVA,Aeva Technologies Inc.,NASDAQ,Consumer Discretionary,Auto Parts:O.E.M.,United States,1069983385.0,False,True,True,Proxy (Market-Cap-Rang 1001-3000),2026-09-29
AEYE,AudioEye Inc.,NASDAQ,Technology,Computer Software: Prepackaged Software,United States,86227964.0,False,True,False,Proxy (Market-Cap-Rang 1001-3000),2026-09-29
AFCG,Advanced Flower Capital Inc.,NASDAQ,Finance,Real Estate,United States,80712032.0,False,True,False,Proxy (Market-Cap-Rang 1001-3000),2026-09-29
AFJK,Aimei Health Technology Co. Ltd Ordinary Share,NASDAQ,Unknown,Unknown,United States,0.0,False,True,False,Proxy (Market-Cap-Rang 1001-3000),2026-09-29
AFL,AFLAC Incorporated,NYSE,Finance,Accident &Health Insurance,United States,57012759849.0,True,False,False,Proxy (Market-Cap-Rang 1001-3000),2026-09-29
AFRI,Forafric Global PLC,NASDAQ,Consumer Staples,Packaged Foods,Gibraltar,295793051.0,False,True,False,Proxy (Market-Cap-Rang 1001-3000),2026-09-29
AFRM,Affirm Holdings Inc.,NASDAQ,Finance,Finance: Consumer Services,United States,24132368229.0,False,True,False,Proxy (Market-Cap-Rang 1001-3000),2026-09-29
AFYA,Afya Limited Class A Common Shares,NASDAQ,Real Estate,Other Consumer Services,Brazil,1218396803.0,False,True,False,Proxy (Market-Cap-Rang 1001-3000),2026-09-29
AGCC,Agencia Comercial Spirits Ltd Class A,NASDAQ,Consumer Staples,Beverages (Production/Distribution),Taiwan,559297500.0,False,True,False,Proxy (Market-Cap-Rang 1001-3000),2026-09-29
AGEN,Agenus Inc.,NASDAQ,Health Care,Biotechnology: Biological Products (No Diagnostic Substances),United States,385682763.0,False,True,True,Proxy (Market-Cap-Rang 1001-3000),2026-09-29
AGIO,Agios Pharmaceuticals Inc.,NASDAQ,Health Care,Biotechnology: Pharmaceutical Preparations,United States,1945087316.0,False,True,True,Proxy (Market-Cap-Rang 1001-3000),2026-09-29
AGL,agilon health inc.,NYSE,Health Care,Misc Health and Biotechnology Services,United States,1355554383.0,False,False,True,Proxy (Market-Cap-Rang 1001-3000),2026-09-29
AGM,Federal Agricultural Mortgage Corporation,NYSE,Finance,Finance Companies,United States,2322695472.0,False,False,True,Proxy (Market-Cap-Rang 1001-3000),2026-09-29
AGMB,AgomAb Therapeutics NV American Depositary Shares,NASDAQ,Health Care,Biotechnology: Biological Products (No Diagnostic Substances),Belgium,517596217.0,False,True,False,Proxy (Market-Cap-Rang 1001-3000),2026-09-29
AGMH,AGM Group Holdings Inc. Class A,NASDAQ,Technology,EDP Services,Hong Kong,3688412.0,False,True,False,Proxy (Market-Cap-Rang 1001-3000),2026-09-29
AGNC,AGNC Investment Corp.,NASDAQ,Real Estate,Real Estate Investment Trusts,United States,11404331520.0,False,True,False,Proxy (Market-Cap-Rang 1001-3000),2026-09-29
AGNT,AGNT Inc.,NASDAQ,Finance,Real Estate,United States,606638111.0,False,True,True,Proxy (Market-Cap-Rang 1001-3000),2026-09-29
AGPU,Axe Compute Inc.,NASDAQ,Health Care,Industrial Specialties,United States,140136689.0,False,True,False,Proxy (Market-Cap-Rang 1001-3000),2026-09-29
AGRZ,Agroz Inc. Class A,NASDAQ,Consumer Staples,Farming/Seeds/Milling,Malaysia,3886589.0,False,True,False,Proxy (Market-Cap-Rang 1001-3000),2026-09-29
AGX,Argan Inc.,NYSE,Consumer Discretionary,Engineering & Construction,United States,5110931142.0,False,False,True,Proxy (Market-Cap-Rang 1001-3000),2026-09-29
AGYS,Agilysys Inc. Common Stock (DE),NASDAQ,Technology,EDP Services,United States,2810424716.0,False,True,True,Proxy (Market-Cap-Rang 1001-3000),2026-09-29
AHCO,AdaptHealth Corp.,NASDAQ,Health Care,Medical/Nursing Services,United States,768981265.0,False,True,True,Proxy (Market-Cap-Rang 1001-3000),2026-09-29
AHG,Akso Health Group ADS,NASDAQ,Consumer Discretionary,Business Services,China,642528133.0,False,True,False,Proxy (Market-Cap-Rang 1001-3000),2026-09-29
AHMA,Ambitions Enterprise Management Co. L.L.C Class A,NASDAQ,Consumer Discretionary,Services-Misc. Amusement & Recreation,United Arab Emirates,40723250.0,False,True,False,Proxy (Market-Cap-Rang 1001-3000),2026-09-29
AHRT,AH Realty Trust Inc.,NYSE,Finance,Real Estate,United States,440844583.0,False,False,True,Proxy (Market-Cap-Rang 1001-3000),2026-09-29
AI,C3.ai Inc.,NYSE,Technology,Computer Software: Prepackaged Software,United States,1712305466.0,False,False,True,Proxy (Market-Cap-Rang 1001-3000),2026-09-29
AIAI,AIAI Holdings Corporation,NASDAQ,Technology,EDP Services,United States,257878304.0,False,True,True,Proxy (Market-Cap-Rang 1001-3000),2026-09-29
AIBZ,Bitzero Holdings Inc. Common Shares,NASDAQ,Consumer Discretionary,Services-Misc. Amusement & Recreation,Canada,254438867.0,False,True,False,Proxy (Market-Cap-Rang 1001-3000),2026-09-29
AIDX,20/20 Biolabs Inc.,NASDAQ,Health Care,Precision Instruments,United States,5551251.0,False,True,False,Proxy (Market-Cap-Rang 1001-3000),2026-09-29
AIFA,All In FutureTech Alliance Inc.,NASDAQ,Consumer Discretionary,Services-Misc. Amusement & Recreation,United States,25424451.0,False,True,False,Proxy (Market-Cap-Rang 1001-3000),2026-09-29
AIFC,AI Financial Corporation,NASDAQ,Finance,Investment Bankers/Brokers/Service,United States,72351411.0,False,True,False,Proxy (Market-Cap-Rang 1001-3000),2026-09-29
AIFF,Firefly Neuroscience Inc.,NASDAQ,Technology,Computer Software: Prepackaged Software,United States,31537535.0,False,True,False,Proxy (Market-Cap-Rang 1001-3000),2026-09-29
AIFU,AIFU Inc. Class A Ordinary Share,NASDAQ,Finance,Specialty Insurers,China,74231986.0,False,True,False,Proxy (Market-Cap-Rang 1001-3000),2026-09-29
AIG,American International Group Inc. New,NYSE,Finance,Property-Casualty Insurers,United States,38782986345.0,True,False,False,Proxy (Market-Cap-Rang 1001-3000),2026-09-29
AII,American Integrity Insurance Group Inc.,NYSE,Finance,Property-Casualty Insurers,United States,493558426.0,False,False,True,Proxy (Market-Cap-Rang 1001-3000),2026-09-29
AIIO,Robo.ai Inc. Class B,NASDAQ,Industrials,Auto Manufacturing,United Arab Emirates,165459451.0,False,True,False,Proxy (Market-Cap-Rang 1001-3000),2026-09-29
AIIR,Air Global PLC,NASDAQ,Consumer Discretionary,Tobacco,United Arab Emirates,1222145907.0,False,True,False,Proxy (Market-Cap-Rang 1001-3000),2026-09-29
AIMD,Ainos Inc.,NASDAQ,Technology,Computer peripheral equipment,United States,11449058.0,False,True,False,Proxy (Market-Cap-Rang 1001-3000),2026-09-29
AIN,Albany International Corporation,NYSE,Consumer Discretionary,Textiles,United States,1731832000.0,False,False,True,Proxy (Market-Cap-Rang 1001-3000),2026-09-29
AIOS,AIOS Tech Inc. Class A Common Shares,NASDAQ,Industrials,Metal Fabrications,China,40615688.0,False,True,False,Proxy (Market-Cap-Rang 1001-3000),2026-09-29
AIOT,PowerFleet Inc.,NASDAQ,Telecommunications,Telecommunications Equipment,United States,375832570.0,False,True,True,Proxy (Market-Cap-Rang 1001-3000),2026-09-29
AIP,Arteris Inc.,NASDAQ,Technology,Semiconductors,United States,1174243717.0,False,True,True,Proxy (Market-Cap-Rang 1001-3000),2026-09-29
AIR,AAR Corp.,NYSE,Industrials,Aerospace,United States,4674453912.0,False,False,True,Proxy (Market-Cap-Rang 1001-3000),2026-09-29
AIRE,reAlpha Tech Corp.,NASDAQ,Finance,Real Estate,United States,8048876.0,False,True,False,Proxy (Market-Cap-Rang 1001-3000),2026-09-29
AIRG,Airgain Inc.,NASDAQ,Technology,Radio And Television Broadcasting And Communications Equipment,United States,67335203.0,False,True,False,Proxy (Market-Cap-Rang 1001-3000),2026-09-29
AIRJ,AirJoule Technologies Corporation,NASDAQ,Industrials,Industrial Machinery/Components,United States,307596213.0,False,True,True,Proxy (Market-Cap-Rang 1001-3000),2026-09-29
AIRO,AIRO Group Holdings Inc.,NASDAQ,Industrials,Aerospace,United States,228464839.0,False,True,True,Proxy (Market-Cap-Rang 1001-3000),2026-09-29
AIRS,AirSculpt Technologies Inc.,NASDAQ,Health Care,Medical/Nursing Services,United States,141306610.0,False,True,False,Proxy (Market-Cap-Rang 1001-3000),2026-09-29
AIRT,Air T Inc.,NASDAQ,Consumer Discretionary,Air Freight/Delivery Services,United States,77851144.0,False,True,False,Proxy (Market-Cap-Rang 1001-3000),2026-09-29
AISP,Airship AI Holdings Inc.,NASDAQ,Technology,Computer Software: Prepackaged Software,United States,62680003.0,False,True,False,Proxy (Market-Cap-Rang 1001-3000),2026-09-29
AIV,Apartment Investment and Management Company,NYSE,Real Estate,Real Estate Investment Trusts,United States,316616438.0,False,False,True,Proxy (Market-Cap-Rang 1001-3000),2026-09-29
AIXC,AIxCrypto Holdings Inc.,NASDAQ,Finance,Finance: Consumer Services,United States,36518369.0,False,True,False,Proxy (Market-Cap-Rang 1001-3000),2026-09-29
AIXI,XIAO-I Corporation American Depositary Shares,NASDAQ,Technology,Computer Software: Prepackaged Software,China,226202.0,False,True,False,Proxy (Market-Cap-Rang 1001-3000),2026-09-29
AIZ,Assurant Inc.,NYSE,Finance,Property-Casualty Insurers,United States,13070798255.0,True,False,False,Proxy (Market-Cap-Rang 1001-3000),2026-09-29
AJG,Arthur J. Gallagher & Co.,NYSE,Finance,Specialty Insurers,United States,59230930000.0,True,False,False,Proxy (Market-Cap-Rang 1001-3000),2026-09-29
AKAM,Akamai Technologies Inc.,NASDAQ,Consumer Discretionary,Business Services,United States,16375070429.0,True,True,False,Proxy (Market-Cap-Rang 1001-3000),2026-09-29
AKAN,Akanda Corp. Common Shares,NASDAQ,Health Care, Medicinal Chemicals and Botanical Products ,United Kingdom,1649565.0,False,True,False,Proxy (Market-Cap-Rang 1001-3000),2026-09-29
AKBA,Akebia Therapeutics Inc.,NASDAQ,Health Care,Biotechnology: Pharmaceutical Preparations,United States,248342617.0,False,True,True,Proxy (Market-Cap-Rang 1001-3000),2026-09-29
AKR,Acadia Realty Trust,NYSE,Real Estate,Real Estate Investment Trusts,United States,2642281571.0,False,False,True,Proxy (Market-Cap-Rang 1001-3000),2026-09-29
AKTS,Aktis Oncology Inc. Common stock,NASDAQ,Health Care,Biotechnology: Pharmaceutical Preparations,United States,1080686866.0,False,True,True,Proxy (Market-Cap-Rang 1001-3000),2026-09-29
AKTX,Akari Therapeutics plc ADS,NASDAQ,Health Care,Biotechnology: Pharmaceutical Preparations,United Kingdom,18992809.0,False,True,False,Proxy (Market-Cap-Rang 1001-3000),2026-09-29
ALAB,Astera Labs Inc.,NASDAQ,Technology,Semiconductors,United States,63256138620.0,False,True,False,Proxy (Market-Cap-Rang 1001-3000),2026-09-29
ALAR,Alarum Technologies Ltd. American Depositary Share,NASDAQ,Technology,Computer Software: Prepackaged Software,Israel,12905838.0,False,True,False,Proxy (Market-Cap-Rang 1001-3000),2026-09-29
ALB,Albemarle Corporation,NYSE,Industrials,Major Chemicals,United States,12948694905.0,True,False,False,Proxy (Market-Cap-Rang 1001-3000),2026-09-29
ALCO,Alico Inc.,NASDAQ,Consumer Staples,Farming/Seeds/Milling,United States,289843178.0,False,True,True,Proxy (Market-Cap-Rang 1001-3000),2026-09-29
ALDF,Aldel Financial II Inc. Class A,NASDAQ,Unknown,Unknown,United States,0.0,False,True,False,Proxy (Market-Cap-Rang 1001-3000),2026-09-29
ALDX,Aldeyra Therapeutics Inc.,NASDAQ,Health Care,Biotechnology: Pharmaceutical Preparations,United States,72693337.0,False,True,False,Proxy (Market-Cap-Rang 1001-3000),2026-09-29
ALEC,Alector Inc.,NASDAQ,Health Care,Biotechnology: Biological Products (No Diagnostic Substances),United States,217730992.0,False,True,True,Proxy (Market-Cap-Rang 1001-3000),2026-09-29
ALF,Centurion Acquisition Corp. Class A,NASDAQ,Unknown,Unknown,United States,0.0,False,True,False,Proxy (Market-Cap-Rang 1001-3000),2026-09-29
ALG,Alamo Group Inc.,NYSE,Industrials,Industrial Machinery/Components,United States,1940660369.0,False,False,True,Proxy (Market-Cap-Rang 1001-3000),2026-09-29
ALGM,Allegro MicroSystems Inc.,NASDAQ,Technology,Semiconductors,United States,6852139211.0,False,True,False,Proxy (Market-Cap-Rang 1001-3000),2026-09-29
ALGN,Align Technology Inc.,NASDAQ,Health Care,Industrial Specialties,United States,10427229477.0,True,True,False,Proxy (Market-Cap-Rang 1001-3000),2026-09-29
ALGS,Aligos Therapeutics Inc.,NASDAQ,Health Care,Biotechnology: Biological Products (No Diagnostic Substances),United States,34407515.0,False,True,False,Proxy (Market-Cap-Rang 1001-3000),2026-09-29
ALGT,Allegiant Travel Company,NASDAQ,Consumer Discretionary,Air Freight/Delivery Services,United States,2162143043.0,False,True,True,Proxy (Market-Cap-Rang 1001-3000),2026-09-29
ALH,Alliance Laundry Holdings Inc.,NYSE,Industrials,Industrial Machinery/Components,United States,4345529639.0,False,False,True,Proxy (Market-Cap-Rang 1001-3000),2026-09-29
ALHC,Alignment Healthcare Inc.,NASDAQ,Health Care,Medical Specialities,United States,1703042573.0,False,True,True,Proxy (Market-Cap-Rang 1001-3000),2026-09-29
ALIS,Calisa Acquisition Corp Ordinary shares,NASDAQ,Unknown,Unknown,United States,0.0,False,True,False,Proxy (Market-Cap-Rang 1001-3000),2026-09-29
ALIT,Alight Inc.,NYSE,Consumer Discretionary,Business Services,United States,296868805.0,False,False,True,Proxy (Market-Cap-Rang 1001-3000),2026-09-29
ALK,Alaska Air Group Inc.,NYSE,Consumer Discretionary,Air Freight/Delivery Services,United States,4569031733.0,False,False,True,Proxy (Market-Cap-Rang 1001-3000),2026-09-29
ALKS,Alkermes plc,NASDAQ,Health Care,Biotechnology: Pharmaceutical Preparations,Ireland,6853129661.0,False,True,False,Proxy (Market-Cap-Rang 1001-3000),2026-09-29
ALKT,Alkami Technology Inc.,NASDAQ,Technology,Computer Software: Prepackaged Software,United States,1475799324.0,False,True,True,Proxy (Market-Cap-Rang 1001-3000),2026-09-29
ALL,Allstate Corporation (The),NYSE,Finance,Property-Casualty Insurers,United States,57550469420.0,True,False,False,Proxy (Market-Cap-Rang 1001-3000),2026-09-29
ALLE,Allegion plc,NYSE,Consumer Discretionary,Diversified Commercial Services,United States,13135632333.0,True,False,False,Proxy (Market-Cap-Rang 1001-3000),2026-09-29
ALLO,Allogene Therapeutics Inc.,NASDAQ,Health Care,Biotechnology: Biological Products (No Diagnostic Substances),United States,570059954.0,False,True,True,Proxy (Market-Cap-Rang 1001-3000),2026-09-29
ALLR,Allarity Therapeutics Inc.,NASDAQ,Health Care,Biotechnology: Pharmaceutical Preparations,United States,16388046.0,False,True,False,Proxy (Market-Cap-Rang 1001-3000),2026-09-29
ALLT,Allot Ltd.,NASDAQ,Telecommunications,Computer Communications Equipment,Israel,425141730.0,False,True,False,Proxy (Market-Cap-Rang 1001-3000),2026-09-29
ALM,Almonty Industries Inc. Common Shares,NASDAQ,Basic Materials,Other Metals and Minerals,Canada,3957955890.0,False,True,False,Proxy (Market-Cap-Rang 1001-3000),2026-09-29
ALMR,Alamar Biosciences Inc.,NASDAQ,Industrials,Biotechnology: Laboratory Analytical Instruments,United States,2276082725.0,False,True,True,Proxy (Market-Cap-Rang 1001-3000),2026-09-29
ALMS,Alumis Inc.,NASDAQ,Health Care,Biotechnology: Pharmaceutical Preparations,United States,918990197.0,False,True,True,Proxy (Market-Cap-Rang 1001-3000),2026-09-29
ALMU,Aeluma Inc.,NASDAQ,Technology,Semiconductors,United States,256040768.0,False,True,True,Proxy (Market-Cap-Rang 1001-3000),2026-09-29
ALNT,Allient Inc.,NASDAQ,Industrials,Electrical Products,United States,1972461301.0,False,True,True,Proxy (Market-Cap-Rang 1001-3000),2026-09-29
ALNY,Alnylam Pharmaceuticals Inc.,NASDAQ,Health Care,Biotechnology: Pharmaceutical Preparations,United States,34249781843.0,False,True,False,Proxy (Market-Cap-Rang 1001-3000),2026-09-29
ALOV,Aldabra 4 Liquidity Opportunity Vehicle Inc. Class A,NASDAQ,Unknown,Unknown,United States,0.0,False,True,False,Proxy (Market-Cap-Rang 1001-3000),2026-09-29
ALOY,REalloys Inc.,NASDAQ,Basic Materials,Metal Mining,United States,617828486.0,False,True,True,Proxy (Market-Cap-Rang 1001-3000),2026-09-29
ALP,Alpha Compute Corp,NASDAQ,Finance,Finance: Consumer Services,Canada,8648152.0,False,True,False,Proxy (Market-Cap-Rang 1001-3000),2026-09-29
ALPS,ALPS Group Inc Ordinary Share,NASDAQ,Health Care,Medical/Nursing Services,Malaysia,65894524.0,False,True,False,Proxy (Market-Cap-Rang 1001-3000),2026-09-29
ALRM,Alarm.com Holdings Inc.,NASDAQ,Technology,Computer Software: Prepackaged Software,United States,2620436371.0,False,True,True,Proxy (Market-Cap-Rang 1001-3000),2026-09-29
ALRS,Alerus Financial Corporation,NASDAQ,Finance,Major Banks,United States,801918511.0,False,True,True,Proxy (Market-Cap-Rang 1001-3000),2026-09-29
ALT,Altimmune Inc.,NASDAQ,Health Care,Biotechnology: Pharmaceutical Preparations,United States,595224165.0,False,True,True,Proxy (Market-Cap-Rang 1001-3000),2026-09-29
ALTG,Alta Equipment Group Inc.,NYSE,Industrials,Industrial Machinery/Components,United States,203187944.0,False,False,True,Proxy (Market-Cap-Rang 1001-3000),2026-09-29
ALTI,AlTi Global Inc.,NASDAQ,Finance,Investment Managers,United States,488102942.0,False,True,True,Proxy (Market-Cap-Rang 1001-3000),2026-09-29
ALTO,Alto Ingredients Inc.,NASDAQ,Industrials,Major Chemicals,United States,289327014.0,False,True,True,Proxy (Market-Cap-Rang 1001-3000),2026-09-29
ALVO,Alvotech,NASDAQ,Health Care,Biotechnology: Biological Products (No Diagnostic Substances),Luxembourg,2244981010.0,False,True,False,Proxy (Market-Cap-Rang 1001-3000),2026-09-29
ALX,Alexander's Inc.,NYSE,Real Estate,Real Estate Investment Trusts,United States,1262113505.0,False,False,True,Proxy (Market-Cap-Rang 1001-3000),2026-09-29
ALXO,ALX Oncology Holdings Inc.,NASDAQ,Health Care,Biotechnology: Pharmaceutical Preparations,United States,181142866.0,False,True,True,Proxy (Market-Cap-Rang 1001-3000),2026-09-29
ALZN,Alzamend Neuro Inc.,NASDAQ,Health Care,Biotechnology: Pharmaceutical Preparations,United States,8831073.0,False,True,False,Proxy (Market-Cap-Rang 1001-3000),2026-09-29
AMAL,Amalgamated Financial Corp. Common Stock (DE),NASDAQ,Finance,Major Banks,United States,1422648994.0,False,True,True,Proxy (Market-Cap-Rang 1001-3000),2026-09-29
AMAT,Applied Materials Inc.,NASDAQ,Technology,Semiconductors,United States,384894759855.0,True,True,False,Proxy (Market-Cap-Rang 1001-3000),2026-09-29
AMBA,Ambarella Inc.,NASDAQ,Technology,Semiconductors,United States,3208165772.0,False,True,True,Proxy (Market-Cap-Rang 1001-3000),2026-09-29
AMBQ,Ambiq Micro Inc.,NYSE,Technology,Semiconductors,United States,1687838767.0,False,False,True,Proxy (Market-Cap-Rang 1001-3000),2026-09-29
AMBR,Amber International Holding Limited American Depositary Shares,NASDAQ,Finance,Finance: Consumer Services,Hong Kong,175351967.0,False,True,False,Proxy (Market-Cap-Rang 1001-3000),2026-09-29
AMC,AMC Entertainment Holdings Inc.,NYSE,Consumer Discretionary,Movies/Entertainment,United States,2624257636.0,False,False,True,Proxy (Market-Cap-Rang 1001-3000),2026-09-29
AMCI,AMC Robotics Corporation,NASDAQ,Consumer Discretionary,Home Furnishings,United States,73796425.0,False,True,False,Proxy (Market-Cap-Rang 1001-3000),2026-09-29
AMCR,Amcor plc,NYSE,Consumer Discretionary,Miscellaneous manufacturing industries,United Kingdom,19654315282.0,True,False,False,Proxy (Market-Cap-Rang 1001-3000),2026-09-29
AMCX,AMC Global Media Inc.,NASDAQ,Telecommunications,Cable & Other Pay Television Services,United States,501599647.0,False,True,True,Proxy (Market-Cap-Rang 1001-3000),2026-09-29
AMD,Advanced Micro Devices Inc.,NASDAQ,Technology,Semiconductors,United States,1029487735736.0,True,True,False,Proxy (Market-Cap-Rang 1001-3000),2026-09-29
AME,AMETEK Inc.,NYSE,Industrials,Industrial Machinery/Components,United States,57484964321.0,True,False,False,Proxy (Market-Cap-Rang 1001-3000),2026-09-29
AMGN,Amgen Inc.,NASDAQ,Health Care,Biotechnology: Biological Products (No Diagnostic Substances),United States,224151435593.0,True,True,False,Proxy (Market-Cap-Rang 1001-3000),2026-09-29
AMIX,Autonomix Medical Inc.,NASDAQ,Health Care,Medical/Dental Instruments,United States,7878951.0,False,True,False,Proxy (Market-Cap-Rang 1001-3000),2026-09-29
AMKR,Amkor Technology Inc.,NASDAQ,Technology,Semiconductors,United States,13319537024.0,False,True,False,Proxy (Market-Cap-Rang 1001-3000),2026-09-29
AMLX,Amylyx Pharmaceuticals Inc.,NASDAQ,Health Care,Biotechnology: Pharmaceutical Preparations,United States,3699764766.0,False,True,True,Proxy (Market-Cap-Rang 1001-3000),2026-09-29
AMN,AMN Healthcare Services Inc,NYSE,Consumer Discretionary,Professional Services,United States,1338508489.0,False,False,True,Proxy (Market-Cap-Rang 1001-3000),2026-09-29
AMOD,Alpha Modus Holdings Inc.,NASDAQ,Miscellaneous,Multi-Sector Companies,United States,8227336.0,False,True,False,Proxy (Market-Cap-Rang 1001-3000),2026-09-29
AMP,Ameriprise Financial Inc.,NYSE,Finance,Investment Managers,United States,44319262412.0,True,False,False,Proxy (Market-Cap-Rang 1001-3000),2026-09-29
AMPG,Amplitech Group Inc.,NASDAQ,Telecommunications,Telecommunications Equipment,United States,100346583.0,False,True,False,Proxy (Market-Cap-Rang 1001-3000),2026-09-29
AMPH,Amphastar Pharmaceuticals Inc.,NASDAQ,Health Care,Biotechnology: Pharmaceutical Preparations,United States,1111516477.0,False,True,True,Proxy (Market-Cap-Rang 1001-3000),2026-09-29
AMPL,Amplitude Inc.,NASDAQ,Technology,Computer Software: Prepackaged Software,United States,1661383678.0,False,True,True,Proxy (Market-Cap-Rang 1001-3000),2026-09-29
AMPX,Amprius Technologies Inc.,NYSE,Miscellaneous,Industrial Machinery/Components,United States,1424286026.0,False,False,True,Proxy (Market-Cap-Rang 1001-3000),2026-09-29
AMPY,Amplify Energy Corp.,NYSE,Energy,Oil & Gas Production,United States,177433606.0,False,False,True,Proxy (Market-Cap-Rang 1001-3000),2026-09-29
AMR,Alpha Metallurgical Resources Inc.,NYSE,Energy,Coal Mining,United States,2211605819.0,False,False,True,Proxy (Market-Cap-Rang 1001-3000),2026-09-29
AMRC,Ameresco Inc.,NYSE,Consumer Discretionary,Engineering & Construction,United States,1139862212.0,False,False,True,Proxy (Market-Cap-Rang 1001-3000),2026-09-29
AMRN,Amarin Corporation plc,NASDAQ,Health Care,Biotechnology: Pharmaceutical Preparations,Ireland,278821409.0,False,True,False,Proxy (Market-Cap-Rang 1001-3000),2026-09-29
AMRX,Amneal Pharmaceuticals Inc.,NASDAQ,Health Care,Biotechnology: Pharmaceutical Preparations,United States,6885812256.0,False,True,False,Proxy (Market-Cap-Rang 1001-3000),2026-09-29
AMSC,American Superconductor Corporation,NASDAQ,Consumer Discretionary,Metal Fabrications,United States,1453748711.0,False,True,True,Proxy (Market-Cap-Rang 1001-3000),2026-09-29
AMSF,AMERISAFE Inc.,NASDAQ,Finance,Property-Casualty Insurers,United States,435782724.0,False,True,True,Proxy (Market-Cap-Rang 1001-3000),2026-09-29
AMSS,AMASS Brands Inc.,NASDAQ,Consumer Staples,Beverages (Production/Distribution),United States,7427252.0,False,True,False,Proxy (Market-Cap-Rang 1001-3000),2026-09-29
AMST,Amesite Inc.,NASDAQ,Technology,Computer Software: Prepackaged Software,United States,6811845.0,False,True,False,Proxy (Market-Cap-Rang 1001-3000),2026-09-29
AMT,American Tower Corporation (REIT),NYSE,Real Estate,Real Estate Investment Trusts,United States,78761226913.0,True,False,False,Proxy (Market-Cap-Rang 1001-3000),2026-09-29
AMTB,Amerant Bancorp Inc.,NYSE,Finance,Major Banks,United States,1158844101.0,False,False,True,Proxy (Market-Cap-Rang 1001-3000),2026-09-29
AMTM,Amentum Holdings Inc.,NYSE,Consumer Discretionary,Business Services,United States,4692078065.0,False,False,True,Proxy (Market-Cap-Rang 1001-3000),2026-09-29
AMTX,Aemetis Inc. (DE),NASDAQ,Industrials,Major Chemicals,United States,129183573.0,False,True,False,Proxy (Market-Cap-Rang 1001-3000),2026-09-29
AMWL,American Well Corporation,NYSE,Consumer Discretionary,Business Services,United States,228427620.0,False,False,True,Proxy (Market-Cap-Rang 1001-3000),2026-09-29
AMZN,Amazon.com Inc.,NASDAQ,Consumer Discretionary,Catalog/Specialty Distribution,United States,2693018909521.0,True,True,False,Proxy (Market-Cap-Rang 1001-3000),2026-09-29
ANAB,AnaptysBio Inc.,NASDAQ,Health Care,Biotechnology: Pharmaceutical Preparations,United States,1510032531.0,False,True,True,Proxy (Market-Cap-Rang 1001-3000),2026-09-29
ANDE,Andersons Inc. (The),NASDAQ,Industrials,Farming/Seeds/Milling,United States,2275343923.0,False,True,True,Proxy (Market-Cap-Rang 1001-3000),2026-09-29
ANET,Arista Networks Inc.,NYSE,Telecommunications,Computer Communications Equipment,United States,260505951044.0,True,False,False,Proxy (Market-Cap-Rang 1001-3000),2026-09-29
ANGH,Anghami Inc.,NASDAQ,Consumer Discretionary,Telecommunications Equipment,United Arab Emirates,35163297.0,False,True,False,Proxy (Market-Cap-Rang 1001-3000),2026-09-29
ANGI,Angi Inc.,NASDAQ,Consumer Discretionary,Advertising,United States,219814880.0,False,True,True,Proxy (Market-Cap-Rang 1001-3000),2026-09-29
ANGO,AngioDynamics Inc.,NASDAQ,Health Care,Medical/Dental Instruments,United States,640238706.0,False,True,True,Proxy (Market-Cap-Rang 1001-3000),2026-09-29
ANGX,Angel Studios Inc.,NYSE,Consumer Discretionary,Movies/Entertainment,United States,896430331.0,False,False,True,Proxy (Market-Cap-Rang 1001-3000),2026-09-29
ANIK,Anika Therapeutics Inc.,NASDAQ,Health Care,Medical/Dental Instruments,United States,272611017.0,False,True,True,Proxy (Market-Cap-Rang 1001-3000),2026-09-29
ANIP,ANI Pharmaceuticals Inc.,NASDAQ,Health Care,Biotechnology: Pharmaceutical Preparations,United States,1699002112.0,False,True,True,Proxy (Market-Cap-Rang 1001-3000),2026-09-29
ANIX,Anixa Biosciences Inc.,NASDAQ,Health Care,Biotechnology: Pharmaceutical Preparations,United States,96643370.0,False,True,False,Proxy (Market-Cap-Rang 1001-3000),2026-09-29
ANL,Adlai Nortye Group Ltd. American Depositary Shares,NASDAQ,Health Care,Biotechnology: Pharmaceutical Preparations,Cayman Islands,1000099977.0,False,True,False,Proxy (Market-Cap-Rang 1001-3000),2026-09-29
ANNA,AleAnna Inc.,NASDAQ,Energy,Oil & Gas Production,United States,181392224.0,False,True,True,Proxy (Market-Cap-Rang 1001-3000),2026-09-29
ANNX,Annexon Inc.,NASDAQ,Health Care,Biotechnology: Pharmaceutical Preparations,United States,690068048.0,False,True,True,Proxy (Market-Cap-Rang 1001-3000),2026-09-29
ANPA,Rich Sparkle Holdings Limited,NASDAQ,Consumer Discretionary,Other Consumer Services,Hong Kong,30203510.0,False,True,False,Proxy (Market-Cap-Rang 1001-3000),2026-09-29
ANRO,Alto Neuroscience Inc.,NYSE,Health Care,Biotechnology: Pharmaceutical Preparations,United States,1039523335.0,False,False,True,Proxy (Market-Cap-Rang 1001-3000),2026-09-29
ANTA,Antalpha Platform Holding Company Class A,NASDAQ,Finance,Investment Bankers/Brokers/Service,Singapore,106784000.0,False,True,False,Proxy (Market-Cap-Rang 1001-3000),2026-09-29
ANTX,AN2 Therapeutics Inc.,NASDAQ,Health Care,Biotechnology: Pharmaceutical Preparations,United States,184152837.0,False,True,True,Proxy (Market-Cap-Rang 1001-3000),2026-09-29
AOMR,Angel Oak Mortgage REIT Inc.,NYSE,Finance,Real Estate,United States,175272321.0,False,False,True,Proxy (Market-Cap-Rang 1001-3000),2026-09-29
AON,Aon plc Class A Ordinary Shares (Ireland),NYSE,Finance,Specialty Insurers,United States,58968749398.0,True,False,False,Proxy (Market-Cap-Rang 1001-3000),2026-09-29
AORT,Artivion Inc.,NYSE,Health Care,Medical/Dental Instruments,United States,1103353281.0,False,False,True,Proxy (Market-Cap-Rang 1001-3000),2026-09-29
AOS,A.O. Smith Corporation,NYSE,Consumer Discretionary,Consumer Electronics/Appliances,United States,7971037806.0,True,False,False,Proxy (Market-Cap-Rang 1001-3000),2026-09-29
AOSL,Alpha and Omega Semiconductor Limited Common Shares,NASDAQ,Technology,Semiconductors,Bermuda,845140992.0,False,True,False,Proxy (Market-Cap-Rang 1001-3000),2026-09-29
AOUT,American Outdoor Brands Inc. Common Stock ,NASDAQ,Consumer Discretionary,Recreational Games/Products/Toys,United States,221502499.0,False,True,True,Proxy (Market-Cap-Rang 1001-3000),2026-09-29
AP,Ampco-Pittsburgh Corporation,NYSE,Industrials,Fluid Controls,United States,178490485.0,False,False,True,Proxy (Market-Cap-Rang 1001-3000),2026-09-29
APA,APA Corporation,NASDAQ,Energy,Oil & Gas Production,United States,14974023537.0,True,True,False,Proxy (Market-Cap-Rang 1001-3000),2026-09-29
APAM,Artisan Partners Asset Management Inc.,NYSE,Finance,Investment Managers,United States,2931587711.0,False,False,True,Proxy (Market-Cap-Rang 1001-3000),2026-09-29
APC,ARKO Petroleum Corp.,NASDAQ,Energy,Oil Refining/Marketing,United States,204014719.0,False,True,True,Proxy (Market-Cap-Rang 1001-3000),2026-09-29
APD,Air Products and Chemicals Inc.,NYSE,Basic Materials,Major Chemicals,United States,62743874933.0,True,False,False,Proxy (Market-Cap-Rang 1001-3000),2026-09-29
APEI,American Public Education Inc.,NASDAQ,Real Estate,Other Consumer Services,United States,762533789.0,False,True,True,Proxy (Market-Cap-Rang 1001-3000),2026-09-29
APH,Amphenol Corporation,NYSE,Technology,Electrical Products,United States,207363157798.0,True,False,False,Proxy (Market-Cap-Rang 1001-3000),2026-09-29
API,Agora Inc. American Depositary Shares,NASDAQ,Technology,Computer Software: Prepackaged Software,China,352692750.0,False,True,False,Proxy (Market-Cap-Rang 1001-3000),2026-09-29
APLD,Applied Digital Corporation,NASDAQ,Technology,EDP Services,United States,7651064190.0,False,True,False,Proxy (Market-Cap-Rang 1001-3000),2026-09-29
APLE,Apple Hospitality REIT Inc. Common Shares,NYSE,Real Estate,Real Estate Investment Trusts,United States,3822178881.0,False,False,True,Proxy (Market-Cap-Rang 1001-3000),2026-09-29
APLM,Apollomics Inc. Class A,NASDAQ,Health Care,Biotechnology: Pharmaceutical Preparations,United States,64726785.0,False,True,False,Proxy (Market-Cap-Rang 1001-3000),2026-09-29
APMD,Apnimed Inc.,NASDAQ,Health Care,Biotechnology: Pharmaceutical Preparations,United States,877993129.0,False,True,True,Proxy (Market-Cap-Rang 1001-3000),2026-09-29
APO,Apollo Global Management Inc. (New),NYSE,Finance,Investment Managers,United States,71863197019.0,True,False,False,Proxy (Market-Cap-Rang 1001-3000),2026-09-29
APOG,Apogee Enterprises Inc.,NASDAQ,Consumer Discretionary,Auto Parts:O.E.M.,United States,775257122.0,False,True,True,Proxy (Market-Cap-Rang 1001-3000),2026-09-29
APP,Applovin Corporation,NASDAQ,Technology,Computer Software: Programming Data Processing,United States,103992798250.0,True,True,False,Proxy (Market-Cap-Rang 1001-3000),2026-09-29
APPF,AppFolio Inc.,NASDAQ,Technology,Computer Software: Prepackaged Software,United States,7232858106.0,False,True,False,Proxy (Market-Cap-Rang 1001-3000),2026-09-29
APPN,Appian Corporation,NASDAQ,Technology,Computer Software: Prepackaged Software,United States,2579309768.0,False,True,True,Proxy (Market-Cap-Rang 1001-3000),2026-09-29
APPS,Digital Turbine Inc.,NASDAQ,Miscellaneous,Multi-Sector Companies,United States,1344490538.0,False,True,True,Proxy (Market-Cap-Rang 1001-3000),2026-09-29
APRE,Aprea Therapeutics Inc. Common stock,NASDAQ,Health Care,Biotechnology: Pharmaceutical Preparations,United States,9579336.0,False,True,False,Proxy (Market-Cap-Rang 1001-3000),2026-09-29
APTV,Aptiv PLC,NYSE,Consumer Discretionary,Auto Parts:O.E.M.,United Kingdom,9299896895.0,True,False,False,Proxy (Market-Cap-Rang 1001-3000),2026-09-29
APVO,Aptevo Therapeutics Inc.,NASDAQ,Health Care,Biotechnology: Pharmaceutical Preparations,United States,3405723.0,False,True,False,Proxy (Market-Cap-Rang 1001-3000),2026-09-29
APWC,Asia Pacific Wire & Cable Corporation Ltd. Ordinary Shares (Bermuda),NASDAQ,Industrials,Telecommunications Equipment,Taiwan,55251488.0,False,True,False,Proxy (Market-Cap-Rang 1001-3000),2026-09-29
APYX,Apyx Medical Corporation,NASDAQ,Health Care,Medical/Dental Instruments,United States,124687108.0,False,True,False,Proxy (Market-Cap-Rang 1001-3000),2026-09-29
AQB,AquaBounty Technologies Inc.,NASDAQ,Consumer Staples,Meat/Poultry/Fish,United States,4889844.0,False,True,False,Proxy (Market-Cap-Rang 1001-3000),2026-09-29
AQMS,Aqua Metals Inc.,NASDAQ,Industrials,Metal Fabrications,United States,9336451.0,False,True,False,Proxy (Market-Cap-Rang 1001-3000),2026-09-29
AQN,Algonquin Power & Utilities Corp. Common Shares,NYSE,Utilities,Electric Utilities: Central,United States,3848738420.0,False,False,True,Proxy (Market-Cap-Rang 1001-3000),2026-09-29
AQST,Aquestive Therapeutics Inc.,NASDAQ,Health Care,Biotechnology: Pharmaceutical Preparations,United States,587394513.0,False,True,True,Proxy (Market-Cap-Rang 1001-3000),2026-09-29
ARAI,Arrive AI Inc.,NASDAQ,Consumer Discretionary,Diversified Commercial Services,United States,10437493.0,False,True,False,Proxy (Market-Cap-Rang 1001-3000),2026-09-29
ARAY,Accuray Incorporated,NASDAQ,Health Care,Medical/Dental Instruments,United States,25691395.0,False,True,False,Proxy (Market-Cap-Rang 1001-3000),2026-09-29
ARBB,ARB IOT Group Limited,NASDAQ,Technology,EDP Services,Malaysia,7890694.0,False,True,False,Proxy (Market-Cap-Rang 1001-3000),2026-09-29
ARBE,Arbe Robotics Ltd.,NASDAQ,Technology,EDP Services,Israel,80901578.0,False,True,False,Proxy (Market-Cap-Rang 1001-3000),2026-09-29
ARBK,Argo Blockchain plc American Depositary Shares,NASDAQ,Finance,Finance: Consumer Services,United Kingdom,31262480.0,False,True,False,Proxy (Market-Cap-Rang 1001-3000),2026-09-29
ARCB,ArcBest Corporation,NASDAQ,Industrials,Trucking Freight/Courier Services,United States,2797495467.0,False,True,True,Proxy (Market-Cap-Rang 1001-3000),2026-09-29
ARCC,Ares Capital Corporation,NASDAQ,Finance,Finance: Consumer Services,United States,13786038624.0,False,True,False,Proxy (Market-Cap-Rang 1001-3000),2026-09-29
ARCI,Archimedes Tech SPAC Partners III Co. Ordinary Share,NASDAQ,Unknown,Unknown,United States,0.0,False,True,False,Proxy (Market-Cap-Rang 1001-3000),2026-09-29
ARCT,Arcturus Therapeutics Holdings Inc.,NASDAQ,Health Care,Biotechnology: Pharmaceutical Preparations,Israel,393659506.0,False,True,False,Proxy (Market-Cap-Rang 1001-3000),2026-09-29
ARDC,Ares Dynamic Credit Allocation Fund Inc. Common Shares,NYSE,Finance,Investment Managers,United States,264438396.0,False,False,True,Proxy (Market-Cap-Rang 1001-3000),2026-09-29
ARDT,Ardent Health Inc.,NYSE,Health Care,Hospital/Nursing Management,United States,1486623860.0,False,False,True,Proxy (Market-Cap-Rang 1001-3000),2026-09-29
ARDX,Ardelyx Inc.,NASDAQ,Health Care,Biotechnology: Pharmaceutical Preparations,United States,852221496.0,False,True,True,Proxy (Market-Cap-Rang 1001-3000),2026-09-29
ARE,Alexandria Real Estate Equities Inc.,NYSE,Real Estate,Real Estate Investment Trusts,United States,8700181170.0,True,False,False,Proxy (Market-Cap-Rang 1001-3000),2026-09-29
AREC,American Resources Corporation,NASDAQ,Energy,Coal Mining,United States,203245417.0,False,True,True,Proxy (Market-Cap-Rang 1001-3000),2026-09-29
ARES,Ares Management Corporation,NYSE,Finance,Investment Managers,United States,40297124710.0,True,False,False,Proxy (Market-Cap-Rang 1001-3000),2026-09-29
ARGX,argenx SE American Depositary Shares,NASDAQ,Health Care,Biotechnology: Biological Products (No Diagnostic Substances),Netherlands,59548720407.0,False,True,False,Proxy (Market-Cap-Rang 1001-3000),2026-09-29
ARHS,Arhaus Inc.,NASDAQ,Consumer Discretionary,Other Specialty Stores,United States,1376409327.0,False,True,True,Proxy (Market-Cap-Rang 1001-3000),2026-09-29
ARI,Apollo Commercial Real Estate Finance Inc,NYSE,Real Estate,Real Estate Investment Trusts,United States,800043460.0,False,False,True,Proxy (Market-Cap-Rang 1001-3000),2026-09-29
ARKO,ARKO Corp.,NASDAQ,Consumer Staples,Food Chains,United States,480154886.0,False,True,True,Proxy (Market-Cap-Rang 1001-3000),2026-09-29
ARKR,Ark Restaurants Corp.,NASDAQ,Consumer Discretionary,Restaurants,United States,16263768.0,False,True,False,Proxy (Market-Cap-Rang 1001-3000),2026-09-29
ARL,American Realty Investors Inc.,NYSE,Finance,Real Estate,United States,261824617.0,False,False,True,Proxy (Market-Cap-Rang 1001-3000),2026-09-29
ARLO,Arlo Technologies Inc.,NYSE,Consumer Discretionary,Diversified Commercial Services,United States,1381754823.0,False,False,True,Proxy (Market-Cap-Rang 1001-3000),2026-09-29
ARM,Arm Holdings plc American Depositary Shares,NASDAQ,Technology,Semiconductors,United Kingdom,330197625801.0,False,True,False,Proxy (Market-Cap-Rang 1001-3000),2026-09-29
AROW,Arrow Financial Corporation,NASDAQ,Finance,Major Banks,United States,697418171.0,False,True,True,Proxy (Market-Cap-Rang 1001-3000),2026-09-29
ARQ,Arq Inc.,NASDAQ,Industrials,Major Chemicals,United States,88210336.0,False,True,False,Proxy (Market-Cap-Rang 1001-3000),2026-09-29
ARQQ,Arqit Quantum Inc.,NASDAQ,Technology,Computer Software: Prepackaged Software,United Kingdom,592628391.0,False,True,False,Proxy (Market-Cap-Rang 1001-3000),2026-09-29
ARQT,Arcutis Biotherapeutics Inc.,NASDAQ,Health Care,Biotechnology: Pharmaceutical Preparations,United States,3383627590.0,False,True,True,Proxy (Market-Cap-Rang 1001-3000),2026-09-29
ARR,ARMOUR Residential REIT Inc.,NYSE,Real Estate,Real Estate Investment Trusts,United States,2356073312.0,False,False,True,Proxy (Market-Cap-Rang 1001-3000),2026-09-29
ARRY,Array Technologies Inc.,NASDAQ,Technology,Semiconductors,United States,620650999.0,False,True,True,Proxy (Market-Cap-Rang 1001-3000),2026-09-29
ARTL,Artelo Biosciences Inc.,NASDAQ,Health Care,Biotechnology: Pharmaceutical Preparations,United States,2486894.0,False,True,False,Proxy (Market-Cap-Rang 1001-3000),2026-09-29
ARTNA,Artesian Resources Corporation,NASDAQ,Utilities,Water Supply,United States,343376773.0,False,True,True,Proxy (Market-Cap-Rang 1001-3000),2026-09-29
ARTV,Artiva Biotherapeutics Inc.,NASDAQ,Health Care,Biotechnology: Biological Products (No Diagnostic Substances),United States,341741946.0,False,True,True,Proxy (Market-Cap-Rang 1001-3000),2026-09-29
ARTW,Art's-Way Manufacturing Co. Inc.,NASDAQ,Industrials,Industrial Machinery/Components,United States,17008532.0,False,True,False,Proxy (Market-Cap-Rang 1001-3000),2026-09-29
ARVN,Arvinas Inc.,NASDAQ,Health Care,Biotechnology: Pharmaceutical Preparations,United States,496281190.0,False,True,True,Proxy (Market-Cap-Rang 1001-3000),2026-09-29
ARWR,Arrowhead Pharmaceuticals Inc.,NASDAQ,Health Care,Biotechnology: Pharmaceutical Preparations,United States,9311494465.0,False,True,False,Proxy (Market-Cap-Rang 1001-3000),2026-09-29
ARXS,Arxis Inc.,NASDAQ,Industrials,Military/Government/Technical,United States,20923815424.0,False,True,False,Proxy (Market-Cap-Rang 1001-3000),2026-09-29
ASA,ASA  Gold and Precious Metals Limited,NYSE,Industrials,Precious Metals,United States,1032536329.0,False,False,True,Proxy (Market-Cap-Rang 1001-3000),2026-09-29
ASAN,Asana Inc.,NYSE,Technology,Computer Software: Prepackaged Software,United States,2065310455.0,False,False,True,Proxy (Market-Cap-Rang 1001-3000),2026-09-29
ASBP,Aspire-Lakewood Holdings Inc.,NASDAQ,Health Care,Biotechnology: Pharmaceutical Preparations,United States,11669274.0,False,True,False,Proxy (Market-Cap-Rang 1001-3000),2026-09-29
ASH,Ashland Inc.,NYSE,Consumer Discretionary,Specialty Chemicals,United States,3162490132.0,False,False,True,Proxy (Market-Cap-Rang 1001-3000),2026-09-29
ASIX,AdvanSix Inc. Common Stock ,NYSE,Industrials,Major Chemicals,United States,426618739.0,False,False,True,Proxy (Market-Cap-Rang 1001-3000),2026-09-29
ASLE,AerSale Corporation,NASDAQ,Consumer Discretionary,Industrial Specialties,United States,257724520.0,False,True,True,Proxy (Market-Cap-Rang 1001-3000),2026-09-29
ASMB,Assembly Biosciences Inc.,NASDAQ,Health Care,Biotechnology: Pharmaceutical Preparations,United States,481935307.0,False,True,True,Proxy (Market-Cap-Rang 1001-3000),2026-09-29
ASML,ASML Holding N.V. New York Registry Shares,NASDAQ,Technology,Industrial Machinery/Components,Netherlands,672145282700.0,False,True,False,Proxy (Market-Cap-Rang 1001-3000),2026-09-29
ASND,Ascendis Pharma A/S Ordinary Share,NASDAQ,Health Care,Biotechnology: Pharmaceutical Preparations,Denmark,14815892870.0,False,True,False,Proxy (Market-Cap-Rang 1001-3000),2026-09-29
ASO,Academy Sports and Outdoors Inc.,NASDAQ,Consumer Discretionary,Other Specialty Stores,United States,3025986704.0,False,True,True,Proxy (Market-Cap-Rang 1001-3000),2026-09-29
ASPI,ASP Isotopes Inc.,NASDAQ,Industrials,Major Chemicals,United States,448429937.0,False,True,True,Proxy (Market-Cap-Rang 1001-3000),2026-09-29
ASPN,Aspen Aerogels Inc.,NYSE,Consumer Discretionary,RETAIL: Building Materials,United States,433201452.0,False,False,True,Proxy (Market-Cap-Rang 1001-3000),2026-09-29
ASPS,Altisource Portfolio Solutions S.A.,NASDAQ,Consumer Discretionary,Other Consumer Services,Luxembourg,62696931.0,False,True,False,Proxy (Market-Cap-Rang 1001-3000),2026-09-29
ASRV,AmeriServ Financial Inc.,NASDAQ,Finance,Major Banks,United States,79462970.0,False,True,False,Proxy (Market-Cap-Rang 1001-3000),2026-09-29
ASST,Strive Inc.,NASDAQ,Finance,Finance: Consumer Services,United States,2855757987.0,False,True,True,Proxy (Market-Cap-Rang 1001-3000),2026-09-29
ASTC,Astrotech Corporation (DE),NASDAQ,Industrials,Biotechnology: Laboratory Analytical Instruments,United States,15079849.0,False,True,False,Proxy (Market-Cap-Rang 1001-3000),2026-09-29
ASTE,Astec Industries Inc.,NASDAQ,Industrials,Construction/Ag Equipment/Trucks,United States,950487150.0,False,True,True,Proxy (Market-Cap-Rang 1001-3000),2026-09-29
ASTH,Astrana Health Inc.,NASDAQ,Consumer Discretionary,Professional Services,United States,1804110791.0,False,True,True,Proxy (Market-Cap-Rang 1001-3000),2026-09-29
ASTI,Ascent Solar Technologies Inc.,NASDAQ,Technology,Semiconductors,United States,28663979.0,False,True,False,Proxy (Market-Cap-Rang 1001-3000),2026-09-29
ASTL,Algoma Steel Group Inc. Common Shares,NASDAQ,Industrials,Steel/Iron Ore,Canada,448955517.0,False,True,False,Proxy (Market-Cap-Rang 1001-3000),2026-09-29
ASTS,AST SpaceMobile Inc.,NASDAQ,Consumer Discretionary,Telecommunications Equipment,United States,24054442804.0,False,True,False,Proxy (Market-Cap-Rang 1001-3000),2026-09-29
ASUR,Asure Software Inc,NASDAQ,Technology,EDP Services,United States,227857898.0,False,True,True,Proxy (Market-Cap-Rang 1001-3000),2026-09-29
ASYS,Amtech Systems Inc.,NASDAQ,Technology,Industrial Machinery/Components,United States,276277834.0,False,True,True,Proxy (Market-Cap-Rang 1001-3000),2026-09-29
ATAT,Atour Lifestyle Holdings Limited American Depositary Shares,NASDAQ,Consumer Discretionary,Hotels/Resorts,China,4384672207.0,False,True,False,Proxy (Market-Cap-Rang 1001-3000),2026-09-29
ATCX,Atlas Critical Minerals Corporation,NASDAQ,Basic Materials,Precious Metals,Brazil,15758342.0,False,True,False,Proxy (Market-Cap-Rang 1001-3000),2026-09-29
ATEC,Alphatec Holdings Inc.,NASDAQ,Health Care,Medical/Dental Instruments,United States,1563044889.0,False,True,True,Proxy (Market-Cap-Rang 1001-3000),2026-09-29
ATEN,A10 Networks Inc.,NYSE,Telecommunications,Computer Communications Equipment,United States,1868230110.0,False,False,True,Proxy (Market-Cap-Rang 1001-3000),2026-09-29
ATER,Aterian Inc.,NASDAQ,Consumer Discretionary,Home Furnishings,United States,11930028.0,False,True,False,Proxy (Market-Cap-Rang 1001-3000),2026-09-29
ATEX,Anterix Inc.,NASDAQ,Telecommunications,Telecommunications Equipment,United States,1596628776.0,False,True,True,Proxy (Market-Cap-Rang 1001-3000),2026-09-29
ATGL,Alpha Technology Group Limited Class A,NASDAQ,Technology,EDP Services,China,90543750.0,False,True,False,Proxy (Market-Cap-Rang 1001-3000),2026-09-29
ATHE,Alterity Therapeutics Limited American Depositary Shares,NASDAQ,Health Care,Biotechnology: Pharmaceutical Preparations,Australia,66824711.0,False,True,False,Proxy (Market-Cap-Rang 1001-3000),2026-09-29
ATHR,Aether Holdings Inc.,NASDAQ,Technology,Computer Software: Prepackaged Software,United States,45280818.0,False,True,False,Proxy (Market-Cap-Rang 1001-3000),2026-09-29
ATII,Archimedes Tech SPAC Partners II Co.,NASDAQ,Unknown,Unknown,United States,0.0,False,True,False,Proxy (Market-Cap-Rang 1001-3000),2026-09-29
ATKR,Atkore Inc.,NYSE,Miscellaneous,Industrial Machinery/Components,United States,3193870054.0,False,False,True,Proxy (Market-Cap-Rang 1001-3000),2026-09-29
ATLC,Atlanticus Holdings Corporation,NASDAQ,Finance,Finance: Consumer Services,United States,1403228515.0,False,True,True,Proxy (Market-Cap-Rang 1001-3000),2026-09-29
ATLO,Ames National Corporation,NASDAQ,Finance,Major Banks,United States,281836740.0,False,True,True,Proxy (Market-Cap-Rang 1001-3000),2026-09-29
ATLX,Atlas Lithium Corporation,NASDAQ,Industrials,Mining & Quarrying of Nonmetallic Minerals (No Fuels),United States,81269474.0,False,True,False,Proxy (Market-Cap-Rang 1001-3000),2026-09-29
ATMU,Atmus Filtration Technologies Inc.,NYSE,Consumer Discretionary,Auto Parts:O.E.M.,United States,3648136012.0,False,False,True,Proxy (Market-Cap-Rang 1001-3000),2026-09-29
ATNI,ATN International Inc.,NASDAQ,Telecommunications,Telecommunications Equipment,United States,440844077.0,False,True,True,Proxy (Market-Cap-Rang 1001-3000),2026-09-29
ATO,Atmos Energy Corporation,NYSE,Utilities,Oil/Gas Transmission,United States,26566690417.0,True,False,False,Proxy (Market-Cap-Rang 1001-3000),2026-09-29
ATOM,Atomera Incorporated,NASDAQ,Technology,Semiconductors,United States,169754583.0,False,True,True,Proxy (Market-Cap-Rang 1001-3000),2026-09-29
ATOS,Atossa Therapeutics Inc.,NASDAQ,Health Care,Biotechnology: Pharmaceutical Preparations,United States,18960666.0,False,True,False,Proxy (Market-Cap-Rang 1001-3000),2026-09-29
ATPC,Agape ATP Corporation,NASDAQ,Health Care,Medical/Nursing Services,Malaysia,2241402.0,False,True,False,Proxy (Market-Cap-Rang 1001-3000),2026-09-29
ATRA,Atara Biotherapeutics Inc.,NASDAQ,Health Care,Biotechnology: Biological Products (No Diagnostic Substances),United States,88432225.0,False,True,False,Proxy (Market-Cap-Rang 1001-3000),2026-09-29
ATRC,AtriCure Inc.,NASDAQ,Health Care,Medical/Dental Instruments,United States,2969574244.0,False,True,True,Proxy (Market-Cap-Rang 1001-3000),2026-09-29
ATRO,Astronics Corporation,NASDAQ,Industrials,Military/Government/Technical,United States,2977087410.0,False,True,True,Proxy (Market-Cap-Rang 1001-3000),2026-09-29
ATTO,Attovia Therapeutics Inc.,NASDAQ,Health Care,Biotechnology: Biological Products (No Diagnostic Substances),United States,811679438.0,False,True,True,Proxy (Market-Cap-Rang 1001-3000),2026-09-29
ATTT,Atlas Trinity Tech Limited,NASDAQ,Consumer Discretionary,Consumer Electronics/Appliances,Hong Kong,16038048.0,False,True,False,Proxy (Market-Cap-Rang 1001-3000),2026-09-29
ATXG,Addentax Group Corp.,NASDAQ,Consumer Discretionary,Professional Services,China,4240706.0,False,True,False,Proxy (Market-Cap-Rang 1001-3000),2026-09-29
ATYR,aTyr Pharma Inc.,NASDAQ,Health Care,Biotechnology: Biological Products (No Diagnostic Substances),United States,29916665.0,False,True,False,Proxy (Market-Cap-Rang 1001-3000),2026-09-29
AUBN,Auburn National Bancorporation Inc.,NASDAQ,Finance,Major Banks,United States,94859850.0,False,True,False,Proxy (Market-Cap-Rang 1001-3000),2026-09-29
AUC,ATIF Holdings Limited,NASDAQ,Consumer Discretionary,Professional Services,United States,187648645.0,False,True,True,Proxy (Market-Cap-Rang 1001-3000),2026-09-29
AUDC,AudioCodes Ltd.,NASDAQ,Utilities,Telecommunications Equipment,Israel,262138450.0,False,True,False,Proxy (Market-Cap-Rang 1001-3000),2026-09-29
AUGO,Aura Minerals Inc. Common Shares,NASDAQ,Basic Materials,Metal Mining,United States,7002265366.0,False,True,False,Proxy (Market-Cap-Rang 1001-3000),2026-09-29
AUID,authID Inc.,NASDAQ,Technology,Computer Software: Prepackaged Software,United States,7756565.0,False,True,False,Proxy (Market-Cap-Rang 1001-3000),2026-09-29
AUPH,Aurinia Pharmaceuticals Inc,NASDAQ,Health Care,Biotechnology: Pharmaceutical Preparations,Canada,2187361202.0,False,True,False,Proxy (Market-Cap-Rang 1001-3000),2026-09-29
AUR,Aurora Innovation Inc.,NASDAQ,Technology,EDP Services,United States,12105097819.0,False,True,False,Proxy (Market-Cap-Rang 1001-3000),2026-09-29
AURA,Aura Biosciences Inc.,NASDAQ,Health Care,Biotechnology: Biological Products (No Diagnostic Substances),United States,622228854.0,False,True,True,Proxy (Market-Cap-Rang 1001-3000),2026-09-29
AURE,Aurelion Inc. Class A,NASDAQ,Finance,Finance: Consumer Services,Hong Kong,42864000.0,False,True,False,Proxy (Market-Cap-Rang 1001-3000),2026-09-29
AUTL,Autolus Therapeutics plc American Depositary Share,NASDAQ,Health Care,Biotechnology: Biological Products (No Diagnostic Substances),United Kingdom,493731512.0,False,True,False,Proxy (Market-Cap-Rang 1001-3000),2026-09-29
AUUD,Auddia Inc.,NASDAQ,Technology,EDP Services,United States,6615477.0,False,True,False,Proxy (Market-Cap-Rang 1001-3000),2026-09-29
AVA,Avista Corporation,NYSE,Utilities,Power Generation,United States,2940561861.0,False,False,True,Proxy (Market-Cap-Rang 1001-3000),2026-09-29
AVAH,Aveanna Healthcare Holdings Inc.,NASDAQ,Health Care,Medical/Nursing Services,United States,2708106427.0,False,True,True,Proxy (Market-Cap-Rang 1001-3000),2026-09-29
AVAT,Avalanche Treasury Corporation,NASDAQ,Finance,Finance: Consumer Services,United States,80445617.0,False,True,False,Proxy (Market-Cap-Rang 1001-3000),2026-09-29
AVAV,AeroVironment Inc.,NASDAQ,Industrials,Aerospace,United States,7727287739.0,False,True,False,Proxy (Market-Cap-Rang 1001-3000),2026-09-29
AVBC,Avidia Bancorp Inc.,NYSE,Finance,Banks,United States,432956234.0,False,False,True,Proxy (Market-Cap-Rang 1001-3000),2026-09-29
AVBH,Avidbank Holdings Inc. Common stock,NASDAQ,Finance,Commercial Banks,United States,344991107.0,False,True,True,Proxy (Market-Cap-Rang 1001-3000),2026-09-29
AVBP,ArriVent BioPharma Inc.,NASDAQ,Health Care,Biotechnology: Pharmaceutical Preparations,United States,1402804890.0,False,True,True,Proxy (Market-Cap-Rang 1001-3000),2026-09-29
AVGO,Broadcom Inc.,NASDAQ,Technology,Semiconductors,United States,1684184352671.0,True,True,False,Proxy (Market-Cap-Rang 1001-3000),2026-09-29
AVIR,Atea Pharmaceuticals Inc.,NASDAQ,Health Care,Biotechnology: Pharmaceutical Preparations,United States,414658294.0,False,True,True,Proxy (Market-Cap-Rang 1001-3000),2026-09-29
AVLN,Avalyn Pharma Inc.,NASDAQ,Health Care,Biotechnology: Pharmaceutical Preparations,United States,1244873308.0,False,True,True,Proxy (Market-Cap-Rang 1001-3000),2026-09-29
AVNT,Avient Corporation,NYSE,Industrials,Major Chemicals,United States,3786183024.0,False,False,True,Proxy (Market-Cap-Rang 1001-3000),2026-09-29
AVNW,Aviat Networks Inc.,NASDAQ,Technology,Radio And Television Broadcasting And Communications Equipment,United States,258329897.0,False,True,True,Proxy (Market-Cap-Rang 1001-3000),2026-09-29
AVO,Mission Produce Inc.,NASDAQ,Consumer Staples,Farming/Seeds/Milling,United States,1152094229.0,False,True,True,Proxy (Market-Cap-Rang 1001-3000),2026-09-29
AVPT,AvePoint Inc.,NASDAQ,Technology,Computer Software: Prepackaged Software,United States,2750350538.0,False,True,True,Proxy (Market-Cap-Rang 1001-3000),2026-09-29
AVR,Anteris Technologies Global Corp.,NASDAQ,Health Care,Industrial Specialties,United States,749455665.0,False,True,True,Proxy (Market-Cap-Rang 1001-3000),2026-09-29
AVT,Avnet Inc.,NASDAQ,Technology,Electronic Components,United States,8459672310.0,False,True,False,Proxy (Market-Cap-Rang 1001-3000),2026-09-29
AVTX,Avalo Therapeutics Inc.,NASDAQ,Health Care,Biotechnology: Pharmaceutical Preparations,United States,829655930.0,False,True,True,Proxy (Market-Cap-Rang 1001-3000),2026-09-29
AVX,Avax One Technology Ltd. Common Shares,NASDAQ,Finance,Finance: Consumer Services,Canada,44680193.0,False,True,False,Proxy (Market-Cap-Rang 1001-3000),2026-09-29
AVXL,Anavex Life Sciences Corp.,NASDAQ,Health Care,Biotechnology: Biological Products (No Diagnostic Substances),United States,220618484.0,False,True,True,Proxy (Market-Cap-Rang 1001-3000),2026-09-29
AVY,Avery Dennison Corporation,NYSE,Consumer Discretionary,Containers/Packaging,United States,12909752108.0,True,False,False,Proxy (Market-Cap-Rang 1001-3000),2026-09-29
AWK,American Water Works Company Inc.,NYSE,Utilities,Water Supply,United States,26015611950.0,True,False,False,Proxy (Market-Cap-Rang 1001-3000),2026-09-29
AWR,American States Water Company,NYSE,Utilities,Water Supply,United States,3281829833.0,False,False,True,Proxy (Market-Cap-Rang 1001-3000),2026-09-29
AWRE,Aware Inc.,NASDAQ,Technology,Computer Software: Prepackaged Software,United States,25738912.0,False,True,False,Proxy (Market-Cap-Rang 1001-3000),2026-09-29
AX,Axos Financial Inc.,NYSE,Finance,Savings Institutions,United States,5033070426.0,False,False,True,Proxy (Market-Cap-Rang 1001-3000),2026-09-29
AXG,Solowin Holdings Class A Ordinary Share,NASDAQ,Finance,Investment Bankers/Brokers/Service,Hong Kong,40202176.0,False,True,False,Proxy (Market-Cap-Rang 1001-3000),2026-09-29
AXGN,Axogen Inc.,NASDAQ,Health Care,Biotechnology: Electromedical & Electrotherapeutic Apparatus,United States,2545756949.0,False,True,True,Proxy (Market-Cap-Rang 1001-3000),2026-09-29
AXON,Axon Enterprise Inc.,NASDAQ,Industrials,Ordnance And Accessories,United States,34941024566.0,True,True,False,Proxy (Market-Cap-Rang 1001-3000),2026-09-29
AXP,American Express Company,NYSE,Finance,Finance: Consumer Services,United States,208596454315.0,True,False,False,Proxy (Market-Cap-Rang 1001-3000),2026-09-29
AXSM,Axsome Therapeutics Inc.,NASDAQ,Health Care,Biotechnology: Pharmaceutical Preparations,United States,10218973784.0,False,True,False,Proxy (Market-Cap-Rang 1001-3000),2026-09-29
AXTI,AXT Inc,NASDAQ,Technology,Semiconductors,United States,5176349355.0,False,True,True,Proxy (Market-Cap-Rang 1001-3000),2026-09-29
AYA,Aya Gold & Silver Inc. Common Shares,NASDAQ,Basic Materials,Precious Metals,Canada,4100709703.0,False,True,False,Proxy (Market-Cap-Rang 1001-3000),2026-09-29
AYTU,Aytu BioPharma Inc.,NASDAQ,Health Care,Biotechnology: Pharmaceutical Preparations,United States,24776094.0,False,True,False,Proxy (Market-Cap-Rang 1001-3000),2026-09-29
AZ,A2Z Cust2Mate Solutions Corp. Common Shares,NASDAQ,Industrials,Industrial Machinery/Components,Canada,239944245.0,False,True,False,Proxy (Market-Cap-Rang 1001-3000),2026-09-29
AZI,Autozi Internet Technology (Global) Ltd. Class A,NASDAQ,Consumer Discretionary,Automotive Aftermarket,China,77629575.0,False,True,False,Proxy (Market-Cap-Rang 1001-3000),2026-09-29
AZIO,Azio AI Holdings Inc.,NASDAQ,Consumer Discretionary,Auto Parts:O.E.M.,United States,22026045.0,False,True,False,Proxy (Market-Cap-Rang 1001-3000),2026-09-29
AZO,AutoZone Inc.,NYSE,Consumer Discretionary,Auto & Home Supply Stores,United States,46889031617.0,True,False,False,Proxy (Market-Cap-Rang 1001-3000),2026-09-29
AZTA,Azenta Inc.,NASDAQ,Technology,Industrial Machinery/Components,United States,1490361530.0,False,True,True,Proxy (Market-Cap-Rang 1001-3000),2026-09-29
AZZ,AZZ Inc.,NYSE,Industrials,Industrial Specialties,United States,4122164392.0,False,False,True,Proxy (Market-Cap-Rang 1001-3000),2026-09-29
BA,Boeing Company (The),NYSE,Industrials,Aerospace,United States,156548589861.0,True,False,False,Proxy (Market-Cap-Rang 1001-3000),2026-09-29
BAC,Bank of America Corporation,NYSE,Finance,Major Banks,United States,396488832296.0,True,False,False,Proxy (Market-Cap-Rang 1001-3000),2026-09-29
BAER,Bridger Aerospace Group Holdings Inc.,NASDAQ,Industrials,Aerospace,United States,46660894.0,False,True,False,Proxy (Market-Cap-Rang 1001-3000),2026-09-29
BAFN,BayFirst Financial Corp.,NASDAQ,Finance,Major Banks,United States,183212328.0,False,True,True,Proxy (Market-Cap-Rang 1001-3000),2026-09-29
BALL,Ball Corporation,NYSE,Industrials,Containers/Packaging,United States,15043091778.0,True,False,False,Proxy (Market-Cap-Rang 1001-3000),2026-09-29
BALY,Bally's Corporation,NYSE,Consumer Discretionary,Hotels/Resorts,United States,706573308.0,False,False,True,Proxy (Market-Cap-Rang 1001-3000),2026-09-29
BANC,Banc of California Inc.,NYSE,Finance,Major Banks,United States,2833632490.0,False,False,True,Proxy (Market-Cap-Rang 1001-3000),2026-09-29
BAND,Bandwidth Inc.,NASDAQ,Technology,Computer Software: Prepackaged Software,United States,1989094506.0,False,True,True,Proxy (Market-Cap-Rang 1001-3000),2026-09-29
BANF,BancFirst Corporation,NASDAQ,Finance,Major Banks,United States,3652519569.0,False,True,True,Proxy (Market-Cap-Rang 1001-3000),2026-09-29
BANL,CBL International Limited Class B,NASDAQ,Energy,Oil Refining/Marketing,Malaysia,10704686.0,False,True,False,Proxy (Market-Cap-Rang 1001-3000),2026-09-29
BANR,Banner Corporation,NASDAQ,Finance,Major Banks,United States,2529222752.0,False,True,True,Proxy (Market-Cap-Rang 1001-3000),2026-09-29
BANX,ArrowMark Financial Corp.,NASDAQ,Finance,Trusts Except Educational Religious and Charitable,United States,141484310.0,False,True,False,Proxy (Market-Cap-Rang 1001-3000),2026-09-29
BAOS,Baosheng Media Group Holdings Limited Ordinary shares,NASDAQ,Consumer Discretionary,Business Services,China,8812968.0,False,True,False,Proxy (Market-Cap-Rang 1001-3000),2026-09-29
BATRA,Atlanta Braves Holdings Inc. Series A,NASDAQ,Consumer Discretionary,Services-Misc. Amusement & Recreation,United States,3787830960.0,False,True,True,Proxy (Market-Cap-Rang 1001-3000),2026-09-29
BATRK,Atlanta Braves Holdings Inc. Series C,NASDAQ,Consumer Discretionary,Services-Misc. Amusement & Recreation,United States,3481750091.0,False,True,True,Proxy (Market-Cap-Rang 1001-3000),2026-09-29
BAX,Baxter International Inc.,NYSE,Health Care,Medical/Dental Instruments,United States,12082196497.0,True,False,False,Proxy (Market-Cap-Rang 1001-3000),2026-09-29
BBAI,BigBear.ai Inc.,NYSE,Technology,Computer Software: Prepackaged Software,United States,1342584580.0,False,False,True,Proxy (Market-Cap-Rang 1001-3000),2026-09-29
BBCP,Concrete Pumping Holdings Inc.,NASDAQ,Consumer Discretionary,Engineering & Construction,United States,492343713.0,False,True,True,Proxy (Market-Cap-Rang 1001-3000),2026-09-29
BBDC,Barings BDC Inc.,NYSE,Finance,Diversified Financial Services,United States,907808684.0,False,False,True,Proxy (Market-Cap-Rang 1001-3000),2026-09-29
BBGI,Beasley Broadcast Group Inc.,NASDAQ,Consumer Discretionary,Broadcasting,United States,28328563.0,False,True,False,Proxy (Market-Cap-Rang 1001-3000),2026-09-29
BBIO,BridgeBio Pharma Inc.,NASDAQ,Health Care,Biotechnology: Pharmaceutical Preparations,United States,12818113670.0,False,True,False,Proxy (Market-Cap-Rang 1001-3000),2026-09-29
BBLG,Bone Biologics Corp,NASDAQ,Health Care,Industrial Specialties,United States,1367004.0,False,True,False,Proxy (Market-Cap-Rang 1001-3000),2026-09-29
BBNX,Beta Bionics Inc.,NASDAQ,Health Care,Medical/Dental Instruments,United States,1132326473.0,False,True,True,Proxy (Market-Cap-Rang 1001-3000),2026-09-29
BBOT,BridgeBio Oncology Therapeutics Inc. Common Stock  ,NASDAQ,Health Care,Biotechnology: Pharmaceutical Preparations,United States,316688355.0,False,True,True,Proxy (Market-Cap-Rang 1001-3000),2026-09-29
BBSI,Barrett Business Services Inc.,NASDAQ,Consumer Discretionary,Professional Services,United States,754683505.0,False,True,True,Proxy (Market-Cap-Rang 1001-3000),2026-09-29
BBT,Beacon Financial Corporation Common stock,NYSE,Finance,Banks,United States,2362775464.0,False,False,True,Proxy (Market-Cap-Rang 1001-3000),2026-09-29
BBW,Build-A-Bear Workshop Inc.,NYSE,Consumer Discretionary,Recreational Games/Products/Toys,United States,317469263.0,False,False,True,Proxy (Market-Cap-Rang 1001-3000),2026-09-29
BBWI,Bath & Body Works Inc.,NYSE,Consumer Discretionary,Other Specialty Stores,United States,3317065399.0,False,False,True,Proxy (Market-Cap-Rang 1001-3000),2026-09-29
BBY,Best Buy Co. Inc.,NYSE,Consumer Discretionary,Consumer Electronics/Video Chains,United States,18982453946.0,True,False,False,Proxy (Market-Cap-Rang 1001-3000),2026-09-29
BC,Brunswick Corporation,NYSE,Industrials,Industrial Machinery/Components,United States,4353739187.0,False,False,True,Proxy (Market-Cap-Rang 1001-3000),2026-09-29
BCAL,California BanCorp,NASDAQ,Finance,Major Banks,United States,695737707.0,False,True,True,Proxy (Market-Cap-Rang 1001-3000),2026-09-29
BCAT,BlackRock Capital Allocation Term Trust Common Shares of Beneficial Interest,NYSE,Finance,Finance/Investors Services,United States,1481449500.0,False,False,True,Proxy (Market-Cap-Rang 1001-3000),2026-09-29
BCAX,Bicara Therapeutics Inc.,NASDAQ,Health Care,Biotechnology: Pharmaceutical Preparations,United States,1271182062.0,False,True,True,Proxy (Market-Cap-Rang 1001-3000),2026-09-29
BCBP,BCB Bancorp Inc. (NJ),NASDAQ,Finance,Savings Institutions,United States,365328443.0,False,True,True,Proxy (Market-Cap-Rang 1001-3000),2026-09-29
BCC,Boise Cascade L.L.C.,NYSE,Consumer Discretionary,RETAIL: Building Materials,United States,2691518816.0,False,False,True,Proxy (Market-Cap-Rang 1001-3000),2026-09-29
BCDA,BioCardia Inc.,NASDAQ,Health Care,Biotechnology: Biological Products (No Diagnostic Substances),United States,15895721.0,False,True,False,Proxy (Market-Cap-Rang 1001-3000),2026-09-29
BCG,Binah Capital Group Inc.,NASDAQ,Finance,Finance: Consumer Services,United States,19619151.0,False,True,False,Proxy (Market-Cap-Rang 1001-3000),2026-09-29
BCIC,BCP Investment Corporation,NASDAQ,Finance,Finance: Consumer Services,United States,85942545.0,False,True,False,Proxy (Market-Cap-Rang 1001-3000),2026-09-29
BCML,BayCom Corp,NASDAQ,Finance,Major Banks,United States,337104012.0,False,True,True,Proxy (Market-Cap-Rang 1001-3000),2026-09-29
BCO,Brinks Company (The),NYSE,Industrials,Integrated Freight & Logistics,United States,4399876704.0,False,False,True,Proxy (Market-Cap-Rang 1001-3000),2026-09-29
BCPC,Balchem Corporation,NASDAQ,Industrials,Major Chemicals,United States,5352000946.0,False,True,False,Proxy (Market-Cap-Rang 1001-3000),2026-09-29
BCRX,BioCryst Pharmaceuticals Inc.,NASDAQ,Health Care,Biotechnology: Biological Products (No Diagnostic Substances),United States,2195046552.0,False,True,True,Proxy (Market-Cap-Rang 1001-3000),2026-09-29
BCSF,Bain Capital Specialty Finance Inc.,NYSE,Finance,Finance/Investors Services,United States,718743058.0,False,False,True,Proxy (Market-Cap-Rang 1001-3000),2026-09-29
BCTX,BriaCell Therapeutics Corp. Common Shares,NASDAQ,Health Care,Biotechnology: Pharmaceutical Preparations,Canada,37539581.0,False,True,False,Proxy (Market-Cap-Rang 1001-3000),2026-09-29
BCX,BlackRock Resources Common Shares of Beneficial Interest,NYSE,Finance,Finance/Investors Services,United States,1024236181.0,False,False,True,Proxy (Market-Cap-Rang 1001-3000),2026-09-29
BCYC,Bicycle Therapeutics plc American Depositary Shares,NASDAQ,Health Care,Biotechnology: Pharmaceutical Preparations,United Kingdom,257923730.0,False,True,False,Proxy (Market-Cap-Rang 1001-3000),2026-09-29
BDC,Belden Inc,NYSE,Industrials,Telecommunications Equipment,United States,4394342578.0,False,False,True,Proxy (Market-Cap-Rang 1001-3000),2026-09-29
BDJ,Blackrock Enhanced Equity Dividend Trust,NYSE,Finance,Finance Companies,United States,1700863886.0,False,False,True,Proxy (Market-Cap-Rang 1001-3000),2026-09-29
BDMD,Baird Medical Investment Holdings Ltd Ordinary Share,NASDAQ,Health Care,Medical/Dental Instruments,China,32353017.0,False,True,False,Proxy (Market-Cap-Rang 1001-3000),2026-09-29
BDN,Brandywine Realty Trust,NYSE,Real Estate,Real Estate Investment Trusts,United States,499289925.0,False,False,True,Proxy (Market-Cap-Rang 1001-3000),2026-09-29
BDRX,Biodexa Pharmaceuticals plc American Depositary Shs,NASDAQ,Health Care,Biotechnology: Pharmaceutical Preparations,United Kingdom,2835088.0,False,True,False,Proxy (Market-Cap-Rang 1001-3000),2026-09-29
BDSX,Biodesix Inc.,NASDAQ,Health Care,Medical Specialities,United States,307037534.0,False,True,True,Proxy (Market-Cap-Rang 1001-3000),2026-09-29
BDTX,Black Diamond Therapeutics Inc.,NASDAQ,Health Care,Biotechnology: Biological Products (No Diagnostic Substances),United States,108013044.0,False,True,False,Proxy (Market-Cap-Rang 1001-3000),2026-09-29
BDX,Becton Dickinson and Company,NYSE,Health Care,Medical/Dental Instruments,United States,50070141576.0,True,False,False,Proxy (Market-Cap-Rang 1001-3000),2026-09-29
BE,Bloom Energy Corporation,NYSE,Energy,Industrial Machinery/Components,United States,85030044790.0,True,False,False,Proxy (Market-Cap-Rang 1001-3000),2026-09-29
BEAG,Bold Eagle Acquisition Corp. Class A,NASDAQ,Unknown,Unknown,United States,0.0,False,True,False,Proxy (Market-Cap-Rang 1001-3000),2026-09-29
BEAM,Beam Therapeutics Inc.,NASDAQ,Health Care,Biotechnology: Biological Products (No Diagnostic Substances),United States,2506791630.0,False,True,True,Proxy (Market-Cap-Rang 1001-3000),2026-09-29
BEAT,Heartbeam Inc.,NASDAQ,Health Care,Medical/Dental Instruments,United States,20274432.0,False,True,False,Proxy (Market-Cap-Rang 1001-3000),2026-09-29
BEEM,Beam Global,NASDAQ,Miscellaneous,Industrial Machinery/Components,United States,26933645.0,False,True,False,Proxy (Market-Cap-Rang 1001-3000),2026-09-29
BEEP,Mobile Infrastructure Corporation,NASDAQ,Finance,Real Estate,United States,118531000.0,False,True,False,Proxy (Market-Cap-Rang 1001-3000),2026-09-29
BELFA,Bel Fuse Inc.,NASDAQ,Unknown,Unknown,United States,2932652295.0,False,True,True,Proxy (Market-Cap-Rang 1001-3000),2026-09-29
BELFB,Bel Fuse Inc.,NASDAQ,Unknown,Unknown,United States,3648704621.0,False,True,True,Proxy (Market-Cap-Rang 1001-3000),2026-09-29
BEN,Franklin Templeton Inc.,NYSE,Finance,Investment Managers,United States,16776699568.0,True,False,False,Proxy (Market-Cap-Rang 1001-3000),2026-09-29
BENF,Beneficient,NASDAQ,Finance,Finance: Consumer Services,United States,22565354.0,False,True,False,Proxy (Market-Cap-Rang 1001-3000),2026-09-29
BETR,Better Home & Finance Holding Company,NASDAQ,Finance,Finance: Consumer Services,United Kingdom,198535151.0,False,True,False,Proxy (Market-Cap-Rang 1001-3000),2026-09-29
BF-B,Brown Forman Corporation,NYSE,Unknown,Unknown,United States,,True,False,False,Proxy (Market-Cap-Rang 1001-3000),2026-09-29
BFAM,Bright Horizons Family Solutions Inc.,NYSE,Consumer Discretionary,Other Consumer Services,United States,3203121253.0,False,False,True,Proxy (Market-Cap-Rang 1001-3000),2026-09-29
BFC,Bank First Corporation,NASDAQ,Finance,Major Banks,United States,1686453393.0,False,True,True,Proxy (Market-Cap-Rang 1001-3000),2026-09-29
BFH,Bread Financial Holdings Inc.,NYSE,Consumer Discretionary,Business Services,United States,3953726870.0,False,False,True,Proxy (Market-Cap-Rang 1001-3000),2026-09-29
BFLY,Butterfly Network Inc.,NYSE,Health Care,Medical Electronics,United States,2500417868.0,False,False,True,Proxy (Market-Cap-Rang 1001-3000),2026-09-29
BFRG,Bullfrog AI Holdings Inc.,NASDAQ,Health Care,Biotechnology: Pharmaceutical Preparations,United States,12341323.0,False,True,False,Proxy (Market-Cap-Rang 1001-3000),2026-09-29
BFRI,Biofrontera Inc.,NASDAQ,Health Care,Biotechnology: Pharmaceutical Preparations,United States,17525784.0,False,True,False,Proxy (Market-Cap-Rang 1001-3000),2026-09-29
BFS,Saul Centers Inc.,NYSE,Real Estate,Real Estate Investment Trusts,United States,741513030.0,False,False,True,Proxy (Market-Cap-Rang 1001-3000),2026-09-29
BFST,Business First Bancshares Inc.,NASDAQ,Finance,Major Banks,United States,1004489389.0,False,True,True,Proxy (Market-Cap-Rang 1001-3000),2026-09-29
BG,Bunge Limited Common Shares,NYSE,Consumer Staples,Packaged Foods,United States,20940984407.0,True,False,False,Proxy (Market-Cap-Rang 1001-3000),2026-09-29
BGC,BGC Group Inc.,NASDAQ,Finance,Investment Bankers/Brokers/Service,United States,5629523620.0,False,True,False,Proxy (Market-Cap-Rang 1001-3000),2026-09-29
BGDE,Big Digital Energy Inc.,NASDAQ,Finance,Finance: Consumer Services,Australia,32626593.0,False,True,False,Proxy (Market-Cap-Rang 1001-3000),2026-09-29
BGIN,Bgin Blockchain Limited Class A,NASDAQ,Finance,Finance: Consumer Services,China,214958288.0,False,True,False,Proxy (Market-Cap-Rang 1001-3000),2026-09-29
BGL,Blue Gold Limited Class A,NASDAQ,Basic Materials,Metal Mining,United Kingdom,8702529.0,False,True,False,Proxy (Market-Cap-Rang 1001-3000),2026-09-29
BGLC,BioNexus Gene Lab Corp Common stock,NASDAQ,Health Care,Medical Specialities,Malaysia,4077484.0,False,True,False,Proxy (Market-Cap-Rang 1001-3000),2026-09-29
BGM,BGM Group Ltd. Class A,NASDAQ,Health Care,Biotechnology: Pharmaceutical Preparations,China,96149606.0,False,True,False,Proxy (Market-Cap-Rang 1001-3000),2026-09-29
BGMS,Bio Green Med Solution Inc.,NASDAQ,Health Care,Biotechnology: Pharmaceutical Preparations,United States,6092970.0,False,True,False,Proxy (Market-Cap-Rang 1001-3000),2026-09-29
BGR,BlackRock Energy and Resources Trust,NYSE,Finance,Trusts Except Educational Religious and Charitable,United States,2313100470.0,False,False,True,Proxy (Market-Cap-Rang 1001-3000),2026-09-29
BGS,B&G Foods Inc.,NYSE,Consumer Staples,Packaged Foods,United States,251954580.0,False,False,True,Proxy (Market-Cap-Rang 1001-3000),2026-09-29
BH,Biglari Holdings Inc.,NYSE,Consumer Discretionary,Restaurants,United States,802217706.0,False,False,True,Proxy (Market-Cap-Rang 1001-3000),2026-09-29
BHB,Bar Harbor Bankshares Inc.,AMEX,Finance,Major Banks,United States,653206477.0,False,False,True,Proxy (Market-Cap-Rang 1001-3000),2026-09-29
BHE,Benchmark Electronics Inc.,NYSE,Technology,Electrical Products,United States,2964112871.0,False,False,True,Proxy (Market-Cap-Rang 1001-3000),2026-09-29
BHF,Brighthouse Financial Inc.,NASDAQ,Finance,Life Insurance,United States,3061915614.0,False,True,True,Proxy (Market-Cap-Rang 1001-3000),2026-09-29
BHRB,Burke & Herbert Financial Services Corp.,NASDAQ,Finance,Major Banks,United States,1409862385.0,False,True,True,Proxy (Market-Cap-Rang 1001-3000),2026-09-29
BHST,BioHarvest Sciences Inc.,NASDAQ,Unknown,Unknown,Canada,33095049.0,False,True,False,Proxy (Market-Cap-Rang 1001-3000),2026-09-29
BHVN,Biohaven Ltd. Common Shares ,NYSE,Health Care,Biotechnology: Pharmaceutical Preparations,United States,1962058715.0,False,False,True,Proxy (Market-Cap-Rang 1001-3000),2026-09-29
BIAF,bioAffinity Technologies Inc.,NASDAQ,Health Care,Biotechnology: Commercial Physical & Biological Resarch,United States,9251336.0,False,True,False,Proxy (Market-Cap-Rang 1001-3000),2026-09-29
BIDU,Baidu Inc. ADS,NASDAQ,Technology,Computer Software: Programming Data Processing,China,29714264710.0,False,True,False,Proxy (Market-Cap-Rang 1001-3000),2026-09-29
BIIB,Biogen Inc.,NASDAQ,Health Care,Biotechnology: Biological Products (No Diagnostic Substances),United States,33628809945.0,True,True,False,Proxy (Market-Cap-Rang 1001-3000),2026-09-29
BILI,Bilibili Inc. American Depositary Shares,NASDAQ,Technology,EDP Services,China,6205609222.0,False,True,False,Proxy (Market-Cap-Rang 1001-3000),2026-09-29
BILL,BILL Holdings Inc.,NYSE,Technology,Computer Software: Prepackaged Software,United States,3773497604.0,False,False,True,Proxy (Market-Cap-Rang 1001-3000),2026-09-29
BIOA,BioAge Labs Inc.,NASDAQ,Health Care,Biotechnology: Pharmaceutical Preparations,United States,323573208.0,False,True,True,Proxy (Market-Cap-Rang 1001-3000),2026-09-29
BIOT,Instinct Bio Technical Company Holdings Inc.,NASDAQ,Consumer Discretionary,Package Goods/Cosmetics,Japan,11866714.0,False,True,False,Proxy (Market-Cap-Rang 1001-3000),2026-09-29
BIOX,Bioceres Crop Solutions Corp.,NASDAQ,Industrials,Agricultural Chemicals,Argentina,23886288.0,False,True,False,Proxy (Market-Cap-Rang 1001-3000),2026-09-29
BIRD,Smartbird Inc.,NASDAQ,Consumer Discretionary,Apparel,United States,27397328.0,False,True,False,Proxy (Market-Cap-Rang 1001-3000),2026-09-29
BIVI,BioVie Inc.,NASDAQ,Health Care,Biotechnology: Pharmaceutical Preparations,United States,13564093.0,False,True,False,Proxy (Market-Cap-Rang 1001-3000),2026-09-29
BIXI,Bitcoin Infrastructure Acquisition Corp Ltd. Class A,NASDAQ,Unknown,Unknown,United States,0.0,False,True,False,Proxy (Market-Cap-Rang 1001-3000),2026-09-29
BIYA,Baiya International Group Inc Class A,NASDAQ,Consumer Discretionary,Diversified Commercial Services,China,13463387.0,False,True,False,Proxy (Market-Cap-Rang 1001-3000),2026-09-29
BJDX,Bluejay Diagnostics Inc.,NASDAQ,Health Care,Medical/Dental Instruments,United States,4116415.0,False,True,False,Proxy (Market-Cap-Rang 1001-3000),2026-09-29
BJRI,BJ's Restaurants Inc.,NASDAQ,Consumer Discretionary,Restaurants,United States,1279191489.0,False,True,True,Proxy (Market-Cap-Rang 1001-3000),2026-09-29
BKD,Brookdale Senior Living Inc.,NYSE,Health Care,Hospital/Nursing Management,United States,2653259670.0,False,False,True,Proxy (Market-Cap-Rang 1001-3000),2026-09-29
BKE,Buckle Inc. (The),NYSE,Consumer Discretionary,Clothing/Shoe/Accessory Stores,United States,2177430585.0,False,False,True,Proxy (Market-Cap-Rang 1001-3000),2026-09-29
BKHA,Black Hawk Acquisition Corporation Class A,NASDAQ,Health Care,Biotechnology: Biological Products (No Diagnostic Substances),United States,0.0,False,True,False,Proxy (Market-Cap-Rang 1001-3000),2026-09-29
BKKT,Bakkt Inc.,NYSE,Finance,Finance: Consumer Services,United States,383090393.0,False,False,True,Proxy (Market-Cap-Rang 1001-3000),2026-09-29
BKNG,Booking Holdings Inc.,NASDAQ,Consumer Discretionary,Transportation Services,United States,123188832975.0,True,True,False,Proxy (Market-Cap-Rang 1001-3000),2026-09-29
BKR,Baker Hughes Company,NASDAQ,Consumer Discretionary,Oil and Gas Field Machinery,United States,57406341526.0,True,True,False,Proxy (Market-Cap-Rang 1001-3000),2026-09-29
BKSY,BlackSky Technology Inc.,NYSE,Technology,Radio And Television Broadcasting And Communications Equipment,United States,951502670.0,False,False,True,Proxy (Market-Cap-Rang 1001-3000),2026-09-29
BKT,BlackRock Income Trust Inc. (The),NYSE,Finance,Investment Bankers/Brokers/Service,United States,1420681598.0,False,False,True,Proxy (Market-Cap-Rang 1001-3000),2026-09-29
BKTI,BK Technologies Corporation,AMEX,Technology,Radio And Television Broadcasting And Communications Equipment,United States,281874909.0,False,False,True,Proxy (Market-Cap-Rang 1001-3000),2026-09-29
BKU,BankUnited Inc.,NYSE,Finance,Savings Institutions,United States,3108575346.0,False,False,True,Proxy (Market-Cap-Rang 1001-3000),2026-09-29
BKV,BKV Corporation,NYSE,Energy,Oil & Gas Production,United States,2386839072.0,False,False,True,Proxy (Market-Cap-Rang 1001-3000),2026-09-29
BKYI,BIO-key International Inc.,NASDAQ,Technology,Computer Software: Prepackaged Software,United States,2571056.0,False,True,False,Proxy (Market-Cap-Rang 1001-3000),2026-09-29
BL,BlackLine Inc.,NASDAQ,Technology,Computer Software: Prepackaged Software,United States,1626926307.0,False,True,True,Proxy (Market-Cap-Rang 1001-3000),2026-09-29
BLBD,Blue Bird Corporation,NASDAQ,Consumer Discretionary,Construction/Ag Equipment/Trucks,United States,1841011387.0,False,True,True,Proxy (Market-Cap-Rang 1001-3000),2026-09-29
BLDP,Ballard Power Systems Inc. Common Shares,NASDAQ,Energy,Industrial Machinery/Components,Canada,747823204.0,False,True,False,Proxy (Market-Cap-Rang 1001-3000),2026-09-29
BLFS,BioLife Solutions Inc.,NASDAQ,Health Care,Biotechnology: Electromedical & Electrotherapeutic Apparatus,United States,1882419037.0,False,True,True,Proxy (Market-Cap-Rang 1001-3000),2026-09-29
BLIN,Bridgeline Digital Inc.,NASDAQ,Technology,Computer Software: Prepackaged Software,United States,10478059.0,False,True,False,Proxy (Market-Cap-Rang 1001-3000),2026-09-29
BLIV,BeLive Holdings Ordinary Share,NASDAQ,Technology,EDP Services,Singapore,25152017.0,False,True,False,Proxy (Market-Cap-Rang 1001-3000),2026-09-29
BLK,BlackRock Inc.,NYSE,Finance,Investment Bankers/Brokers/Service,United States,168236024744.0,True,False,False,Proxy (Market-Cap-Rang 1001-3000),2026-09-29
BLKB,Blackbaud Inc.,NASDAQ,Technology,Computer Software: Prepackaged Software,United States,1960398289.0,False,True,True,Proxy (Market-Cap-Rang 1001-3000),2026-09-29
BLLN,BillionToOne Inc.,NASDAQ,Health Care,Medical Specialities,United States,5807780637.0,False,True,False,Proxy (Market-Cap-Rang 1001-3000),2026-09-29
BLMN,Bloomin' Brands Inc.,NASDAQ,Consumer Discretionary,Restaurants,United States,674264721.0,False,True,True,Proxy (Market-Cap-Rang 1001-3000),2026-09-29
BLND,Blend Labs Inc.,NYSE,Technology,Computer Software: Programming Data Processing,United States,262529784.0,False,False,True,Proxy (Market-Cap-Rang 1001-3000),2026-09-29
BLNE,Beeline Holdings Inc.,NASDAQ,Finance,Finance: Consumer Services,United States,29259952.0,False,True,False,Proxy (Market-Cap-Rang 1001-3000),2026-09-29
BLNK,Blink Charging Co.,NASDAQ,Miscellaneous,Industrial Machinery/Components,United States,83962998.0,False,True,False,Proxy (Market-Cap-Rang 1001-3000),2026-09-29
BLRK,Bluerock Acquisition Corp. Class A,NASDAQ,Unknown,Unknown,United States,0.0,False,True,False,Proxy (Market-Cap-Rang 1001-3000),2026-09-29
BLRX,BioLineRx Ltd. American Depositary Shares,NASDAQ,Health Care,Biotechnology: Pharmaceutical Preparations,Israel,12607377.0,False,True,False,Proxy (Market-Cap-Rang 1001-3000),2026-09-29
BLSM,BlossomHill Therapeutics Inc.,NASDAQ,Health Care,Biotechnology: Pharmaceutical Preparations,United States,627751953.0,False,True,True,Proxy (Market-Cap-Rang 1001-3000),2026-09-29
BLTE,Belite Bio Inc American Depositary Shares,NASDAQ,Health Care,Biotechnology: Pharmaceutical Preparations,United States,6738737856.0,False,True,False,Proxy (Market-Cap-Rang 1001-3000),2026-09-29
BLUW,Blue Water Acquisition Corp. III Class A,NASDAQ,Unknown,Unknown,United States,75147314.0,False,True,False,Proxy (Market-Cap-Rang 1001-3000),2026-09-29
BLW,Blackrock Limited Duration Income Trust,NYSE,Consumer Discretionary,Other Consumer Services,United States,414607647.0,False,False,True,Proxy (Market-Cap-Rang 1001-3000),2026-09-29
BLZE,Backblaze Inc.,NASDAQ,Technology,Computer Software: Prepackaged Software,United States,816461000.0,False,True,True,Proxy (Market-Cap-Rang 1001-3000),2026-09-29
BMBL,Bumble Inc.,NASDAQ,Technology,Computer Software: Programming Data Processing,United States,351035715.0,False,True,True,Proxy (Market-Cap-Rang 1001-3000),2026-09-29
BME,Blackrock Health Sciences Trust,NYSE,Finance,Trusts Except Educational Religious and Charitable,United States,597852527.0,False,False,True,Proxy (Market-Cap-Rang 1001-3000),2026-09-29
BMEA,Biomea Fusion Inc.,NASDAQ,Health Care,Biotechnology: Pharmaceutical Preparations,United States,95678685.0,False,True,False,Proxy (Market-Cap-Rang 1001-3000),2026-09-29
BMEZ,BlackRock Health Sciences Term Trust Common Shares of Beneficial Interest,NYSE,Finance,Trusts Except Educational Religious and Charitable,United States,224128033.0,False,False,True,Proxy (Market-Cap-Rang 1001-3000),2026-09-29
BMGL,Basel Medical Group Ltd,NASDAQ,Health Care,Medical/Nursing Services,Singapore,5853811.0,False,True,False,Proxy (Market-Cap-Rang 1001-3000),2026-09-29
BMHL,Bluemount Holdings Limited Class B,NASDAQ,Finance,Finance: Consumer Services,Hong Kong,130407951.0,False,True,False,Proxy (Market-Cap-Rang 1001-3000),2026-09-29
BMI,Badger Meter Inc.,NYSE,Industrials,Industrial Machinery/Components,United States,3753216950.0,False,False,True,Proxy (Market-Cap-Rang 1001-3000),2026-09-29
BMM,Blue Moon Metals Inc. Common Shares,NASDAQ,Unknown,Unknown,Canada,541093085.0,False,True,False,Proxy (Market-Cap-Rang 1001-3000),2026-09-29
BMR,Beamr Imaging Ltd. Ordinary Share,NASDAQ,Technology,Computer Software: Prepackaged Software,Israel,19567616.0,False,True,False,Proxy (Market-Cap-Rang 1001-3000),2026-09-29
BMRA,Biomerica Inc.,NASDAQ,Health Care,Biotechnology: In Vitro & In Vivo Diagnostic Substances,United States,10669606.0,False,True,False,Proxy (Market-Cap-Rang 1001-3000),2026-09-29
BMRC,Bank of Marin Bancorp,NASDAQ,Finance,Major Banks,United States,451981462.0,False,True,True,Proxy (Market-Cap-Rang 1001-3000),2026-09-29
BMRN,BioMarin Pharmaceutical Inc.,NASDAQ,Health Care,Biotechnology: Pharmaceutical Preparations,United States,11664754717.0,False,True,False,Proxy (Market-Cap-Rang 1001-3000),2026-09-29
BMY,Bristol-Myers Squibb Company,NYSE,Health Care,Biotechnology: Pharmaceutical Preparations,United States,128405043276.0,True,False,False,Proxy (Market-Cap-Rang 1001-3000),2026-09-29
BNAI,Brand Engagement Network Inc.,NASDAQ,Technology,EDP Services,United States,46294645.0,False,True,False,Proxy (Market-Cap-Rang 1001-3000),2026-09-29
BNC,CEA Industries Inc.,NASDAQ,Consumer Staples,Farming/Seeds/Milling,United States,251572224.0,False,True,True,Proxy (Market-Cap-Rang 1001-3000),2026-09-29
BNED,Barnes & Noble Education Inc,NYSE,Consumer Discretionary,Other Specialty Stores,United States,392754223.0,False,False,True,Proxy (Market-Cap-Rang 1001-3000),2026-09-29
BNGO,Bionano Genomics Inc.,NASDAQ,Industrials,Biotechnology: Laboratory Analytical Instruments,United States,19549820.0,False,True,False,Proxy (Market-Cap-Rang 1001-3000),2026-09-29
BNKK,Bonk Inc.,NASDAQ,Consumer Discretionary,Package Goods/Cosmetics,United States,12241438.0,False,True,False,Proxy (Market-Cap-Rang 1001-3000),2026-09-29
BNL,Broadstone Net Lease Inc.,NYSE,Real Estate,Real Estate Investment Trusts,United States,3628696082.0,False,False,True,Proxy (Market-Cap-Rang 1001-3000),2026-09-29
BNR,Burning Rock Biotech Limited American Depositary Shares,NASDAQ,Health Care,Medical Specialities,China,196161980.0,False,True,False,Proxy (Market-Cap-Rang 1001-3000),2026-09-29
BNTC,Benitec Biopharma Inc.,NASDAQ,Health Care,Biotechnology: Pharmaceutical Preparations,United States,334525342.0,False,True,True,Proxy (Market-Cap-Rang 1001-3000),2026-09-29
BNTX,BioNTech SE American Depositary Share,NASDAQ,Health Care,Biotechnology: Biological Products (No Diagnostic Substances),Germany,24748654138.0,False,True,False,Proxy (Market-Cap-Rang 1001-3000),2026-09-29
BNY,The Bank of New York Mellon Corporation,NYSE,Finance,Major Banks,United States,101877396921.0,True,False,False,Proxy (Market-Cap-Rang 1001-3000),2026-09-29
BOC,Boston Omaha Corporation,NYSE,Finance,Real Estate,United States,405804844.0,False,False,True,Proxy (Market-Cap-Rang 1001-3000),2026-09-29
BODI,The Beachbody Company Inc.,NASDAQ,Consumer Discretionary,Other Consumer Services,United States,33110078.0,False,True,False,Proxy (Market-Cap-Rang 1001-3000),2026-09-29
BOF,BranchOut Food Inc.,NASDAQ,Consumer Staples,Packaged Foods,United States,60323509.0,False,True,False,Proxy (Market-Cap-Rang 1001-3000),2026-09-29
BOH,Bank of Hawaii Corporation,NYSE,Finance,Major Banks,United States,2826620873.0,False,False,True,Proxy (Market-Cap-Rang 1001-3000),2026-09-29
BOKF,BOK Financial Corporation,NASDAQ,Finance,Major Banks,United States,8007250065.0,False,True,False,Proxy (Market-Cap-Rang 1001-3000),2026-09-29
BOLD,Boundless Bio Inc.,NASDAQ,Health Care,Biotechnology: Pharmaceutical Preparations,United States,60509640.0,False,True,False,Proxy (Market-Cap-Rang 1001-3000),2026-09-29
BOLT,Bolt Biotherapeutics Inc.,NASDAQ,Health Care,Biotechnology: Pharmaceutical Preparations,United States,6896315.0,False,True,False,Proxy (Market-Cap-Rang 1001-3000),2026-09-29
BON,Bon Natural Life Limited Class A,NASDAQ,Health Care, Medicinal Chemicals and Botanical Products ,China,9771643.0,False,True,False,Proxy (Market-Cap-Rang 1001-3000),2026-09-29
BOOM,DMC Global Inc.,NASDAQ,Industrials,Industrial Specialties,United States,121397009.0,False,True,False,Proxy (Market-Cap-Rang 1001-3000),2026-09-29
BOOT,Boot Barn Holdings Inc.,NYSE,Consumer Discretionary,Clothing/Shoe/Accessory Stores,United States,3734121265.0,False,False,True,Proxy (Market-Cap-Rang 1001-3000),2026-09-29
BOSC,B.O.S. Better Online Solutions,NASDAQ,Telecommunications,Computer Communications Equipment,Israel,33416099.0,False,True,False,Proxy (Market-Cap-Rang 1001-3000),2026-09-29
BOT,RoboStrategy Inc.,NASDAQ,Unknown,Unknown,Puerto Rico,0.0,False,True,False,Proxy (Market-Cap-Rang 1001-3000),2026-09-29
BOTJ,Bank of the James Financial Group Inc.,NASDAQ,Finance,Major Banks,United States,121534292.0,False,True,False,Proxy (Market-Cap-Rang 1001-3000),2026-09-29
BOW,Bowhead Specialty Holdings Inc.,NYSE,Finance,Property-Casualty Insurers,United States,1112155849.0,False,False,True,Proxy (Market-Cap-Rang 1001-3000),2026-09-29
BOX,Box Inc.,NYSE,Technology,Computer Software: Prepackaged Software,United States,4306732264.0,False,False,True,Proxy (Market-Cap-Rang 1001-3000),2026-09-29
BOXL,Boxlight Corporation,NASDAQ,Real Estate,Other Consumer Services,United States,4062257.0,False,True,False,Proxy (Market-Cap-Rang 1001-3000),2026-09-29
BPAC,Blueport Acquisition Ltd Class A,NASDAQ,Unknown,Unknown,United States,0.0,False,True,False,Proxy (Market-Cap-Rang 1001-3000),2026-09-29
BPOP,Popular Inc.,NASDAQ,Finance,Major Banks,United States,10235173840.0,False,True,False,Proxy (Market-Cap-Rang 1001-3000),2026-09-29
BPRN,Princeton Bancorp Inc. Common Stock (PA),NASDAQ,Finance,Major Banks,United States,295761055.0,False,True,True,Proxy (Market-Cap-Rang 1001-3000),2026-09-29
BR,Broadridge Financial Solutions Inc.,NYSE,Consumer Discretionary,Business Services,United States,18673349858.0,True,False,False,Proxy (Market-Cap-Rang 1001-3000),2026-09-29
BRAG,Bragg Gaming Group Inc. Common Shares,NASDAQ,Technology,Office Equipment/Supplies/Services,Canada,42867498.0,False,True,False,Proxy (Market-Cap-Rang 1001-3000),2026-09-29
BRAI,Braiin Limited,NASDAQ,Technology,EDP Services,Australia,1127302607.0,False,True,False,Proxy (Market-Cap-Rang 1001-3000),2026-09-29
BRBI,BRBI BR Partners S.A. ADSs,NASDAQ,Finance,Finance: Consumer Services,Brazil,563534777.0,False,True,False,Proxy (Market-Cap-Rang 1001-3000),2026-09-29
BRBR,BellRing Brands Inc. Common Stock ,NYSE,Consumer Staples,Packaged Foods,United States,919760515.0,False,False,True,Proxy (Market-Cap-Rang 1001-3000),2026-09-29
BRBS,Blue Ridge Bankshares Inc.,AMEX,Finance,Major Banks,United States,345302084.0,False,False,True,Proxy (Market-Cap-Rang 1001-3000),2026-09-29
BRC,Brady Corporation,NYSE,Consumer Discretionary,Miscellaneous manufacturing industries,United States,3940471960.0,False,False,True,Proxy (Market-Cap-Rang 1001-3000),2026-09-29
BRCB,Black Rock Coffee Bar Inc.,NASDAQ,Consumer Discretionary,Restaurants,United States,360022562.0,False,True,True,Proxy (Market-Cap-Rang 1001-3000),2026-09-29
BRCC,BRC Inc.,NYSE,Consumer Staples,Beverages (Production/Distribution),United States,230765038.0,False,False,True,Proxy (Market-Cap-Rang 1001-3000),2026-09-29
BRFH,Barfresh Food Group Inc.,NASDAQ,Consumer Staples,Packaged Foods,United States,15075274.0,False,True,False,Proxy (Market-Cap-Rang 1001-3000),2026-09-29
BRID,Bridgford Foods Corporation,NASDAQ,Consumer Staples,Specialty Foods,United States,52872546.0,False,True,False,Proxy (Market-Cap-Rang 1001-3000),2026-09-29
BRK-B,Berkshire Hathaway Inc.,NYSE,Unknown,Unknown,United States,1115246271813.0,True,False,False,Proxy (Market-Cap-Rang 1001-3000),2026-09-29
BRKR,Bruker Corporation,NASDAQ,Industrials,Biotechnology: Laboratory Analytical Instruments,United States,9778420901.0,False,True,False,Proxy (Market-Cap-Rang 1001-3000),2026-09-29
BRLS,Borealis Foods Inc. Class A Common Shares,NASDAQ,Consumer Staples,Packaged Foods,Canada,29833995.0,False,True,False,Proxy (Market-Cap-Rang 1001-3000),2026-09-29
BRLT,Brilliant Earth Group Inc.,NASDAQ,Consumer Discretionary,Consumer Specialties,United States,139497229.0,False,True,False,Proxy (Market-Cap-Rang 1001-3000),2026-09-29
BRNX,BrenX Ltd.,NASDAQ,Industrials,Building Products,Israel,9068578.0,False,True,False,Proxy (Market-Cap-Rang 1001-3000),2026-09-29
BRO,Brown & Brown Inc.,NYSE,Finance,Specialty Insurers,United States,20351001913.0,True,False,False,Proxy (Market-Cap-Rang 1001-3000),2026-09-29
BRSL,Brightstar Lottery PLC Trading under the Legal Name to begin at the market open on July 21 2025.,NYSE,Consumer Discretionary,Services-Misc. Amusement & Recreation,United States,1837620000.0,False,False,True,Proxy (Market-Cap-Rang 1001-3000),2026-09-29
BRSP,BrightSpire Capital Inc.,NYSE,Real Estate,Real Estate Investment Trusts,United States,517483896.0,False,False,True,Proxy (Market-Cap-Rang 1001-3000),2026-09-29
BRT,BRT Apartments Corp. (MD),NYSE,Real Estate,Real Estate Investment Trusts,United States,258783424.0,False,False,True,Proxy (Market-Cap-Rang 1001-3000),2026-09-29
BRTX,BioRestorative Therapies Inc. Common Stock (NV),NASDAQ,Health Care,Managed Health Care,United States,3521876.0,False,True,False,Proxy (Market-Cap-Rang 1001-3000),2026-09-29
BRUN,Boost Run Inc.,NASDAQ,Technology,EDP Services,United States,1333004386.0,False,True,True,Proxy (Market-Cap-Rang 1001-3000),2026-09-29
BRVE,Braveheart Bio Inc.,NASDAQ,Health Care,Biotechnology: Pharmaceutical Preparations,United States,1856603541.0,False,True,True,Proxy (Market-Cap-Rang 1001-3000),2026-09-29
BRZE,Braze Inc.,NASDAQ,Technology,Computer Software: Prepackaged Software,United States,2768052486.0,False,True,True,Proxy (Market-Cap-Rang 1001-3000),2026-09-29
BSBK,Bogota Financial Corp.,NASDAQ,Finance,Banks,United States,116319368.0,False,True,False,Proxy (Market-Cap-Rang 1001-3000),2026-09-29
BSEM,BioStem Technologies Inc.,NASDAQ,Health Care,Biotechnology: Biological Products (No Diagnostic Substances),United States,73896810.0,False,True,False,Proxy (Market-Cap-Rang 1001-3000),2026-09-29
BSET,Bassett Furniture Industries Incorporated,NASDAQ,Consumer Discretionary,Home Furnishings,United States,158273157.0,False,True,True,Proxy (Market-Cap-Rang 1001-3000),2026-09-29
BSIN,Big Sky Industrial Inc.,NASDAQ,Energy,Oil & Gas Production,United States,75590536.0,False,True,False,Proxy (Market-Cap-Rang 1001-3000),2026-09-29
BSP,Bending Spoons S.p.A.,NASDAQ,Technology,Computer Software: Programming Data Processing,Italy,22885286725.0,False,True,False,Proxy (Market-Cap-Rang 1001-3000),2026-09-29
BSRR,Sierra Bancorp,NASDAQ,Finance,Major Banks,United States,517239540.0,False,True,True,Proxy (Market-Cap-Rang 1001-3000),2026-09-29
BST,BlackRock Science and Technology Trust Common Shares of Beneficial Interest,NYSE,Finance,Finance Companies,United States,1083517887.0,False,False,True,Proxy (Market-Cap-Rang 1001-3000),2026-09-29
BSTZ,BlackRock Science and Technology Term Trust Common Shares of Beneficial Interest,NYSE,Finance,Trusts Except Educational Religious and Charitable,United States,659417021.0,False,False,True,Proxy (Market-Cap-Rang 1001-3000),2026-09-29
BSVN,Bank7 Corp. Common stock,NASDAQ,Finance,Major Banks,United States,532019058.0,False,True,True,Proxy (Market-Cap-Rang 1001-3000),2026-09-29
BSX,Boston Scientific Corporation,NYSE,Health Care,Medical/Dental Instruments,United States,63650160782.0,True,False,False,Proxy (Market-Cap-Rang 1001-3000),2026-09-29
BSY,Bentley Systems Incorporated,NASDAQ,Technology,Computer Software: Prepackaged Software,United States,9497800430.0,False,True,False,Proxy (Market-Cap-Rang 1001-3000),2026-09-29
BTBD,BT Brands Inc.,NASDAQ,Consumer Discretionary,Restaurants,United States,11998365.0,False,True,False,Proxy (Market-Cap-Rang 1001-3000),2026-09-29
BTBT,Bit Digital Inc.,NASDAQ,Finance,Finance: Consumer Services,United States,634714965.0,False,True,True,Proxy (Market-Cap-Rang 1001-3000),2026-09-29
BTCS,BTCS Inc.,NASDAQ,Finance,Finance: Consumer Services,United States,80282070.0,False,True,False,Proxy (Market-Cap-Rang 1001-3000),2026-09-29
BTCT,BTC Digital Ltd.,NASDAQ,Finance,Finance: Consumer Services,China,14042675.0,False,True,False,Proxy (Market-Cap-Rang 1001-3000),2026-09-29
BTDR,Bitdeer Technologies Group Class A,NASDAQ,Finance,Finance: Consumer Services,Singapore,3128213640.0,False,True,False,Proxy (Market-Cap-Rang 1001-3000),2026-09-29
BTGO,BitGo Holdings Inc.,NYSE,Finance,Finance: Consumer Services,United States,879241253.0,False,False,True,Proxy (Market-Cap-Rang 1001-3000),2026-09-29
BTLN,Brightline Interactive Inc.,NASDAQ,Technology,EDP Services,United States,13885070.0,False,True,False,Proxy (Market-Cap-Rang 1001-3000),2026-09-29
BTMD,Biote Corp.,NASDAQ,Health Care, Medicinal Chemicals and Botanical Products ,United States,43831511.0,False,True,False,Proxy (Market-Cap-Rang 1001-3000),2026-09-29
BTOC,Armlogi Holding Corp.,NASDAQ,Consumer Discretionary,Office Equipment/Supplies/Services,United States,11747036.0,False,True,False,Proxy (Market-Cap-Rang 1001-3000),2026-09-29
BTQ,BTQ Technologies Corp.,NASDAQ,Unknown,Unknown,Canada,403001055.0,False,True,False,Proxy (Market-Cap-Rang 1001-3000),2026-09-29
BTSG,BrightSpring Health Services Inc.,NASDAQ,Health Care,Medical/Nursing Services,United States,11197137398.0,False,True,False,Proxy (Market-Cap-Rang 1001-3000),2026-09-29
BTTC,Black Titan Corporation,NASDAQ,Health Care,Biotechnology: Biological Products (No Diagnostic Substances),Malaysia,6823324.0,False,True,False,Proxy (Market-Cap-Rang 1001-3000),2026-09-29
BTU,Peabody Energy Corporation Common Stock ,NYSE,Energy,Coal Mining,United States,3101136000.0,False,False,True,Proxy (Market-Cap-Rang 1001-3000),2026-09-29
BTX,BlackRock Technology and Private Equity Term Trust Common Shares of Beneficial Interest,NYSE,Unknown,Unknown,United States,2131597413.0,False,False,True,Proxy (Market-Cap-Rang 1001-3000),2026-09-29
BTZ,BlackRock Credit Allocation Income Trust,NYSE,Finance,Finance/Investors Services,United States,1025119800.0,False,False,True,Proxy (Market-Cap-Rang 1001-3000),2026-09-29
BULL,Webull Corporation Class A,NASDAQ,Finance,Investment Bankers/Brokers/Service,United States,3886086323.0,False,True,True,Proxy (Market-Cap-Rang 1001-3000),2026-09-29
BUSE,First Busey Corporation,NASDAQ,Finance,Major Banks,United States,2503172085.0,False,True,True,Proxy (Market-Cap-Rang 1001-3000),2026-09-29
BUUU,BUUU Group Limited Class A Ordinary Share,NASDAQ,Consumer Discretionary,Services-Misc. Amusement & Recreation,Hong Kong,833059500.0,False,True,False,Proxy (Market-Cap-Rang 1001-3000),2026-09-29
BV,BrightView Holdings Inc.,NYSE,Consumer Staples,Farming/Seeds/Milling,United States,963966000.0,False,False,True,Proxy (Market-Cap-Rang 1001-3000),2026-09-29
BVC,BitVentures Limited,NASDAQ,Finance,Investment Managers,China,1906800000.0,False,True,False,Proxy (Market-Cap-Rang 1001-3000),2026-09-29
BVFL,BV Financial Inc.,NASDAQ,Finance,Savings Institutions,United States,176781505.0,False,True,True,Proxy (Market-Cap-Rang 1001-3000),2026-09-29
BVS,Bioventus Inc.,NASDAQ,Health Care,Medical/Dental Instruments,United States,1161308863.0,False,True,True,Proxy (Market-Cap-Rang 1001-3000),2026-09-29
BW,Babcock & Wilcox Enterprises Inc.,NYSE,Industrials,Building Products,United States,934010964.0,False,False,True,Proxy (Market-Cap-Rang 1001-3000),2026-09-29
BWAY,BrainsWay Ltd. American Depositary Shares,NASDAQ,Health Care,Medical/Dental Instruments,Israel,532839576.0,False,True,False,Proxy (Market-Cap-Rang 1001-3000),2026-09-29
BWB,Bridgewater Bancshares Inc.,NASDAQ,Finance,Major Banks,United States,579147004.0,False,True,True,Proxy (Market-Cap-Rang 1001-3000),2026-09-29
BWEN,Broadwind Inc.,NASDAQ,Telecommunications,Metal Fabrications,United States,100070688.0,False,True,False,Proxy (Market-Cap-Rang 1001-3000),2026-09-29
BWFG,Bankwell Financial Group Inc.,NASDAQ,Finance,Major Banks,United States,529976699.0,False,True,True,Proxy (Market-Cap-Rang 1001-3000),2026-09-29
BWIN,The Baldwin Insurance Group Inc.,NASDAQ,Finance,Specialty Insurers,United States,4443021938.0,False,True,True,Proxy (Market-Cap-Rang 1001-3000),2026-09-29
BWMN,Bowman Consulting Group Ltd.,NASDAQ,Consumer Discretionary,Professional Services,United States,737972746.0,False,True,True,Proxy (Market-Cap-Rang 1001-3000),2026-09-29
BX,Blackstone Inc.,NYSE,Finance,Investment Managers,United States,88889026000.0,True,False,False,Proxy (Market-Cap-Rang 1001-3000),2026-09-29
BXBL,BOXABL Inc. Common stock,NASDAQ,Consumer Discretionary,Homebuilding,United States,973218172.0,False,True,True,Proxy (Market-Cap-Rang 1001-3000),2026-09-29
BXC,Bluelinx Holdings Inc.,NYSE,Consumer Discretionary,Wholesale Distributors,United States,600127568.0,False,False,True,Proxy (Market-Cap-Rang 1001-3000),2026-09-29
BXMT,Blackstone Mortgage Trust Inc.,NYSE,Real Estate,Real Estate Investment Trusts,United States,2106794888.0,False,False,True,Proxy (Market-Cap-Rang 1001-3000),2026-09-29
BXP,BXP Inc.,NYSE,Real Estate,Real Estate Investment Trusts,United States,10122542650.0,True,False,False,Proxy (Market-Cap-Rang 1001-3000),2026-09-29
BY,Byline Bancorp Inc.,NYSE,Finance,Major Banks,United States,1691779565.0,False,False,True,Proxy (Market-Cap-Rang 1001-3000),2026-09-29
BYAH,Park Ha Biological Technology Co. Ltd. Class A,NASDAQ,Consumer Discretionary,Package Goods/Cosmetics,China,9488710.0,False,True,False,Proxy (Market-Cap-Rang 1001-3000),2026-09-29
BYD,Boyd Gaming Corporation,NYSE,Consumer Discretionary,Hotels/Resorts,United States,5175245139.0,False,False,True,Proxy (Market-Cap-Rang 1001-3000),2026-09-29
BYFC,Broadway Financial Corporation,NASDAQ,Finance,Savings Institutions,United States,110507471.0,False,True,False,Proxy (Market-Cap-Rang 1001-3000),2026-09-29
BYND,Beyond Meat Inc.,NASDAQ,Consumer Staples,Packaged Foods,United States,143569616.0,False,True,False,Proxy (Market-Cap-Rang 1001-3000),2026-09-29
BYRN,Byrna Technologies Inc.,NASDAQ,Miscellaneous,Industrial Machinery/Components,United States,81682591.0,False,True,False,Proxy (Market-Cap-Rang 1001-3000),2026-09-29
BYSI,BeyondSpring Inc.,NASDAQ,Health Care,Biotechnology: Pharmaceutical Preparations,United States,31958324.0,False,True,False,Proxy (Market-Cap-Rang 1001-3000),2026-09-29
BZ,KANZHUN LIMITED American Depository Shares,NASDAQ,Technology,Computer Software: Programming Data Processing,China,6530188469.0,False,True,False,Proxy (Market-Cap-Rang 1001-3000),2026-09-29
BZAI,Blaize Holdings Inc.,NASDAQ,Technology,Semiconductors,United States,74429185.0,False,True,False,Proxy (Market-Cap-Rang 1001-3000),2026-09-29
BZFD,BuzzFeed Inc.,NASDAQ,Consumer Discretionary,Telecommunications Equipment,United States,88436122.0,False,True,False,Proxy (Market-Cap-Rang 1001-3000),2026-09-29
BZH,Beazer Homes USA Inc.,NYSE,Consumer Discretionary,Homebuilding,United States,890299020.0,False,False,True,Proxy (Market-Cap-Rang 1001-3000),2026-09-29
BZUN,Baozun Inc. American Depositary Shares,NASDAQ,Consumer Discretionary,Catalog/Specialty Distribution,China,170897464.0,False,True,False,Proxy (Market-Cap-Rang 1001-3000),2026-09-29
C,Citigroup Inc.,NYSE,Finance,Major Banks,United States,225246211221.0,True,False,False,Proxy (Market-Cap-Rang 1001-3000),2026-09-29
CAAS,China Automotive Systems Inc. Ordinary Share,NASDAQ,Consumer Discretionary,Auto Parts:O.E.M.,China,146653748.0,False,True,False,Proxy (Market-Cap-Rang 1001-3000),2026-09-29
CABA,Cabaletta Bio Inc.,NASDAQ,Health Care,Biotechnology: Biological Products (No Diagnostic Substances),United States,350959071.0,False,True,True,Proxy (Market-Cap-Rang 1001-3000),2026-09-29
CABR,Caring Brands Inc.,NASDAQ,Consumer Discretionary,Package Goods/Cosmetics,United States,12824459.0,False,True,False,Proxy (Market-Cap-Rang 1001-3000),2026-09-29
CAC,Camden National Corporation,NASDAQ,Finance,Major Banks,United States,976987373.0,False,True,True,Proxy (Market-Cap-Rang 1001-3000),2026-09-29
CACC,Credit Acceptance Corporation,NASDAQ,Finance,Finance: Consumer Services,United States,5768280694.0,False,True,False,Proxy (Market-Cap-Rang 1001-3000),2026-09-29
CADL,Candel Therapeutics Inc.,NASDAQ,Health Care,Biotechnology: Biological Products (No Diagnostic Substances),United States,843234586.0,False,True,True,Proxy (Market-Cap-Rang 1001-3000),2026-09-29
CAE,CAE Inc. Common Shares,NASDAQ,Miscellaneous,Industrial Machinery/Components,Canada,7992705288.0,False,True,False,Proxy (Market-Cap-Rang 1001-3000),2026-09-29
CAH,Cardinal Health Inc.,NYSE,Health Care,Other Pharmaceuticals,United States,50993998956.0,True,False,False,Proxy (Market-Cap-Rang 1001-3000),2026-09-29
CAI,Caris Life Sciences Inc.,NASDAQ,Health Care,Medical Specialities,United States,9037394048.0,False,True,False,Proxy (Market-Cap-Rang 1001-3000),2026-09-29
CAKE,Cheesecake Factory Incorporated (The),NASDAQ,Consumer Discretionary,Restaurants,United States,5199488647.0,False,True,True,Proxy (Market-Cap-Rang 1001-3000),2026-09-29
CAL,Caleres Inc.,NYSE,Consumer Discretionary,Shoe Manufacturing,United States,432002312.0,False,False,True,Proxy (Market-Cap-Rang 1001-3000),2026-09-29
CALC,CalciMedica Inc.,NASDAQ,Health Care,Biotechnology: Pharmaceutical Preparations,United States,11949511.0,False,True,False,Proxy (Market-Cap-Rang 1001-3000),2026-09-29
CALM,Cal-Maine Foods Inc.,NASDAQ,Consumer Staples,Farming/Seeds/Milling,United States,3163538800.0,False,True,True,Proxy (Market-Cap-Rang 1001-3000),2026-09-29
CALX,Calix Inc,NYSE,Consumer Discretionary,Telecommunications Equipment,United States,2086626595.0,False,False,True,Proxy (Market-Cap-Rang 1001-3000),2026-09-29
CALY,Callaway Golf Company,NYSE,Consumer Discretionary,Recreational Games/Products/Toys,United States,2577691923.0,False,False,True,Proxy (Market-Cap-Rang 1001-3000),2026-09-29
CAMP,CAMP4 Therapeutics Corporation,NASDAQ,Health Care,Biotechnology: Pharmaceutical Preparations,United States,245992544.0,False,True,True,Proxy (Market-Cap-Rang 1001-3000),2026-09-29
CAMT,Camtek Ltd.,NASDAQ,Technology,Electronic Components,Israel,6844972659.0,False,True,False,Proxy (Market-Cap-Rang 1001-3000),2026-09-29
CAN,Canaan Inc. American Depositary Shares,NASDAQ,Finance,Finance: Consumer Services,China,268328445.0,False,True,False,Proxy (Market-Cap-Rang 1001-3000),2026-09-29
CAPN,Cayson Acquisition Corp Ordinary shares,NASDAQ,Unknown,Unknown,United States,0.0,False,True,False,Proxy (Market-Cap-Rang 1001-3000),2026-09-29
CAPR,Capricor Therapeutics Inc.,NASDAQ,Health Care,Biotechnology: Pharmaceutical Preparations,United States,486041948.0,False,True,True,Proxy (Market-Cap-Rang 1001-3000),2026-09-29
CAPS,Capstone Holding Corp.,NASDAQ,Health Care,Biotechnology: Pharmaceutical Preparations,United States,3553950.0,False,True,False,Proxy (Market-Cap-Rang 1001-3000),2026-09-29
CAQ,Cambridge Acquisition Corp. Class A,NASDAQ,Unknown,Unknown,United States,0.0,False,True,False,Proxy (Market-Cap-Rang 1001-3000),2026-09-29
CAR,Avis Budget Group Inc.,NASDAQ,Consumer Discretionary,Rental/Leasing Companies,United States,3825425901.0,False,True,True,Proxy (Market-Cap-Rang 1001-3000),2026-09-29
CARE,Carter Bankshares Inc.,NASDAQ,Finance,Major Banks,United States,671788749.0,False,True,True,Proxy (Market-Cap-Rang 1001-3000),2026-09-29
CARG,CarGurus Inc. Class A Common Stock ,NASDAQ,Technology,EDP Services,United States,2787999861.0,False,True,True,Proxy (Market-Cap-Rang 1001-3000),2026-09-29
CARL,Carlsmed Inc.,NASDAQ,Health Care,Medical/Dental Instruments,United States,412271419.0,False,True,True,Proxy (Market-Cap-Rang 1001-3000),2026-09-29
CARR,Carrier Global Corporation Common Stock ,NYSE,Industrials,Industrial Machinery/Components,United States,46467203463.0,True,False,False,Proxy (Market-Cap-Rang 1001-3000),2026-09-29
CARS,Cars.com Inc. Common Stock ,NYSE,Technology,EDP Services,United States,583506583.0,False,False,True,Proxy (Market-Cap-Rang 1001-3000),2026-09-29
CART,Maplebear Inc.,NASDAQ,Consumer Discretionary,Business Services,United States,9998487894.0,False,True,False,Proxy (Market-Cap-Rang 1001-3000),2026-09-29
CASH,Pathward Financial Inc.,NASDAQ,Finance,Major Banks,United States,1533074116.0,False,True,True,Proxy (Market-Cap-Rang 1001-3000),2026-09-29
CASS,Cass Information Systems Inc,NASDAQ,Consumer Discretionary,Business Services,United States,693196845.0,False,True,True,Proxy (Market-Cap-Rang 1001-3000),2026-09-29
CAST,FreeCast Inc.,NASDAQ,Technology,EDP Services,United States,56621464.0,False,True,False,Proxy (Market-Cap-Rang 1001-3000),2026-09-29
CASY,Casey's General Stores Inc.,NASDAQ,Consumer Discretionary,Retail-Auto Dealers and Gas Stations,United States,22119181543.0,True,True,False,Proxy (Market-Cap-Rang 1001-3000),2026-09-29
CAT,Caterpillar Inc.,NYSE,Industrials,Construction/Ag Equipment/Trucks,United States,377659695305.0,True,False,False,Proxy (Market-Cap-Rang 1001-3000),2026-09-29
CATX,Perspective Therapeutics Inc.,AMEX,Health Care,Biotechnology: Pharmaceutical Preparations,United States,287662191.0,False,False,True,Proxy (Market-Cap-Rang 1001-3000),2026-09-29
CATY,Cathay General Bancorp,NASDAQ,Finance,Major Banks,United States,4099564239.0,False,True,True,Proxy (Market-Cap-Rang 1001-3000),2026-09-29
CB,Chubb Limited,NYSE,Finance,Property-Casualty Insurers,Switzerland,128614098995.0,True,False,False,Proxy (Market-Cap-Rang 1001-3000),2026-09-29
CBAN,Colony Bankcorp Inc.,NYSE,Finance,Major Banks,United States,438849556.0,False,False,True,Proxy (Market-Cap-Rang 1001-3000),2026-09-29
CBAT,CBAK Energy Technology Limited,NASDAQ,Miscellaneous,Industrial Machinery/Components,China,110807295.0,False,True,False,Proxy (Market-Cap-Rang 1001-3000),2026-09-29
CBC,Central Bancompany Inc.,NASDAQ,Finance,Major Banks,United States,7678534564.0,False,True,False,Proxy (Market-Cap-Rang 1001-3000),2026-09-29
CBFV,CB Financial Services Inc.,NASDAQ,Finance,Major Banks,United States,188272687.0,False,True,True,Proxy (Market-Cap-Rang 1001-3000),2026-09-29
CBIO,Crescent Biopharma Inc.,NASDAQ,Health Care,Biotechnology: Pharmaceutical Preparations,United States,519643721.0,False,True,True,Proxy (Market-Cap-Rang 1001-3000),2026-09-29
CBK,Commercial Bancgroup Inc.,NASDAQ,Finance,Major Banks,United States,439673754.0,False,True,True,Proxy (Market-Cap-Rang 1001-3000),2026-09-29
CBL,CBL & Associates Properties Inc.,NYSE,Real Estate,Real Estate Investment Trusts,United States,1606238516.0,False,False,True,Proxy (Market-Cap-Rang 1001-3000),2026-09-29
CBLL,CeriBell Inc.,NASDAQ,Health Care,Biotechnology: Electromedical & Electrotherapeutic Apparatus,United States,909177213.0,False,True,True,Proxy (Market-Cap-Rang 1001-3000),2026-09-29
CBNK,Capital Bancorp Inc.,NASDAQ,Finance,Major Banks,United States,587270939.0,False,True,True,Proxy (Market-Cap-Rang 1001-3000),2026-09-29
CBOE,CBOE,,Unknown,Unknown,,,True,False,False,Proxy (Market-Cap-Rang 1001-3000),2026-09-29
CBRE,CBRE Group Inc Common Stock Class A,NYSE,Finance,Real Estate,United States,38962356346.0,True,False,False,Proxy (Market-Cap-Rang 1001-3000),2026-09-29
CBRL,Cracker Barrel Old Country Store Inc,NASDAQ,Consumer Discretionary,Restaurants,United States,1158029143.0,False,True,True,Proxy (Market-Cap-Rang 1001-3000),2026-09-29
CBRS,Cerebras Systems Inc.,NASDAQ,Technology,Semiconductors,United States,49116365477.0,False,True,False,Proxy (Market-Cap-Rang 1001-3000),2026-09-29
CBSH,Commerce Bancshares Inc.,NASDAQ,Finance,Major Banks,United States,8095312126.0,False,True,False,Proxy (Market-Cap-Rang 1001-3000),2026-09-29
CBT,Cabot Corporation,NYSE,Industrials,Major Chemicals,United States,4066458111.0,False,False,True,Proxy (Market-Cap-Rang 1001-3000),2026-09-29
CBU,Community Financial System Inc.,NYSE,Finance,Major Banks,United States,3239561271.0,False,False,True,Proxy (Market-Cap-Rang 1001-3000),2026-09-29
CBUS,Cibus Inc.,NASDAQ,Industrials,Agricultural Chemicals,United States,116172025.0,False,True,False,Proxy (Market-Cap-Rang 1001-3000),2026-09-29
CBZ,CBIZ Inc.,NYSE,Consumer Discretionary,Business Services,United States,2967148904.0,False,False,True,Proxy (Market-Cap-Rang 1001-3000),2026-09-29
CC,Chemours Company (The),NYSE,Industrials,Major Chemicals,United States,2176215468.0,False,False,True,Proxy (Market-Cap-Rang 1001-3000),2026-09-29
CCAP,Crescent Capital BDC Inc. Common stock,NASDAQ,Finance,Finance: Consumer Services,United States,352615761.0,False,True,True,Proxy (Market-Cap-Rang 1001-3000),2026-09-29
CCB,Coastal Financial Corporation,NASDAQ,Finance,Major Banks,United States,685133176.0,False,True,True,Proxy (Market-Cap-Rang 1001-3000),2026-09-29
CCBG,Capital City Bank Group,NASDAQ,Finance,Major Banks,United States,853268988.0,False,True,True,Proxy (Market-Cap-Rang 1001-3000),2026-09-29
CCC,CCC Intelligent Solutions Holdings Inc.,NASDAQ,Technology,Computer Software: Prepackaged Software,United States,4064063458.0,False,True,True,Proxy (Market-Cap-Rang 1001-3000),2026-09-29
CCCC,C4 Therapeutics Inc.,NASDAQ,Health Care,Biotechnology: Biological Products (No Diagnostic Substances),United States,366614905.0,False,True,True,Proxy (Market-Cap-Rang 1001-3000),2026-09-29
CCCT,Columbus Circle Capital Corp III Class A,NASDAQ,Unknown,Unknown,United States,0.0,False,True,False,Proxy (Market-Cap-Rang 1001-3000),2026-09-29
CCD,Calamos Dynamic Convertible & Income Fund,NASDAQ,Finance,Trusts Except Educational Religious and Charitable,United States,0.0,False,True,False,Proxy (Market-Cap-Rang 1001-3000),2026-09-29
CCEC,Capital Clean Energy Carriers Corp. Common Share,NASDAQ,Consumer Discretionary,Marine Transportation,Greece,1311302672.0,False,True,False,Proxy (Market-Cap-Rang 1001-3000),2026-09-29
CCEP,Coca-Cola Europacific Partners plc,NASDAQ,Consumer Staples,Beverages (Production/Distribution),United Kingdom,46183632909.0,False,True,False,Proxy (Market-Cap-Rang 1001-3000),2026-09-29
CCG,Cheche Group Inc. Class A,NASDAQ,Finance,Specialty Insurers,China,28311314.0,False,True,False,Proxy (Market-Cap-Rang 1001-3000),2026-09-29
CCHH,CCH Holdings Ltd Class A,NASDAQ,Consumer Discretionary,Restaurants,Malaysia,19815727.0,False,True,False,Proxy (Market-Cap-Rang 1001-3000),2026-09-29
CCI,Crown Castle Inc.,NYSE,Real Estate,Real Estate Investment Trusts,United States,28862896982.0,True,False,False,Proxy (Market-Cap-Rang 1001-3000),2026-09-29
CCII,Cohen Circle Acquisition Corp. II Class A,NASDAQ,Unknown,Unknown,United States,0.0,False,True,False,Proxy (Market-Cap-Rang 1001-3000),2026-09-29
CCL,Carnival Corporation Ltd. Common Shares,NYSE,Consumer Discretionary,Marine Transportation,United States,30474692898.0,True,False,False,Proxy (Market-Cap-Rang 1001-3000),2026-09-29
CCLD,CareCloud Inc.,NASDAQ,Technology,Computer Software: Prepackaged Software,United States,87112411.0,False,True,False,Proxy (Market-Cap-Rang 1001-3000),2026-09-29
CCNE,CNB Financial Corporation,NASDAQ,Finance,Major Banks,United States,1009775970.0,False,True,True,Proxy (Market-Cap-Rang 1001-3000),2026-09-29
CCO,Clear Channel Outdoor Holdings Inc.,NYSE,Consumer Discretionary,Advertising,United States,1201461474.0,False,False,True,Proxy (Market-Cap-Rang 1001-3000),2026-09-29
CCOI,Cogent Communications Holdings Inc.,NASDAQ,Consumer Discretionary,Telecommunications Equipment,United States,393849010.0,False,True,True,Proxy (Market-Cap-Rang 1001-3000),2026-09-29
CCS,Century Communities Inc.,NYSE,Consumer Discretionary,Homebuilding,United States,1781605514.0,False,False,True,Proxy (Market-Cap-Rang 1001-3000),2026-09-29
CCSI,Consensus Cloud Solutions Inc.,NASDAQ,Technology,Computer Software: Prepackaged Software,United States,645403753.0,False,True,True,Proxy (Market-Cap-Rang 1001-3000),2026-09-29
CCTG,CCSC Technology International Holdings Limited Class A,NASDAQ,Consumer Discretionary,Building Products,Hong Kong,6993796.0,False,True,False,Proxy (Market-Cap-Rang 1001-3000),2026-09-29
CD,Chaince Digital Holdings Inc.,NASDAQ,Finance,Finance: Consumer Services,China,586320254.0,False,True,False,Proxy (Market-Cap-Rang 1001-3000),2026-09-29
CDIO,Cardio Diagnostics Holdings Inc. Common stock,NASDAQ,Health Care,Biotechnology: In Vitro & In Vivo Diagnostic Substances,United States,5770965.0,False,True,False,Proxy (Market-Cap-Rang 1001-3000),2026-09-29
CDLX,Cardlytics Inc.,NASDAQ,Technology,Computer Software: Programming Data Processing,United States,19432763.0,False,True,False,Proxy (Market-Cap-Rang 1001-3000),2026-09-29
CDNA,CareDx Inc.,NASDAQ,Health Care,Medical Specialities,United States,3294435321.0,False,True,True,Proxy (Market-Cap-Rang 1001-3000),2026-09-29
CDNL,Cardinal Infrastructure Group Inc.,NASDAQ,Industrials,Military/Government/Technical,United States,1330195113.0,False,True,True,Proxy (Market-Cap-Rang 1001-3000),2026-09-29
CDNS,Cadence Design Systems Inc.,NASDAQ,Technology,Computer Software: Prepackaged Software,United States,89813919090.0,True,True,False,Proxy (Market-Cap-Rang 1001-3000),2026-09-29
CDP,COPT Defense Properties Common Shares of Beneficial Interest,NYSE,Real Estate,Real Estate Investment Trusts,United States,3842346317.0,False,False,True,Proxy (Market-Cap-Rang 1001-3000),2026-09-29
CDRE,Cadre Holdings Inc.,NYSE,Health Care,Industrial Specialties,United States,1130039170.0,False,False,True,Proxy (Market-Cap-Rang 1001-3000),2026-09-29
CDRO,Codere Online Luxembourg S.A.,NASDAQ,Consumer Discretionary,Services-Misc. Amusement & Recreation,Luxembourg,455153849.0,False,True,False,Proxy (Market-Cap-Rang 1001-3000),2026-09-29
CDT,CDT Equity Inc.,NASDAQ,Health Care,Biotechnology: Pharmaceutical Preparations,United States,1541458.0,False,True,False,Proxy (Market-Cap-Rang 1001-3000),2026-09-29
CDTG,CDT Environmental Technology Investment Holdings Limited ordinary shares,NASDAQ,Industrials,Miscellaneous,China,3715830.0,False,True,False,Proxy (Market-Cap-Rang 1001-3000),2026-09-29
CDW,CDW Corporation,NASDAQ,Consumer Discretionary,Catalog/Specialty Distribution,United States,16931110003.0,True,True,False,Proxy (Market-Cap-Rang 1001-3000),2026-09-29
CDXS,Codexis Inc.,NASDAQ,Industrials,Major Chemicals,United States,144547610.0,False,True,False,Proxy (Market-Cap-Rang 1001-3000),2026-09-29
CDZI,CADIZ Inc.,NASDAQ,Utilities,Water Supply,United States,309071324.0,False,True,True,Proxy (Market-Cap-Rang 1001-3000),2026-09-29
CDZIP,Cadiz Inc. Depositary Shares,NASDAQ,Utilities,Water Supply,United States,1856121484.0,False,True,True,Proxy (Market-Cap-Rang 1001-3000),2026-09-29
CE,Celanese Corporation,NYSE,Industrials,Major Chemicals,United States,5168076925.0,False,False,True,Proxy (Market-Cap-Rang 1001-3000),2026-09-29
CECO,CECO Environmental Corp.,NASDAQ,Industrials,Pollution Control Equipment,United States,4304882505.0,False,True,True,Proxy (Market-Cap-Rang 1001-3000),2026-09-29
CEG,Constellation Energy Corporation Common Stock ,NASDAQ,Utilities,Electric Utilities: Central,United States,93278503669.0,True,True,False,Proxy (Market-Cap-Rang 1001-3000),2026-09-29
CELC,Celcuity Inc.,NASDAQ,Health Care,Medical Specialities,United States,3891065324.0,False,True,True,Proxy (Market-Cap-Rang 1001-3000),2026-09-29
CELH,Celsius Holdings Inc.,NASDAQ,Consumer Staples,Beverages (Production/Distribution),United States,7082450966.0,False,True,False,Proxy (Market-Cap-Rang 1001-3000),2026-09-29
CELU,Celularity Inc.,NASDAQ,Health Care,Biotechnology: Pharmaceutical Preparations,United States,39945426.0,False,True,False,Proxy (Market-Cap-Rang 1001-3000),2026-09-29
CELZ,Creative Medical Technology Holdings Inc.,NASDAQ,Health Care,Biotechnology: Biological Products (No Diagnostic Substances),United States,6790334.0,False,True,False,Proxy (Market-Cap-Rang 1001-3000),2026-09-29
CENN,Cenntro Inc.,NASDAQ,Industrials,Auto Manufacturing,New Zealand,78058781.0,False,True,False,Proxy (Market-Cap-Rang 1001-3000),2026-09-29
CENT,Central Garden & Pet Company,NASDAQ,Consumer Discretionary,Consumer Specialties,United States,2473033547.0,False,True,True,Proxy (Market-Cap-Rang 1001-3000),2026-09-29
CENTA,Central Garden & Pet Company Class A Common Stock Nonvoting,NASDAQ,Consumer Discretionary,Consumer Specialties,United States,2131903888.0,False,True,True,Proxy (Market-Cap-Rang 1001-3000),2026-09-29
CENX,Century Aluminum Company,NASDAQ,Industrials,Aluminum,United States,3800352595.0,False,True,True,Proxy (Market-Cap-Rang 1001-3000),2026-09-29
CEPL,Capstone Energy Plus Inc.,NASDAQ,Industrials,Industrial Machinery/Components,United States,153600584.0,False,True,True,Proxy (Market-Cap-Rang 1001-3000),2026-09-29
CEPV,Cantor Equity Partners V Inc. Class A,NASDAQ,Unknown,Unknown,United States,0.0,False,True,False,Proxy (Market-Cap-Rang 1001-3000),2026-09-29
CERS,Cerus Corporation,NASDAQ,Health Care,Medical/Dental Instruments,United States,527995233.0,False,True,True,Proxy (Market-Cap-Rang 1001-3000),2026-09-29
CERT,Certara Inc.,NASDAQ,Technology,Computer Software: Prepackaged Software,United States,1389628286.0,False,True,True,Proxy (Market-Cap-Rang 1001-3000),2026-09-29
CETX,Cemtrex Inc.,NASDAQ,Technology,Electrical Products,United States,3493916.0,False,True,False,Proxy (Market-Cap-Rang 1001-3000),2026-09-29
CETY,Clean Energy Technologies Inc.,NASDAQ,Utilities,Oil/Gas Transmission,United States,11922784.0,False,True,False,Proxy (Market-Cap-Rang 1001-3000),2026-09-29
CEVA,CEVA Inc.,NASDAQ,Technology,Computer Software: Programming Data Processing,United States,1019177406.0,False,True,True,Proxy (Market-Cap-Rang 1001-3000),2026-09-29
CF,CF Industries Holdings Inc.,NYSE,Industrials,Agricultural Chemicals,United States,17353943367.0,True,False,False,Proxy (Market-Cap-Rang 1001-3000),2026-09-29
CFBK,CF Bankshares Inc.,NASDAQ,Finance,Major Banks,United States,221399319.0,False,True,True,Proxy (Market-Cap-Rang 1001-3000),2026-09-29
CFFI,C&F Financial Corporation,NASDAQ,Finance,Major Banks,United States,304358278.0,False,True,True,Proxy (Market-Cap-Rang 1001-3000),2026-09-29
CFFN,Capitol Federal Financial Inc.,NASDAQ,Finance,Savings Institutions,United States,1091061096.0,False,True,True,Proxy (Market-Cap-Rang 1001-3000),2026-09-29
CFG,Citizens Financial Group Inc.,NYSE,Finance,Major Banks,United States,27599714918.0,True,False,False,Proxy (Market-Cap-Rang 1001-3000),2026-09-29
CG,The Carlyle Group Inc.,NASDAQ,Finance,Investment Managers,United States,14264001904.0,False,True,False,Proxy (Market-Cap-Rang 1001-3000),2026-09-29
CGBD,Carlyle Secured Lending Inc.,NASDAQ,Finance,Finance: Consumer Services,United States,774051536.0,False,True,True,Proxy (Market-Cap-Rang 1001-3000),2026-09-29
CGC,Canopy Growth Corporation Common Shares,NASDAQ,Health Care, Medicinal Chemicals and Botanical Products ,Canada,398289971.0,False,True,False,Proxy (Market-Cap-Rang 1001-3000),2026-09-29
CGEM,Cullinan Therapeutics Inc.,NASDAQ,Health Care,Biotechnology: Biological Products (No Diagnostic Substances),United States,953093018.0,False,True,True,Proxy (Market-Cap-Rang 1001-3000),2026-09-29
CGEN,Compugen Ltd.,NASDAQ,Health Care,Biotechnology: Biological Products (No Diagnostic Substances),Israel,225111434.0,False,True,False,Proxy (Market-Cap-Rang 1001-3000),2026-09-29
CGNT,Cognyte Software Ltd.,NASDAQ,Technology,Computer Software: Prepackaged Software,Israel,629631246.0,False,True,False,Proxy (Market-Cap-Rang 1001-3000),2026-09-29
CGNX,Cognex Corporation,NASDAQ,Industrials,Industrial Machinery/Components,United States,9868010572.0,False,True,False,Proxy (Market-Cap-Rang 1001-3000),2026-09-29
CGO,Calamos Global Total Return Fund,NASDAQ,Finance,Investment Managers,United States,0.0,False,True,False,Proxy (Market-Cap-Rang 1001-3000),2026-09-29
CGON,CG Oncology Inc. Common stock,NASDAQ,Health Care,Biotechnology: Biological Products (No Diagnostic Substances),United States,5952201181.0,False,True,False,Proxy (Market-Cap-Rang 1001-3000),2026-09-29
CGTL,Creative Global Technology Holdings Limited Class A,NASDAQ,Technology,Retail: Computer Software & Peripheral Equipment,China,7066138.0,False,True,False,Proxy (Market-Cap-Rang 1001-3000),2026-09-29
CGTX,Cognition Therapeutics Inc.,NASDAQ,Health Care,Biotechnology: Biological Products (No Diagnostic Substances),United States,89055293.0,False,True,False,Proxy (Market-Cap-Rang 1001-3000),2026-09-29
CHA,Chagee Holdings Limited American Depositary Shares,NASDAQ,Consumer Discretionary,Restaurants,China,2176609550.0,False,True,False,Proxy (Market-Cap-Rang 1001-3000),2026-09-29
CHAI,Core AI Holdings Inc. Common Shares,NASDAQ,Telecommunications,Telecommunications Equipment,Canada,7035782.0,False,True,False,Proxy (Market-Cap-Rang 1001-3000),2026-09-29
CHAR,Charlton Aria Acquisition Corporation Class A,NASDAQ,Unknown,Unknown,United States,0.0,False,True,False,Proxy (Market-Cap-Rang 1001-3000),2026-09-29
CHCI,Comstock Holding Companies Inc.,NASDAQ,Finance,Real Estate,United States,198750132.0,False,True,True,Proxy (Market-Cap-Rang 1001-3000),2026-09-29
CHCO,City Holding Company,NASDAQ,Finance,Major Banks,United States,1993991365.0,False,True,True,Proxy (Market-Cap-Rang 1001-3000),2026-09-29
CHCT,Community Healthcare Trust Incorporated,NYSE,Real Estate,Real Estate Investment Trusts,United States,412901863.0,False,False,True,Proxy (Market-Cap-Rang 1001-3000),2026-09-29
CHD,Church & Dwight Company Inc.,NYSE,Consumer Discretionary,Package Goods/Cosmetics,United States,22861712557.0,True,False,False,Proxy (Market-Cap-Rang 1001-3000),2026-09-29
CHDN,Churchill Downs Incorporated,NASDAQ,Consumer Discretionary,Services-Misc. Amusement & Recreation,United States,5559988384.0,False,True,False,Proxy (Market-Cap-Rang 1001-3000),2026-09-29
CHEC,Chenghe Acquisition III Co. Class A Ordinary Share,NASDAQ,Unknown,Unknown,Singapore,0.0,False,True,False,Proxy (Market-Cap-Rang 1001-3000),2026-09-29
CHEF,The Chefs' Warehouse Inc.,NASDAQ,Consumer Discretionary,Food Distributors,United States,4498584072.0,False,True,True,Proxy (Market-Cap-Rang 1001-3000),2026-09-29
CHGA,Change Agents Corporation,NASDAQ,Technology,EDP Services,United States,2352454.0,False,True,False,Proxy (Market-Cap-Rang 1001-3000),2026-09-29
CHH,Choice Hotels International Inc.,NYSE,Consumer Discretionary,Hotels/Resorts,United States,4599718786.0,False,False,True,Proxy (Market-Cap-Rang 1001-3000),2026-09-29
CHI,Calamos Convertible Opportunities and Income Fund,NASDAQ,Finance,Investment Managers,United States,0.0,False,True,False,Proxy (Market-Cap-Rang 1001-3000),2026-09-29
CHKP,Check Point Software Technologies Ltd.,NASDAQ,Technology,Computer Software: Prepackaged Software,Israel,13399687206.0,False,True,False,Proxy (Market-Cap-Rang 1001-3000),2026-09-29
CHMG,Chemung Financial Corp,NASDAQ,Finance,Major Banks,United States,395360704.0,False,True,True,Proxy (Market-Cap-Rang 1001-3000),2026-09-29
CHNR,China Natural Resources Inc.,NASDAQ,Basic Materials,Precious Metals,Hong Kong,5031542.0,False,True,False,Proxy (Market-Cap-Rang 1001-3000),2026-09-29
CHPG,ChampionsGate Acquisition Corporation Class A Ordinary Share,NASDAQ,Unknown,Unknown,United States,0.0,False,True,False,Proxy (Market-Cap-Rang 1001-3000),2026-09-29
CHPT,ChargePoint Holdings Inc.,NYSE,Miscellaneous,Industrial Machinery/Components,United States,239773393.0,False,False,True,Proxy (Market-Cap-Rang 1001-3000),2026-09-29
CHR,Cheer Holding Inc. Class A Ordinary Share,NASDAQ,Technology,EDP Services,China,3893452.0,False,True,False,Proxy (Market-Cap-Rang 1001-3000),2026-09-29
CHRD,Chord Energy Corporation,NASDAQ,Energy,Oil & Gas Production,United States,7453679017.0,False,True,False,Proxy (Market-Cap-Rang 1001-3000),2026-09-29
CHRN,ChronoScale Holdings Corporation,NASDAQ,Industrials,Industrial Machinery/Components,United States,2890903422.0,False,True,True,Proxy (Market-Cap-Rang 1001-3000),2026-09-29
CHRS,Coherus Oncology Inc.,NASDAQ,Health Care,Biotechnology: Biological Products (No Diagnostic Substances),United States,174586092.0,False,True,True,Proxy (Market-Cap-Rang 1001-3000),2026-09-29
CHRW,C.H. Robinson Worldwide Inc.,NASDAQ,Industrials,Integrated Freight & Logistics,United States,17188820052.0,True,True,False,Proxy (Market-Cap-Rang 1001-3000),2026-09-29
CHSN,Chanson International Holding Class A,NASDAQ,Consumer Staples,Packaged Foods,China,4340451.0,False,True,False,Proxy (Market-Cap-Rang 1001-3000),2026-09-29
CHTR,Charter Communications Inc. Class A Common Stock New,NASDAQ,Telecommunications,Cable & Other Pay Television Services,United States,12936944622.0,True,True,False,Proxy (Market-Cap-Rang 1001-3000),2026-09-29
CHW,Calamos Global Dynamic Income Fund,NASDAQ,Finance,Investment Managers,United States,0.0,False,True,False,Proxy (Market-Cap-Rang 1001-3000),2026-09-29
CHY,Calamos Convertible and High Income Fund,NASDAQ,Finance,Investment Managers,United States,0.0,False,True,False,Proxy (Market-Cap-Rang 1001-3000),2026-09-29
CHYM,Chime Financial Inc.,NASDAQ,Finance,Finance: Consumer Services,United States,10138509273.0,False,True,False,Proxy (Market-Cap-Rang 1001-3000),2026-09-29
CI,The Cigna Group,NYSE,Health Care,Medical Specialities,United States,71876054597.0,True,False,False,Proxy (Market-Cap-Rang 1001-3000),2026-09-29
CIA,Citizens Inc. Class A Common Stock ($1.00 Par),NYSE,Finance,Life Insurance,United States,181808758.0,False,False,True,Proxy (Market-Cap-Rang 1001-3000),2026-09-29
CIEN,Ciena Corporation,NYSE,Utilities,Telecommunications Equipment,United States,50612880658.0,True,False,False,Proxy (Market-Cap-Rang 1001-3000),2026-09-29
CIFR,Cipher Digital Inc.,NASDAQ,Finance,Finance: Consumer Services,United States,7358494701.0,False,True,False,Proxy (Market-Cap-Rang 1001-3000),2026-09-29
CIGI,Colliers International Group Inc. Subordinate Voting Shares,NASDAQ,Finance,Real Estate,Canada,4620807495.0,False,True,False,Proxy (Market-Cap-Rang 1001-3000),2026-09-29
CIGL,Concorde International Group Ltd Class A,NASDAQ,Consumer Discretionary,Diversified Commercial Services,Singapore,90794187.0,False,True,False,Proxy (Market-Cap-Rang 1001-3000),2026-09-29
CII,BlackRock Enhanced Large Cap Core Fund Inc.,NYSE,Finance,Investment Bankers/Brokers/Service,United States,3617903295.0,False,False,True,Proxy (Market-Cap-Rang 1001-3000),2026-09-29
CIIT,Tianci International Inc.,NASDAQ,Telecommunications,Computer Communications Equipment,Hong Kong,2660325.0,False,True,False,Proxy (Market-Cap-Rang 1001-3000),2026-09-29
CIM,Chimera Investment Corporation,NYSE,Real Estate,Real Estate Investment Trusts,United States,865580198.0,False,False,True,Proxy (Market-Cap-Rang 1001-3000),2026-09-29
CINF,Cincinnati Financial Corporation,NASDAQ,Finance,Property-Casualty Insurers,United States,24946321434.0,True,True,False,Proxy (Market-Cap-Rang 1001-3000),2026-09-29
CING,Cingulate Inc.,NASDAQ,Health Care,Biotechnology: Pharmaceutical Preparations,United States,70237020.0,False,True,False,Proxy (Market-Cap-Rang 1001-3000),2026-09-29
CION,CION Investment Corporation,NYSE,Finance,Finance/Investors Services,United States,352291361.0,False,False,True,Proxy (Market-Cap-Rang 1001-3000),2026-09-29
CIRC,Circle8 Group Inc.,NASDAQ,Industrials,Biotechnology: Laboratory Analytical Instruments,United States,39127168.0,False,True,False,Proxy (Market-Cap-Rang 1001-3000),2026-09-29
CISO,CISO Global Inc.,NASDAQ,Consumer Discretionary,Professional Services,United States,10976235.0,False,True,False,Proxy (Market-Cap-Rang 1001-3000),2026-09-29
CISS,C3is Inc.,NASDAQ,Consumer Discretionary,Marine Transportation,Greece,1651647.0,False,True,False,Proxy (Market-Cap-Rang 1001-3000),2026-09-29
CIVB,Civista Bancshares Inc.,NASDAQ,Finance,Major Banks,United States,562692080.0,False,True,True,Proxy (Market-Cap-Rang 1001-3000),2026-09-29
CIX,CompX International Inc.,AMEX,Consumer Discretionary,Industrial Machinery/Components,United States,466325635.0,False,False,True,Proxy (Market-Cap-Rang 1001-3000),2026-09-29
CJMB,Callan JMB Inc.,NASDAQ,Consumer Discretionary,Business Services,United States,12712733.0,False,True,False,Proxy (Market-Cap-Rang 1001-3000),2026-09-29
CL,Colgate-Palmolive Company,NYSE,Consumer Discretionary,Package Goods/Cosmetics,United States,68604693664.0,True,False,False,Proxy (Market-Cap-Rang 1001-3000),2026-09-29
CLAR,Clarus Corporation,NASDAQ,Consumer Discretionary,Recreational Games/Products/Toys,United States,137071595.0,False,True,False,Proxy (Market-Cap-Rang 1001-3000),2026-09-29
CLBK,Columbia Financial Inc.,NASDAQ,Finance,Savings Institutions,United States,1178857824.0,False,True,True,Proxy (Market-Cap-Rang 1001-3000),2026-09-29
CLBT,Cellebrite DI Ltd.,NASDAQ,Technology,Computer Software: Prepackaged Software,Israel,2711970037.0,False,True,False,Proxy (Market-Cap-Rang 1001-3000),2026-09-29
CLDT,Chatham Lodging Trust (REIT) Common Shares of Beneficial Interest,NYSE,Real Estate,Real Estate Investment Trusts,United States,621650947.0,False,False,True,Proxy (Market-Cap-Rang 1001-3000),2026-09-29
CLDX,Celldex Therapeutics Inc.,NASDAQ,Health Care,Biotechnology: In Vitro & In Vivo Diagnostic Substances,United States,2442268445.0,False,True,True,Proxy (Market-Cap-Rang 1001-3000),2026-09-29
CLFD,Clearfield Inc.,NASDAQ,Utilities,Telecommunications Equipment,United States,422053482.0,False,True,True,Proxy (Market-Cap-Rang 1001-3000),2026-09-29
CLGN,CollPlant Biotechnologies Ltd,NASDAQ,Health Care,Industrial Specialties,Israel,8035989.0,False,True,False,Proxy (Market-Cap-Rang 1001-3000),2026-09-29
CLIK,Click Holdings Limited Class A Ordinary Share,NASDAQ,Consumer Discretionary,Diversified Commercial Services,Hong Kong,9761858.0,False,True,False,Proxy (Market-Cap-Rang 1001-3000),2026-09-29
CLIR,ClearSign Technologies Corporation Common Stock (DE),NASDAQ,Industrials,Industrial Machinery/Components,United States,23489123.0,False,True,False,Proxy (Market-Cap-Rang 1001-3000),2026-09-29
CLLS,Cellectis S.A. American Depositary Shares,NASDAQ,Health Care,Biotechnology: Pharmaceutical Preparations,France,147775096.0,False,True,False,Proxy (Market-Cap-Rang 1001-3000),2026-09-29
CLMB,Climb Global Solutions Inc.,NASDAQ,Technology,Retail: Computer Software & Peripheral Equipment,United States,590609224.0,False,True,True,Proxy (Market-Cap-Rang 1001-3000),2026-09-29
CLMT,Calumet Inc.,NASDAQ,Energy,Integrated oil Companies,United States,4715740254.0,False,True,True,Proxy (Market-Cap-Rang 1001-3000),2026-09-29
CLNE,Clean Energy Fuels Corp.,NASDAQ,Utilities,Natural Gas Distribution,United States,352712024.0,False,True,True,Proxy (Market-Cap-Rang 1001-3000),2026-09-29
CLNN,Clene Inc.,NASDAQ,Health Care,Biotechnology: Pharmaceutical Preparations,United States,61120118.0,False,True,False,Proxy (Market-Cap-Rang 1001-3000),2026-09-29
CLOV,Clover Health Investments Corp.,NASDAQ,Health Care,Medical Specialities,United States,2384891621.0,False,True,True,Proxy (Market-Cap-Rang 1001-3000),2026-09-29
CLPS,CLPS Incorporation,NASDAQ,Technology,Computer Software: Prepackaged Software,China,30498936.0,False,True,False,Proxy (Market-Cap-Rang 1001-3000),2026-09-29
CLPT,ClearPoint Neuro Inc.,NASDAQ,Health Care,Medical/Dental Instruments,United States,452377686.0,False,True,True,Proxy (Market-Cap-Rang 1001-3000),2026-09-29
CLRB,Cellectar Biosciences Inc.,NASDAQ,Health Care,Biotechnology: Pharmaceutical Preparations,United States,17013794.0,False,True,False,Proxy (Market-Cap-Rang 1001-3000),2026-09-29
CLRO,ClearOne Inc.,NASDAQ,Utilities,Telecommunications Equipment,United States,9230171.0,False,True,False,Proxy (Market-Cap-Rang 1001-3000),2026-09-29
CLSK,CleanSpark Inc.,NASDAQ,Finance,Finance: Consumer Services,United States,3582598168.0,False,True,True,Proxy (Market-Cap-Rang 1001-3000),2026-09-29
CLST,Catalyst Bancorp Inc.,NASDAQ,Finance,Savings Institutions,United States,72204859.0,False,True,False,Proxy (Market-Cap-Rang 1001-3000),2026-09-29
CLW,Clearwater Paper Corporation,NYSE,Basic Materials,Paper,United States,328038720.0,False,False,True,Proxy (Market-Cap-Rang 1001-3000),2026-09-29
CLWT,Euro Tech Holdings Company Limited,NASDAQ,Consumer Discretionary,Professional and commerical equipment,Hong Kong,10153706.0,False,True,False,Proxy (Market-Cap-Rang 1001-3000),2026-09-29
CLX,Clorox Company (The),NYSE,Consumer Discretionary,Specialty Chemicals,United States,10134018219.0,True,False,False,Proxy (Market-Cap-Rang 1001-3000),2026-09-29
CLYM,Climb Bio Inc.,NASDAQ,Health Care,Biotechnology: Pharmaceutical Preparations,United States,669706733.0,False,True,True,Proxy (Market-Cap-Rang 1001-3000),2026-09-29
CMCO,Columbus McKinnon Corporation,NASDAQ,Industrials,Construction/Ag Equipment/Trucks,United States,485785227.0,False,True,True,Proxy (Market-Cap-Rang 1001-3000),2026-09-29
CMCSA,Comcast Corporation,NASDAQ,Telecommunications,Cable & Other Pay Television Services,United States,77750627314.0,True,True,False,Proxy (Market-Cap-Rang 1001-3000),2026-09-29
CMCT,Creative Media & Community Trust Corporation Common stock,NASDAQ,Real Estate,Real Estate Investment Trusts,United States,5983411.0,False,True,False,Proxy (Market-Cap-Rang 1001-3000),2026-09-29
CME,CME Group Inc.,NASDAQ,Finance,Investment Bankers/Brokers/Service,United States,95101523478.0,True,True,False,Proxy (Market-Cap-Rang 1001-3000),2026-09-29
CMG,Chipotle Mexican Grill Inc.,NYSE,Consumer Discretionary,Restaurants,United States,39645545940.0,True,False,False,Proxy (Market-Cap-Rang 1001-3000),2026-09-29
CMI,Cummins Inc.,NYSE,Industrials,Industrial Machinery/Components,United States,72282115544.0,True,False,False,Proxy (Market-Cap-Rang 1001-3000),2026-09-29
CMMB,Chemomab Therapeutics Ltd. American Depositary Share,NASDAQ,Health Care,Biotechnology: Pharmaceutical Preparations,Israel,15650513.0,False,True,False,Proxy (Market-Cap-Rang 1001-3000),2026-09-29
CMND,Clearmind Medicine Inc. Common Shares,NASDAQ,Health Care,Biotechnology: Pharmaceutical Preparations,Canada,1722604.0,False,True,False,Proxy (Market-Cap-Rang 1001-3000),2026-09-29
CMP,Compass Minerals Intl Inc,NYSE,Industrials,Mining & Quarrying of Nonmetallic Minerals (No Fuels),United States,949607370.0,False,False,True,Proxy (Market-Cap-Rang 1001-3000),2026-09-29
CMPR,Cimpress plc Ordinary Shares (Ireland),NASDAQ,Consumer Discretionary,Publishing,Netherlands,1942844690.0,False,True,False,Proxy (Market-Cap-Rang 1001-3000),2026-09-29
CMPS,COMPASS Pathways Plc American Depository Shares,NASDAQ,Health Care,Biotechnology: Pharmaceutical Preparations,United Kingdom,1808507295.0,False,True,False,Proxy (Market-Cap-Rang 1001-3000),2026-09-29
CMPX,Compass Therapeutics Inc.,NASDAQ,Health Care,Biotechnology: Biological Products (No Diagnostic Substances),United States,203499344.0,False,True,True,Proxy (Market-Cap-Rang 1001-3000),2026-09-29
CMRC,Commerce.com Inc. Series 1,NASDAQ,Technology,Computer Software: Prepackaged Software,United States,269706016.0,False,True,True,Proxy (Market-Cap-Rang 1001-3000),2026-09-29
CMS,CMS Energy Corporation,NYSE,Utilities,Power Generation,United States,19739680711.0,True,False,False,Proxy (Market-Cap-Rang 1001-3000),2026-09-29
CMT,Core Molding Technologies Inc,AMEX,Industrials,Plastic Products,United States,205386079.0,False,False,True,Proxy (Market-Cap-Rang 1001-3000),2026-09-29
CMTG,Claros Mortgage Trust Inc.,NYSE,Finance,Real Estate,United States,184820310.0,False,False,True,Proxy (Market-Cap-Rang 1001-3000),2026-09-29
CMTL,Comtech Telecommunications Corp.,NASDAQ,Technology,Radio And Television Broadcasting And Communications Equipment,United States,41646389.0,False,True,False,Proxy (Market-Cap-Rang 1001-3000),2026-09-29
CMTV,Community Bancorp.,NASDAQ,Finance,Major Banks,United States,228628820.0,False,True,True,Proxy (Market-Cap-Rang 1001-3000),2026-09-29
CNC,Centene Corporation,NYSE,Health Care,Medical Specialities,United States,30538770900.0,True,False,False,Proxy (Market-Cap-Rang 1001-3000),2026-09-29
CNCK,Coincheck Group N.V.,NASDAQ,Finance,Finance: Consumer Services,Netherlands,304958777.0,False,True,False,Proxy (Market-Cap-Rang 1001-3000),2026-09-29
CNDT,Conduent Incorporated Common Stock ,NASDAQ,Consumer Discretionary,Business Services,United States,255054112.0,False,True,True,Proxy (Market-Cap-Rang 1001-3000),2026-09-29
CNET,ZW Data Action Technologies Inc.,NASDAQ,Technology,Computer Software: Programming Data Processing,China,6786594.0,False,True,False,Proxy (Market-Cap-Rang 1001-3000),2026-09-29
CNEY,CN Energy Group Inc. Class A,NASDAQ,Industrials,Major Chemicals,China,4597133.0,False,True,False,Proxy (Market-Cap-Rang 1001-3000),2026-09-29
CNK,Cinemark Holdings Inc Cinemark Holdings Inc.,NYSE,Consumer Discretionary,Movies/Entertainment,United States,4377990763.0,False,False,True,Proxy (Market-Cap-Rang 1001-3000),2026-09-29
CNL,Collective Mining Ltd. Common Shares,NASDAQ,Unknown,Unknown,United States,1200090629.0,False,True,True,Proxy (Market-Cap-Rang 1001-3000),2026-09-29
CNMD,CONMED Corporation,NYSE,Health Care,Biotechnology: Electromedical & Electrotherapeutic Apparatus,United States,1359187634.0,False,False,True,Proxy (Market-Cap-Rang 1001-3000),2026-09-29
CNNE,Cannae Holdings Inc.,NYSE,Consumer Discretionary,Restaurants,United States,682710333.0,False,False,True,Proxy (Market-Cap-Rang 1001-3000),2026-09-29
CNO,CNO Financial Group Inc.,NYSE,Finance,Accident &Health Insurance,United States,4994303607.0,False,False,True,Proxy (Market-Cap-Rang 1001-3000),2026-09-29
CNOB,ConnectOne Bancorp Inc.,NASDAQ,Finance,Major Banks,United States,1686414503.0,False,True,True,Proxy (Market-Cap-Rang 1001-3000),2026-09-29
CNP,CenterPoint Energy Inc (Holding Co),NYSE,Utilities,Electric Utilities: Central,United States,24267255410.0,True,False,False,Proxy (Market-Cap-Rang 1001-3000),2026-09-29
CNR,Core Natural Resources Inc.,NYSE,Energy,Coal Mining,United States,4418619598.0,False,False,True,Proxy (Market-Cap-Rang 1001-3000),2026-09-29
CNS,Cohen & Steers Inc,NYSE,Finance,Investment Managers,United States,3815477749.0,False,False,True,Proxy (Market-Cap-Rang 1001-3000),2026-09-29
CNSP,CNS Pharmaceuticals Inc.,NASDAQ,Health Care,Biotechnology: Pharmaceutical Preparations,United States,7206405.0,False,True,False,Proxy (Market-Cap-Rang 1001-3000),2026-09-29
CNSY,Cerenome Inc. Common Stock ,NASDAQ,Health Care,Medical/Dental Instruments,United States,15103354.0,False,True,False,Proxy (Market-Cap-Rang 1001-3000),2026-09-29
CNTB,Connect Biopharma Holdings Limited,NASDAQ,Health Care,Biotechnology: Pharmaceutical Preparations,China,68012254.0,False,True,False,Proxy (Market-Cap-Rang 1001-3000),2026-09-29
CNTN,Canton Strategic Holdings Inc.,NASDAQ,Health Care,Biotechnology: Pharmaceutical Preparations,United States,204781098.0,False,True,True,Proxy (Market-Cap-Rang 1001-3000),2026-09-29
CNTX,Context Therapeutics Inc.,NASDAQ,Health Care,Biotechnology: Pharmaceutical Preparations,United States,31762631.0,False,True,False,Proxy (Market-Cap-Rang 1001-3000),2026-09-29
CNTY,Century Casinos Inc.,NASDAQ,Consumer Discretionary,Hotels/Resorts,United States,30951461.0,False,True,False,Proxy (Market-Cap-Rang 1001-3000),2026-09-29
CNVS,Cineverse Corp.,NASDAQ,Consumer Discretionary,Consumer Electronics/Video Chains,United States,48018202.0,False,True,False,Proxy (Market-Cap-Rang 1001-3000),2026-09-29
CNX,CNX Resources Corporation,NYSE,Energy,Oil & Gas Production,United States,4851071857.0,False,False,True,Proxy (Market-Cap-Rang 1001-3000),2026-09-29
CNXC,Concentrix Corporation,NASDAQ,Technology,Computer Software: Prepackaged Software,United States,1652376918.0,False,True,True,Proxy (Market-Cap-Rang 1001-3000),2026-09-29
CNXN,PC Connection Inc.,NASDAQ,Consumer Discretionary,Catalog/Specialty Distribution,United States,2254267003.0,False,True,True,Proxy (Market-Cap-Rang 1001-3000),2026-09-29
CNXU,Conexeu Sciences Inc.,NASDAQ,Health Care,Industrial Specialties,United States,109724055.0,False,True,False,Proxy (Market-Cap-Rang 1001-3000),2026-09-29
COAG,Hemab Therapeutics Holdings Inc.,NASDAQ,Health Care,Biotechnology: Biological Products (No Diagnostic Substances),United States,1622778945.0,False,True,True,Proxy (Market-Cap-Rang 1001-3000),2026-09-29
COCH,Envoy Medical Inc.,NASDAQ,Health Care,Industrial Specialties,United States,55194135.0,False,True,False,Proxy (Market-Cap-Rang 1001-3000),2026-09-29
COCO,The Vita Coco Company Inc.,NASDAQ,Consumer Staples,Beverages (Production/Distribution),United States,3438893061.0,False,True,True,Proxy (Market-Cap-Rang 1001-3000),2026-09-29
COCP,Cocrystal Pharma Inc.,NASDAQ,Health Care,Biotechnology: Pharmaceutical Preparations,United States,22537944.0,False,True,False,Proxy (Market-Cap-Rang 1001-3000),2026-09-29
CODA,Coda Octopus Group Inc. Common stock,NASDAQ,Industrials,Industrial Machinery/Components,United States,121631829.0,False,True,False,Proxy (Market-Cap-Rang 1001-3000),2026-09-29
CODI,D/B/A Compass Diversified Holdings Shares of Beneficial Interest,NYSE,Consumer Discretionary,Home Furnishings,United States,846404618.0,False,False,True,Proxy (Market-Cap-Rang 1001-3000),2026-09-29
CODX,Co-Diagnostics Inc.,NASDAQ,Health Care,Medical/Dental Instruments,United States,7641225.0,False,True,False,Proxy (Market-Cap-Rang 1001-3000),2026-09-29
COF,Capital One Financial Corporation,NYSE,Finance,Major Banks,United States,122819664167.0,True,False,False,Proxy (Market-Cap-Rang 1001-3000),2026-09-29
COFS,ChoiceOne Financial Services Inc.,NASDAQ,Finance,Major Banks,United States,494429491.0,False,True,True,Proxy (Market-Cap-Rang 1001-3000),2026-09-29
COGT,Cogent Biosciences Inc.,NASDAQ,Health Care,Biotechnology: Pharmaceutical Preparations,United States,5606592168.0,False,True,False,Proxy (Market-Cap-Rang 1001-3000),2026-09-29
COHR,Coherent Corp.,NYSE,Technology,Electronic Components,United States,57933053334.0,True,False,False,Proxy (Market-Cap-Rang 1001-3000),2026-09-29
COHU,Cohu Inc.,NASDAQ,Industrials,Electrical Products,United States,3171675011.0,False,True,True,Proxy (Market-Cap-Rang 1001-3000),2026-09-29
COIN,Coinbase Global Inc.,NASDAQ,Finance,Finance: Consumer Services,United States,51477222047.0,True,True,False,Proxy (Market-Cap-Rang 1001-3000),2026-09-29
COKE,Coca-Cola Consolidated Inc.,NASDAQ,Consumer Staples,Beverages (Production/Distribution),United States,12666519505.0,False,True,False,Proxy (Market-Cap-Rang 1001-3000),2026-09-29
COLB,Columbia Banking System Inc.,NASDAQ,Finance,Major Banks,United States,8385223224.0,False,True,False,Proxy (Market-Cap-Rang 1001-3000),2026-09-29
COLD,Americold Realty Trust Inc.,NYSE,Real Estate,Real Estate Investment Trusts,United States,4207983322.0,False,False,True,Proxy (Market-Cap-Rang 1001-3000),2026-09-29
COLL,Collegium Pharmaceutical Inc.,NASDAQ,Health Care,Biotechnology: Pharmaceutical Preparations,United States,733477961.0,False,True,True,Proxy (Market-Cap-Rang 1001-3000),2026-09-29
COLM,Columbia Sportswear Company,NASDAQ,Consumer Discretionary,Apparel,United States,2948727974.0,False,True,True,Proxy (Market-Cap-Rang 1001-3000),2026-09-29
CON,Concentra Group Holdings Parent Inc.,NYSE,Health Care,Medical Specialities,United States,4464395937.0,False,False,True,Proxy (Market-Cap-Rang 1001-3000),2026-09-29
COO,The Cooper Companies Inc.,NASDAQ,Health Care,Ophthalmic Goods,United States,10530800182.0,True,True,False,Proxy (Market-Cap-Rang 1001-3000),2026-09-29
COOT,Australian Oilseeds Holdings Limited,NASDAQ,Consumer Staples,Packaged Foods,Australia,14360765.0,False,True,False,Proxy (Market-Cap-Rang 1001-3000),2026-09-29
COP,ConocoPhillips,NYSE,Energy,Integrated oil Companies,United States,152930261077.0,True,False,False,Proxy (Market-Cap-Rang 1001-3000),2026-09-29
COR,Cencora Inc.,NYSE,Health Care,Other Pharmaceuticals,United States,58568673482.0,True,False,False,Proxy (Market-Cap-Rang 1001-3000),2026-09-29
CORT,Corcept Therapeutics Incorporated,NASDAQ,Health Care,Biotechnology: Pharmaceutical Preparations,United States,12550223892.0,False,True,False,Proxy (Market-Cap-Rang 1001-3000),2026-09-29
CORZ,Core Scientific Inc.,NASDAQ,Finance,Finance: Consumer Services,United States,5572043247.0,False,True,False,Proxy (Market-Cap-Rang 1001-3000),2026-09-29
COSM,Cosmos Health Inc.,NASDAQ,Health Care,Other Pharmaceuticals,United States,35382835.0,False,True,False,Proxy (Market-Cap-Rang 1001-3000),2026-09-29
COSO,CoastalSouth Bancshares Inc.,NYSE,Finance,Major Banks,United States,318107808.0,False,False,True,Proxy (Market-Cap-Rang 1001-3000),2026-09-29
COST,Costco Wholesale Corporation,NASDAQ,Consumer Discretionary,Department/Specialty Retail Stores,United States,409226718573.0,True,True,False,Proxy (Market-Cap-Rang 1001-3000),2026-09-29
COTY,Coty Inc.,NYSE,Consumer Discretionary,Package Goods/Cosmetics,United States,2333819130.0,False,False,True,Proxy (Market-Cap-Rang 1001-3000),2026-09-29
COUR,Coursera Inc.,NYSE,Technology,Computer Software: Prepackaged Software,United States,1335220000.0,False,False,True,Proxy (Market-Cap-Rang 1001-3000),2026-09-29
COYA,Coya Therapeutics Inc.,NASDAQ,Health Care,Biotechnology: Pharmaceutical Preparations,United States,119165873.0,False,True,False,Proxy (Market-Cap-Rang 1001-3000),2026-09-29
CPAY,Corpay Inc.,NYSE,Consumer Discretionary,Business Services,United States,26139742958.0,True,False,False,Proxy (Market-Cap-Rang 1001-3000),2026-09-29
CPB,The Campbell's Company,NASDAQ,Consumer Staples,Packaged Foods,United States,5776806003.0,False,True,False,Proxy (Market-Cap-Rang 1001-3000),2026-09-29
CPBI,Central Plains Bancshares Inc.,NASDAQ,Finance,Savings Institutions,United States,82610273.0,False,True,False,Proxy (Market-Cap-Rang 1001-3000),2026-09-29
CPF,Central Pacific Financial Corp New,NYSE,Finance,Major Banks,United States,948792869.0,False,False,True,Proxy (Market-Cap-Rang 1001-3000),2026-09-29
CPHC,Canterbury Park Holding Corporation 'New',NASDAQ,Consumer Discretionary,Services-Misc. Amusement & Recreation,United States,81793957.0,False,True,False,Proxy (Market-Cap-Rang 1001-3000),2026-09-29
CPIX,Cumberland Pharmaceuticals Inc.,NASDAQ,Health Care,Biotechnology: Pharmaceutical Preparations,United States,114021444.0,False,True,False,Proxy (Market-Cap-Rang 1001-3000),2026-09-29
CPK,Chesapeake Utilities Corporation,NYSE,Utilities,Oil & Gas Production,United States,3104188210.0,False,False,True,Proxy (Market-Cap-Rang 1001-3000),2026-09-29
CPOP,Pop Culture Group Co. Ltd Class A,NASDAQ,Consumer Discretionary,Services-Misc. Amusement & Recreation,China,8676401.0,False,True,False,Proxy (Market-Cap-Rang 1001-3000),2026-09-29
CPRT,Copart Inc. (DE),NASDAQ,Consumer Discretionary,Retail-Auto Dealers and Gas Stations,United States,25543138788.0,True,True,False,Proxy (Market-Cap-Rang 1001-3000),2026-09-29
CPS,Cooper-Standard Holdings Inc.,NYSE,Consumer Discretionary,Auto Parts:O.E.M.,United States,403361022.0,False,False,True,Proxy (Market-Cap-Rang 1001-3000),2026-09-29
CPSH,CPS Technologies Corp.,NASDAQ,Consumer Discretionary,Building Materials,United States,74643577.0,False,True,False,Proxy (Market-Cap-Rang 1001-3000),2026-09-29
CPSS,Consumer Portfolio Services Inc.,NASDAQ,Finance,Finance: Consumer Services,United States,206063066.0,False,True,True,Proxy (Market-Cap-Rang 1001-3000),2026-09-29
CPT,Camden Property Trust,NYSE,Real Estate,Real Estate Investment Trusts,United States,9864921022.0,True,False,False,Proxy (Market-Cap-Rang 1001-3000),2026-09-29
CPZ,Calamos Long/Short Equity & Dynamic Income Trust,NASDAQ,Finance,Trusts Except Educational Religious and Charitable,United States,250408634.0,False,True,True,Proxy (Market-Cap-Rang 1001-3000),2026-09-29
CRAC,Crown Reserve Acquisition Corp. I Class A,NASDAQ,Unknown,Unknown,Cayman Islands,0.0,False,True,False,Proxy (Market-Cap-Rang 1001-3000),2026-09-29
CRAI,CRA International Inc.,NASDAQ,Consumer Discretionary,Other Consumer Services,United States,1017290700.0,False,True,True,Proxy (Market-Cap-Rang 1001-3000),2026-09-29
CRBP,Corbus Pharmaceuticals Holdings Inc.,NASDAQ,Health Care,Biotechnology: Pharmaceutical Preparations,United States,138096832.0,False,True,False,Proxy (Market-Cap-Rang 1001-3000),2026-09-29
CRBU,Caribou Biosciences Inc.,NASDAQ,Health Care,Biotechnology: Biological Products (No Diagnostic Substances),United States,132937316.0,False,True,False,Proxy (Market-Cap-Rang 1001-3000),2026-09-29
CRC,California Resources Corporation,NYSE,Energy,Oil & Gas Production,United States,4663932581.0,False,False,True,Proxy (Market-Cap-Rang 1001-3000),2026-09-29
CRCT,Cricut Inc.,NASDAQ,Technology,Industrial Machinery/Components,United States,1285988714.0,False,True,True,Proxy (Market-Cap-Rang 1001-3000),2026-09-29
CRDF,Cardiff Oncology Inc.,NASDAQ,Health Care,Biotechnology: Biological Products (No Diagnostic Substances),United States,96466109.0,False,True,False,Proxy (Market-Cap-Rang 1001-3000),2026-09-29
CRDL,Cardiol Therapeutics Inc. Class A Common Shares,NASDAQ,Health Care,Biotechnology: Biological Products (No Diagnostic Substances),Canada,206329361.0,False,True,False,Proxy (Market-Cap-Rang 1001-3000),2026-09-29
CRDO,Credo Technology Group Holding Ltd,NASDAQ,Technology,Semiconductors,United States,39652216140.0,False,True,False,Proxy (Market-Cap-Rang 1001-3000),2026-09-29
CRE,Cre8 Enterprise Limited Class A,NASDAQ,Consumer Discretionary,Publishing,Hong Kong,5679438.0,False,True,False,Proxy (Market-Cap-Rang 1001-3000),2026-09-29
CRESY,Cresud S.A.C.I.F. y A. American Depositary Shares,NASDAQ,Finance,Real Estate,Argentina,901459241.0,False,True,False,Proxy (Market-Cap-Rang 1001-3000),2026-09-29
CREX,Creative Realities Inc.,NASDAQ,Technology,EDP Services,United States,33545735.0,False,True,False,Proxy (Market-Cap-Rang 1001-3000),2026-09-29
CRGO,Freightos Limited Ordinary shares,NASDAQ,Industrials,Integrated Freight & Logistics,Israel,54677159.0,False,True,False,Proxy (Market-Cap-Rang 1001-3000),2026-09-29
CRGY,Crescent Energy Company,NYSE,Energy,Oil & Gas Production,United States,4344808602.0,False,False,True,Proxy (Market-Cap-Rang 1001-3000),2026-09-29
CRH,CRH PLC,NYSE,Industrials,Building Materials,Ireland,56920625297.0,True,False,False,Proxy (Market-Cap-Rang 1001-3000),2026-09-29
CRI,Carter's Inc.,NYSE,Consumer Discretionary,Apparel,United States,1149427202.0,False,False,True,Proxy (Market-Cap-Rang 1001-3000),2026-09-29
CRIS,Curis Inc.,NASDAQ,Health Care,Biotechnology: Biological Products (No Diagnostic Substances),United States,1734555.0,False,True,False,Proxy (Market-Cap-Rang 1001-3000),2026-09-29
CRK,Comstock Resources Inc.,NYSE,Energy,Oil & Gas Production,United States,3852301590.0,False,False,True,Proxy (Market-Cap-Rang 1001-3000),2026-09-29
CRL,Charles River Laboratories International Inc.,NYSE,Health Care,Biotechnology: Commercial Physical & Biological Resarch,United States,13979851276.0,True,False,False,Proxy (Market-Cap-Rang 1001-3000),2026-09-29
CRM,Salesforce Inc.,NYSE,Technology,Computer Software: Prepackaged Software,United States,192598460000.0,True,False,False,Proxy (Market-Cap-Rang 1001-3000),2026-09-29
CRMD,CorMedix Inc.,NASDAQ,Health Care,Biotechnology: Pharmaceutical Preparations,United States,611862943.0,False,True,True,Proxy (Market-Cap-Rang 1001-3000),2026-09-29
CRML,Critical Metals Corp.,NASDAQ,Basic Materials,Metal Mining,British Virgin Islands,1150138936.0,False,True,False,Proxy (Market-Cap-Rang 1001-3000),2026-09-29
CRMT,America's Car-Mart Inc,NASDAQ,Consumer Discretionary,Retail-Auto Dealers and Gas Stations,United States,8838787.0,False,True,False,Proxy (Market-Cap-Rang 1001-3000),2026-09-29
CRNC,Cerence Inc.,NASDAQ,Technology,Computer Software: Prepackaged Software,United States,359580543.0,False,True,True,Proxy (Market-Cap-Rang 1001-3000),2026-09-29
CRNT,Ceragon Networks Ltd.,NASDAQ,Technology,Radio And Television Broadcasting And Communications Equipment,Israel,192601880.0,False,True,False,Proxy (Market-Cap-Rang 1001-3000),2026-09-29
CRON,Cronos Group Inc. Common Share,NASDAQ,Health Care, Medicinal Chemicals and Botanical Products ,Canada,1230498966.0,False,True,False,Proxy (Market-Cap-Rang 1001-3000),2026-09-29
CROX,Crocs Inc.,NASDAQ,Consumer Discretionary,Shoe Manufacturing,United States,6047791761.0,False,True,False,Proxy (Market-Cap-Rang 1001-3000),2026-09-29
CRSP,CRISPR Therapeutics AG Common Shares,NASDAQ,Health Care,Biotechnology: Biological Products (No Diagnostic Substances),Switzerland,5243642572.0,False,True,False,Proxy (Market-Cap-Rang 1001-3000),2026-09-29
CRSR,Corsair Gaming Inc.,NASDAQ,Technology,Computer peripheral equipment,United States,1477697260.0,False,True,True,Proxy (Market-Cap-Rang 1001-3000),2026-09-29
CRTO,Criteo S.A.,NASDAQ,Consumer Discretionary,Advertising,France,797680261.0,False,True,False,Proxy (Market-Cap-Rang 1001-3000),2026-09-29
CRUS,Cirrus Logic Inc.,NASDAQ,Technology,Semiconductors,United States,6010097915.0,False,True,False,Proxy (Market-Cap-Rang 1001-3000),2026-09-29
CRVL,CorVel Corp.,NASDAQ,Finance,Specialty Insurers,United States,3754896722.0,False,True,True,Proxy (Market-Cap-Rang 1001-3000),2026-09-29
CRVO,CervoMed Inc.,NASDAQ,Health Care,Biotechnology: Pharmaceutical Preparations,United States,38402504.0,False,True,False,Proxy (Market-Cap-Rang 1001-3000),2026-09-29
CRVS,Corvus Pharmaceuticals Inc.,NASDAQ,Health Care,Biotechnology: Pharmaceutical Preparations,United States,977485369.0,False,True,True,Proxy (Market-Cap-Rang 1001-3000),2026-09-29
CRWD,CrowdStrike Holdings Inc.,NASDAQ,Technology,Computer Software: Prepackaged Software,United States,258164691713.0,True,True,False,Proxy (Market-Cap-Rang 1001-3000),2026-09-29
CRWS,Crown Crafts Inc,NASDAQ,Consumer Discretionary,Textiles,United States,26900718.0,False,True,False,Proxy (Market-Cap-Rang 1001-3000),2026-09-29
CRWV,CoreWeave Inc.,NASDAQ,Technology,Computer Software: Prepackaged Software,United States,48309090969.0,False,True,False,Proxy (Market-Cap-Rang 1001-3000),2026-09-29
CSAI,Cloudastructure Inc.,NASDAQ,Technology,Computer Software: Programming Data Processing,United States,3062176.0,False,True,False,Proxy (Market-Cap-Rang 1001-3000),2026-09-29
CSBR,Champions Oncology Inc.,NASDAQ,Health Care,Biotechnology: Biological Products (No Diagnostic Substances),United States,68200988.0,False,True,False,Proxy (Market-Cap-Rang 1001-3000),2026-09-29
CSCO,Cisco Systems Inc. Common Stock (DE),NASDAQ,Telecommunications,Computer Communications Equipment,United States,420674019349.0,True,True,False,Proxy (Market-Cap-Rang 1001-3000),2026-09-29
CSGP,CoStar Group Inc.,NASDAQ,Finance,Real Estate,United States,11382000247.0,True,True,False,Proxy (Market-Cap-Rang 1001-3000),2026-09-29
CSHR,CoinShares PLC,NASDAQ,Finance,Investment Bankers/Brokers/Service,Jersey,728744556.0,False,True,False,Proxy (Market-Cap-Rang 1001-3000),2026-09-29
CSIQ,Canadian Solar Inc. Common Shares (ON),NASDAQ,Technology,Semiconductors,Canada,732420619.0,False,True,False,Proxy (Market-Cap-Rang 1001-3000),2026-09-29
CSPI,CSP Inc.,NASDAQ,Technology,EDP Services,United States,77721773.0,False,True,False,Proxy (Market-Cap-Rang 1001-3000),2026-09-29
CSQ,Calamos Strategic Total Return,NASDAQ,Finance,Finance Companies,United States,3296918157.0,False,True,True,Proxy (Market-Cap-Rang 1001-3000),2026-09-29
CSR,D/B/A Centerspace,NYSE,Real Estate,Real Estate Investment Trusts,United States,928548609.0,False,False,True,Proxy (Market-Cap-Rang 1001-3000),2026-09-29
CSTE,Caesarstone Ltd.,NASDAQ,Industrials,Building Materials,Israel,101656601.0,False,True,False,Proxy (Market-Cap-Rang 1001-3000),2026-09-29
CSTL,Castle Biosciences Inc.,NASDAQ,Health Care,Medical Specialities,United States,1093977846.0,False,True,True,Proxy (Market-Cap-Rang 1001-3000),2026-09-29
CSV,Carriage Services Inc.,NYSE,Consumer Discretionary,Other Consumer Services,United States,507280534.0,False,False,True,Proxy (Market-Cap-Rang 1001-3000),2026-09-29
CSW,CSW Industrials Inc.,NYSE,Industrials,Home Furnishings,United States,4835906942.0,False,False,True,Proxy (Market-Cap-Rang 1001-3000),2026-09-29
CSWC,Capital Southwest Corporation,NASDAQ,Consumer Discretionary,Textiles,United States,1437314992.0,False,True,True,Proxy (Market-Cap-Rang 1001-3000),2026-09-29
CSX,CSX Corporation,NASDAQ,Industrials,Railroads,United States,86658776617.0,True,True,False,Proxy (Market-Cap-Rang 1001-3000),2026-09-29
CTAS,Cintas Corporation,NASDAQ,Industrials,Garments and Clothing,United States,79867396891.0,True,True,False,Proxy (Market-Cap-Rang 1001-3000),2026-09-29
CTBI,Community Trust Bancorp Inc.,NASDAQ,Finance,Major Banks,United States,1372770604.0,False,True,True,Proxy (Market-Cap-Rang 1001-3000),2026-09-29
CTEV,Claritev Corporation,NYSE,Consumer Discretionary,Business Services,United States,393181142.0,False,False,True,Proxy (Market-Cap-Rang 1001-3000),2026-09-29
CTGO,Contango Silver & Gold Inc.,AMEX,Basic Materials,Precious Metals,United States,620324818.0,False,False,True,Proxy (Market-Cap-Rang 1001-3000),2026-09-29
CTKB,Cytek Biosciences Inc.,NASDAQ,Industrials,Biotechnology: Laboratory Analytical Instruments,United States,734405379.0,False,True,True,Proxy (Market-Cap-Rang 1001-3000),2026-09-29
CTMX,CytomX Therapeutics Inc.,NASDAQ,Health Care,Biotechnology: Pharmaceutical Preparations,United States,588328067.0,False,True,True,Proxy (Market-Cap-Rang 1001-3000),2026-09-29
CTNM,Contineum Therapeutics Inc.,NASDAQ,Health Care,Biotechnology: Pharmaceutical Preparations,United States,472521418.0,False,True,True,Proxy (Market-Cap-Rang 1001-3000),2026-09-29
CTNT,Cheetah Net Supply Chain Service Inc,NASDAQ,Consumer Discretionary,Motor Vehicles,United States,42002.0,False,True,False,Proxy (Market-Cap-Rang 1001-3000),2026-09-29
CTO,CTO Realty Growth Inc.,NYSE,Real Estate,Real Estate Investment Trusts,United States,776698607.0,False,False,True,Proxy (Market-Cap-Rang 1001-3000),2026-09-29
CTOR,Citius Oncology Inc.,NASDAQ,Health Care,Biotechnology: Pharmaceutical Preparations,United States,97630264.0,False,True,False,Proxy (Market-Cap-Rang 1001-3000),2026-09-29
CTRI,Centuri Holdings Inc.,NYSE,Utilities,Oil & Gas Production,United States,2070752217.0,False,False,True,Proxy (Market-Cap-Rang 1001-3000),2026-09-29
CTRM,Castor Maritime Inc. Common Shares,NASDAQ,Consumer Discretionary,Marine Transportation,Cyprus,20677438.0,False,True,False,Proxy (Market-Cap-Rang 1001-3000),2026-09-29
CTRN,Citi Trends Inc.,NASDAQ,Consumer Discretionary,Clothing/Shoe/Accessory Stores,United States,408883086.0,False,True,True,Proxy (Market-Cap-Rang 1001-3000),2026-09-29
CTS,CTS Corporation,NYSE,Technology,Electrical Products,United States,1701949222.0,False,False,True,Proxy (Market-Cap-Rang 1001-3000),2026-09-29
CTSH,Cognizant Technology Solutions Corporation,NASDAQ,Technology,EDP Services,United States,25823966502.0,True,True,False,Proxy (Market-Cap-Rang 1001-3000),2026-09-29
CTSO,Cytosorbents Corporation,NASDAQ,Health Care,Medical/Dental Instruments,United States,13801822.0,False,True,False,Proxy (Market-Cap-Rang 1001-3000),2026-09-29
CTVA,Corteva Inc. Common Stock ,NYSE,Consumer Staples,Farming/Seeds/Milling,United States,52388229920.0,True,False,False,Proxy (Market-Cap-Rang 1001-3000),2026-09-29
CTW,CTW Class A,NASDAQ,Technology,EDP Services,Japan,131040000.0,False,True,False,Proxy (Market-Cap-Rang 1001-3000),2026-09-29
CTXR,Citius Pharmaceuticals Inc.,NASDAQ,Health Care,Biotechnology: Pharmaceutical Preparations,United States,15884057.0,False,True,False,Proxy (Market-Cap-Rang 1001-3000),2026-09-29
CUB,Lionheart Holdings Class A,NASDAQ,Industrials,Industrial Machinery/Components,United States,345959793.0,False,True,True,Proxy (Market-Cap-Rang 1001-3000),2026-09-29
CUBI,Customers Bancorp Inc,NYSE,Finance,Major Banks,United States,2603379551.0,False,False,True,Proxy (Market-Cap-Rang 1001-3000),2026-09-29
CUE,Cue Biopharma Inc.,NASDAQ,Health Care,Biotechnology: Pharmaceutical Preparations,United States,228175244.0,False,True,True,Proxy (Market-Cap-Rang 1001-3000),2026-09-29
CULP,Culp Inc.,NASDAQ,Consumer Discretionary,Textiles,United States,45337753.0,False,True,False,Proxy (Market-Cap-Rang 1001-3000),2026-09-29
CUPR,Cuprina Holdings (Cayman) Limited Class A,NASDAQ,Health Care,Industrial Specialties,Singapore,13097027.0,False,True,False,Proxy (Market-Cap-Rang 1001-3000),2026-09-29
CURB,Curbline Properties Corp.,NYSE,Finance,Real Estate,United States,3273982192.0,False,False,True,Proxy (Market-Cap-Rang 1001-3000),2026-09-29
CURI,CuriosityStream Inc.,NASDAQ,Consumer Discretionary,Movies/Entertainment,United States,183947887.0,False,True,True,Proxy (Market-Cap-Rang 1001-3000),2026-09-29
CURR,Currenc Group Inc.,NASDAQ,Consumer Discretionary,Business Services,Singapore,336845655.0,False,True,False,Proxy (Market-Cap-Rang 1001-3000),2026-09-29
CURV,Torrid Holdings Inc.,NYSE,Consumer Discretionary,Clothing/Shoe/Accessory Stores,United States,234340672.0,False,False,True,Proxy (Market-Cap-Rang 1001-3000),2026-09-29
CURX,Curanex Pharmaceuticals Inc,NASDAQ,Health Care,Biotechnology: Pharmaceutical Preparations,United States,7433462.0,False,True,False,Proxy (Market-Cap-Rang 1001-3000),2026-09-29
CUVL,Clinuvel Pharmaceuticals Limited American Depositary Shares,NASDAQ,Miscellaneous,Miscellaneous,Australia,281841741.0,False,True,False,Proxy (Market-Cap-Rang 1001-3000),2026-09-29
CUZ,Cousins Properties Incorporated,NYSE,Real Estate,Real Estate Investment Trusts,United States,4715848962.0,False,False,True,Proxy (Market-Cap-Rang 1001-3000),2026-09-29
CV,CapsoVision Inc.,NASDAQ,Health Care,Biotechnology: Electromedical & Electrotherapeutic Apparatus,United States,353750687.0,False,True,True,Proxy (Market-Cap-Rang 1001-3000),2026-09-29
CVBF,CVB Financial Corporation,NASDAQ,Finance,Major Banks,United States,3965222211.0,False,True,True,Proxy (Market-Cap-Rang 1001-3000),2026-09-29
CVCO,Cavco Industries Inc. Common Stock When Issued,NASDAQ,Consumer Discretionary,Homebuilding,United States,4285149947.0,False,True,True,Proxy (Market-Cap-Rang 1001-3000),2026-09-29
CVGI,Commercial Vehicle Group Inc.,NASDAQ,Consumer Discretionary,Auto Parts:O.E.M.,United States,121085392.0,False,True,False,Proxy (Market-Cap-Rang 1001-3000),2026-09-29
CVI,CVR Energy Inc.,NYSE,Energy,Integrated oil Companies,United States,5179336460.0,False,False,True,Proxy (Market-Cap-Rang 1001-3000),2026-09-29
CVKD,Cadrenal Therapeutics Inc.,NASDAQ,Health Care,Biotechnology: Pharmaceutical Preparations,United States,4102731.0,False,True,False,Proxy (Market-Cap-Rang 1001-3000),2026-09-29
CVLG,Covenant Logistics Group Inc.,NYSE,Industrials,Trucking Freight/Courier Services,United States,824016452.0,False,False,True,Proxy (Market-Cap-Rang 1001-3000),2026-09-29
CVLT,Commvault Systems Inc.,NASDAQ,Technology,Computer Software: Prepackaged Software,United States,6031841845.0,False,True,False,Proxy (Market-Cap-Rang 1001-3000),2026-09-29
CVNA,Carvana Co.,NYSE,Consumer Discretionary,Retail-Auto Dealers and Gas Stations,United States,71596172876.0,True,False,False,Proxy (Market-Cap-Rang 1001-3000),2026-09-29
CVRX,CVRx Inc.,NASDAQ,Health Care,Medical/Dental Instruments,United States,71932312.0,False,True,False,Proxy (Market-Cap-Rang 1001-3000),2026-09-29
CVS,CVS Health Corporation,NYSE,Consumer Staples,Retail-Drug Stores and Proprietary Stores,United States,113994628989.0,True,False,False,Proxy (Market-Cap-Rang 1001-3000),2026-09-29
CVSA,Covista Inc. Common Shares,NYSE,Real Estate,Other Consumer Services,United States,4110187515.0,False,False,True,Proxy (Market-Cap-Rang 1001-3000),2026-09-29
CVV,CVD Equipment Corporation,NASDAQ,Technology,Industrial Machinery/Components,United States,30585293.0,False,True,False,Proxy (Market-Cap-Rang 1001-3000),2026-09-29
CVX,Chevron Corporation,NYSE,Energy,Integrated oil Companies,United States,403946436969.0,True,False,False,Proxy (Market-Cap-Rang 1001-3000),2026-09-29
CWBC,Community West Bancshares,NASDAQ,Finance,Major Banks,United States,726298958.0,False,True,True,Proxy (Market-Cap-Rang 1001-3000),2026-09-29
CWCO,Consolidated Water Co. Ltd.,NASDAQ,Utilities,Water Supply,Cayman Islands,446118419.0,False,True,False,Proxy (Market-Cap-Rang 1001-3000),2026-09-29
CWD,CaliberCos Inc.,NASDAQ,Finance,Real Estate,United States,6482100.0,False,True,False,Proxy (Market-Cap-Rang 1001-3000),2026-09-29
CWEN,Clearway Energy Inc.,NYSE,Utilities,Electric Utilities: Central,United States,4879711147.0,False,False,True,Proxy (Market-Cap-Rang 1001-3000),2026-09-29
CWH,Camping World Holdings Inc.,NYSE,Consumer Discretionary,Retail-Auto Dealers and Gas Stations,United States,556759597.0,False,False,True,Proxy (Market-Cap-Rang 1001-3000),2026-09-29
CWK,Cushman & Wakefield Ltd. Common Shares,NYSE,Finance,Real Estate,United States,2854118689.0,False,False,True,Proxy (Market-Cap-Rang 1001-3000),2026-09-29
CWST,Casella Waste Systems Inc.,NASDAQ,Utilities,Environmental Services,United States,5233757383.0,False,True,True,Proxy (Market-Cap-Rang 1001-3000),2026-09-29
CWT,California Water Service Group,NYSE,Utilities,Water Supply,United States,2855111293.0,False,False,True,Proxy (Market-Cap-Rang 1001-3000),2026-09-29
CXAI,CXApp Inc.,NASDAQ,Technology,EDP Services,United States,5831828.0,False,True,False,Proxy (Market-Cap-Rang 1001-3000),2026-09-29
CXDO,Crexendo Inc.,NASDAQ,Telecommunications,Telecommunications Equipment,United States,202515581.0,False,True,True,Proxy (Market-Cap-Rang 1001-3000),2026-09-29
CXM,Sprinklr Inc.,NYSE,Technology,Computer Software: Prepackaged Software,United States,1177108694.0,False,False,True,Proxy (Market-Cap-Rang 1001-3000),2026-09-29
CXT,Crane NXT Co.,NYSE,Industrials,Metal Fabrications,United States,2746825427.0,False,False,True,Proxy (Market-Cap-Rang 1001-3000),2026-09-29
CXW,CoreCivic Inc.,NYSE,Real Estate,Real Estate Investment Trusts,United States,3177447802.0,False,False,True,Proxy (Market-Cap-Rang 1001-3000),2026-09-29
CYAB,Cyabra Inc.,NASDAQ,Technology,Computer Software: Prepackaged Software,Israel,3822084.0,False,True,False,Proxy (Market-Cap-Rang 1001-3000),2026-09-29
CYCU,Cycurion Inc.,NASDAQ,Technology,EDP Services,United States,9076418.0,False,True,False,Proxy (Market-Cap-Rang 1001-3000),2026-09-29
CYH,Community Health Systems Inc.,NYSE,Health Care,Hospital/Nursing Management,United States,414567510.0,False,False,True,Proxy (Market-Cap-Rang 1001-3000),2026-09-29
CYN,Cyngn Inc.,NASDAQ,Technology,EDP Services,United States,10588779.0,False,True,False,Proxy (Market-Cap-Rang 1001-3000),2026-09-29
CYPH,Cypherpunk Technologies Inc.,NASDAQ,Health Care,Biotechnology: Pharmaceutical Preparations,United States,443989254.0,False,True,True,Proxy (Market-Cap-Rang 1001-3000),2026-09-29
CYRX,CryoPort Inc.,NASDAQ,Health Care,Biotechnology: Pharmaceutical Preparations,United States,881800831.0,False,True,True,Proxy (Market-Cap-Rang 1001-3000),2026-09-29
CYTK,Cytokinetics Incorporated,NASDAQ,Health Care,Biotechnology: Pharmaceutical Preparations,United States,8989254208.0,False,True,False,Proxy (Market-Cap-Rang 1001-3000),2026-09-29
CZFS,Citizens Financial Services Inc.,NASDAQ,Finance,Major Banks,United States,384066922.0,False,True,True,Proxy (Market-Cap-Rang 1001-3000),2026-09-29
CZNC,Citizens & Northern Corp,NASDAQ,Finance,Major Banks,United States,460926082.0,False,True,True,Proxy (Market-Cap-Rang 1001-3000),2026-09-29
CZR,Caesars Entertainment Inc.,NASDAQ,Consumer Discretionary,Hotels/Resorts,United States,6028085807.0,False,True,False,Proxy (Market-Cap-Rang 1001-3000),2026-09-29
CZWI,Citizens Community Bancorp Inc.,NASDAQ,Finance,Savings Institutions,United States,205935930.0,False,True,True,Proxy (Market-Cap-Rang 1001-3000),2026-09-29
D,Dominion Energy Inc.,NYSE,Utilities,Electric Utilities: Central,United States,53369634585.0,True,False,False,Proxy (Market-Cap-Rang 1001-3000),2026-09-29
DAIC,CID HoldCo Inc.,NASDAQ,Technology,EDP Services,United States,6280333.0,False,True,False,Proxy (Market-Cap-Rang 1001-3000),2026-09-29
DAIO,Data I/O Corporation,NASDAQ,Industrials,Electrical Products,United States,29627537.0,False,True,False,Proxy (Market-Cap-Rang 1001-3000),2026-09-29
DAKT,Daktronics Inc.,NASDAQ,Consumer Discretionary,Miscellaneous manufacturing industries,United States,818536903.0,False,True,True,Proxy (Market-Cap-Rang 1001-3000),2026-09-29
DAL,Delta Air Lines Inc.,NYSE,Consumer Discretionary,Air Freight/Delivery Services,United States,55858500168.0,True,False,False,Proxy (Market-Cap-Rang 1001-3000),2026-09-29
DAN,Dana Incorporated Common Stock ,NYSE,Consumer Discretionary,Auto Parts:O.E.M.,United States,2919631068.0,False,False,True,Proxy (Market-Cap-Rang 1001-3000),2026-09-29
DARE,Dare Bioscience Inc.,NASDAQ,Health Care,Biotechnology: Pharmaceutical Preparations,United States,15253374.0,False,True,False,Proxy (Market-Cap-Rang 1001-3000),2026-09-29
DASH,DoorDash Inc.,NASDAQ,Consumer Discretionary,Business Services,United States,83782489098.0,True,True,False,Proxy (Market-Cap-Rang 1001-3000),2026-09-29
DAVE,Dave Inc.,NASDAQ,Finance,Finance: Consumer Services,United States,4144009114.0,False,True,True,Proxy (Market-Cap-Rang 1001-3000),2026-09-29
DBD,Diebold Nixdorf Incorporated Common stock,NYSE,Miscellaneous,Office Equipment/Supplies/Services,United States,2129129999.0,False,False,True,Proxy (Market-Cap-Rang 1001-3000),2026-09-29
DBGI,Digital Brands Group Inc.,NASDAQ,Consumer Discretionary,Clothing/Shoe/Accessory Stores,United States,4415498.0,False,True,False,Proxy (Market-Cap-Rang 1001-3000),2026-09-29
DBI,Designer Brands Inc.,NYSE,Consumer Discretionary,Clothing/Shoe/Accessory Stores,United States,313386467.0,False,False,True,Proxy (Market-Cap-Rang 1001-3000),2026-09-29
DBRG,DigitalBridge Group Inc.,NYSE,Real Estate,Real Estate Investment Trusts,United States,2996174590.0,False,False,True,Proxy (Market-Cap-Rang 1001-3000),2026-09-29
DBVT,DBV Technologies S.A. American Depositary Shares,NASDAQ,Health Care,Biotechnology: Biological Products (No Diagnostic Substances),France,684155885.0,False,True,False,Proxy (Market-Cap-Rang 1001-3000),2026-09-29
DBX,Dropbox Inc.,NASDAQ,Technology,Computer Software: Prepackaged Software,United States,7294924091.0,False,True,False,Proxy (Market-Cap-Rang 1001-3000),2026-09-29
DC,Dakota Gold Corp.,AMEX,Basic Materials,Metal Mining,United States,886883471.0,False,False,True,Proxy (Market-Cap-Rang 1001-3000),2026-09-29
DCBO,Docebo Inc. Common Shares,NASDAQ,Technology,Computer Software: Prepackaged Software,Canada,569803047.0,False,True,False,Proxy (Market-Cap-Rang 1001-3000),2026-09-29
DCGO,DocGo Inc.,NASDAQ,Health Care,Medical/Nursing Services,United States,34080823.0,False,True,False,Proxy (Market-Cap-Rang 1001-3000),2026-09-29
DCH,Dauch Corporation,NYSE,Consumer Discretionary,Auto Parts:O.E.M.,United States,1297321127.0,False,False,True,Proxy (Market-Cap-Rang 1001-3000),2026-09-29
DCO,Ducommun Incorporated,NYSE,Industrials,Military/Government/Technical,United States,2599426955.0,False,False,True,Proxy (Market-Cap-Rang 1001-3000),2026-09-29
DCOM,Dime Commercial Bancshares Inc.,NYSE,Finance,Major Banks,United States,1782601740.0,False,False,True,Proxy (Market-Cap-Rang 1001-3000),2026-09-29
DCOY,Decoy Therapeutics Inc.,NASDAQ,Health Care,Biotechnology: Pharmaceutical Preparations,United States,5684423.0,False,True,False,Proxy (Market-Cap-Rang 1001-3000),2026-09-29
DCTH,Delcath Systems Inc.,NASDAQ,Health Care,Medical/Dental Instruments,United States,541301202.0,False,True,True,Proxy (Market-Cap-Rang 1001-3000),2026-09-29
DCX,Digital Currency X Technology Inc. Class A,NASDAQ,Industrials,Auto Manufacturing,Cayman Islands,0.0,False,True,False,Proxy (Market-Cap-Rang 1001-3000),2026-09-29
DD,DuPont de Nemours Inc.,NYSE,Industrials,Major Chemicals,United States,17786510237.0,True,False,False,Proxy (Market-Cap-Rang 1001-3000),2026-09-29
DDD,3D Systems Corporation,NYSE,Technology,Computer Software: Prepackaged Software,United States,593144886.0,False,False,True,Proxy (Market-Cap-Rang 1001-3000),2026-09-29
DDI,DoubleDown Interactive Co. Ltd. American Depository Shares,NASDAQ,Technology,EDP Services,South Korea,644194720.0,False,True,False,Proxy (Market-Cap-Rang 1001-3000),2026-09-29
DDOG,Datadog Inc.,NASDAQ,Technology,Computer Software: Prepackaged Software,United States,96278786185.0,True,True,False,Proxy (Market-Cap-Rang 1001-3000),2026-09-29
DDT,Dillard's Capital Trust I,NYSE,Consumer Discretionary,Department/Specialty Retail Stores,United States,410198022.0,False,False,True,Proxy (Market-Cap-Rang 1001-3000),2026-09-29
DE,Deere & Company,NYSE,Industrials,Industrial Machinery/Components,United States,186165561970.0,True,False,False,Proxy (Market-Cap-Rang 1001-3000),2026-09-29
DEA,Easterly Government Properties Inc.,NYSE,Real Estate,Real Estate Investment Trusts,United States,1084138245.0,False,False,True,Proxy (Market-Cap-Rang 1001-3000),2026-09-29
DEC,Diversified Energy Company,NYSE,Unknown,Unknown,United States,1058469253.0,False,False,True,Proxy (Market-Cap-Rang 1001-3000),2026-09-29
DECK,Deckers Outdoor Corporation,NYSE,Consumer Discretionary,Shoe Manufacturing,United States,10731707238.0,True,False,False,Proxy (Market-Cap-Rang 1001-3000),2026-09-29
DEFT,Defi Technologies Inc.,NASDAQ,Finance,Finance: Consumer Services,Canada,195598985.0,False,True,False,Proxy (Market-Cap-Rang 1001-3000),2026-09-29
DEI,Douglas Emmett Inc.,NYSE,Real Estate,Real Estate Investment Trusts,United States,1644705322.0,False,False,True,Proxy (Market-Cap-Rang 1001-3000),2026-09-29
DELL,Dell Technologies Inc. Class C Common Stock ,NYSE,Technology,Computer Manufacturing,United States,357892638848.0,True,False,False,Proxy (Market-Cap-Rang 1001-3000),2026-09-29
DERM,Journey Medical Corporation,NASDAQ,Health Care,Biotechnology: Pharmaceutical Preparations,United States,173297785.0,False,True,True,Proxy (Market-Cap-Rang 1001-3000),2026-09-29
DETX,Liberty Defense Holdings Ltd. Common Shares,NASDAQ,Industrials,Industrial Machinery/Components,United States,11977620.0,False,True,False,Proxy (Market-Cap-Rang 1001-3000),2026-09-29
DFDV,DeFi Development Corp.,NASDAQ,Finance,Finance: Consumer Services,United States,197029572.0,False,True,True,Proxy (Market-Cap-Rang 1001-3000),2026-09-29
DFH,Dream Finders Homes Inc.,NYSE,Consumer Discretionary,Homebuilding,United States,1023046833.0,False,False,True,Proxy (Market-Cap-Rang 1001-3000),2026-09-29
DFIN,Donnelley Financial Solutions Inc. Common Stock ,NYSE,Consumer Discretionary,Other Consumer Services,United States,1202716936.0,False,False,True,Proxy (Market-Cap-Rang 1001-3000),2026-09-29
DFLI,Dragonfly Energy Holdings Corp. Common Stock (NV),NASDAQ,Miscellaneous,Industrial Machinery/Components,United States,13683137.0,False,True,False,Proxy (Market-Cap-Rang 1001-3000),2026-09-29
DFNS,T3 Defense Inc.,NASDAQ,Consumer Discretionary,Professional Services,United States,22125906.0,False,True,False,Proxy (Market-Cap-Rang 1001-3000),2026-09-29
DFSC,DEFSEC Technologies Inc.,NASDAQ,Technology,Computer Software: Prepackaged Software,Canada,7225977.0,False,True,False,Proxy (Market-Cap-Rang 1001-3000),2026-09-29
DFTX,Definium Therapeutics Inc. Common Shares,NASDAQ,Health Care, Medicinal Chemicals and Botanical Products ,United States,4860052582.0,False,True,True,Proxy (Market-Cap-Rang 1001-3000),2026-09-29
DG,Dollar General Corporation,NYSE,Consumer Discretionary,Department/Specialty Retail Stores,United States,27541800064.0,True,False,False,Proxy (Market-Cap-Rang 1001-3000),2026-09-29
DGICA,Donegal Group Inc.,NASDAQ,Finance,Property-Casualty Insurers,United States,671487811.0,False,True,True,Proxy (Market-Cap-Rang 1001-3000),2026-09-29
DGICB,Donegal Group Inc.,NASDAQ,Finance,Property-Casualty Insurers,United States,675570932.0,False,True,True,Proxy (Market-Cap-Rang 1001-3000),2026-09-29
DGII,Digi International Inc.,NASDAQ,Telecommunications,Computer Communications Equipment,United States,2971338031.0,False,True,True,Proxy (Market-Cap-Rang 1001-3000),2026-09-29
DGNX,Diginex Limited,NASDAQ,Technology,EDP Services,Hong Kong,67675676.0,False,True,False,Proxy (Market-Cap-Rang 1001-3000),2026-09-29
DGX,Quest Diagnostics Incorporated,NYSE,Health Care,Medical Specialities,United States,26083432435.0,True,False,False,Proxy (Market-Cap-Rang 1001-3000),2026-09-29
DGXX,Digi Power X Inc. Subordinate Voting Shares,NASDAQ,Finance,Finance: Consumer Services,Canada,465395499.0,False,True,False,Proxy (Market-Cap-Rang 1001-3000),2026-09-29
DH,Definitive Healthcare Corp.,NASDAQ,Technology,Computer Software: Prepackaged Software,United States,136996693.0,False,True,False,Proxy (Market-Cap-Rang 1001-3000),2026-09-29
DHC,Diversified Healthcare Trust Common Shares of Beneficial Interest,NASDAQ,Real Estate,Real Estate Investment Trusts,United States,1968508672.0,False,True,True,Proxy (Market-Cap-Rang 1001-3000),2026-09-29
DHI,D.R. Horton Inc.,NYSE,Consumer Discretionary,Homebuilding,United States,39580526293.0,True,False,False,Proxy (Market-Cap-Rang 1001-3000),2026-09-29
DHR,Danaher Corporation,NYSE,Industrials,Industrial Machinery/Components,United States,157813339262.0,True,False,False,Proxy (Market-Cap-Rang 1001-3000),2026-09-29
DHX,DHI Group Inc.,NYSE,Consumer Discretionary,Business Services,United States,205396419.0,False,False,True,Proxy (Market-Cap-Rang 1001-3000),2026-09-29
DIBS,1stdibs.com Inc.,NASDAQ,Consumer Discretionary,Catalog/Specialty Distribution,United States,133452713.0,False,True,False,Proxy (Market-Cap-Rang 1001-3000),2026-09-29
DIN,Dine Brands Global Inc.,NYSE,Consumer Discretionary,Restaurants,United States,356608256.0,False,False,True,Proxy (Market-Cap-Rang 1001-3000),2026-09-29
DIOD,Diodes Incorporated,NASDAQ,Technology,Semiconductors,United States,4413595407.0,False,True,True,Proxy (Market-Cap-Rang 1001-3000),2026-09-29
DIS,Walt Disney Company (The),NYSE,Consumer Discretionary,Services-Misc. Amusement & Recreation,United States,183287814647.0,True,False,False,Proxy (Market-Cap-Rang 1001-3000),2026-09-29
DJCO,Daily Journal Corp. (S.C.),NASDAQ,Consumer Discretionary,Newspapers/Magazines,United States,905121551.0,False,True,True,Proxy (Market-Cap-Rang 1001-3000),2026-09-29
DJT,Trump Media & Technology Group Corp.,NASDAQ,Technology,Computer Software: Programming Data Processing,United States,2540383244.0,False,True,True,Proxy (Market-Cap-Rang 1001-3000),2026-09-29
DK,Delek US Holdings Inc.,NYSE,Energy,Integrated oil Companies,United States,4153990684.0,False,False,True,Proxy (Market-Cap-Rang 1001-3000),2026-09-29
DKI,DarkIris Inc. Class A,NASDAQ,Technology,Computer Software: Prepackaged Software,Hong Kong,5671452.0,False,True,False,Proxy (Market-Cap-Rang 1001-3000),2026-09-29
DKNG,DraftKings Inc.,NASDAQ,Consumer Discretionary,Services-Misc. Amusement & Recreation,United States,10931918137.0,False,True,False,Proxy (Market-Cap-Rang 1001-3000),2026-09-29
DLHC,DLH Holdings Corp.,NASDAQ,Consumer Discretionary,Professional Services,United States,51450274.0,False,True,False,Proxy (Market-Cap-Rang 1001-3000),2026-09-29
DLO,DLocal Limited Class A Common Shares,NASDAQ,Consumer Discretionary,Business Services,Uruguay,4152641940.0,False,True,False,Proxy (Market-Cap-Rang 1001-3000),2026-09-29
DLPN,Dolphin Entertainment Inc.,NASDAQ,Consumer Discretionary,Other Consumer Services,United States,14141707.0,False,True,False,Proxy (Market-Cap-Rang 1001-3000),2026-09-29
DLR,Digital Realty Trust Inc.,NYSE,Real Estate,Real Estate Investment Trusts,United States,66092161395.0,True,False,False,Proxy (Market-Cap-Rang 1001-3000),2026-09-29
DLTH,Duluth Holdings Inc.,NASDAQ,Consumer Discretionary,Clothing/Shoe/Accessory Stores,United States,150879854.0,False,True,False,Proxy (Market-Cap-Rang 1001-3000),2026-09-29
DLTR,Dollar Tree Inc.,NASDAQ,Consumer Discretionary,Department/Specialty Retail Stores,United States,21402988207.0,True,True,False,Proxy (Market-Cap-Rang 1001-3000),2026-09-29
DLX,Deluxe Corporation,NYSE,Consumer Discretionary,Publishing,United States,1115683536.0,False,False,True,Proxy (Market-Cap-Rang 1001-3000),2026-09-29
DLXY,Delixy Holdings Limited Class A,NASDAQ,Energy,Oil Refining/Marketing,Singapore,0.0,False,True,False,Proxy (Market-Cap-Rang 1001-3000),2026-09-29
DLY,DoubleLine Yield Opportunities Fund Common Shares of Beneficial Interest,NYSE,Finance,Investment Managers,United States,628569163.0,False,False,True,Proxy (Market-Cap-Rang 1001-3000),2026-09-29
DMAA,Drugs Made In America Acquisition Corp.,NASDAQ,Unknown,Unknown,United States,0.0,False,True,False,Proxy (Market-Cap-Rang 1001-3000),2026-09-29
DMAC,DiaMedica Therapeutics Inc.,NASDAQ,Health Care,Biotechnology: Pharmaceutical Preparations,United States,428170034.0,False,True,True,Proxy (Market-Cap-Rang 1001-3000),2026-09-29
DMRA,Damora Therapeutics Inc.,NASDAQ,Health Care,Biotechnology: Pharmaceutical Preparations,Denmark,1275455823.0,False,True,False,Proxy (Market-Cap-Rang 1001-3000),2026-09-29
DMRC,Digimarc Corporation,NASDAQ,Technology,EDP Services,United States,110353865.0,False,True,False,Proxy (Market-Cap-Rang 1001-3000),2026-09-29
DNA,Ginkgo Bioworks Holdings Inc.,NYSE,Health Care,Biotechnology: Biological Products (No Diagnostic Substances),United States,685867353.0,False,False,True,Proxy (Market-Cap-Rang 1001-3000),2026-09-29
DNLI,Denali Therapeutics Inc.,NASDAQ,Health Care,Biotechnology: Biological Products (No Diagnostic Substances),United States,3259288547.0,False,True,True,Proxy (Market-Cap-Rang 1001-3000),2026-09-29
DNOW,DNOW Inc.,NYSE,Consumer Discretionary,Oil and Gas Field Machinery,United States,2879919244.0,False,False,True,Proxy (Market-Cap-Rang 1001-3000),2026-09-29
DNTH,Dianthus Therapeutics Inc.,NASDAQ,Health Care,Biotechnology: Pharmaceutical Preparations,United States,4952989172.0,False,True,True,Proxy (Market-Cap-Rang 1001-3000),2026-09-29
DNUT,Krispy Kreme Inc.,NASDAQ,Consumer Staples,Food Chains,United States,501415000.0,False,True,True,Proxy (Market-Cap-Rang 1001-3000),2026-09-29
DOC,Healthpeak Properties Inc.,NYSE,Real Estate,Real Estate Investment Trusts,United States,14004298651.0,True,False,False,Proxy (Market-Cap-Rang 1001-3000),2026-09-29
DOCS,Doximity Inc.,NYSE,Technology,EDP Services,United States,4696781573.0,False,False,True,Proxy (Market-Cap-Rang 1001-3000),2026-09-29
DOCU,DocuSign Inc.,NASDAQ,Technology,Computer Software: Prepackaged Software,United States,12615915510.0,False,True,False,Proxy (Market-Cap-Rang 1001-3000),2026-09-29
DOGZ,Dogness (International) Corporation,NASDAQ,Consumer Discretionary,Miscellaneous manufacturing industries,China,16089423.0,False,True,False,Proxy (Market-Cap-Rang 1001-3000),2026-09-29
DOMH,Dominari Holdings Inc.,NASDAQ,Finance,Investment Bankers/Brokers/Service,United States,56608913.0,False,True,False,Proxy (Market-Cap-Rang 1001-3000),2026-09-29
DOO,BRP Inc. Common Subordinate Voting Shares,NASDAQ,Consumer Discretionary,Industrial Specialties,Canada,4067662765.0,False,True,False,Proxy (Market-Cap-Rang 1001-3000),2026-09-29
DORM,Dorman Products Inc.,NASDAQ,Consumer Discretionary,Auto Parts:O.E.M.,United States,3680370144.0,False,True,True,Proxy (Market-Cap-Rang 1001-3000),2026-09-29
DOV,Dover Corporation,NYSE,Industrials,Industrial Machinery/Components,United States,25842441573.0,True,False,False,Proxy (Market-Cap-Rang 1001-3000),2026-09-29
DOW,Dow Inc. Common Stock ,NYSE,Industrials,Major Chemicals,United States,20239986722.0,True,False,False,Proxy (Market-Cap-Rang 1001-3000),2026-09-29
DOX,Amdocs Limited,NASDAQ,Technology,EDP Services,Guernsey,6229767896.0,False,True,False,Proxy (Market-Cap-Rang 1001-3000),2026-09-29
DOYU,DouYu International Holdings Limited ADS,NASDAQ,Technology,Computer Software: Programming Data Processing,China,139124540.0,False,True,False,Proxy (Market-Cap-Rang 1001-3000),2026-09-29
DPRO,Draganfly Inc. Common Shares,NASDAQ,Industrials,Aerospace,Canada,197950000.0,False,True,False,Proxy (Market-Cap-Rang 1001-3000),2026-09-29
DPU,Top KingWin Ltd Class A,NASDAQ,Consumer Discretionary,Business Services,China,4719228.0,False,True,False,Proxy (Market-Cap-Rang 1001-3000),2026-09-29
DPZ,Domino's Pizza Inc,NASDAQ,Consumer Discretionary,Food Distributors,United States,9664498063.0,True,True,False,Proxy (Market-Cap-Rang 1001-3000),2026-09-29
DRCT,Direct Digital Holdings Inc.,NASDAQ,Consumer Discretionary,Advertising,United States,1260281.0,False,True,False,Proxy (Market-Cap-Rang 1001-3000),2026-09-29
DRDB,Roman DBDR Acquisition Corp. II Ordinary shares,NASDAQ,Unknown,Unknown,United States,0.0,False,True,False,Proxy (Market-Cap-Rang 1001-3000),2026-09-29
DRH,Diamondrock Hospitality Company,NASDAQ,Real Estate,Real Estate Investment Trusts,United States,2555524956.0,False,True,True,Proxy (Market-Cap-Rang 1001-3000),2026-09-29
DRI,Darden Restaurants Inc.,NYSE,Consumer Discretionary,Restaurants,United States,22787074308.0,True,False,False,Proxy (Market-Cap-Rang 1001-3000),2026-09-29
DRIO,DarioHealth Corp.,NASDAQ,Health Care,Medical/Dental Instruments,Israel,64970559.0,False,True,False,Proxy (Market-Cap-Rang 1001-3000),2026-09-29
DRK,DarkHorse Technologies Inc. Common Shares,NASDAQ,Finance,Finance: Consumer Services,Canada,31840434.0,False,True,False,Proxy (Market-Cap-Rang 1001-3000),2026-09-29
DRMA,Dermata Therapeutics Inc.,NASDAQ,Health Care,Biotechnology: Pharmaceutical Preparations,United States,4585243.0,False,True,False,Proxy (Market-Cap-Rang 1001-3000),2026-09-29
DRS,Leonardo DRS Inc.,NASDAQ,Industrials,Industrial Machinery/Components,Israel,9917688697.0,False,True,False,Proxy (Market-Cap-Rang 1001-3000),2026-09-29
DRTS,Alpha Tau Medical Ltd.,NASDAQ,Health Care,Medical/Dental Instruments,Israel,1344632359.0,False,True,False,Proxy (Market-Cap-Rang 1001-3000),2026-09-29
DRUG,Bright Minds Biosciences Inc.,NASDAQ,Health Care,Biotechnology: Pharmaceutical Preparations,Canada,510958360.0,False,True,False,Proxy (Market-Cap-Rang 1001-3000),2026-09-29
DRVN,Driven Brands Holdings Inc.,NASDAQ,Consumer Discretionary,Automotive Aftermarket,United States,2030901535.0,False,True,True,Proxy (Market-Cap-Rang 1001-3000),2026-09-29
DSC,DSC Holdings Ltd. American Depositary Shares,NASDAQ,Technology,Computer Software: Programming Data Processing,China,314305032.0,False,True,False,Proxy (Market-Cap-Rang 1001-3000),2026-09-29
DSGN,Design Therapeutics Inc.,NASDAQ,Health Care,Biotechnology: Pharmaceutical Preparations,United States,758489610.0,False,True,True,Proxy (Market-Cap-Rang 1001-3000),2026-09-29
DSGR,Distribution Solutions Group Inc.,NASDAQ,Consumer Discretionary,Industrial Specialties,United States,1617089553.0,False,True,True,Proxy (Market-Cap-Rang 1001-3000),2026-09-29
DSGX,Descartes Systems Group Inc. (The),NASDAQ,Technology,Computer Software: Prepackaged Software,Canada,6724971751.0,False,True,False,Proxy (Market-Cap-Rang 1001-3000),2026-09-29
DSL,DoubleLine Income Solutions Fund Common Shares of Beneficial Interests,NYSE,Finance,Trusts Except Educational Religious and Charitable,United States,1022008217.0,False,False,True,Proxy (Market-Cap-Rang 1001-3000),2026-09-29
DSP,Viant Technology Inc.,NASDAQ,Technology,Computer Software: Programming Data Processing,United States,810620579.0,False,True,True,Proxy (Market-Cap-Rang 1001-3000),2026-09-29
DSWL,Deswell Industries Inc. Common Shares,NASDAQ,Industrials,Plastic Products,Macau,49244241.0,False,True,False,Proxy (Market-Cap-Rang 1001-3000),2026-09-29
DSY,Big Tree Cloud Holdings Limited Class A,NASDAQ,Consumer Discretionary,Containers/Packaging,China,17154258.0,False,True,False,Proxy (Market-Cap-Rang 1001-3000),2026-09-29
DTCX,Datacentrex Inc.,NASDAQ,Technology,EDP Services,United States,76674326.0,False,True,False,Proxy (Market-Cap-Rang 1001-3000),2026-09-29
DTE,DTE Energy Company,NYSE,Utilities,Electric Utilities: Central,United States,25270215099.0,True,False,False,Proxy (Market-Cap-Rang 1001-3000),2026-09-29
DTI,Drilling Tools International Corporation,NASDAQ,Consumer Discretionary,Oil and Gas Field Machinery,United States,86441449.0,False,True,False,Proxy (Market-Cap-Rang 1001-3000),2026-09-29
DTIL,Precision BioSciences Inc.,NASDAQ,Health Care,Biotechnology: Biological Products (No Diagnostic Substances),United States,171681666.0,False,True,True,Proxy (Market-Cap-Rang 1001-3000),2026-09-29
DTSQ,DT Cloud Star Acquisition Corporation,NASDAQ,Unknown,Unknown,United States,0.0,False,True,False,Proxy (Market-Cap-Rang 1001-3000),2026-09-29
DTSS,Datasea Intelligent Technology Ltd. Class A,NASDAQ,Technology,Computer Software: Prepackaged Software,China,12672258.0,False,True,False,Proxy (Market-Cap-Rang 1001-3000),2026-09-29
DTST,Data Storage Corporation,NASDAQ,Technology,EDP Services,United States,7317120.0,False,True,False,Proxy (Market-Cap-Rang 1001-3000),2026-09-29
DUK,Duke Energy Corporation (Holding Company),NYSE,Utilities,Power Generation,United States,88379243577.0,True,False,False,Proxy (Market-Cap-Rang 1001-3000),2026-09-29
DUKR,DUKE Robotics Corp.,NASDAQ,Industrials,Aerospace,Israel,18123424.0,False,True,False,Proxy (Market-Cap-Rang 1001-3000),2026-09-29
DUO,Fangdd Network Group Ltd. Class A,NASDAQ,Finance,Real Estate,China,24975517.0,False,True,False,Proxy (Market-Cap-Rang 1001-3000),2026-09-29
DUOL,Duolingo Inc.,NASDAQ,Technology,Computer Software: Prepackaged Software,United States,6714297464.0,False,True,False,Proxy (Market-Cap-Rang 1001-3000),2026-09-29
DUOT,Duos Technologies Group Inc.,NASDAQ,Technology,Computer Software: Prepackaged Software,United States,287658641.0,False,True,True,Proxy (Market-Cap-Rang 1001-3000),2026-09-29
DV,DoubleVerify Holdings Inc.,NYSE,Technology,Computer Software: Programming Data Processing,United States,2078373618.0,False,False,True,Proxy (Market-Cap-Rang 1001-3000),2026-09-29
DVA,DaVita Inc.,NYSE,Health Care,Misc Health and Biotechnology Services,United States,11386386000.0,True,False,False,Proxy (Market-Cap-Rang 1001-3000),2026-09-29
DVLT,Datavault AI Inc.,NASDAQ,Consumer Discretionary,Business Services,United States,144928585.0,False,True,False,Proxy (Market-Cap-Rang 1001-3000),2026-09-29
DVN,Devon Energy Corporation,NYSE,Energy,Oil & Gas Production,United States,51755000000.0,True,False,False,Proxy (Market-Cap-Rang 1001-3000),2026-09-29
DWSN,Dawson Geophysical Company,NASDAQ,Energy,Oil & Gas Production,United States,89750736.0,False,True,False,Proxy (Market-Cap-Rang 1001-3000),2026-09-29
DWTX,Dogwood Therapeutics Inc.,NASDAQ,Health Care,Biotechnology: Pharmaceutical Preparations,United States,46229872.0,False,True,False,Proxy (Market-Cap-Rang 1001-3000),2026-09-29
DX,Dynex Capital Inc.,NYSE,Real Estate,Real Estate Investment Trusts,United States,2814212839.0,False,False,True,Proxy (Market-Cap-Rang 1001-3000),2026-09-29
DXC,DXC Technology Company Common Stock ,NYSE,Technology,EDP Services,United States,1701643038.0,False,False,True,Proxy (Market-Cap-Rang 1001-3000),2026-09-29
DXCM,DexCom Inc.,NASDAQ,Health Care,Medical/Dental Instruments,United States,32686989464.0,True,True,False,Proxy (Market-Cap-Rang 1001-3000),2026-09-29
DXLG,Destination XL Group Inc.,NASDAQ,Consumer Discretionary,Clothing/Shoe/Accessory Stores,United States,27682412.0,False,True,False,Proxy (Market-Cap-Rang 1001-3000),2026-09-29
DXPE,DXP Enterprises Inc.,NASDAQ,Industrials,Industrial Machinery/Components,United States,2980844131.0,False,True,True,Proxy (Market-Cap-Rang 1001-3000),2026-09-29
DXR,Daxor Corporation,NASDAQ,Health Care,Medical/Dental Instruments,United States,64278846.0,False,True,False,Proxy (Market-Cap-Rang 1001-3000),2026-09-29
DXST,Decent Holding Inc Class A,NASDAQ,Industrials,Miscellaneous,China,3829920.0,False,True,False,Proxy (Market-Cap-Rang 1001-3000),2026-09-29
DYAI,Dyadic International Inc.,NASDAQ,Health Care,Biotechnology: Biological Products (No Diagnostic Substances),United States,16666500.0,False,True,False,Proxy (Market-Cap-Rang 1001-3000),2026-09-29
DYN,Dyne Therapeutics Inc.,NASDAQ,Health Care,Biotechnology: Pharmaceutical Preparations,United States,2993545289.0,False,True,True,Proxy (Market-Cap-Rang 1001-3000),2026-09-29
DYNC,Dynamix Corporation Class A,NASDAQ,Unknown,Unknown,United States,0.0,False,True,False,Proxy (Market-Cap-Rang 1001-3000),2026-09-29
EAF,GrafTech International Ltd.,NYSE,Energy,Industrial Machinery/Components,United States,289362099.0,False,False,True,Proxy (Market-Cap-Rang 1001-3000),2026-09-29
EARN,Ellington Credit Company Common Shares of Beneficial Interest,NYSE,Real Estate,Real Estate Investment Trusts,United States,160002171.0,False,False,True,Proxy (Market-Cap-Rang 1001-3000),2026-09-29
EBAY,eBay Inc.,NASDAQ,Consumer Discretionary,Business Services,United States,48015500000.0,True,True,False,Proxy (Market-Cap-Rang 1001-3000),2026-09-29
EBC,Eastern Bankshares Inc.,NASDAQ,Finance,Savings Institutions,United States,4894717444.0,False,True,True,Proxy (Market-Cap-Rang 1001-3000),2026-09-29
EBF,Ennis Inc.,NYSE,Consumer Discretionary,Office Equipment/Supplies/Services,United States,559850759.0,False,False,True,Proxy (Market-Cap-Rang 1001-3000),2026-09-29
EBMT,Eagle Bancorp Montana Inc.,NASDAQ,Finance,Major Banks,United States,171495729.0,False,True,True,Proxy (Market-Cap-Rang 1001-3000),2026-09-29
EBON,Ebang International Holdings Inc. Class A,NASDAQ,Finance,Investment Bankers/Brokers/Service,China,13480512.0,False,True,False,Proxy (Market-Cap-Rang 1001-3000),2026-09-29
EBS,Emergent BioSolutions Inc.,NYSE,Health Care,Biotechnology: Pharmaceutical Preparations,United States,348145951.0,False,False,True,Proxy (Market-Cap-Rang 1001-3000),2026-09-29
ECAT,BlackRock ESG Capital Allocation Term Trust Common Shares of Beneficial Interest,NYSE,Finance,Finance/Investors Services,United States,1521459450.0,False,False,True,Proxy (Market-Cap-Rang 1001-3000),2026-09-29
ECBK,ECB Bancorp Inc.,NASDAQ,Finance,Banks,United States,180870431.0,False,True,True,Proxy (Market-Cap-Rang 1001-3000),2026-09-29
ECC,Eagle Point Credit Company Common Share of Beneficial Interest,NYSE,Finance,Trusts Except Educational Religious and Charitable,United States,212318834.0,False,False,True,Proxy (Market-Cap-Rang 1001-3000),2026-09-29
ECHO,EchoStar  Corporation,NASDAQ,Consumer Discretionary,Telecommunications Equipment,United States,26205415703.0,True,True,False,Proxy (Market-Cap-Rang 1001-3000),2026-09-29
ECL,Ecolab Inc.,NYSE,Consumer Discretionary,Package Goods/Cosmetics,United States,78349041252.0,True,False,False,Proxy (Market-Cap-Rang 1001-3000),2026-09-29
ECOR,electroCore Inc.,NASDAQ,Health Care,Biotechnology: Electromedical & Electrotherapeutic Apparatus,United States,100256641.0,False,True,False,Proxy (Market-Cap-Rang 1001-3000),2026-09-29
ECPG,Encore Capital Group Inc,NASDAQ,Finance,Finance Companies,United States,2087213708.0,False,True,True,Proxy (Market-Cap-Rang 1001-3000),2026-09-29
ECVT,Ecovyst Inc.,NYSE,Industrials,Major Chemicals,United States,1110009556.0,False,False,True,Proxy (Market-Cap-Rang 1001-3000),2026-09-29
ECX,ECARX Holdings Inc. Class A Ordinary shares,NASDAQ,Technology,EDP Services,China,415355383.0,False,True,False,Proxy (Market-Cap-Rang 1001-3000),2026-09-29
ED,Consolidated Edison Inc.,NYSE,Utilities,Power Generation,United States,38129332062.0,True,False,False,Proxy (Market-Cap-Rang 1001-3000),2026-09-29
EDBL,Edible Garden AG Incorporated,NASDAQ,Consumer Staples,Farming/Seeds/Milling,United States,2419871.0,False,True,False,Proxy (Market-Cap-Rang 1001-3000),2026-09-29
EDHL,Everbright Digital Holding Limited,NASDAQ,Consumer Discretionary,Advertising,Hong Kong,29796375.0,False,True,False,Proxy (Market-Cap-Rang 1001-3000),2026-09-29
EDIT,Editas Medicine Inc.,NASDAQ,Health Care,Biotechnology: Biological Products (No Diagnostic Substances),United States,396236490.0,False,True,True,Proxy (Market-Cap-Rang 1001-3000),2026-09-29
EDRY,EuroDry Ltd. Common Shares ,NASDAQ,Consumer Discretionary,Marine Transportation,Greece,138055023.0,False,True,False,Proxy (Market-Cap-Rang 1001-3000),2026-09-29
EDSA,Edesa Biotech Inc. Common Shares,NASDAQ,Health Care,Biotechnology: Pharmaceutical Preparations,United States,54149929.0,False,True,False,Proxy (Market-Cap-Rang 1001-3000),2026-09-29
EDTK,Skillful Craftsman Education Technology Limited Ordinary Share,NASDAQ,Real Estate,Other Consumer Services,China,17009424.0,False,True,False,Proxy (Market-Cap-Rang 1001-3000),2026-09-29
EDUC,Educational Development Corporation,NASDAQ,Consumer Discretionary,Consumer Specialties,United States,11082453.0,False,True,False,Proxy (Market-Cap-Rang 1001-3000),2026-09-29
EE,Excelerate Energy Inc.,NYSE,Utilities,Oil/Gas Transmission,United States,3752475654.0,False,False,True,Proxy (Market-Cap-Rang 1001-3000),2026-09-29
EEFT,Euronet Worldwide Inc.,NASDAQ,Finance,Investment Bankers/Brokers/Service,United States,2454049868.0,False,True,True,Proxy (Market-Cap-Rang 1001-3000),2026-09-29
EEIQ,EpicQuest Education Group International Limited,NASDAQ,Real Estate,Other Consumer Services,United States,7936723.0,False,True,False,Proxy (Market-Cap-Rang 1001-3000),2026-09-29
EFC,Ellington Financial Inc. Common Stock ,NYSE,Finance,Real Estate,United States,1593048091.0,False,False,True,Proxy (Market-Cap-Rang 1001-3000),2026-09-29
EFOI,Energy Focus Inc.,NASDAQ,Consumer Discretionary,Building Products,United States,17324284.0,False,True,False,Proxy (Market-Cap-Rang 1001-3000),2026-09-29
EFOR,Everforth Inc.,NYSE,Consumer Discretionary,Professional Services,United States,1357920000.0,False,False,True,Proxy (Market-Cap-Rang 1001-3000),2026-09-29
EFSC,Enterprise Financial Services Corporation,NASDAQ,Finance,Major Banks,United States,2205210244.0,False,True,True,Proxy (Market-Cap-Rang 1001-3000),2026-09-29
EFSI,Eagle Financial Services Inc,NASDAQ,Finance,Major Banks,United States,247419038.0,False,True,True,Proxy (Market-Cap-Rang 1001-3000),2026-09-29
EFT,Eaton Vance Floating Rate Income Trust Common Shares of Beneficial Interest,NYSE,Finance,Finance Companies,United States,305449358.0,False,False,True,Proxy (Market-Cap-Rang 1001-3000),2026-09-29
EFX,Equifax Inc.,NYSE,Finance,Finance: Consumer Services,United States,17400687947.0,True,False,False,Proxy (Market-Cap-Rang 1001-3000),2026-09-29
EG,Everest Group Ltd.,NYSE,Finance,Property-Casualty Insurers,Bermuda,14203298956.0,True,False,False,Proxy (Market-Cap-Rang 1001-3000),2026-09-29
EGAN,eGain Corporation,NASDAQ,Technology,Computer Software: Prepackaged Software,United States,152579653.0,False,True,False,Proxy (Market-Cap-Rang 1001-3000),2026-09-29
EGBN,Eagle Bancorp Inc.,NASDAQ,Finance,Major Banks,United States,870012589.0,False,True,True,Proxy (Market-Cap-Rang 1001-3000),2026-09-29
EGHA,EGH Acquisition Corp. Class A,NASDAQ,Finance,Finance/Investors Services,United States,0.0,False,True,False,Proxy (Market-Cap-Rang 1001-3000),2026-09-29
EGHT,8x8 Inc,NASDAQ,Technology,EDP Services,United States,332201652.0,False,True,True,Proxy (Market-Cap-Rang 1001-3000),2026-09-29
EGY,VAALCO Energy Inc.,NYSE,Energy,Oil & Gas Production,United States,612216148.0,False,False,True,Proxy (Market-Cap-Rang 1001-3000),2026-09-29
EH,EHang Holdings Limited ADS,NASDAQ,Industrials,Aerospace,China,342062583.0,False,True,False,Proxy (Market-Cap-Rang 1001-3000),2026-09-29
EHGO,Eshallgo Inc. Class A,NASDAQ,Consumer Discretionary,Diversified Commercial Services,China,4882707.0,False,True,False,Proxy (Market-Cap-Rang 1001-3000),2026-09-29
EHLD,Euroholdings Ltd. Common Stock ,NASDAQ,Consumer Discretionary,Marine Transportation,Greece,33658549.0,False,True,False,Proxy (Market-Cap-Rang 1001-3000),2026-09-29
EHTH,eHealth Inc.,NASDAQ,Finance,Specialty Insurers,United States,24203873.0,False,True,False,Proxy (Market-Cap-Rang 1001-3000),2026-09-29
EIG,Employers Holdings Inc,NYSE,Finance,Property-Casualty Insurers,United States,849531934.0,False,False,True,Proxy (Market-Cap-Rang 1001-3000),2026-09-29
EIKN,Eikon Therapeutics Inc.,NASDAQ,Health Care,Biotechnology: Biological Products (No Diagnostic Substances),United States,428987038.0,False,True,True,Proxy (Market-Cap-Rang 1001-3000),2026-09-29
EIX,Edison International,NYSE,Utilities,Electric Utilities: Central,United States,20260455994.0,True,False,False,Proxy (Market-Cap-Rang 1001-3000),2026-09-29
EJH,E-Home Household Service Holdings Limited,NASDAQ,Consumer Discretionary,Other Consumer Services,China,3902268.0,False,True,False,Proxy (Market-Cap-Rang 1001-3000),2026-09-29
EL,Estee Lauder Companies Inc. (The),NYSE,Consumer Discretionary,Package Goods/Cosmetics,United States,34179110624.0,True,False,False,Proxy (Market-Cap-Rang 1001-3000),2026-09-29
ELA,Envela Corporation,AMEX,Consumer Discretionary,Consumer Specialties,United States,325581989.0,False,False,True,Proxy (Market-Cap-Rang 1001-3000),2026-09-29
ELAB,PMGC Holdings Inc.,NASDAQ,Health Care,Biotechnology: Pharmaceutical Preparations,United States,3699776.0,False,True,False,Proxy (Market-Cap-Rang 1001-3000),2026-09-29
ELBM,Electra Battery Materials Corporation,NASDAQ,Miscellaneous,Industrial Machinery/Components,Canada,57479834.0,False,True,False,Proxy (Market-Cap-Rang 1001-3000),2026-09-29
ELC,Entergy Louisiana Inc. Collateral Trust Mortgage Bonds 4.875 % Series due September 1 2066,NYSE,Utilities,Electric Utilities: Central,United States,3985409847.0,False,False,True,Proxy (Market-Cap-Rang 1001-3000),2026-09-29
ELDN,Eledon Pharmaceuticals Inc.,NASDAQ,Health Care,Biotechnology: Pharmaceutical Preparations,United States,215342053.0,False,True,True,Proxy (Market-Cap-Rang 1001-3000),2026-09-29
ELE,Elemental Royalty Corporation,NASDAQ,Basic Materials,Precious Metals,Canada,1669964599.0,False,True,False,Proxy (Market-Cap-Rang 1001-3000),2026-09-29
ELMD,Electromed Inc.,AMEX,Health Care,Biotechnology: Electromedical & Electrotherapeutic Apparatus,United States,233248624.0,False,False,True,Proxy (Market-Cap-Rang 1001-3000),2026-09-29
ELME,Elme Communities,NYSE,Real Estate,Real Estate Investment Trusts,United States,153724138.0,False,False,True,Proxy (Market-Cap-Rang 1001-3000),2026-09-29
ELMT,The Elmet Group Co.,NASDAQ,Industrials,Metal Fabrications,United States,598224541.0,False,True,True,Proxy (Market-Cap-Rang 1001-3000),2026-09-29
ELOG,Eastern International Ltd.,NASDAQ,Industrials,Integrated Freight & Logistics,China,6159360.0,False,True,False,Proxy (Market-Cap-Rang 1001-3000),2026-09-29
ELOX,Eloxx Pharmaceuticals Inc.,NASDAQ,Health Care,Biotechnology: Biological Products (No Diagnostic Substances),United States,60667979.0,False,True,False,Proxy (Market-Cap-Rang 1001-3000),2026-09-29
ELPW,Elong Power Holding Limited Class A,NASDAQ,Miscellaneous,Industrial Machinery/Components,China,2973364.0,False,True,False,Proxy (Market-Cap-Rang 1001-3000),2026-09-29
ELTK,Eltek Ltd.,NASDAQ,Technology,Electrical Products,Israel,54564995.0,False,True,False,Proxy (Market-Cap-Rang 1001-3000),2026-09-29
ELTX,Elicio Therapeutics Inc.,NASDAQ,Health Care,Biotechnology: Pharmaceutical Preparations,United States,48358663.0,False,True,False,Proxy (Market-Cap-Rang 1001-3000),2026-09-29
ELUT,Elutia Inc.,NASDAQ,Health Care,Biotechnology: Biological Products (No Diagnostic Substances),United States,36308311.0,False,True,False,Proxy (Market-Cap-Rang 1001-3000),2026-09-29
ELV,Elevance Health Inc.,NYSE,Health Care,Medical Specialities,United States,85899757076.0,True,False,False,Proxy (Market-Cap-Rang 1001-3000),2026-09-29
ELVA,Electrovaya Inc. Common Shares,NASDAQ,Miscellaneous,Industrial Machinery/Components,Canada,317492996.0,False,True,False,Proxy (Market-Cap-Rang 1001-3000),2026-09-29
ELVN,Enliven Therapeutics Inc.,NASDAQ,Health Care,Biotechnology: Pharmaceutical Preparations,United States,3278866555.0,False,True,True,Proxy (Market-Cap-Rang 1001-3000),2026-09-29
ELVR,Elevra Lithium Limited American Depository Shares,NASDAQ,Industrials,Mining & Quarrying of Nonmetallic Minerals (No Fuels),Australia,701727958.0,False,True,False,Proxy (Market-Cap-Rang 1001-3000),2026-09-29
ELWT,Elauwit Connection Inc.,NASDAQ,Consumer Discretionary,Telecommunications Equipment,United States,47166047.0,False,True,False,Proxy (Market-Cap-Rang 1001-3000),2026-09-29
EMAT,Evolution Metals & Technologies Corp.,NASDAQ,Miscellaneous,Industrial Machinery/Components,United States,2007042067.0,False,True,True,Proxy (Market-Cap-Rang 1001-3000),2026-09-29
EMBC,Embecta Corp.,NASDAQ,Health Care,Medical/Dental Instruments,United States,334291634.0,False,True,True,Proxy (Market-Cap-Rang 1001-3000),2026-09-29
EME,EMCOR Group Inc.,NYSE,Industrials,Engineering & Construction,United States,33621007641.0,True,False,False,Proxy (Market-Cap-Rang 1001-3000),2026-09-29
EMIS,Emmis Acquisition Corp. Class A,NASDAQ,Health Care,Biotechnology: Pharmaceutical Preparations,United States,0.0,False,True,False,Proxy (Market-Cap-Rang 1001-3000),2026-09-29
EML,Eastern Company (The),NASDAQ,Consumer Discretionary,Industrial Machinery/Components,United States,145023148.0,False,True,False,Proxy (Market-Cap-Rang 1001-3000),2026-09-29
EMPD,Empery Digital Inc. Common stock,NASDAQ,Industrials,Auto Manufacturing,United States,81238221.0,False,True,False,Proxy (Market-Cap-Rang 1001-3000),2026-09-29
EMR,Emerson Electric Company,NYSE,Technology,Consumer Electronics/Appliances,United States,88260694000.0,True,False,False,Proxy (Market-Cap-Rang 1001-3000),2026-09-29
ENGN,enGene Therapeutics Inc.,NASDAQ,Health Care,Biotechnology: Biological Products (No Diagnostic Substances),Canada,131351979.0,False,True,False,Proxy (Market-Cap-Rang 1001-3000),2026-09-29
ENGS,Energys Group Limited,NASDAQ,Industrials,Engineering & Construction,United Kingdom,159279016.0,False,True,False,Proxy (Market-Cap-Rang 1001-3000),2026-09-29
ENLT,Enlight Renewable Energy Ltd.,NASDAQ,Utilities,Electric Utilities: Central,Israel,9687178848.0,False,True,False,Proxy (Market-Cap-Rang 1001-3000),2026-09-29
ENLV,Enlivex Ltd.,NASDAQ,Health Care,Biotechnology: Pharmaceutical Preparations,Israel,10447564.0,False,True,False,Proxy (Market-Cap-Rang 1001-3000),2026-09-29
ENO,Entergy New Orleans LLC First Mortgage Bonds 5.50% Series due April 1 2066,NYSE,Utilities,Power Generation,United States,4347181099.0,False,False,True,Proxy (Market-Cap-Rang 1001-3000),2026-09-29
ENOV,Enovis Corporation,NYSE,Health Care,Industrial Specialties,United States,1064578859.0,False,False,True,Proxy (Market-Cap-Rang 1001-3000),2026-09-29
ENPH,Enphase Energy Inc.,NASDAQ,Technology,Semiconductors,United States,4281486595.0,False,True,True,Proxy (Market-Cap-Rang 1001-3000),2026-09-29
ENR,Energizer Holdings Inc.,NYSE,Miscellaneous,Industrial Machinery/Components,United States,1506640014.0,False,False,True,Proxy (Market-Cap-Rang 1001-3000),2026-09-29
ENRD,Einride AB American Depositary Shares,NASDAQ,Technology,EDP Services,Sweden,607293739.0,False,True,False,Proxy (Market-Cap-Rang 1001-3000),2026-09-29
ENSC,Ensysce Biosciences Inc.,NASDAQ,Health Care,Biotechnology: Pharmaceutical Preparations,United States,8022036.0,False,True,False,Proxy (Market-Cap-Rang 1001-3000),2026-09-29
ENSG,The Ensign Group Inc.,NASDAQ,Health Care,Hospital/Nursing Management,United States,10209916788.0,False,True,False,Proxy (Market-Cap-Rang 1001-3000),2026-09-29
ENTA,Enanta Pharmaceuticals Inc.,NASDAQ,Health Care,Biotechnology: Pharmaceutical Preparations,United States,346009776.0,False,True,True,Proxy (Market-Cap-Rang 1001-3000),2026-09-29
ENTG,Entegris Inc.,NASDAQ,Industrials,Plastic Products,United States,23208792000.0,False,True,False,Proxy (Market-Cap-Rang 1001-3000),2026-09-29
ENTX,Entera Bio Ltd.,NASDAQ,Health Care,Biotechnology: Biological Products (No Diagnostic Substances),Israel,477417065.0,False,True,False,Proxy (Market-Cap-Rang 1001-3000),2026-09-29
ENVA,Enova International Inc.,NYSE,Finance,Finance: Consumer Services,United States,4319369401.0,False,False,True,Proxy (Market-Cap-Rang 1001-3000),2026-09-29
ENVB,Enveric Biosciences Inc.,NASDAQ,Health Care,Biotechnology: Pharmaceutical Preparations,United States,6713826.0,False,True,False,Proxy (Market-Cap-Rang 1001-3000),2026-09-29
ENVX,Enovix Corporation,NASDAQ,Miscellaneous,Industrial Machinery/Components,United States,629817295.0,False,True,True,Proxy (Market-Cap-Rang 1001-3000),2026-09-29
EOCN,Eocene Ltd.,NASDAQ,Health Care,Biotechnology: Pharmaceutical Preparations,Israel,3780881.0,False,True,False,Proxy (Market-Cap-Rang 1001-3000),2026-09-29
EOG,EOG Resources Inc.,NYSE,Energy,Oil & Gas Production,United States,73617669852.0,True,False,False,Proxy (Market-Cap-Rang 1001-3000),2026-09-29
EOLS,Evolus Inc.,NASDAQ,Health Care,Biotechnology: Pharmaceutical Preparations,United States,526422007.0,False,True,True,Proxy (Market-Cap-Rang 1001-3000),2026-09-29
EOSE,Eos Energy Enterprises Inc.,NASDAQ,Miscellaneous,Industrial Machinery/Components,United States,1152590910.0,False,True,True,Proxy (Market-Cap-Rang 1001-3000),2026-09-29
EOT,Eaton Vance Municipal Income Trust EATON VANCE NATIONAL MUNICIPAL OPPORTUNITIES TRUST,NYSE,Finance,Investment Bankers/Brokers/Service,United States,240780033.0,False,False,True,Proxy (Market-Cap-Rang 1001-3000),2026-09-29
EPAC,Enerpac Tool Group Corp.,NYSE,Technology,Industrial Machinery/Components,United States,1825613962.0,False,False,True,Proxy (Market-Cap-Rang 1001-3000),2026-09-29
EPC,Edgewell Personal Care Company,NYSE,Consumer Discretionary,Package Goods/Cosmetics,United States,1282193615.0,False,False,True,Proxy (Market-Cap-Rang 1001-3000),2026-09-29
EPOW,E-Power Inc. Class A,NASDAQ,Miscellaneous,Industrial Machinery/Components,China,13169875.0,False,True,False,Proxy (Market-Cap-Rang 1001-3000),2026-09-29
EPR,EPR Properties,NYSE,Real Estate,Real Estate Investment Trusts,United States,4353685037.0,False,False,True,Proxy (Market-Cap-Rang 1001-3000),2026-09-29
EPRX,Eupraxia Pharmaceuticals Inc.,NASDAQ,Health Care,Pharmaceuticals and Biotechnology,Canada,527912122.0,False,True,False,Proxy (Market-Cap-Rang 1001-3000),2026-09-29
EPSM,Epsium Enterprise Limited Class A,NASDAQ,Consumer Staples,Beverages (Production/Distribution),Macau,17200684.0,False,True,False,Proxy (Market-Cap-Rang 1001-3000),2026-09-29
EPSN,Epsilon Energy Ltd. Common Share,NASDAQ,Energy,Oil & Gas Production,United States,179582809.0,False,True,True,Proxy (Market-Cap-Rang 1001-3000),2026-09-29
EQ,Equillium Inc.,NASDAQ,Health Care,Biotechnology: Pharmaceutical Preparations,United States,105891497.0,False,True,False,Proxy (Market-Cap-Rang 1001-3000),2026-09-29
EQBK,Equity Bancshares Inc.,NYSE,Finance,Major Banks,United States,995852816.0,False,False,True,Proxy (Market-Cap-Rang 1001-3000),2026-09-29
EQIX,Equinix Inc. Common Stock REIT,NASDAQ,Real Estate,Real Estate Investment Trusts,United States,99468953223.0,True,True,False,Proxy (Market-Cap-Rang 1001-3000),2026-09-29
EQPT,EquipmentShare.com Inc,NASDAQ,Consumer Discretionary,Diversified Commercial Services,United States,4396072958.0,False,True,True,Proxy (Market-Cap-Rang 1001-3000),2026-09-29
EQT,EQT Corporation,NYSE,Energy,Oil & Gas Production,United States,31782467960.0,True,False,False,Proxy (Market-Cap-Rang 1001-3000),2026-09-29
ERAS,Erasca Inc.,NASDAQ,Health Care,Biotechnology: Pharmaceutical Preparations,United States,4984108999.0,False,True,True,Proxy (Market-Cap-Rang 1001-3000),2026-09-29
ERIC,Ericsson American Depositary Shares,NASDAQ,Technology,Radio And Television Broadcasting And Communications Equipment,Sweden,32128982035.0,False,True,False,Proxy (Market-Cap-Rang 1001-3000),2026-09-29
ERIE,Erie Indemnity Company,NASDAQ,Finance,Specialty Insurers,United States,10293695694.0,True,True,False,Proxy (Market-Cap-Rang 1001-3000),2026-09-29
ERII,Energy Recovery Inc.,NASDAQ,Technology,Industrial Machinery/Components,United States,347615599.0,False,True,True,Proxy (Market-Cap-Rang 1001-3000),2026-09-29
ERNA,Ernexa Therapeutics Inc.,NASDAQ,Health Care,Biotechnology: Pharmaceutical Preparations,United States,5623656.0,False,True,False,Proxy (Market-Cap-Rang 1001-3000),2026-09-29
ES,Eversource Energy (D/B/A),NYSE,Utilities,Electric Utilities: Central,United States,23982881587.0,True,False,False,Proxy (Market-Cap-Rang 1001-3000),2026-09-29
ESAB,ESAB Corporation,NYSE,Industrials,Industrial Machinery/Components,United States,4470487217.0,False,False,True,Proxy (Market-Cap-Rang 1001-3000),2026-09-29
ESCA,Escalade Incorporated,NASDAQ,Consumer Discretionary,Recreational Games/Products/Toys,United States,268713764.0,False,True,True,Proxy (Market-Cap-Rang 1001-3000),2026-09-29
ESEA,Euroseas Ltd. Common Stock (Marshall Islands),NASDAQ,Consumer Discretionary,Marine Transportation,Greece,491794906.0,False,True,False,Proxy (Market-Cap-Rang 1001-3000),2026-09-29
ESLA,Estrella Immunopharma Inc.,NASDAQ,Health Care,Biotechnology: Biological Products (No Diagnostic Substances),United States,20922473.0,False,True,False,Proxy (Market-Cap-Rang 1001-3000),2026-09-29
ESLT,Elbit Systems Ltd.,NASDAQ,Industrials,Military/Government/Technical,Israel,34184065755.0,False,True,False,Proxy (Market-Cap-Rang 1001-3000),2026-09-29
ESOA,Energy Services of America Corporation,NASDAQ,Industrials,Water Sewer Pipeline Comm & Power Line Construction,United States,207490093.0,False,True,True,Proxy (Market-Cap-Rang 1001-3000),2026-09-29
ESP,Espey Mfg. & Electronics Corp.,AMEX,Technology,Industrial Machinery/Components,United States,199309909.0,False,False,True,Proxy (Market-Cap-Rang 1001-3000),2026-09-29
ESQ,Esquire Financial Holdings Inc.,NASDAQ,Finance,Commercial Banks,United States,1480148409.0,False,True,True,Proxy (Market-Cap-Rang 1001-3000),2026-09-29
ESRT,Empire State Realty Trust Inc.,NYSE,Real Estate,Real Estate Investment Trusts,United States,707600793.0,False,False,True,Proxy (Market-Cap-Rang 1001-3000),2026-09-29
ESS,Essex Property Trust Inc.,NYSE,Real Estate,Real Estate Investment Trusts,United States,17455950717.0,True,False,False,Proxy (Market-Cap-Rang 1001-3000),2026-09-29
ESTA,Establishment Labs Holdings Inc. Common Shares,NASDAQ,Health Care,Industrial Specialties,Costa Rica,1966030749.0,False,True,False,Proxy (Market-Cap-Rang 1001-3000),2026-09-29
ESYN,EnerSyn Global Inc.,NASDAQ,Health Care,Other Pharmaceuticals,United States,76099584.0,False,True,False,Proxy (Market-Cap-Rang 1001-3000),2026-09-29
ETB,Eaton Vance Tax-Managed Buy-Write Income Fund Eaton Vance Tax-Managed Buy-Write Income Fund Common Shares of Beneficial Interest,NYSE,Finance,Investment Bankers/Brokers/Service,United States,454669241.0,False,False,True,Proxy (Market-Cap-Rang 1001-3000),2026-09-29
ETD,Ethan Allen Interiors Inc.,NYSE,Consumer Discretionary,Home Furnishings,United States,536561289.0,False,False,True,Proxy (Market-Cap-Rang 1001-3000),2026-09-29
ETN,Eaton Corporation PLC,NYSE,Technology,Industrial Machinery/Components,Ireland,170888232000.0,True,False,False,Proxy (Market-Cap-Rang 1001-3000),2026-09-29
ETO,Eaton Vance Tax-Advantage Global Dividend Opp,NYSE,Finance,Investment Managers,United States,498691039.0,False,False,True,Proxy (Market-Cap-Rang 1001-3000),2026-09-29
ETON,Eton Pharmaceuticals Inc.,NASDAQ,Health Care,Biotechnology: Pharmaceutical Preparations,United States,1648675227.0,False,True,True,Proxy (Market-Cap-Rang 1001-3000),2026-09-29
ETOR,eToro Group Ltd. Class A Common Shares,NASDAQ,Finance,Investment Bankers/Brokers/Service,Israel,2125617728.0,False,True,False,Proxy (Market-Cap-Rang 1001-3000),2026-09-29
ETR,Entergy Corporation,NYSE,Utilities,Electric Utilities: Central,United States,45995866758.0,True,False,False,Proxy (Market-Cap-Rang 1001-3000),2026-09-29
ETRA,Electra Therapeutics Inc. Common stock,NASDAQ,Health Care,Biotechnology: Biological Products (No Diagnostic Substances),United States,724958330.0,False,True,True,Proxy (Market-Cap-Rang 1001-3000),2026-09-29
ETS,Elite Express Holding Inc.,NASDAQ,Industrials,Trucking Freight/Courier Services,United States,77459508.0,False,True,False,Proxy (Market-Cap-Rang 1001-3000),2026-09-29
ETV,Eaton Vance Corporation Eaton Vance Tax-Managed Buy-Write Opportunities Fund Common Shares of Beneficial Interest,NYSE,Finance,Investment Bankers/Brokers/Service,United States,1659786221.0,False,False,True,Proxy (Market-Cap-Rang 1001-3000),2026-09-29
ETW,Eaton Vance Corporation Eaton Vance Tax-Managed Global Buy-Write Opportunites Fund Common Shares of Beneficial Interest,NYSE,Finance,Investment Managers,United States,1052138746.0,False,False,True,Proxy (Market-Cap-Rang 1001-3000),2026-09-29
EU,enCore Energy Corp. Common Shares,NASDAQ,Basic Materials,Other Metals and Minerals,United States,240908404.0,False,True,True,Proxy (Market-Cap-Rang 1001-3000),2026-09-29
EUDA,EUDA Health Holdings Limited,NASDAQ,Health Care,Medical/Nursing Services,Singapore,53483136.0,False,True,False,Proxy (Market-Cap-Rang 1001-3000),2026-09-29
EURK,Eureka Acquisition Corp Class A Ordinary Share,NASDAQ,Unknown,Unknown,United States,0.0,False,True,False,Proxy (Market-Cap-Rang 1001-3000),2026-09-29
EVAX,Evaxion A/S American Depositary Share,NASDAQ,Health Care,Biotechnology: Biological Products (No Diagnostic Substances),Denmark,30131753.0,False,True,False,Proxy (Market-Cap-Rang 1001-3000),2026-09-29
EVC,Entravision Communications Corporation,NYSE,Industrials,Broadcasting,United States,683856340.0,False,False,True,Proxy (Market-Cap-Rang 1001-3000),2026-09-29
EVCM,EverCommerce Inc.,NASDAQ,Technology,Computer Software: Prepackaged Software,United States,1427455188.0,False,True,True,Proxy (Market-Cap-Rang 1001-3000),2026-09-29
EVER,EverQuote Inc.,NASDAQ,Technology,Computer Software: Programming Data Processing,United States,656868959.0,False,True,True,Proxy (Market-Cap-Rang 1001-3000),2026-09-29
EVEX,Eve Holding Inc.,NYSE,Industrials,Aerospace,United States,756215343.0,False,False,True,Proxy (Market-Cap-Rang 1001-3000),2026-09-29
EVGN,Evogene Ltd,NASDAQ,Industrials,Agricultural Chemicals,Israel,6568645.0,False,True,False,Proxy (Market-Cap-Rang 1001-3000),2026-09-29
EVGO,EVgo Inc.,NASDAQ,Consumer Discretionary,Automotive Aftermarket,United States,434031694.0,False,True,True,Proxy (Market-Cap-Rang 1001-3000),2026-09-29
EVH,Evolent Health Inc,NYSE,Consumer Discretionary,Other Consumer Services,United States,408144199.0,False,False,True,Proxy (Market-Cap-Rang 1001-3000),2026-09-29
EVI,EVI Industries Inc.,AMEX,Consumer Discretionary,Other Consumer Services,United States,261820556.0,False,False,True,Proxy (Market-Cap-Rang 1001-3000),2026-09-29
EVLV,Evolv Technologies Holdings Inc.,NASDAQ,Technology,Computer peripheral equipment,United States,867594239.0,False,True,True,Proxy (Market-Cap-Rang 1001-3000),2026-09-29
EVMN,Evommune Inc.,NYSE,Health Care,Biotechnology: Pharmaceutical Preparations,United States,308120039.0,False,False,True,Proxy (Market-Cap-Rang 1001-3000),2026-09-29
EVN,Eaton Vance Municipal Income Trust,NYSE,Finance,Investment Managers,United States,388341526.0,False,False,True,Proxy (Market-Cap-Rang 1001-3000),2026-09-29
EVO,Evotec SE American Depositary Shares,NASDAQ,Health Care,Biotechnology: Pharmaceutical Preparations,Germany,554978680.0,False,True,False,Proxy (Market-Cap-Rang 1001-3000),2026-09-29
EVRG,Evergy Inc.,NASDAQ,Utilities,Power Generation,United States,17993462103.0,True,True,False,Proxy (Market-Cap-Rang 1001-3000),2026-09-29
EW,Edwards Lifesciences Corporation,NYSE,Health Care,Industrial Specialties,United States,49737556000.0,True,False,False,Proxy (Market-Cap-Rang 1001-3000),2026-09-29
EWBC,East West Bancorp Inc.,NASDAQ,Finance,Major Banks,United States,17432018439.0,False,True,False,Proxy (Market-Cap-Rang 1001-3000),2026-09-29
EWTX,Edgewise Therapeutics Inc.,NASDAQ,Health Care,Biotechnology: Pharmaceutical Preparations,United States,4272486435.0,False,True,True,Proxy (Market-Cap-Rang 1001-3000),2026-09-29
EXC,Exelon Corporation,NASDAQ,Utilities,Power Generation,United States,41641125029.0,True,True,False,Proxy (Market-Cap-Rang 1001-3000),2026-09-29
EXE,Expand Energy Corporation,NASDAQ,Energy,Oil & Gas Production,United States,20103789037.0,True,True,False,Proxy (Market-Cap-Rang 1001-3000),2026-09-29
EXEL,Exelixis Inc.,NASDAQ,Health Care,Biotechnology: Biological Products (No Diagnostic Substances),United States,14410983207.0,False,True,False,Proxy (Market-Cap-Rang 1001-3000),2026-09-29
EXFY,Expensify Inc.,NASDAQ,Technology,Computer Software: Prepackaged Software,United States,201522527.0,False,True,True,Proxy (Market-Cap-Rang 1001-3000),2026-09-29
EXLS,ExlService Holdings Inc.,NASDAQ,Consumer Discretionary,Business Services,United States,5268534340.0,False,True,True,Proxy (Market-Cap-Rang 1001-3000),2026-09-29
EXOD,Exodus Movement Inc.,AMEX,Finance,Finance: Consumer Services,United States,239209803.0,False,False,True,Proxy (Market-Cap-Rang 1001-3000),2026-09-29
EXOZ,eXoZymes Inc.,NASDAQ,Health Care,Biotechnology: Biological Products (No Diagnostic Substances),United States,57962087.0,False,True,False,Proxy (Market-Cap-Rang 1001-3000),2026-09-29
EXPD,Expeditors International of Washington Inc.,NYSE,Industrials,Integrated Freight & Logistics,United States,24368042000.0,True,False,False,Proxy (Market-Cap-Rang 1001-3000),2026-09-29
EXPE,Expedia Group Inc.,NASDAQ,Consumer Discretionary,Transportation Services,United States,30246379525.0,True,True,False,Proxy (Market-Cap-Rang 1001-3000),2026-09-29
EXPO,Exponent Inc.,NASDAQ,Consumer Discretionary,Professional Services,United States,3051507671.0,False,True,True,Proxy (Market-Cap-Rang 1001-3000),2026-09-29
EXR,Extra Space Storage Inc,NYSE,Real Estate,Real Estate Investment Trusts,United States,28172795559.0,True,False,False,Proxy (Market-Cap-Rang 1001-3000),2026-09-29
EXTR,Extreme Networks Inc.,NASDAQ,Telecommunications,Computer Communications Equipment,United States,2844313356.0,False,True,True,Proxy (Market-Cap-Rang 1001-3000),2026-09-29
EXYN,Exyn Technologies Inc.,NASDAQ,Technology,Computer Software: Prepackaged Software,United States,18373641.0,False,True,False,Proxy (Market-Cap-Rang 1001-3000),2026-09-29
EYE,National Vision Holdings Inc.,NASDAQ,Health Care,Ophthalmic Goods,United States,1307015744.0,False,True,True,Proxy (Market-Cap-Rang 1001-3000),2026-09-29
EYPT,EyePoint Inc.,NASDAQ,Industrials,Biotechnology: Laboratory Analytical Instruments,United States,312087940.0,False,True,True,Proxy (Market-Cap-Rang 1001-3000),2026-09-29
EZGO,EZGO Technologies Ltd.,NASDAQ,Consumer Discretionary,Motor Vehicles,China,4828368.0,False,True,False,Proxy (Market-Cap-Rang 1001-3000),2026-09-29
EZPW,EZCORP Inc. Class A Non Voting,NASDAQ,Consumer Discretionary,Other Specialty Stores,United States,1914575627.0,False,True,True,Proxy (Market-Cap-Rang 1001-3000),2026-09-29
EZRA,Reliance Global Group Inc.,NASDAQ,Finance,Specialty Insurers,United States,4502228.0,False,True,False,Proxy (Market-Cap-Rang 1001-3000),2026-09-29
F,Ford Motor Company,NYSE,Industrials,Auto Manufacturing,United States,49781811042.0,True,False,False,Proxy (Market-Cap-Rang 1001-3000),2026-09-29
FA,First Advantage Corporation,NASDAQ,Technology,EDP Services,United States,3366372344.0,False,True,True,Proxy (Market-Cap-Rang 1001-3000),2026-09-29
FABC,Fabric.AI Inc.,NASDAQ,Consumer Discretionary,Telecommunications Equipment,United States,16878707.0,False,True,False,Proxy (Market-Cap-Rang 1001-3000),2026-09-29
FAC,Factorial Energy Inc.,NASDAQ,Miscellaneous,Industrial Machinery/Components,United States,672105979.0,False,True,True,Proxy (Market-Cap-Rang 1001-3000),2026-09-29
FACT,FACT II Acquisition Corp. Class A,NASDAQ,Unknown,Unknown,United States,0.0,False,True,False,Proxy (Market-Cap-Rang 1001-3000),2026-09-29
FAMI,Farmmi Inc. Class A,NASDAQ,Consumer Staples,Packaged Foods,China,4264928.0,False,True,False,Proxy (Market-Cap-Rang 1001-3000),2026-09-29
FANG,Diamondback Energy Inc.,NASDAQ,Energy,Oil & Gas Production,United States,52272145975.0,True,True,False,Proxy (Market-Cap-Rang 1001-3000),2026-09-29
FAST,Fastenal Company,NASDAQ,Consumer Discretionary,RETAIL: Building Materials,United States,57868302606.0,True,True,False,Proxy (Market-Cap-Rang 1001-3000),2026-09-29
FATE,Fate Therapeutics Inc.,NASDAQ,Health Care,Biotechnology: Biological Products (No Diagnostic Substances),United States,281578208.0,False,True,True,Proxy (Market-Cap-Rang 1001-3000),2026-09-29
FATN,FatPipe Inc.,NASDAQ,Technology,Computer Software: Prepackaged Software,United States,75022165.0,False,True,False,Proxy (Market-Cap-Rang 1001-3000),2026-09-29
FBDT,First Breach Inc.,NASDAQ,Industrials,Ordnance And Accessories,United States,63584869.0,False,True,False,Proxy (Market-Cap-Rang 1001-3000),2026-09-29
FBGL,FBS Global Limited,NASDAQ,Consumer Discretionary,Homebuilding,Singapore,0.0,False,True,False,Proxy (Market-Cap-Rang 1001-3000),2026-09-29
FBIN,Fortune Brands Innovations Inc.,NYSE,Basic Materials,Forest Products,United States,4700848764.0,False,False,True,Proxy (Market-Cap-Rang 1001-3000),2026-09-29
FBIO,Fortress Biotech Inc.,NASDAQ,Health Care,Biotechnology: Pharmaceutical Preparations,United States,76040264.0,False,True,False,Proxy (Market-Cap-Rang 1001-3000),2026-09-29
FBIZ,First Business Financial Services Inc.,NASDAQ,Finance,Major Banks,United States,590217610.0,False,True,True,Proxy (Market-Cap-Rang 1001-3000),2026-09-29
FBK,FB Financial Corporation,NYSE,Finance,Major Banks,United States,2635846998.0,False,False,True,Proxy (Market-Cap-Rang 1001-3000),2026-09-29
FBLA,FB Bancorp Inc.,NASDAQ,Finance,Banks,United States,262666492.0,False,True,True,Proxy (Market-Cap-Rang 1001-3000),2026-09-29
FBLG,FibroBiologics Inc.,NASDAQ,Health Care,Biotechnology: Pharmaceutical Preparations,United States,9254888.0,False,True,False,Proxy (Market-Cap-Rang 1001-3000),2026-09-29
FBNC,First Bancorp,NASDAQ,Finance,Major Banks,United States,2628825261.0,False,True,True,Proxy (Market-Cap-Rang 1001-3000),2026-09-29
FBRT,Franklin BSP Realty Trust Inc.,NYSE,Real Estate,Real Estate Investment Trusts,United States,578826550.0,False,False,True,Proxy (Market-Cap-Rang 1001-3000),2026-09-29
FBYD,Falcon's Beyond Global Inc.,NASDAQ,Consumer Discretionary,Services-Misc. Amusement & Recreation,United States,900956213.0,False,True,True,Proxy (Market-Cap-Rang 1001-3000),2026-09-29
FC,Franklin Covey Company,NYSE,Consumer Discretionary,Other Consumer Services,United States,195496942.0,False,False,True,Proxy (Market-Cap-Rang 1001-3000),2026-09-29
FCAP,First Capital Inc.,NASDAQ,Finance,Savings Institutions,United States,201647441.0,False,True,True,Proxy (Market-Cap-Rang 1001-3000),2026-09-29
FCBC,First Community Bankshares Inc. (VA),NASDAQ,Finance,Major Banks,United States,900509867.0,False,True,True,Proxy (Market-Cap-Rang 1001-3000),2026-09-29
FCCO,First Community Corporation,NASDAQ,Finance,Major Banks,United States,309721136.0,False,True,True,Proxy (Market-Cap-Rang 1001-3000),2026-09-29
FCEL,FuelCell Energy Inc.,NASDAQ,Energy,Industrial Machinery/Components,United States,1318444692.0,False,True,True,Proxy (Market-Cap-Rang 1001-3000),2026-09-29
FCF,First Commonwealth Financial Corporation,NYSE,Finance,Major Banks,United States,2113079392.0,False,False,True,Proxy (Market-Cap-Rang 1001-3000),2026-09-29
FCFS,FirstCash Holdings Inc.,NASDAQ,Consumer Discretionary,Other Specialty Stores,United States,9431197910.0,False,True,False,Proxy (Market-Cap-Rang 1001-3000),2026-09-29
FCHL,Fitness Champs Holdings Limited,NASDAQ,Consumer Discretionary,Services-Misc. Amusement & Recreation,Singapore,1318742.0,False,True,False,Proxy (Market-Cap-Rang 1001-3000),2026-09-29
FCN,FTI Consulting Inc.,NYSE,Consumer Discretionary,Professional Services,United States,3707958407.0,False,False,True,Proxy (Market-Cap-Rang 1001-3000),2026-09-29
FCNCA,First Citizens BancShares Inc.,NASDAQ,Finance,Major Banks,United States,23606686323.0,False,True,False,Proxy (Market-Cap-Rang 1001-3000),2026-09-29
FCNCP,First Citizens BancShares Inc. Depositary Shares,NASDAQ,Finance,Major Banks,United States,213496434.0,False,True,True,Proxy (Market-Cap-Rang 1001-3000),2026-09-29
FCPT,Four Corners Property Trust Inc.,NYSE,Real Estate,Real Estate Investment Trusts,United States,2436592213.0,False,False,True,Proxy (Market-Cap-Rang 1001-3000),2026-09-29
FCUV,Focus Universal Inc.,NASDAQ,Industrials,Industrial Machinery/Components,United States,4438694.0,False,True,False,Proxy (Market-Cap-Rang 1001-3000),2026-09-29
FCX,Freeport-McMoRan Inc.,NYSE,Basic Materials,Metal Mining,United States,103838427088.0,True,False,False,Proxy (Market-Cap-Rang 1001-3000),2026-09-29
FDBC,Fidelity D & D Bancorp Inc.,NASDAQ,Finance,Major Banks,United States,323766236.0,False,True,True,Proxy (Market-Cap-Rang 1001-3000),2026-09-29
FDMT,4D Molecular Therapeutics Inc.,NASDAQ,Health Care,Biotechnology: Biological Products (No Diagnostic Substances),United States,799383733.0,False,True,True,Proxy (Market-Cap-Rang 1001-3000),2026-09-29
FDS,FactSet Research Systems Inc.,NYSE,Technology,Computer Software: Programming Data Processing,United States,9712238482.0,True,False,False,Proxy (Market-Cap-Rang 1001-3000),2026-09-29
FDSB,Fifth District Bancorp Inc.,NASDAQ,Finance,Savings Institutions,United States,92932930.0,False,True,False,Proxy (Market-Cap-Rang 1001-3000),2026-09-29
FDUS,Fidus Investment Corporation,NASDAQ,Finance,Finance/Investors Services,United States,726826071.0,False,True,True,Proxy (Market-Cap-Rang 1001-3000),2026-09-29
FDX,FedEx Corporation,NYSE,Consumer Discretionary,Air Freight/Delivery Services,United States,67652243845.0,True,False,False,Proxy (Market-Cap-Rang 1001-3000),2026-09-29
FDXF,FedEx Freight Holding Company Inc.,NYSE,Consumer Discretionary,Air Freight/Delivery Services,United States,16922462293.0,True,False,False,Proxy (Market-Cap-Rang 1001-3000),2026-09-29
FE,FirstEnergy Corp.,NYSE,Utilities,Electric Utilities: Central,United States,25055109056.0,True,False,False,Proxy (Market-Cap-Rang 1001-3000),2026-09-29
FEAM,5E Advanced Materials Inc.,NASDAQ,Industrials,Mining & Quarrying of Nonmetallic Minerals (No Fuels),United States,116612639.0,False,True,False,Proxy (Market-Cap-Rang 1001-3000),2026-09-29
FEBO,Fenbo Holdings Limited Class A,NASDAQ,Consumer Discretionary,Home Furnishings,Hong Kong,7633125.0,False,True,False,Proxy (Market-Cap-Rang 1001-3000),2026-09-29
FEIM,Frequency Electronics Inc.,NASDAQ,Industrials,Electrical Products,United States,996896769.0,False,True,True,Proxy (Market-Cap-Rang 1001-3000),2026-09-29
FELE,Franklin Electric Co. Inc.,NASDAQ,Consumer Discretionary,Metal Fabrications,United States,4291606810.0,False,True,True,Proxy (Market-Cap-Rang 1001-3000),2026-09-29
FEMY,Femasys Inc.,NASDAQ,Health Care,Medical/Dental Instruments,United States,20770067.0,False,True,False,Proxy (Market-Cap-Rang 1001-3000),2026-09-29
FENC,Fennec Pharmaceuticals Inc.,NASDAQ,Health Care,Biotechnology: Biological Products (No Diagnostic Substances),United States,371535570.0,False,True,True,Proxy (Market-Cap-Rang 1001-3000),2026-09-29
FER,Ferrovial N.V.,NASDAQ,Industrials,Military/Government/Technical,Netherlands,40167326294.0,False,True,False,Proxy (Market-Cap-Rang 1001-3000),2026-09-29
FERA,Fifth Era Acquisition Corp I Class A,NASDAQ,Unknown,Unknown,Cayman Islands,0.0,False,True,False,Proxy (Market-Cap-Rang 1001-3000),2026-09-29
FERG,Ferguson Enterprises Inc.,NYSE,Miscellaneous,Miscellaneous,United Kingdom,43089658185.0,True,False,False,Proxy (Market-Cap-Rang 1001-3000),2026-09-29
FET,Forum Energy Technologies Inc.,NYSE,Consumer Discretionary,Oil and Gas Field Machinery,United States,950283658.0,False,False,True,Proxy (Market-Cap-Rang 1001-3000),2026-09-29
FF,FutureFuel Corp.  Common shares,NYSE,Industrials,Major Chemicals,United States,224580188.0,False,False,True,Proxy (Market-Cap-Rang 1001-3000),2026-09-29
FFAI,Faraday Future Intelligent Electric Inc.,NASDAQ,Industrials,Auto Manufacturing,United States,9864468.0,False,True,False,Proxy (Market-Cap-Rang 1001-3000),2026-09-29
FFBC,First Financial Bancorp.,NASDAQ,Finance,Major Banks,United States,3407408402.0,False,True,True,Proxy (Market-Cap-Rang 1001-3000),2026-09-29
FFIN,First Financial Bankshares Inc.,NASDAQ,Finance,Major Banks,United States,4650977602.0,False,True,True,Proxy (Market-Cap-Rang 1001-3000),2026-09-29
FFIV,F5 Inc.,NASDAQ,Telecommunications,Computer Communications Equipment,United States,25089239257.0,True,True,False,Proxy (Market-Cap-Rang 1001-3000),2026-09-29
FG,F&G Annuities & Life Inc.,NYSE,Finance,Life Insurance,United States,2896286823.0,False,False,True,Proxy (Market-Cap-Rang 1001-3000),2026-09-29
FGBI,First Guaranty Bancshares Inc.,NASDAQ,Finance,Savings Institutions,United States,132478143.0,False,True,False,Proxy (Market-Cap-Rang 1001-3000),2026-09-29
FGI,FGI Industries Ltd.,NASDAQ,Industrials,Industrial Specialties,United States,14793536.0,False,True,False,Proxy (Market-Cap-Rang 1001-3000),2026-09-29
FGL,Founder Group Limited Class A,NASDAQ,Consumer Discretionary,Engineering & Construction,Malaysia,3596909.0,False,True,False,Proxy (Market-Cap-Rang 1001-3000),2026-09-29
FHB,First Hawaiian Inc.,NASDAQ,Finance,Major Banks,United States,3072454138.0,False,True,True,Proxy (Market-Cap-Rang 1001-3000),2026-09-29
FHI,Federated Hermes Inc.,NYSE,Finance,Investment Managers,United States,4316857447.0,False,False,True,Proxy (Market-Cap-Rang 1001-3000),2026-09-29
FHTX,Foghorn Therapeutics Inc.,NASDAQ,Health Care,Biotechnology: Pharmaceutical Preparations,United States,207848603.0,False,True,True,Proxy (Market-Cap-Rang 1001-3000),2026-09-29
FIBK,First Interstate BancSystem Inc. Common Stock (DE),NASDAQ,Finance,Major Banks,United States,3517693044.0,False,True,True,Proxy (Market-Cap-Rang 1001-3000),2026-09-29
FICO,Fair Isaac Corporation,NYSE,Consumer Discretionary,Business Services,United States,18640702792.0,True,False,False,Proxy (Market-Cap-Rang 1001-3000),2026-09-29
FIEE,FiEE Inc,NASDAQ,Utilities,Telecommunications Equipment,United States,32835102.0,False,True,False,Proxy (Market-Cap-Rang 1001-3000),2026-09-29
FIGR,Figure Technology Solutions Inc.,NASDAQ,Finance,Finance: Consumer Services,U.S. Virgin Islands,7157654117.0,False,True,False,Proxy (Market-Cap-Rang 1001-3000),2026-09-29
FIGS,FIGS Inc.,NYSE,Consumer Discretionary,Apparel,United States,2229602048.0,False,False,True,Proxy (Market-Cap-Rang 1001-3000),2026-09-29
FINV,FinVolution Group American Depositary Shares,NYSE,Finance,Finance: Consumer Services,United States,734252346.0,False,False,True,Proxy (Market-Cap-Rang 1001-3000),2026-09-29
FINW,FinWise Bancorp,NASDAQ,Finance,Major Banks,United States,157151938.0,False,True,True,Proxy (Market-Cap-Rang 1001-3000),2026-09-29
FIP,FTAI Infrastructure Inc. Common Stock ,NASDAQ,Industrials,Railroads,United States,369317928.0,False,True,True,Proxy (Market-Cap-Rang 1001-3000),2026-09-29
FIRY,Firy Inc.,NYSE,Technology,EDP Services,United States,206448432.0,False,False,True,Proxy (Market-Cap-Rang 1001-3000),2026-09-29
FIS,Fidelity National Information Services Inc.,NYSE,Consumer Discretionary,Business Services,United States,18261146521.0,True,False,False,Proxy (Market-Cap-Rang 1001-3000),2026-09-29
FISI,Financial Institutions Inc.,NASDAQ,Finance,Major Banks,United States,792786863.0,False,True,True,Proxy (Market-Cap-Rang 1001-3000),2026-09-29
FISN,Deep Fission Inc.,NASDAQ,Utilities,Electric Utilities: Central,United States,368162113.0,False,True,True,Proxy (Market-Cap-Rang 1001-3000),2026-09-29
FISV,Fiserv Inc.,NASDAQ,Consumer Discretionary,Business Services,United States,24716517192.0,True,True,False,Proxy (Market-Cap-Rang 1001-3000),2026-09-29
FITB,Fifth Third Bancorp,NYSE,Finance,Major Banks,United States,47249102584.0,True,False,False,Proxy (Market-Cap-Rang 1001-3000),2026-09-29
FIVE,Five Below Inc.,NASDAQ,Consumer Discretionary,Department/Specialty Retail Stores,United States,12255028191.0,False,True,False,Proxy (Market-Cap-Rang 1001-3000),2026-09-29
FIVN,Five9 Inc.,NASDAQ,Technology,EDP Services,United States,2672860704.0,False,True,True,Proxy (Market-Cap-Rang 1001-3000),2026-09-29
FIX,Comfort Systems USA Inc.,NYSE,Industrials,Engineering & Construction,United States,58384224321.0,True,False,False,Proxy (Market-Cap-Rang 1001-3000),2026-09-29
FIZZ,National Beverage Corp.,NASDAQ,Consumer Staples,Beverages (Production/Distribution),United States,2777566010.0,False,True,True,Proxy (Market-Cap-Rang 1001-3000),2026-09-29
FJDI,ARC Group Securities Acquisition I Class A,NASDAQ,Unknown,Unknown,United States,0.0,False,True,False,Proxy (Market-Cap-Rang 1001-3000),2026-09-29
FKWL,Franklin Wireless Corp.,NASDAQ,Utilities,Telecommunications Equipment,United States,28635800.0,False,True,False,Proxy (Market-Cap-Rang 1001-3000),2026-09-29
FLD,Fold Holdings Inc.,NASDAQ,Finance,Finance: Consumer Services,United States,29447885.0,False,True,False,Proxy (Market-Cap-Rang 1001-3000),2026-09-29
FLEX,Flex Ltd.,NASDAQ,Technology,Electrical Products,Singapore,42363133517.0,True,True,False,Proxy (Market-Cap-Rang 1001-3000),2026-09-29
FLG,Flagstar Bank N.A.,NYSE,Finance,Banks,United States,5134698381.0,False,False,True,Proxy (Market-Cap-Rang 1001-3000),2026-09-29
FLGT,Fulgent Genetics Inc.,NASDAQ,Health Care,Medical Specialities,United States,610839505.0,False,True,True,Proxy (Market-Cap-Rang 1001-3000),2026-09-29
FLL,Full House Resorts Inc.,NASDAQ,Consumer Discretionary,Hotels/Resorts,United States,62295616.0,False,True,False,Proxy (Market-Cap-Rang 1001-3000),2026-09-29
FLNA,Filana Therapeutics Inc.,NASDAQ,Health Care,Biotechnology: Pharmaceutical Preparations,United States,36139137.0,False,True,False,Proxy (Market-Cap-Rang 1001-3000),2026-09-29
FLNC,Fluence Energy Inc.,NASDAQ,Miscellaneous,Industrial Machinery/Components,United States,1449081497.0,False,True,True,Proxy (Market-Cap-Rang 1001-3000),2026-09-29
FLNT,Fluent Inc.,NASDAQ,Consumer Discretionary,Advertising,United States,99878392.0,False,True,False,Proxy (Market-Cap-Rang 1001-3000),2026-09-29
FLO,Flowers Foods Inc.,NYSE,Consumer Staples,Packaged Foods,United States,1217209579.0,False,False,True,Proxy (Market-Cap-Rang 1001-3000),2026-09-29
FLOC,Flowco Holdings Inc.,NYSE,Consumer Discretionary,Oil and Gas Field Machinery,United States,1729360784.0,False,False,True,Proxy (Market-Cap-Rang 1001-3000),2026-09-29
FLUX,Flux Power Holdings Inc.,NASDAQ,Miscellaneous,Industrial Machinery/Components,United States,10004334.0,False,True,False,Proxy (Market-Cap-Rang 1001-3000),2026-09-29
FLWS,1-800-FLOWERS.COM Inc.,NASDAQ,Consumer Discretionary,Other Specialty Stores,United States,172016057.0,False,True,True,Proxy (Market-Cap-Rang 1001-3000),2026-09-29
FLX,BingEx Limited American Depositary Shares,NASDAQ,Industrials,Trucking Freight/Courier Services,China,85561995.0,False,True,False,Proxy (Market-Cap-Rang 1001-3000),2026-09-29
FLXS,Flexsteel Industries Inc.,NASDAQ,Consumer Discretionary,Home Furnishings,United States,365678893.0,False,True,True,Proxy (Market-Cap-Rang 1001-3000),2026-09-29
FLY,Firefly Aerospace Inc.,NASDAQ,Industrials,Military/Government/Technical,United States,4077977152.0,False,True,True,Proxy (Market-Cap-Rang 1001-3000),2026-09-29
FLYE,Fly-E Group Inc.,NASDAQ,Industrials,Aerospace,United States,2301664.0,False,True,False,Proxy (Market-Cap-Rang 1001-3000),2026-09-29
FLYW,Flywire Corporation Voting,NASDAQ,Consumer Discretionary,Business Services,United States,2117017528.0,False,True,True,Proxy (Market-Cap-Rang 1001-3000),2026-09-29
FMAO,Farmers & Merchants Bancorp Inc.,NASDAQ,Finance,Savings Institutions,United States,481096549.0,False,True,True,Proxy (Market-Cap-Rang 1001-3000),2026-09-29
FMBH,First Mid Bancshares Inc.,NASDAQ,Finance,Major Banks,United States,1322647065.0,False,True,True,Proxy (Market-Cap-Rang 1001-3000),2026-09-29
FMC,FMC Corporation,NYSE,Industrials,Major Chemicals,United States,1199673118.0,False,False,True,Proxy (Market-Cap-Rang 1001-3000),2026-09-29
FMFC,Kandal M Venture Limited Class A,NASDAQ,Consumer Discretionary,Apparel,Cambodia,4170540.0,False,True,False,Proxy (Market-Cap-Rang 1001-3000),2026-09-29
FMN,Federated Hermes Premier Municipal Income Fund,NYSE,Finance,Investment Managers,United States,867723791.0,False,False,True,Proxy (Market-Cap-Rang 1001-3000),2026-09-29
FMNB,Farmers National Banc Corp.,NASDAQ,Finance,Major Banks,United States,914190036.0,False,True,True,Proxy (Market-Cap-Rang 1001-3000),2026-09-29
FMST,Foremost Clean Energy Ltd. Common Shares,NASDAQ,Basic Materials,Other Metals and Minerals,Canada,21757214.0,False,True,False,Proxy (Market-Cap-Rang 1001-3000),2026-09-29
FND,Floor & Decor Holdings Inc.,NYSE,Consumer Discretionary,RETAIL: Building Materials,United States,5011417753.0,False,False,True,Proxy (Market-Cap-Rang 1001-3000),2026-09-29
FNGR,FingerMotion Inc.,NASDAQ,Technology,Computer Software: Prepackaged Software,United States,11385981.0,False,True,False,Proxy (Market-Cap-Rang 1001-3000),2026-09-29
FNKO,Funko Inc.,NASDAQ,Consumer Discretionary,Recreational Games/Products/Toys,United States,307976713.0,False,True,True,Proxy (Market-Cap-Rang 1001-3000),2026-09-29
FNLC,First Bancorp Inc  (ME),NASDAQ,Finance,Major Banks,United States,387548379.0,False,True,True,Proxy (Market-Cap-Rang 1001-3000),2026-09-29
FNRN,First Northern Community Bancorp Common stock,NASDAQ,Finance,Savings Institutions,United States,281507353.0,False,True,True,Proxy (Market-Cap-Rang 1001-3000),2026-09-29
FNUC,Frontier Nuclear and Minerals Inc. Common Shares,NASDAQ,Basic Materials,Other Metals and Minerals,Canada,52412607.0,False,True,False,Proxy (Market-Cap-Rang 1001-3000),2026-09-29
FNWB,First Northwest Bancorp,NASDAQ,Finance,Banks,United States,95591731.0,False,True,False,Proxy (Market-Cap-Rang 1001-3000),2026-09-29
FNWD,Finward Bancorp,NASDAQ,Finance,Savings Institutions,United States,187359006.0,False,True,True,Proxy (Market-Cap-Rang 1001-3000),2026-09-29
FOA,Finance of America Companies Inc.,NYSE,Finance,Finance: Consumer Services,United States,250776836.0,False,False,True,Proxy (Market-Cap-Rang 1001-3000),2026-09-29
FOCL,EDAP TMS S.A. American Depositary Shares,NASDAQ,Health Care,Biotechnology: Electromedical & Electrotherapeutic Apparatus,France,176756645.0,False,True,False,Proxy (Market-Cap-Rang 1001-3000),2026-09-29
FOF,Cohen & Steers Closed-End Opportunity Fund Inc.,NYSE,Finance,Investment Managers,United States,602439579.0,False,False,True,Proxy (Market-Cap-Rang 1001-3000),2026-09-29
FOFO,Hang Feng Technology Innovation Co. Ltd.,NASDAQ,Consumer Discretionary,Professional Services,Hong Kong,16580661.0,False,True,False,Proxy (Market-Cap-Rang 1001-3000),2026-09-29
FOR,Forestar Group Inc Common Stock ,NYSE,Finance,Real Estate,United States,1351456939.0,False,False,True,Proxy (Market-Cap-Rang 1001-3000),2026-09-29
FORM,FormFactor Inc. FormFactor Inc.,NASDAQ,Technology,Semiconductors,United States,10131476825.0,False,True,False,Proxy (Market-Cap-Rang 1001-3000),2026-09-29
FORR,Forrester Research Inc.,NASDAQ,Industrials,Diversified Commercial Services,United States,217044600.0,False,True,True,Proxy (Market-Cap-Rang 1001-3000),2026-09-29
FORTY,Formula Systems (1985) Ltd. American Depositary Shares,NASDAQ,Technology,EDP Services,Israel,1761378528.0,False,True,False,Proxy (Market-Cap-Rang 1001-3000),2026-09-29
FOSL,Fossil Group Inc.,NASDAQ,Consumer Discretionary,Consumer Specialties,United States,366655922.0,False,True,True,Proxy (Market-Cap-Rang 1001-3000),2026-09-29
FOUR,Shift4 Payments Inc.,NYSE,Consumer Discretionary,Business Services,United States,3036016614.0,False,False,True,Proxy (Market-Cap-Rang 1001-3000),2026-09-29
FOX,Fox Corporation,NASDAQ,Industrials,Broadcasting,United States,23841426588.0,True,True,False,Proxy (Market-Cap-Rang 1001-3000),2026-09-29
FOXA,Fox Corporation,NASDAQ,Industrials,Broadcasting,United States,26594955340.0,True,True,False,Proxy (Market-Cap-Rang 1001-3000),2026-09-29
FOXF,Fox Factory Holding Corp.,NASDAQ,Consumer Discretionary,Motor Vehicles,United States,779675069.0,False,True,True,Proxy (Market-Cap-Rang 1001-3000),2026-09-29
FOXX,Foxx Development Holdings Inc.,NASDAQ,Telecommunications,Computer Communications Equipment,United States,17592418.0,False,True,False,Proxy (Market-Cap-Rang 1001-3000),2026-09-29
FPH,Five Point Holdings LLC Class A Common Shares,NYSE,Finance,Real Estate,United States,702428404.0,False,False,True,Proxy (Market-Cap-Rang 1001-3000),2026-09-29
FPI,Farmland Partners Inc.,NYSE,Real Estate,Real Estate Investment Trusts,United States,473829641.0,False,False,True,Proxy (Market-Cap-Rang 1001-3000),2026-09-29
FRA,Blackrock Floating Rate Income Strategies Fund Inc,NYSE,Finance,Investment Bankers/Brokers/Service,United States,1562005946.0,False,False,True,Proxy (Market-Cap-Rang 1001-3000),2026-09-29
FRAF,Franklin Financial Services Corporation,NASDAQ,Finance,Major Banks,United States,281898812.0,False,True,True,Proxy (Market-Cap-Rang 1001-3000),2026-09-29
FRBA,First Bank,NASDAQ,Finance,Major Banks,United States,447392373.0,False,True,True,Proxy (Market-Cap-Rang 1001-3000),2026-09-29
FRBT,Forbright Inc.,NASDAQ,Finance,Major Banks,United States,897006595.0,False,True,True,Proxy (Market-Cap-Rang 1001-3000),2026-09-29
FRD,Friedman Industries Inc.,NASDAQ,Industrials,Steel/Iron Ore,United States,283751198.0,False,True,True,Proxy (Market-Cap-Rang 1001-3000),2026-09-29
FRGT,Freight Technologies Inc.,NASDAQ,Industrials,Integrated Freight & Logistics,United States,200244.0,False,True,False,Proxy (Market-Cap-Rang 1001-3000),2026-09-29
FRHC,Freedom Holding Corp.,NASDAQ,Finance,Investment Bankers/Brokers/Service,Kazakhstan,10976581565.0,False,True,False,Proxy (Market-Cap-Rang 1001-3000),2026-09-29
FRME,First Merchants Corporation,NASDAQ,Finance,Major Banks,United States,2556645930.0,False,True,True,Proxy (Market-Cap-Rang 1001-3000),2026-09-29
FRMEP,First Merchants Corporation Depository Shares,NASDAQ,Finance,Major Banks,United States,1582595860.0,False,True,True,Proxy (Market-Cap-Rang 1001-3000),2026-09-29
FRMI,Fermi Inc.,NASDAQ,Real Estate,Real Estate Investment Trusts,United States,2894912413.0,False,True,True,Proxy (Market-Cap-Rang 1001-3000),2026-09-29
FRMM,Forum Markets Incorporated,NASDAQ,Finance,Finance: Consumer Services,United States,66522698.0,False,True,False,Proxy (Market-Cap-Rang 1001-3000),2026-09-29
FRNM,Freenome Inc. Common stock,NASDAQ,Health Care,Medical Specialities,United States,1718074556.0,False,True,True,Proxy (Market-Cap-Rang 1001-3000),2026-09-29
FROG,JFrog Ltd.,NASDAQ,Technology,Computer Software: Prepackaged Software,United States,10996010915.0,False,True,False,Proxy (Market-Cap-Rang 1001-3000),2026-09-29
FRPH,FRP Holdings Inc.,NASDAQ,Finance,Real Estate,United States,405276134.0,False,True,True,Proxy (Market-Cap-Rang 1001-3000),2026-09-29
FRPT,Freshpet Inc.,NASDAQ,Consumer Staples,Packaged Foods,United States,2783043065.0,False,True,True,Proxy (Market-Cap-Rang 1001-3000),2026-09-29
FRSH,Freshworks Inc.,NASDAQ,Technology,Computer Software: Prepackaged Software,United States,3271946481.0,False,True,True,Proxy (Market-Cap-Rang 1001-3000),2026-09-29
FRST,Primis Financial Corp.,NASDAQ,Finance,Major Banks,United States,389097440.0,False,True,True,Proxy (Market-Cap-Rang 1001-3000),2026-09-29
FRSX,Foresight Autonomous Holdings Ltd. American Depositary Shares,NASDAQ,Technology,Computer Software: Prepackaged Software,Israel,3427359.0,False,True,False,Proxy (Market-Cap-Rang 1001-3000),2026-09-29
FRT,Federal Realty Investment Trust,NYSE,Real Estate,Real Estate Investment Trusts,United States,9602986979.0,True,False,False,Proxy (Market-Cap-Rang 1001-3000),2026-09-29
FRTT,Fort Technology Inc. Common Shares,NASDAQ,Industrials,Agricultural Chemicals,Canada,13517264.0,False,True,False,Proxy (Market-Cap-Rang 1001-3000),2026-09-29
FRVO,Fervo Energy Company Class A common stock,NASDAQ,Utilities,Electric Utilities: Central,United States,4474505361.0,False,True,True,Proxy (Market-Cap-Rang 1001-3000),2026-09-29
FSBC,Five Star Bancorp,NASDAQ,Finance,Major Banks,United States,1075439792.0,False,True,True,Proxy (Market-Cap-Rang 1001-3000),2026-09-29
FSBW,FS Bancorp Inc.,NASDAQ,Finance,Banks,United States,347349699.0,False,True,True,Proxy (Market-Cap-Rang 1001-3000),2026-09-29
FSCO,FS Credit Opportunities Corp.,NYSE,Finance,Trusts Except Educational Religious and Charitable,United States,1013598649.0,False,False,True,Proxy (Market-Cap-Rang 1001-3000),2026-09-29
FSEA,First Seacoast Bancorp Inc.,NASDAQ,Finance,Savings Institutions,United States,81104287.0,False,True,False,Proxy (Market-Cap-Rang 1001-3000),2026-09-29
FSHP,Flag Ship Acquisition Corp.,NASDAQ,Unknown,Unknown,United States,0.0,False,True,False,Proxy (Market-Cap-Rang 1001-3000),2026-09-29
FSK,FS KKR Capital Corp.,NYSE,Finance,Investment Managers,United States,3108828150.0,False,False,True,Proxy (Market-Cap-Rang 1001-3000),2026-09-29
FSLR,First Solar Inc.,NASDAQ,Technology,Semiconductors,United States,19098456025.0,True,True,False,Proxy (Market-Cap-Rang 1001-3000),2026-09-29
FSLY,Fastly Inc.,NASDAQ,Technology,Computer Software: Prepackaged Software,United States,3976128000.0,False,True,True,Proxy (Market-Cap-Rang 1001-3000),2026-09-29
FSTR,L.B. Foster Company,NASDAQ,Industrials,Metal Fabrications,United States,394175520.0,False,True,True,Proxy (Market-Cap-Rang 1001-3000),2026-09-29
FSUN,FirstSun Capital Bancorp,NASDAQ,Finance,Major Banks,United States,1851247087.0,False,True,True,Proxy (Market-Cap-Rang 1001-3000),2026-09-29
FSV,FirstService Corporation Common Shares,NASDAQ,Finance,Real Estate,Canada,5616805817.0,False,True,False,Proxy (Market-Cap-Rang 1001-3000),2026-09-29
FT,Franklin Universal Trust,NYSE,Finance,Trusts Except Educational Religious and Charitable,United States,178185128.0,False,False,True,Proxy (Market-Cap-Rang 1001-3000),2026-09-29
FTAI,FTAI Aviation Ltd.,NASDAQ,Industrials,Misc Corporate Leasing Services,United States,17979903350.0,False,True,False,Proxy (Market-Cap-Rang 1001-3000),2026-09-29
FTCI,FTC Solar Inc.,NASDAQ,Technology,Semiconductors,United States,43946913.0,False,True,False,Proxy (Market-Cap-Rang 1001-3000),2026-09-29
FTDR,Frontdoor Inc.,NASDAQ,Consumer Discretionary,Diversified Commercial Services,United States,5097416451.0,False,True,True,Proxy (Market-Cap-Rang 1001-3000),2026-09-29
FTEK,Fuel Tech Inc.,NASDAQ,Industrials,Pollution Control Equipment,United States,53536793.0,False,True,False,Proxy (Market-Cap-Rang 1001-3000),2026-09-29
FTF,Franklin Limited Duration Income Trust Common Shares of Beneficial Interest,AMEX,Finance,Finance/Investors Services,United States,216572805.0,False,False,True,Proxy (Market-Cap-Rang 1001-3000),2026-09-29
FTFT,Future FinTech Group Inc.,NASDAQ,Consumer Discretionary,Business Services,China,41062500.0,False,True,False,Proxy (Market-Cap-Rang 1001-3000),2026-09-29
FTH,Faeth Therapeutics Inc.,NASDAQ,Health Care,Biotechnology: Pharmaceutical Preparations,United States,723531900.0,False,True,True,Proxy (Market-Cap-Rang 1001-3000),2026-09-29
FTHM,Fathom Holdings Inc.,NASDAQ,Finance,Real Estate,United States,19942820.0,False,True,False,Proxy (Market-Cap-Rang 1001-3000),2026-09-29
FTHY,First Trust High Yield Opportunities 2027 Term Fund,NYSE,Finance,Investment Managers,United States,478048857.0,False,False,True,Proxy (Market-Cap-Rang 1001-3000),2026-09-29
FTK,Flotek Industries Inc.,NYSE,Industrials,Major Chemicals,United States,1069589268.0,False,False,True,Proxy (Market-Cap-Rang 1001-3000),2026-09-29
FTLF,FitLife Brands Inc.,NASDAQ,Health Care, Medicinal Chemicals and Botanical Products ,United States,86914371.0,False,True,False,Proxy (Market-Cap-Rang 1001-3000),2026-09-29
FTNT,Fortinet Inc.,NASDAQ,Technology,Computer peripheral equipment,United States,127269970249.0,True,True,False,Proxy (Market-Cap-Rang 1001-3000),2026-09-29
FTRE,Fortrea Holdings Inc.,NASDAQ,Health Care,Medical Specialities,United States,1891539000.0,False,True,True,Proxy (Market-Cap-Rang 1001-3000),2026-09-29
FTV,Fortive Corporation Common Stock ,NYSE,Industrials,Industrial Machinery/Components,United States,16940136447.0,True,False,False,Proxy (Market-Cap-Rang 1001-3000),2026-09-29
FUBO,FuboTV Inc.,NYSE,Consumer Discretionary,Movies/Entertainment,United States,1052657104.0,False,False,True,Proxy (Market-Cap-Rang 1001-3000),2026-09-29
FUFU,BitFuFu Inc. Class A,NASDAQ,Finance,Finance: Consumer Services,Singapore,241647717.0,False,True,False,Proxy (Market-Cap-Rang 1001-3000),2026-09-29
FUL,H. B. Fuller Company,NYSE,Industrials,Home Furnishings,United States,2694685697.0,False,False,True,Proxy (Market-Cap-Rang 1001-3000),2026-09-29
FULC,Fulcrum Therapeutics Inc.,NASDAQ,Health Care,Biotechnology: Pharmaceutical Preparations,United States,285351741.0,False,True,True,Proxy (Market-Cap-Rang 1001-3000),2026-09-29
FULT,Fulton Financial Corporation,NASDAQ,Finance,Major Banks,United States,4434945298.0,False,True,True,Proxy (Market-Cap-Rang 1001-3000),2026-09-29
FUN,Six Flags Entertainment Corporation Common Stock New,NYSE,Consumer Discretionary,Services-Misc. Amusement & Recreation,United States,1260536964.0,False,False,True,Proxy (Market-Cap-Rang 1001-3000),2026-09-29
FUNC,First United Corporation,NASDAQ,Finance,Major Banks,United States,279386560.0,False,True,True,Proxy (Market-Cap-Rang 1001-3000),2026-09-29
FUND,Sprott Focus Trust Inc.,NASDAQ,Finance,Investment Managers,United States,294853892.0,False,True,True,Proxy (Market-Cap-Rang 1001-3000),2026-09-29
FUSB,First US Bancshares Inc.,NASDAQ,Finance,Major Banks,United States,90497416.0,False,True,False,Proxy (Market-Cap-Rang 1001-3000),2026-09-29
FUSE,Fusemachines Inc. Common stock,NASDAQ,Technology,EDP Services,United States,16672346.0,False,True,False,Proxy (Market-Cap-Rang 1001-3000),2026-09-29
FUTU,Futu Holdings Limited American Depositary Shares,NASDAQ,Finance,Investment Bankers/Brokers/Service,Hong Kong,15680552432.0,False,True,False,Proxy (Market-Cap-Rang 1001-3000),2026-09-29
FVAV,Fortress Value Acquisition Corp. V Class A,NASDAQ,Unknown,Unknown,United States,0.0,False,True,False,Proxy (Market-Cap-Rang 1001-3000),2026-09-29
FVCB,FVCBankcorp Inc.,NASDAQ,Finance,Major Banks,United States,324255006.0,False,True,True,Proxy (Market-Cap-Rang 1001-3000),2026-09-29
FVN,Future Vision II Acquisition Corporation Ordinary shares,NASDAQ,Unknown,Unknown,China,0.0,False,True,False,Proxy (Market-Cap-Rang 1001-3000),2026-09-29
FVR,FrontView REIT Inc.,NYSE,Real Estate,Real Estate Investment Trusts,United States,436783321.0,False,False,True,Proxy (Market-Cap-Rang 1001-3000),2026-09-29
FWAC,Futurewave Acquisition Corporation,NASDAQ,Unknown,Unknown,United States,0.0,False,True,False,Proxy (Market-Cap-Rang 1001-3000),2026-09-29
FWDI,Forward Industries Inc.,NASDAQ,Finance,Finance: Consumer Services,United States,642346770.0,False,True,True,Proxy (Market-Cap-Rang 1001-3000),2026-09-29
FWONA,Liberty Media Corporation Series A,NASDAQ,Industrials,Broadcasting,United States,21676255613.0,False,True,False,Proxy (Market-Cap-Rang 1001-3000),2026-09-29
FWONK,Liberty Media Corporation Series C,NASDAQ,Industrials,Broadcasting,United States,23719529766.0,False,True,False,Proxy (Market-Cap-Rang 1001-3000),2026-09-29
FWRD,Forward Air Corporation,NASDAQ,Industrials,Integrated Freight & Logistics,United States,496240863.0,False,True,True,Proxy (Market-Cap-Rang 1001-3000),2026-09-29
FWRG,First Watch Restaurant Group Inc.,NASDAQ,Consumer Discretionary,Restaurants,United States,625764091.0,False,True,True,Proxy (Market-Cap-Rang 1001-3000),2026-09-29
FXHO,UTime Limited Class A,NASDAQ,Technology,Consumer Electronics/Appliances,China,271808638.0,False,True,False,Proxy (Market-Cap-Rang 1001-3000),2026-09-29
FXNC,First National Corporation,NASDAQ,Finance,Major Banks,United States,265672440.0,False,True,True,Proxy (Market-Cap-Rang 1001-3000),2026-09-29
GAB,Gabelli Equity Trust Inc. (The),NYSE,Finance,Investment Managers,United States,1563107573.0,False,False,True,Proxy (Market-Cap-Rang 1001-3000),2026-09-29
GABC,German American Bancorp Inc.,NASDAQ,Finance,Major Banks,United States,1860150996.0,False,True,True,Proxy (Market-Cap-Rang 1001-3000),2026-09-29
GAIA,Gaia Inc.,NASDAQ,Consumer Discretionary,Movies/Entertainment,United States,33053531.0,False,True,False,Proxy (Market-Cap-Rang 1001-3000),2026-09-29
GAIN,Gladstone Investment Corporation Business Development Company,NASDAQ,Finance,Finance: Consumer Services,United States,629585298.0,False,True,True,Proxy (Market-Cap-Rang 1001-3000),2026-09-29
GALT,Galectin Therapeutics Inc.,NASDAQ,Health Care,Biotechnology: Pharmaceutical Preparations,United States,393313612.0,False,True,True,Proxy (Market-Cap-Rang 1001-3000),2026-09-29
GAM,General American Investors Inc.,NYSE,Finance,Investment Managers,United States,1546906357.0,False,False,True,Proxy (Market-Cap-Rang 1001-3000),2026-09-29
GAME,GameSquare Holdings Inc.,NASDAQ,Consumer Discretionary,Services-Misc. Amusement & Recreation,United States,40630041.0,False,True,False,Proxy (Market-Cap-Rang 1001-3000),2026-09-29
GANX,Gain Therapeutics Inc.,NASDAQ,Health Care,Biotechnology: Pharmaceutical Preparations,United States,77685642.0,False,True,False,Proxy (Market-Cap-Rang 1001-3000),2026-09-29
GASS,StealthGas Inc.,NASDAQ,Consumer Discretionary,Marine Transportation,Greece,330580749.0,False,True,False,Proxy (Market-Cap-Rang 1001-3000),2026-09-29
GAUZ,Gauzy Ltd.,NASDAQ,Miscellaneous,Industrial Machinery/Components,Israel,6114712.0,False,True,False,Proxy (Market-Cap-Rang 1001-3000),2026-09-29
GBAB,Guggenheim Taxable Municipal Bond & Investment Grade Debt Trust Common Shares of Beneficial Interest,NYSE,Finance,Investment Managers,United States,283096879.0,False,False,True,Proxy (Market-Cap-Rang 1001-3000),2026-09-29
GBDC,Golub Capital BDC Inc.,NASDAQ,Finance,Finance: Consumer Services,United States,3235258799.0,False,True,True,Proxy (Market-Cap-Rang 1001-3000),2026-09-29
GBFH,GBank Financial Holdings Inc.,NASDAQ,Finance,Major Banks,United States,277554658.0,False,True,True,Proxy (Market-Cap-Rang 1001-3000),2026-09-29
GBLI,Global Indemnity Group LLC Class A Common Stock ,NASDAQ,Finance,Property-Casualty Insurers,United States,363599649.0,False,True,True,Proxy (Market-Cap-Rang 1001-3000),2026-09-29
GBTG,Global Business Travel Group Inc.,NYSE,Consumer Discretionary,Transportation Services,United States,4962547709.0,False,False,True,Proxy (Market-Cap-Rang 1001-3000),2026-09-29
GBX,Greenbrier Companies Inc. (The),NYSE,Industrials,Railroads,United States,1316174242.0,False,False,True,Proxy (Market-Cap-Rang 1001-3000),2026-09-29
GCBC,Greene County Bancorp Inc.,NASDAQ,Finance,Banks,United States,586698213.0,False,True,True,Proxy (Market-Cap-Rang 1001-3000),2026-09-29
GCGR,General Catalyst Global Resilience Merger Corp. Class A,NASDAQ,Unknown,Unknown,United States,0.0,False,True,False,Proxy (Market-Cap-Rang 1001-3000),2026-09-29
GCL,GCL Global Holdings Ltd,NASDAQ,Technology,Computer Software: Prepackaged Software,Singapore,97978967.0,False,True,False,Proxy (Market-Cap-Rang 1001-3000),2026-09-29
GCMG,GCM Grosvenor Inc.,NASDAQ,Finance,Investment Managers,United States,2644408984.0,False,True,True,Proxy (Market-Cap-Rang 1001-3000),2026-09-29
GCO,Genesco Inc.,NYSE,Consumer Discretionary,Clothing/Shoe/Accessory Stores,United States,373728050.0,False,False,True,Proxy (Market-Cap-Rang 1001-3000),2026-09-29
GCT,GigaCloud Technology Inc Class A,NASDAQ,Consumer Discretionary,Catalog/Specialty Distribution,United States,1927638593.0,False,True,True,Proxy (Market-Cap-Rang 1001-3000),2026-09-29
GCTK,GlucoTrack Inc.,NASDAQ,Health Care,Medical/Dental Instruments,United States,1544505.0,False,True,False,Proxy (Market-Cap-Rang 1001-3000),2026-09-29
GCTS,GCT Semiconductor Holding Inc.,NYSE,Technology,Semiconductors,United States,205092489.0,False,False,True,Proxy (Market-Cap-Rang 1001-3000),2026-09-29
GD,General Dynamics Corporation,NYSE,Industrials,Marine Transportation,United States,91102018700.0,True,False,False,Proxy (Market-Cap-Rang 1001-3000),2026-09-29
GDC,GD Culture Group Limited,NASDAQ,Industrials,Steel/Iron Ore,United States,5661000.0,False,True,False,Proxy (Market-Cap-Rang 1001-3000),2026-09-29
GDDY,GoDaddy Inc.,NYSE,Technology,EDP Services,United States,12302557967.0,True,False,False,Proxy (Market-Cap-Rang 1001-3000),2026-09-29
GDEV,GDEV Inc.,NASDAQ,Technology,EDP Services,Cyprus,197840330.0,False,True,False,Proxy (Market-Cap-Rang 1001-3000),2026-09-29
GDHG,Golden Heaven Group Holdings Ltd. Class A,NASDAQ,Consumer Discretionary,Services-Misc. Amusement & Recreation,China,76624353.0,False,True,False,Proxy (Market-Cap-Rang 1001-3000),2026-09-29
GDOT,Green Dot Corporation Class A Common Stock $0.001 par value,NYSE,Finance,Finance: Consumer Services,United States,698068443.0,False,False,True,Proxy (Market-Cap-Rang 1001-3000),2026-09-29
GDRX,GoodRx Holdings Inc.,NASDAQ,Technology,EDP Services,United States,1142837050.0,False,True,True,Proxy (Market-Cap-Rang 1001-3000),2026-09-29
GDS,GDS Holdings Limited ADS,NASDAQ,Technology,Computer Software: Programming Data Processing,China,6566374378.0,False,True,False,Proxy (Market-Cap-Rang 1001-3000),2026-09-29
GDTC,CytoMed Therapeutics Limited,NASDAQ,Health Care,Biotechnology: Pharmaceutical Preparations,Singapore,11296155.0,False,True,False,Proxy (Market-Cap-Rang 1001-3000),2026-09-29
GDV,Gabelli Dividend & Income Trust Common Shares of Beneficial Interest,NYSE,Finance,Investment Managers,United States,2610956814.0,False,False,True,Proxy (Market-Cap-Rang 1001-3000),2026-09-29
GDYN,Grid Dynamics Holdings Inc.,NASDAQ,Technology,Computer Software: Prepackaged Software,United States,628733328.0,False,True,True,Proxy (Market-Cap-Rang 1001-3000),2026-09-29
GE,GE Aerospace,NYSE,Technology,Consumer Electronics/Appliances,United States,339376322377.0,True,False,False,Proxy (Market-Cap-Rang 1001-3000),2026-09-29
GECC,Great Elm Capital Corp.,NASDAQ,Finance,Finance: Consumer Services,United States,73337880.0,False,True,False,Proxy (Market-Cap-Rang 1001-3000),2026-09-29
GEF,Greif Inc.,NYSE,Unknown,Unknown,United States,3816273414.0,False,False,True,Proxy (Market-Cap-Rang 1001-3000),2026-09-29
GEG,Great Elm Group Inc.,NASDAQ,Technology,Computer Software: Prepackaged Software,United States,67164962.0,False,True,False,Proxy (Market-Cap-Rang 1001-3000),2026-09-29
GEHC,GE HealthCare Technologies Inc. Common Stock ,NASDAQ,Health Care,Medical Electronics,United States,30095854971.0,True,True,False,Proxy (Market-Cap-Rang 1001-3000),2026-09-29
GELS,Gelteq Limited,NASDAQ,Health Care,Biotechnology: Pharmaceutical Preparations,Australia,5848238.0,False,True,False,Proxy (Market-Cap-Rang 1001-3000),2026-09-29
GEMI,Gemini Space Station Inc.,NASDAQ,Finance,Finance: Consumer Services,United States,718273199.0,False,True,True,Proxy (Market-Cap-Rang 1001-3000),2026-09-29
GEN,Gen Digital Inc.,NASDAQ,Technology,Computer Software: Prepackaged Software,United States,12941451632.0,True,True,False,Proxy (Market-Cap-Rang 1001-3000),2026-09-29
GENB,Generate Biomedicines Inc.,NASDAQ,Health Care,Biotechnology: Pharmaceutical Preparations,United States,1944539405.0,False,True,True,Proxy (Market-Cap-Rang 1001-3000),2026-09-29
GENC,Gencor Industries Inc.,AMEX,Industrials,Construction/Ag Equipment/Trucks,United States,255923477.0,False,False,True,Proxy (Market-Cap-Rang 1001-3000),2026-09-29
GENK,GEN Restaurant Group Inc.,NASDAQ,Consumer Discretionary,Restaurants,United States,57358435.0,False,True,False,Proxy (Market-Cap-Rang 1001-3000),2026-09-29
GEO,Geo Group Inc (The) REIT,NYSE,Consumer Discretionary,Homebuilding,United States,4109163412.0,False,False,True,Proxy (Market-Cap-Rang 1001-3000),2026-09-29
GEOS,Geospace Technologies Corporation Common Stock (Texas),NASDAQ,Industrials,Industrial Machinery/Components,United States,64548659.0,False,True,False,Proxy (Market-Cap-Rang 1001-3000),2026-09-29
GERN,Geron Corporation,NASDAQ,Health Care,Biotechnology: Pharmaceutical Preparations,United States,809516495.0,False,True,True,Proxy (Market-Cap-Rang 1001-3000),2026-09-29
GEV,GE Vernova Inc.,NYSE,Technology,Consumer Electronics/Appliances,United States,255049027173.0,True,False,False,Proxy (Market-Cap-Rang 1001-3000),2026-09-29
GEVO,Gevo Inc.,NASDAQ,Industrials,Major Chemicals,United States,346131946.0,False,True,True,Proxy (Market-Cap-Rang 1001-3000),2026-09-29
GFAI,Guardforce AI Co. Limited,NASDAQ,Consumer Discretionary,Diversified Commercial Services,Singapore,10366080.0,False,True,False,Proxy (Market-Cap-Rang 1001-3000),2026-09-29
GFF,Griffon Corporation,NYSE,Industrials,Building Products,United States,4456547107.0,False,False,True,Proxy (Market-Cap-Rang 1001-3000),2026-09-29
GFS,GlobalFoundries Inc.,NASDAQ,Technology,Semiconductors,United States,27313511547.0,False,True,False,Proxy (Market-Cap-Rang 1001-3000),2026-09-29
GFUZ,General Fusion Group Ltd. Common Shares,NASDAQ,Utilities,Electric Utilities: Central,United States,493773562.0,False,True,True,Proxy (Market-Cap-Rang 1001-3000),2026-09-29
GGAL,Grupo Financiero Galicia S.A. American Depositary Shares,NASDAQ,Finance,Commercial Banks,Argentina,6222626950.0,False,True,False,Proxy (Market-Cap-Rang 1001-3000),2026-09-29
GGR,Gogoro Inc.,NASDAQ,Industrials,Auto Manufacturing,Taiwan,62877327.0,False,True,False,Proxy (Market-Cap-Rang 1001-3000),2026-09-29
GH,Guardant Health Inc.,NASDAQ,Health Care,Medical Specialities,United States,23786271133.0,False,True,False,Proxy (Market-Cap-Rang 1001-3000),2026-09-29
GHC,Graham Holdings Company,NYSE,Real Estate,Other Consumer Services,United States,4890875998.0,False,False,True,Proxy (Market-Cap-Rang 1001-3000),2026-09-29
GHM,Graham Corporation,NYSE,Industrials,Industrial Machinery/Components,United States,1023586648.0,False,False,True,Proxy (Market-Cap-Rang 1001-3000),2026-09-29
GHRS,GH Research PLC,NASDAQ,Health Care,Biotechnology: Pharmaceutical Preparations,Ireland,1634403028.0,False,True,False,Proxy (Market-Cap-Rang 1001-3000),2026-09-29
GHXI,Gores Holdings XI Inc. Class A,NASDAQ,Unknown,Unknown,United States,0.0,False,True,False,Proxy (Market-Cap-Rang 1001-3000),2026-09-29
GIBO,GIBO Holdings Limited Class A,NASDAQ,Technology,Computer Software: Prepackaged Software,Hong Kong,85955265.0,False,True,False,Proxy (Market-Cap-Rang 1001-3000),2026-09-29
GIC,Global Industrial Company,NYSE,Industrials,Industrial Machinery/Components,United States,1581496152.0,False,False,True,Proxy (Market-Cap-Rang 1001-3000),2026-09-29
GIFT,Giftify Inc.,NASDAQ,Consumer Discretionary,Catalog/Specialty Distribution,United States,23610880.0,False,True,False,Proxy (Market-Cap-Rang 1001-3000),2026-09-29
GIGM,GigaMedia Limited,NASDAQ,Technology,Computer Software: Programming Data Processing,Taiwan,15806906.0,False,True,False,Proxy (Market-Cap-Rang 1001-3000),2026-09-29
GIII,G-III Apparel Group LTD.,NASDAQ,Consumer Discretionary,Apparel,United States,1162810897.0,False,True,True,Proxy (Market-Cap-Rang 1001-3000),2026-09-29
GILD,Gilead Sciences Inc.,NASDAQ,Health Care,Biotechnology: Biological Products (No Diagnostic Substances),United States,187146431544.0,True,True,False,Proxy (Market-Cap-Rang 1001-3000),2026-09-29
GILT,Gilat Satellite Networks Ltd.,NASDAQ,Technology,Radio And Television Broadcasting And Communications Equipment,Israel,765275413.0,False,True,False,Proxy (Market-Cap-Rang 1001-3000),2026-09-29
GIPR,Generation Income Properties Inc.,NASDAQ,Real Estate,Real Estate Investment Trusts,United States,3058375.0,False,True,False,Proxy (Market-Cap-Rang 1001-3000),2026-09-29
GIS,General Mills Inc.,NYSE,Consumer Staples,Packaged Foods,United States,17986875524.0,True,False,False,Proxy (Market-Cap-Rang 1001-3000),2026-09-29
GITS,Global Interactive Technologies Inc.,NASDAQ,Technology,Computer Software: Programming Data Processing,South Korea,8521793.0,False,True,False,Proxy (Market-Cap-Rang 1001-3000),2026-09-29
GIXI,Gix Internet Ltd.,NASDAQ,Technology,Computer Software: Prepackaged Software,Israel,12212520.0,False,True,False,Proxy (Market-Cap-Rang 1001-3000),2026-09-29
GL,Globe Life Inc.,NYSE,Finance,Life Insurance,United States,12836931627.0,True,False,False,Proxy (Market-Cap-Rang 1001-3000),2026-09-29
GLAD,Gladstone Capital Corporation,NASDAQ,Consumer Discretionary,Textiles,United States,437401816.0,False,True,True,Proxy (Market-Cap-Rang 1001-3000),2026-09-29
GLBE,Global-E Online Ltd.,NASDAQ,Technology,Computer Software: Prepackaged Software,Israel,6731218129.0,False,True,False,Proxy (Market-Cap-Rang 1001-3000),2026-09-29
GLBS,Globus Maritime Limited,NASDAQ,Consumer Discretionary,Marine Transportation,Greece,74243115.0,False,True,False,Proxy (Market-Cap-Rang 1001-3000),2026-09-29
GLE,Global Engine Group Holding Limited Class A,NASDAQ,Technology,EDP Services,Hong Kong,9036540.0,False,True,False,Proxy (Market-Cap-Rang 1001-3000),2026-09-29
GLIBA,Liberty Capital Corporation Series A GCI Group,NASDAQ,Telecommunications,Cable & Other Pay Television Services,United States,943753108.0,False,True,True,Proxy (Market-Cap-Rang 1001-3000),2026-09-29
GLIBK,Liberty Capital Corporation Series C GCI Group,NASDAQ,Telecommunications,Cable & Other Pay Television Services,United States,939762609.0,False,True,True,Proxy (Market-Cap-Rang 1001-3000),2026-09-29
GLND,Greenland Energy Company,NASDAQ,Energy,Oil & Gas Production,United States,242265275.0,False,True,True,Proxy (Market-Cap-Rang 1001-3000),2026-09-29
GLNG,Golar Lng Ltd,NASDAQ,Consumer Discretionary,Marine Transportation,Bermuda,5039843585.0,False,True,False,Proxy (Market-Cap-Rang 1001-3000),2026-09-29
GLOB,Globant S.A. Common Shares,NYSE,Technology,EDP Services,United States,1489694682.0,False,False,True,Proxy (Market-Cap-Rang 1001-3000),2026-09-29
GLOO,Gloo Holdings Inc.,NASDAQ,Technology,EDP Services,United States,436603066.0,False,True,True,Proxy (Market-Cap-Rang 1001-3000),2026-09-29
GLPI,Gaming and Leisure Properties Inc.,NASDAQ,Real Estate,Real Estate Investment Trusts,United States,11284788468.0,False,True,False,Proxy (Market-Cap-Rang 1001-3000),2026-09-29
GLRE,Greenlight Capital Re Ltd. Class A,NASDAQ,Finance,Property-Casualty Insurers,Cayman Islands,486029612.0,False,True,False,Proxy (Market-Cap-Rang 1001-3000),2026-09-29
GLSI,Greenwich LifeSciences Inc.,NASDAQ,Health Care,Biotechnology: Pharmaceutical Preparations,United States,267436950.0,False,True,True,Proxy (Market-Cap-Rang 1001-3000),2026-09-29
GLUE,Monte Rosa Therapeutics Inc.,NASDAQ,Health Care,Biotechnology: Biological Products (No Diagnostic Substances),United States,1004138730.0,False,True,True,Proxy (Market-Cap-Rang 1001-3000),2026-09-29
GLW,Corning Incorporated,NYSE,Industrials,Telecommunications Equipment,United States,135014007001.0,True,False,False,Proxy (Market-Cap-Rang 1001-3000),2026-09-29
GLXG,Galaxy Payroll Group Limited Class A,NASDAQ,Industrials,Diversified Commercial Services,Hong Kong,6736512.0,False,True,False,Proxy (Market-Cap-Rang 1001-3000),2026-09-29
GLXY,Galaxy Digital Inc.,NASDAQ,Finance,Investment Bankers/Brokers/Service,United States,9475151542.0,False,True,False,Proxy (Market-Cap-Rang 1001-3000),2026-09-29
GM,General Motors Company,NYSE,Industrials,Auto Manufacturing,United States,72503820833.0,True,False,False,Proxy (Market-Cap-Rang 1001-3000),2026-09-29
GMAB,Genmab A/S ADS,NASDAQ,Health Care,Biotechnology: Pharmaceutical Preparations,Denmark,4537801141.0,False,True,False,Proxy (Market-Cap-Rang 1001-3000),2026-09-29
GMEX,GMEX ROBOTICS CORPORATION Class A,NASDAQ,Consumer Discretionary,Recreational Games/Products/Toys,Australia,0.0,False,True,False,Proxy (Market-Cap-Rang 1001-3000),2026-09-29
GMHS,Gamehaus Holdings Inc. Class A,NASDAQ,Technology,EDP Services,China,39192794.0,False,True,False,Proxy (Market-Cap-Rang 1001-3000),2026-09-29
GMM,Global Mofy AI Limited Class A,NASDAQ,Technology,Computer Software: Programming Data Processing,China,19160729.0,False,True,False,Proxy (Market-Cap-Rang 1001-3000),2026-09-29
GNE,Genie Energy Ltd. Class B Common Stock Stock,NYSE,Utilities,Power Generation,United States,419008398.0,False,False,True,Proxy (Market-Cap-Rang 1001-3000),2026-09-29
GNK,Genco Shipping & Trading Limited Ordinary Shares New (Marshall Islands),NYSE,Consumer Discretionary,Marine Transportation,United States,1137174524.0,False,False,True,Proxy (Market-Cap-Rang 1001-3000),2026-09-29
GNL,Global Net Lease Inc.,NYSE,Real Estate,Real Estate Investment Trusts,United States,1977767677.0,False,False,True,Proxy (Market-Cap-Rang 1001-3000),2026-09-29
GNLN,Greenlane Holdings Inc.,NASDAQ,Consumer Discretionary,Durable Goods,United States,2132250.0,False,True,False,Proxy (Market-Cap-Rang 1001-3000),2026-09-29
GNLX,Genelux Corporation,NASDAQ,Health Care,Biotechnology: Pharmaceutical Preparations,United States,112208431.0,False,True,False,Proxy (Market-Cap-Rang 1001-3000),2026-09-29
GNPX,Genprex Inc.,NASDAQ,Health Care,Biotechnology: Pharmaceutical Preparations,United States,2696843.0,False,True,False,Proxy (Market-Cap-Rang 1001-3000),2026-09-29
GNRC,Generac Holdlings Inc.,NYSE,Consumer Discretionary,Metal Fabrications,United States,12281583979.0,True,False,False,Proxy (Market-Cap-Rang 1001-3000),2026-09-29
GNSS,Genasys Inc.,NASDAQ,Consumer Staples,Consumer Electronics/Appliances,United States,67402173.0,False,True,False,Proxy (Market-Cap-Rang 1001-3000),2026-09-29
GNT,GAMCO Natural Resources Gold & Income Trust,NYSE,Finance,Finance/Investors Services,United States,162214354.0,False,False,True,Proxy (Market-Cap-Rang 1001-3000),2026-09-29
GNTA,Genenta Science S.p.A. American Depositary Shares,NASDAQ,Health Care,Biotechnology: Biological Products (No Diagnostic Substances),Italy,33043013.0,False,True,False,Proxy (Market-Cap-Rang 1001-3000),2026-09-29
GNTX,Gentex Corporation,NASDAQ,Consumer Discretionary,Auto Parts:O.E.M.,United States,4757229614.0,False,True,True,Proxy (Market-Cap-Rang 1001-3000),2026-09-29
GNW,Genworth Financial Inc,NYSE,Finance,Life Insurance,United States,3563135279.0,False,False,True,Proxy (Market-Cap-Rang 1001-3000),2026-09-29
GO,Grocery Outlet Holding Corp.,NASDAQ,Consumer Staples,Food Chains,United States,1096865326.0,False,True,True,Proxy (Market-Cap-Rang 1001-3000),2026-09-29
GOAI,Eva Live Inc.,NASDAQ,Technology,Computer Software: Programming Data Processing,United States,83587753.0,False,True,False,Proxy (Market-Cap-Rang 1001-3000),2026-09-29
GOGO,Gogo Inc.,NASDAQ,Consumer Discretionary,Telecommunications Equipment,United States,311668083.0,False,True,True,Proxy (Market-Cap-Rang 1001-3000),2026-09-29
GOLD,Gold.com Inc.,NYSE,Industrials,Other Specialty Stores,United States,1281351526.0,False,False,True,Proxy (Market-Cap-Rang 1001-3000),2026-09-29
GOLF,Acushnet Holdings Corp.,NYSE,Consumer Discretionary,Recreational Games/Products/Toys,United States,4848786753.0,False,False,True,Proxy (Market-Cap-Rang 1001-3000),2026-09-29
GOOD,Gladstone Commercial Corporation Real Estate Investment Trust,NASDAQ,Real Estate,Real Estate,United States,605093763.0,False,True,True,Proxy (Market-Cap-Rang 1001-3000),2026-09-29
GOOG,Alphabet Inc. Class C Capital Stock,NASDAQ,Technology,Computer Software: Programming Data Processing,United States,4171408400000.0,True,True,False,Proxy (Market-Cap-Rang 1001-3000),2026-09-29
GOOGL,Alphabet Inc.,NASDAQ,Technology,Computer Software: Programming Data Processing,United States,4206141600000.0,True,True,False,Proxy (Market-Cap-Rang 1001-3000),2026-09-29
GOSS,Gossamer Bio Inc.,NASDAQ,Health Care,Biotechnology: Pharmaceutical Preparations,United States,66913318.0,False,True,False,Proxy (Market-Cap-Rang 1001-3000),2026-09-29
GOVX,GeoVax Labs Inc.,NASDAQ,Health Care,Biotechnology: Pharmaceutical Preparations,United States,3546108.0,False,True,False,Proxy (Market-Cap-Rang 1001-3000),2026-09-29
GP,GreenPower Motor Company Inc. Common Shares,NASDAQ,Consumer Discretionary,Construction/Ag Equipment/Trucks,Canada,5195076.0,False,True,False,Proxy (Market-Cap-Rang 1001-3000),2026-09-29
GPAC,General Purpose Acquisition Corp. Class A,NASDAQ,Unknown,Unknown,United States,0.0,False,True,False,Proxy (Market-Cap-Rang 1001-3000),2026-09-29
GPAT,GP-Act III Acquisition Corp. Class A Ordinary Share,NASDAQ,Unknown,Unknown,United States,0.0,False,True,False,Proxy (Market-Cap-Rang 1001-3000),2026-09-29
GPC,Genuine Parts Company,NYSE,Consumer Discretionary,Automotive Aftermarket,United States,17868003234.0,True,False,False,Proxy (Market-Cap-Rang 1001-3000),2026-09-29
GPCR,Structure Therapeutics Inc. American Depositary Shares,NASDAQ,Health Care,Biotechnology: Pharmaceutical Preparations,United States,2562163162.0,False,True,True,Proxy (Market-Cap-Rang 1001-3000),2026-09-29
GPGI,GPGI Inc.,NYSE,Finance,Finance: Consumer Services,United States,3365623852.0,False,False,True,Proxy (Market-Cap-Rang 1001-3000),2026-09-29
GPI,Group 1 Automotive Inc.,NYSE,Consumer Discretionary,Retail-Auto Dealers and Gas Stations,United States,3006546701.0,False,False,True,Proxy (Market-Cap-Rang 1001-3000),2026-09-29
GPK,Graphic Packaging Holding Company,NYSE,Consumer Discretionary,Containers/Packaging,United States,2777151355.0,False,False,True,Proxy (Market-Cap-Rang 1001-3000),2026-09-29
GPN,Global Payments Inc.,NYSE,Consumer Discretionary,Business Services,United States,22886844551.0,True,False,False,Proxy (Market-Cap-Rang 1001-3000),2026-09-29
GPOR,Gulfport Energy Corporation Common Shares,NYSE,Energy,Oil & Gas Production,United States,2734279361.0,False,False,True,Proxy (Market-Cap-Rang 1001-3000),2026-09-29
GPRE,Green Plains Inc.,NASDAQ,Industrials,Major Chemicals,United States,1045822294.0,False,True,True,Proxy (Market-Cap-Rang 1001-3000),2026-09-29
GPRO,GoPro Inc.,NASDAQ,Consumer Discretionary,Industrial Machinery/Components,United States,238010688.0,False,True,True,Proxy (Market-Cap-Rang 1001-3000),2026-09-29
GRAB,Grab Holdings Limited Class A,NASDAQ,Consumer Discretionary,Business Services,Singapore,12834507981.0,False,True,False,Proxy (Market-Cap-Rang 1001-3000),2026-09-29
GRAL,GRAIL Inc. Common Stock ,NASDAQ,Health Care,Medical Specialities,United States,5667698432.0,False,True,False,Proxy (Market-Cap-Rang 1001-3000),2026-09-29
GRAN,Grande Group Limited Class A,NASDAQ,Finance,Finance: Consumer Services,Hong Kong,27645938.0,False,True,False,Proxy (Market-Cap-Rang 1001-3000),2026-09-29
GRBK,Green Brick Partners Inc.,NYSE,Consumer Discretionary,Homebuilding,United States,2958705778.0,False,False,True,Proxy (Market-Cap-Rang 1001-3000),2026-09-29
GRC,Gorman-Rupp Company (The),NYSE,Industrials,Fluid Controls,United States,1959904133.0,False,False,True,Proxy (Market-Cap-Rang 1001-3000),2026-09-29
GRCE,Grace Therapeutics Inc.,NASDAQ,Health Care,Biotechnology: Pharmaceutical Preparations,Canada,44596172.0,False,True,False,Proxy (Market-Cap-Rang 1001-3000),2026-09-29
GRDN,Guardian Pharmacy Services Inc.,NYSE,Consumer Staples,Retail-Drug Stores and Proprietary Stores,United States,2610336348.0,False,False,True,Proxy (Market-Cap-Rang 1001-3000),2026-09-29
GRDX,GridAI Technologies Corp.,NASDAQ,Health Care,Biotechnology: Pharmaceutical Preparations,United States,24459752.0,False,True,False,Proxy (Market-Cap-Rang 1001-3000),2026-09-29
GRFS,Grifols S.A. American Depositary Shares,NASDAQ,Health Care,Biotechnology: Pharmaceutical Preparations,Spain,5053528574.0,False,True,False,Proxy (Market-Cap-Rang 1001-3000),2026-09-29
GRI,GRI Bio Inc.,NASDAQ,Health Care,Biotechnology: Pharmaceutical Preparations,United States,4481536.0,False,True,False,Proxy (Market-Cap-Rang 1001-3000),2026-09-29
GRML,Greenland Mines Ltd.,NASDAQ,Health Care,Biotechnology: Biological Products (No Diagnostic Substances),United States,129405755.0,False,True,False,Proxy (Market-Cap-Rang 1001-3000),2026-09-29
GRMN,Garmin Ltd. Common Stock (Switzerland),NYSE,Industrials,Industrial Machinery/Components,Switzerland,56725644939.0,True,False,False,Proxy (Market-Cap-Rang 1001-3000),2026-09-29
GRNQ,Greenpro Capital Corp.,NASDAQ,Consumer Discretionary,Professional Services,China,19124892.0,False,True,False,Proxy (Market-Cap-Rang 1001-3000),2026-09-29
GRNT,Granite Ridge Resources Inc.,NYSE,Energy,Oil & Gas Production,United States,585637074.0,False,False,True,Proxy (Market-Cap-Rang 1001-3000),2026-09-29
GROW,U.S. Global Investors Inc.,NASDAQ,Finance,Investment Managers,United States,36648624.0,False,True,False,Proxy (Market-Cap-Rang 1001-3000),2026-09-29
GRPN,Groupon Inc.,NASDAQ,Consumer Discretionary,Advertising,United States,866170805.0,False,True,True,Proxy (Market-Cap-Rang 1001-3000),2026-09-29
GRRR,Gorilla Technology Group Inc. Ordinary shares,NASDAQ,Technology,Computer Software: Prepackaged Software,Taiwan,388882211.0,False,True,False,Proxy (Market-Cap-Rang 1001-3000),2026-09-29
GRSD,Grandstand Limited,NASDAQ,Consumer Discretionary,Services-Misc. Amusement & Recreation,Jersey,55102588.0,False,True,False,Proxy (Market-Cap-Rang 1001-3000),2026-09-29
GRVY,GRAVITY Co. Ltd. American Depository Shares,NASDAQ,Technology,EDP Services,South Korea,462171339.0,False,True,False,Proxy (Market-Cap-Rang 1001-3000),2026-09-29
GRWG,GrowGeneration Corp.,NASDAQ,Consumer Discretionary,RETAIL: Building Materials,United States,91915900.0,False,True,False,Proxy (Market-Cap-Rang 1001-3000),2026-09-29
GRX,The Gabelli Healthcare & Wellness Trust Common Shares of Beneficial Interest,NYSE,Finance,Finance/Investors Services,United States,165289049.0,False,False,True,Proxy (Market-Cap-Rang 1001-3000),2026-09-29
GS,Goldman Sachs Group Inc. (The),NYSE,Finance,Investment Bankers/Brokers/Service,United States,272376293614.0,True,False,False,Proxy (Market-Cap-Rang 1001-3000),2026-09-29
GSAT,Globalstar Inc.,NASDAQ,Consumer Discretionary,Telecommunications Equipment,United States,10738213763.0,False,True,False,Proxy (Market-Cap-Rang 1001-3000),2026-09-29
GSBC,Great Southern Bancorp Inc.,NASDAQ,Finance,Major Banks,United States,859922277.0,False,True,True,Proxy (Market-Cap-Rang 1001-3000),2026-09-29
GSBD,Goldman Sachs BDC Inc.,NYSE,Finance,Investment Managers,United States,1073908899.0,False,False,True,Proxy (Market-Cap-Rang 1001-3000),2026-09-29
GSHD,Goosehead Insurance Inc.,NASDAQ,Finance,Specialty Insurers,United States,1606384383.0,False,True,True,Proxy (Market-Cap-Rang 1001-3000),2026-09-29
GSHR,Gesher Acquisition Corp. II Class A,NASDAQ,Unknown,Unknown,United States,0.0,False,True,False,Proxy (Market-Cap-Rang 1001-3000),2026-09-29
GSIT,GSI Technology,NASDAQ,Technology,Semiconductors,United States,215606830.0,False,True,True,Proxy (Market-Cap-Rang 1001-3000),2026-09-29
GSIW,Garden Stage Limited Class A,NASDAQ,Finance,Investment Bankers/Brokers/Service,Hong Kong,150348520.0,False,True,False,Proxy (Market-Cap-Rang 1001-3000),2026-09-29
GSM,Ferroglobe PLC,NASDAQ,Basic Materials,Metal Mining,United Kingdom,760522304.0,False,True,False,Proxy (Market-Cap-Rang 1001-3000),2026-09-29
GSRF,GSR IV Acquisition Corp. Class A ordinary share,NASDAQ,Unknown,Unknown,United States,0.0,False,True,False,Proxy (Market-Cap-Rang 1001-3000),2026-09-29
GSUN,Golden Sun Technology Group Limited Class A,NASDAQ,Real Estate,Other Consumer Services,China,2296611.0,False,True,False,Proxy (Market-Cap-Rang 1001-3000),2026-09-29
GT,The Goodyear Tire & Rubber Company,NASDAQ,Consumer Discretionary,Automotive Aftermarket,United States,1475481027.0,False,True,True,Proxy (Market-Cap-Rang 1001-3000),2026-09-29
GTBP,GT Biopharma Inc.,NASDAQ,Health Care,Biotechnology: Pharmaceutical Preparations,United States,12432171.0,False,True,False,Proxy (Market-Cap-Rang 1001-3000),2026-09-29
GTEC,Greenland Technologies Holding Corporation Class A,NASDAQ,Industrials,Industrial Machinery/Components,China,28933202.0,False,True,False,Proxy (Market-Cap-Rang 1001-3000),2026-09-29
GTEN,Gores Holdings X Inc. Class A ordinary shares,NASDAQ,Unknown,Unknown,United States,0.0,False,True,False,Proxy (Market-Cap-Rang 1001-3000),2026-09-29
GTIM,Good Times Restaurants Inc.,NASDAQ,Consumer Discretionary,Restaurants,United States,15942423.0,False,True,False,Proxy (Market-Cap-Rang 1001-3000),2026-09-29
GTLB,GitLab Inc.,NASDAQ,Technology,Computer Software: Prepackaged Software,United States,7804377000.0,False,True,False,Proxy (Market-Cap-Rang 1001-3000),2026-09-29
GTM,ZoomInfo Technologies Inc,NASDAQ,Technology,Computer Software: Prepackaged Software,United States,1091662673.0,False,True,True,Proxy (Market-Cap-Rang 1001-3000),2026-09-29
GTN,Gray Media Inc.,NYSE,Industrials,Broadcasting,United States,471668474.0,False,False,True,Proxy (Market-Cap-Rang 1001-3000),2026-09-29
GTX,Garrett Motion Inc.,NASDAQ,Consumer Discretionary,Auto Parts:O.E.M.,Switzerland,4796610608.0,False,True,False,Proxy (Market-Cap-Rang 1001-3000),2026-09-29
GTY,Getty Realty Corporation,NYSE,Finance,Real Estate,United States,1774991153.0,False,False,True,Proxy (Market-Cap-Rang 1001-3000),2026-09-29
GURE,Gulf Resources Inc. (NV),NASDAQ,Industrials,Major Chemicals,China,5912111.0,False,True,False,Proxy (Market-Cap-Rang 1001-3000),2026-09-29
GUT,Gabelli Utility Trust (The),NYSE,Finance,Trusts Except Educational Religious and Charitable,United States,433054271.0,False,False,True,Proxy (Market-Cap-Rang 1001-3000),2026-09-29
GUTS,Fractyl Health Inc.,NASDAQ,Health Care,Medical/Dental Instruments,United States,77297734.0,False,True,False,Proxy (Market-Cap-Rang 1001-3000),2026-09-29
GVA,Granite Construction Incorporated,NYSE,Industrials,Military/Government/Technical,United States,5036419811.0,False,False,True,Proxy (Market-Cap-Rang 1001-3000),2026-09-29
GVH,Globavend Holdings Limited,NASDAQ,Industrials,Integrated Freight & Logistics,Australia,4648510.0,False,True,False,Proxy (Market-Cap-Rang 1001-3000),2026-09-29
GWAV,Greenwave Technology Solutions Inc.,NASDAQ,Industrials,Metal Fabrications,United States,7128137.0,False,True,False,Proxy (Market-Cap-Rang 1001-3000),2026-09-29
GWRS,Global Water Resources Inc.,NASDAQ,Utilities,Water Supply,United States,242394898.0,False,True,True,Proxy (Market-Cap-Rang 1001-3000),2026-09-29
GWW,W.W. Grainger Inc.,NYSE,Industrials,Office Equipment/Supplies/Services,United States,58549767972.0,True,False,False,Proxy (Market-Cap-Rang 1001-3000),2026-09-29
GXAI,Gaxos.ai Inc.,NASDAQ,Technology,Computer Software: Prepackaged Software,United States,6294278.0,False,True,False,Proxy (Market-Cap-Rang 1001-3000),2026-09-29
GXO,GXO Logistics Inc. Common Stock ,NYSE,Consumer Discretionary,Transportation Services,United States,5183742971.0,False,False,True,Proxy (Market-Cap-Rang 1001-3000),2026-09-29
GYGY,Game Your Game Inc.,NASDAQ,Technology,Computer Software: Prepackaged Software,United States,10644323.0,False,True,False,Proxy (Market-Cap-Rang 1001-3000),2026-09-29
GYRE,Gyre Therapeutics Inc.,NASDAQ,Health Care,Biotechnology: Pharmaceutical Preparations,United States,819597390.0,False,True,True,Proxy (Market-Cap-Rang 1001-3000),2026-09-29
GYRO,Gyrodyne LLC,NASDAQ,Real Estate,Building operators,United States,10182796.0,False,True,False,Proxy (Market-Cap-Rang 1001-3000),2026-09-29
HAE,Haemonetics Corporation,NYSE,Health Care,Medical/Dental Instruments,United States,4790839470.0,False,False,True,Proxy (Market-Cap-Rang 1001-3000),2026-09-29
HAFC,Hanmi Financial Corporation,NASDAQ,Finance,Major Banks,United States,951741086.0,False,True,True,Proxy (Market-Cap-Rang 1001-3000),2026-09-29
HAIN,Hain Celestial Group Inc. (The),NASDAQ,Consumer Staples,Packaged Foods,United States,45273629.0,False,True,False,Proxy (Market-Cap-Rang 1001-3000),2026-09-29
HAL,Halliburton Company,NYSE,Energy,Oilfield Services/Equipment,United States,27293350823.0,True,False,False,Proxy (Market-Cap-Rang 1001-3000),2026-09-29
HALO,Halozyme Therapeutics Inc.,NASDAQ,Health Care,Biotechnology: Biological Products (No Diagnostic Substances),United States,12927422200.0,False,True,False,Proxy (Market-Cap-Rang 1001-3000),2026-09-29
HAO,Haoxi Health Technology Limited Class A,NASDAQ,Consumer Discretionary,Advertising,China,1061765.0,False,True,False,Proxy (Market-Cap-Rang 1001-3000),2026-09-29
HAPN,Happen Inc.,NASDAQ,Finance,Finance: Consumer Services,United States,1734574184.0,False,True,True,Proxy (Market-Cap-Rang 1001-3000),2026-09-29
HAS,Hasbro Inc.,NASDAQ,Consumer Discretionary,Recreational Games/Products/Toys,United States,12424607098.0,True,True,False,Proxy (Market-Cap-Rang 1001-3000),2026-09-29
HASI,HA Sustainable Infrastructure Capital Inc.,NYSE,Finance,Finance/Investors Services,United States,4682386588.0,False,False,True,Proxy (Market-Cap-Rang 1001-3000),2026-09-29
HAVA,Harvard Ave Acquisition Corporation Class A Ordinary Share,NASDAQ,Unknown,Unknown,South Korea,0.0,False,True,False,Proxy (Market-Cap-Rang 1001-3000),2026-09-29
HAWK,HawkEye 360 Inc.,NYSE,Technology,EDP Services,United States,1577245387.0,False,False,True,Proxy (Market-Cap-Rang 1001-3000),2026-09-29
HAYW,Hayward Holdings Inc.,NYSE,Industrials,Industrial Machinery/Components,United States,2679070321.0,False,False,True,Proxy (Market-Cap-Rang 1001-3000),2026-09-29
HBAN,Huntington Bancshares Incorporated,NASDAQ,Finance,Major Banks,United States,31599287879.0,True,True,False,Proxy (Market-Cap-Rang 1001-3000),2026-09-29
HBB,Hamilton Beach Brands Holding Company Class A Common Stock ,NYSE,Consumer Discretionary,Home Furnishings,United States,500861290.0,False,False,True,Proxy (Market-Cap-Rang 1001-3000),2026-09-29
HBCP,Home Bancorp Inc.,NASDAQ,Finance,Banks,United States,532062700.0,False,True,True,Proxy (Market-Cap-Rang 1001-3000),2026-09-29
HBIO,Harvard Bioscience Inc.,NASDAQ,Industrials,Biotechnology: Laboratory Analytical Instruments,United States,36236348.0,False,True,False,Proxy (Market-Cap-Rang 1001-3000),2026-09-29
HBNB,Hotel101 Global Holdings Corp. Class A,NASDAQ,Consumer Discretionary,Hotels/Resorts,Singapore,1104656265.0,False,True,False,Proxy (Market-Cap-Rang 1001-3000),2026-09-29
HBNC,Horizon Bancorp Inc.,NASDAQ,Finance,Major Banks,United States,989922326.0,False,True,True,Proxy (Market-Cap-Rang 1001-3000),2026-09-29
HBT,HBT Financial Inc.,NASDAQ,Finance,Major Banks,United States,1318253435.0,False,True,True,Proxy (Market-Cap-Rang 1001-3000),2026-09-29
HCA,HCA Healthcare Inc.,NYSE,Health Care,Hospital/Nursing Management,United States,94310218415.0,True,False,False,Proxy (Market-Cap-Rang 1001-3000),2026-09-29
HCAC,Hall Chadwick Acquisition Corp Class A,NASDAQ,Consumer Discretionary,Auto Parts:O.E.M.,Cayman Islands,0.0,False,True,False,Proxy (Market-Cap-Rang 1001-3000),2026-09-29
HCAI,Huachen AI Parking Management Technology Holding Co. Ltd. Class A,NASDAQ,Consumer Discretionary,Miscellaneous manufacturing industries,China,5675995.0,False,True,False,Proxy (Market-Cap-Rang 1001-3000),2026-09-29
HCAT,Health Catalyst Inc,NASDAQ,Technology,Computer Software: Programming Data Processing,United States,130946103.0,False,True,False,Proxy (Market-Cap-Rang 1001-3000),2026-09-29
HCC,Warrior Met Coal Inc.,NYSE,Energy,Coal Mining,United States,4726314807.0,False,False,True,Proxy (Market-Cap-Rang 1001-3000),2026-09-29
HCI,HCI Group Inc.,NYSE,Finance,Property-Casualty Insurers,United States,2176055393.0,False,False,True,Proxy (Market-Cap-Rang 1001-3000),2026-09-29
HCIC,Hennessy Capital Investment Corp. VIII Class A,NASDAQ,Unknown,Unknown,United States,0.0,False,True,False,Proxy (Market-Cap-Rang 1001-3000),2026-09-29
HCKT,Hackett Group Inc (The).,NASDAQ,Consumer Discretionary,Professional Services,United States,249525066.0,False,True,True,Proxy (Market-Cap-Rang 1001-3000),2026-09-29
HCM,HUTCHMED (China) Limited American Depositary Shares,NASDAQ,Health Care,Biotechnology: Pharmaceutical Preparations,Hong Kong,2432049405.0,False,True,False,Proxy (Market-Cap-Rang 1001-3000),2026-09-29
HCMA,HCM III Acquisition Corp. Class A Ordinary Share,NASDAQ,Consumer Discretionary,Hotels/Resorts,United States,399768750.0,False,True,True,Proxy (Market-Cap-Rang 1001-3000),2026-09-29
HCSG,Healthcare Services Group Inc.,NASDAQ,Health Care,Hospital/Nursing Management,United States,1444707852.0,False,True,True,Proxy (Market-Cap-Rang 1001-3000),2026-09-29
HCTI,Healthcare Triangle Inc.,NASDAQ,Technology,EDP Services,United States,11650023.0,False,True,False,Proxy (Market-Cap-Rang 1001-3000),2026-09-29
HCWB,HCW Biologics Inc.,NASDAQ,Health Care,Biotechnology: Pharmaceutical Preparations,United States,3544105.0,False,True,False,Proxy (Market-Cap-Rang 1001-3000),2026-09-29
HD,Home Depot Inc. (The),NYSE,Consumer Discretionary,RETAIL: Building Materials,United States,292522598343.0,True,False,False,Proxy (Market-Cap-Rang 1001-3000),2026-09-29
HDL,SUPER HI INTERNATIONAL HOLDING LTD. American Depositary Shares,NASDAQ,Consumer Discretionary,Restaurants,Singapore,763776176.0,False,True,False,Proxy (Market-Cap-Rang 1001-3000),2026-09-29
HDRN,Hadron Energy Inc. Common Stock  ,NASDAQ,Utilities,Electric Utilities: Central,United States,97953414.0,False,True,False,Proxy (Market-Cap-Rang 1001-3000),2026-09-29
HDSN,Hudson Technologies Inc.,NASDAQ,Consumer Discretionary,Industrial Specialties,United States,217176903.0,False,True,True,Proxy (Market-Cap-Rang 1001-3000),2026-09-29
HE,Hawaiian Electric Industries Inc.,NYSE,Utilities,Electric Utilities: Central,United States,1571824836.0,False,False,True,Proxy (Market-Cap-Rang 1001-3000),2026-09-29
HELE,Helen of Troy Limited,NASDAQ,Consumer Discretionary,Home Furnishings,Bermuda,666851706.0,False,True,False,Proxy (Market-Cap-Rang 1001-3000),2026-09-29
HELP,Cybin Inc.,NASDAQ,Health Care,Biotechnology: Pharmaceutical Preparations,Canada,921307873.0,False,True,False,Proxy (Market-Cap-Rang 1001-3000),2026-09-29
HEPS,D-Market Electronic Services & Trading American Depositary Shares,NASDAQ,Consumer Discretionary,Catalog/Specialty Distribution,Turkey,896635252.0,False,True,False,Proxy (Market-Cap-Rang 1001-3000),2026-09-29
HERE,Here Group Limited American Depositary Shares,NASDAQ,Consumer Discretionary,Recreational Games/Products/Toys,China,91909999.0,False,True,False,Proxy (Market-Cap-Rang 1001-3000),2026-09-29
HERZ,Herzfeld Credit Income Fund Inc.,NASDAQ,Finance,Investment Managers,United States,0.0,False,True,False,Proxy (Market-Cap-Rang 1001-3000),2026-09-29
HESM,Hess Midstream LP Class A Representing Limited Partner Interests,NYSE,Energy,Oil & Gas Production,United States,4909421198.0,False,False,True,Proxy (Market-Cap-Rang 1001-3000),2026-09-29
HFBL,Home Federal Bancorp Inc. of Louisiana,NASDAQ,Finance,Savings Institutions,United States,75736447.0,False,True,False,Proxy (Market-Cap-Rang 1001-3000),2026-09-29
HFFG,HF Foods Group Inc.,NASDAQ,Consumer Discretionary,Food Distributors,United States,88408477.0,False,True,False,Proxy (Market-Cap-Rang 1001-3000),2026-09-29
HFWA,Heritage Financial Corporation,NASDAQ,Finance,Banks,United States,1168957492.0,False,True,True,Proxy (Market-Cap-Rang 1001-3000),2026-09-29
HGBL,Heritage Global Inc.,NASDAQ,Consumer Discretionary,Business Services,United States,46070462.0,False,True,False,Proxy (Market-Cap-Rang 1001-3000),2026-09-29
HGTY,Hagerty Inc.,NYSE,Finance,Specialty Insurers,United States,4669832208.0,False,False,True,Proxy (Market-Cap-Rang 1001-3000),2026-09-29
HGV,Hilton Grand Vacations Inc. Common Stock ,NYSE,Consumer Discretionary,Hotels/Resorts,United States,2780192667.0,False,False,True,Proxy (Market-Cap-Rang 1001-3000),2026-09-29
HHH,Howard Hughes Holdings Inc.,NYSE,Real Estate,Real Estate Investment Trusts,United States,4086710493.0,False,False,True,Proxy (Market-Cap-Rang 1001-3000),2026-09-29
HHS,Harte Hanks Inc.,NASDAQ,Consumer Discretionary,Advertising,United States,34289504.0,False,True,False,Proxy (Market-Cap-Rang 1001-3000),2026-09-29
HIFS,Hingham Institution for Savings,NASDAQ,Finance,Banks,United States,642459132.0,False,True,True,Proxy (Market-Cap-Rang 1001-3000),2026-09-29
HIG,The Hartford Insurance Group Inc.,NYSE,Finance,Property-Casualty Insurers,United States,33650428808.0,True,False,False,Proxy (Market-Cap-Rang 1001-3000),2026-09-29
HIHO,Highway Holdings Limited,NASDAQ,Industrials,Metal Fabrications,Hong Kong,4209350.0,False,True,False,Proxy (Market-Cap-Rang 1001-3000),2026-09-29
HII,Huntington Ingalls Industries Inc.,NYSE,Industrials,Marine Transportation,United States,10403601964.0,True,False,False,Proxy (Market-Cap-Rang 1001-3000),2026-09-29
HIMX,Himax Technologies Inc. American Depositary Shares,NASDAQ,Technology,Semiconductors,Taiwan,2518710198.0,False,True,False,Proxy (Market-Cap-Rang 1001-3000),2026-09-29
HIND,Vyome Holdings Inc.,NASDAQ,Health Care,Biotechnology: Pharmaceutical Preparations,United States,14317797.0,False,True,False,Proxy (Market-Cap-Rang 1001-3000),2026-09-29
HIPO,Hippo Holdings Inc.,NYSE,Finance,Property-Casualty Insurers,United States,807778952.0,False,False,True,Proxy (Market-Cap-Rang 1001-3000),2026-09-29
HIT,Health In Tech Inc.,NASDAQ,Finance,Specialty Insurers,United States,56246278.0,False,True,False,Proxy (Market-Cap-Rang 1001-3000),2026-09-29
HITI,High Tide Inc. Common Shares,NASDAQ,Consumer Discretionary,Other Specialty Stores,Canada,248707893.0,False,True,False,Proxy (Market-Cap-Rang 1001-3000),2026-09-29
HIVE,HIVE Digital Technologies Ltd. Common Shares,NASDAQ,Finance,Finance: Consumer Services,Canada,866716388.0,False,True,False,Proxy (Market-Cap-Rang 1001-3000),2026-09-29
HIW,Highwoods Properties Inc.,NYSE,Real Estate,Real Estate Investment Trusts,United States,3319113889.0,False,False,True,Proxy (Market-Cap-Rang 1001-3000),2026-09-29
HKIT,Hitek Global Inc. Class A Ordinary Share,NASDAQ,Technology,Computer Software: Prepackaged Software,China,25896557.0,False,True,False,Proxy (Market-Cap-Rang 1001-3000),2026-09-29
HKPD,Cellyan Biotechnology Co. Ltd Class A,NASDAQ,Health Care,Other Pharmaceuticals,Hong Kong,5422295.0,False,True,False,Proxy (Market-Cap-Rang 1001-3000),2026-09-29
HLIO,Helios Technologies Inc.,NYSE,Industrials,Metal Fabrications,United States,2261727605.0,False,False,True,Proxy (Market-Cap-Rang 1001-3000),2026-09-29
HLIT,Harmonic Inc.,NASDAQ,Technology,Radio And Television Broadcasting And Communications Equipment,United States,1200821559.0,False,True,True,Proxy (Market-Cap-Rang 1001-3000),2026-09-29
HLLY,Holley Inc.,NYSE,Consumer Discretionary,Auto Parts:O.E.M.,United States,299448333.0,False,False,True,Proxy (Market-Cap-Rang 1001-3000),2026-09-29
HLMN,Hillman Solutions Corp.,NASDAQ,Consumer Discretionary,Industrial Machinery/Components,United States,1371542243.0,False,True,True,Proxy (Market-Cap-Rang 1001-3000),2026-09-29
HLNE,Hamilton Lane Incorporated,NASDAQ,Finance,Investment Managers,United States,4751088102.0,False,True,True,Proxy (Market-Cap-Rang 1001-3000),2026-09-29
HLP,Hongli Group Inc. Class A,NASDAQ,Industrials,Industrial Machinery/Components,China,165172638.0,False,True,False,Proxy (Market-Cap-Rang 1001-3000),2026-09-29
HLT,Hilton Worldwide Holdings Inc. Common Stock ,NYSE,Consumer Discretionary,Hotels/Resorts,United States,70661379144.0,True,False,False,Proxy (Market-Cap-Rang 1001-3000),2026-09-29
HLXC,Helix Acquisition Corp. III Class A,NASDAQ,Unknown,Unknown,United States,0.0,False,True,False,Proxy (Market-Cap-Rang 1001-3000),2026-09-29
HMH,HMH Holding Inc.,NASDAQ,Consumer Discretionary,Oil and Gas Field Machinery,United States,841780747.0,False,True,True,Proxy (Market-Cap-Rang 1001-3000),2026-09-29
HMN,Horace Mann Educators Corporation,NYSE,Finance,Property-Casualty Insurers,United States,1836722799.0,False,False,True,Proxy (Market-Cap-Rang 1001-3000),2026-09-29
HMR,Heidmar Maritime Holdings Corp.,NASDAQ,Consumer Discretionary,Marine Transportation,Greece,104415835.0,False,True,False,Proxy (Market-Cap-Rang 1001-3000),2026-09-29
HNI,HNI Corporation,NYSE,Consumer Discretionary,Office Equipment/Supplies/Services,United States,3407702778.0,False,False,True,Proxy (Market-Cap-Rang 1001-3000),2026-09-29
HNNA,Hennessy Advisors Inc.,NASDAQ,Finance,Investment Managers,United States,80466894.0,False,True,False,Proxy (Market-Cap-Rang 1001-3000),2026-09-29
HNRG,Hallador Energy Company,NASDAQ,Utilities,Electric Utilities: Central,United States,693950215.0,False,True,True,Proxy (Market-Cap-Rang 1001-3000),2026-09-29
HNST,The Honest Company Inc.,NASDAQ,Consumer Discretionary,Catalog/Specialty Distribution,United States,567534365.0,False,True,True,Proxy (Market-Cap-Rang 1001-3000),2026-09-29
HNVR,Hanover Bancorp Inc.,NASDAQ,Finance,Major Banks,United States,187039290.0,False,True,True,Proxy (Market-Cap-Rang 1001-3000),2026-09-29
HODO,House of Doge Inc.,NASDAQ,Finance,Finance: Consumer Services,United States,15129262.0,False,True,False,Proxy (Market-Cap-Rang 1001-3000),2026-09-29
HOFT,Hooker Furnishings Corporation,NASDAQ,Consumer Discretionary,Home Furnishings,United States,140495469.0,False,True,False,Proxy (Market-Cap-Rang 1001-3000),2026-09-29
HOG,Harley-Davidson Inc.,NYSE,Consumer Discretionary,Motor Vehicles,United States,2648645303.0,False,False,True,Proxy (Market-Cap-Rang 1001-3000),2026-09-29
HOLO,MicroCloud Hologram Inc.,NASDAQ,Technology,Computer Software: Programming Data Processing,United States,38263641.0,False,True,False,Proxy (Market-Cap-Rang 1001-3000),2026-09-29
HON,Honeywell International Inc.,NASDAQ,Industrials,Aerospace,United States,67365599126.0,True,True,False,Proxy (Market-Cap-Rang 1001-3000),2026-09-29
HONA,Honeywell Aerospace Inc. Common Stock ,NASDAQ,Industrials,Aerospace,United States,50325753676.0,True,True,False,Proxy (Market-Cap-Rang 1001-3000),2026-09-29
HOOD,Robinhood Markets Inc.,NASDAQ,Finance,Investment Bankers/Brokers/Service,United States,107350423396.0,True,True,False,Proxy (Market-Cap-Rang 1001-3000),2026-09-29
HOPE,Hope Bancorp Inc.,NASDAQ,Finance,Major Banks,United States,1766669592.0,False,True,True,Proxy (Market-Cap-Rang 1001-3000),2026-09-29
HOS,Hornbeck Offshore Services Inc.,NYSE,Energy,Oilfield Services/Equipment,United States,1819544348.0,False,False,True,Proxy (Market-Cap-Rang 1001-3000),2026-09-29
HOUR,Hour Loop Inc.,NASDAQ,Consumer Discretionary,Catalog/Specialty Distribution,United States,61247687.0,False,True,False,Proxy (Market-Cap-Rang 1001-3000),2026-09-29
HOV,Hovnanian Enterprises Inc.,NYSE,Consumer Discretionary,Homebuilding,United States,686281334.0,False,False,True,Proxy (Market-Cap-Rang 1001-3000),2026-09-29
HOVNP,Hovnanian Enterprises Inc Dep Shr Srs A Pfd,NASDAQ,Consumer Discretionary,Homebuilding,United States,110853358.0,False,True,False,Proxy (Market-Cap-Rang 1001-3000),2026-09-29
HOVR,New Horizon Aircraft Ltd. Class A Ordinary Share,NASDAQ,Industrials,Aerospace,United States,116124418.0,False,True,False,Proxy (Market-Cap-Rang 1001-3000),2026-09-29
HOWL,Werewolf Therapeutics Inc.,NASDAQ,Health Care,Biotechnology: Pharmaceutical Preparations,United States,46650243.0,False,True,False,Proxy (Market-Cap-Rang 1001-3000),2026-09-29
HP,Helmerich & Payne Inc.,NYSE,Energy,Oil & Gas Production,United States,3854645109.0,False,False,True,Proxy (Market-Cap-Rang 1001-3000),2026-09-29
HPAI,Helport AI Limited,NASDAQ,Technology,Computer Software: Prepackaged Software,Singapore,11843718.0,False,True,False,Proxy (Market-Cap-Rang 1001-3000),2026-09-29
HPE,Hewlett Packard Enterprise Company,NYSE,Technology,Retail: Computer Software & Peripheral Equipment,United States,83550633190.0,True,False,False,Proxy (Market-Cap-Rang 1001-3000),2026-09-29
HPK,HighPeak Energy Inc.,NASDAQ,Energy,Oil & Gas Production,United States,955983198.0,False,True,True,Proxy (Market-Cap-Rang 1001-3000),2026-09-29
HPP,Hudson Pacific Properties Inc.,NYSE,Finance,Real Estate,United States,632230833.0,False,False,True,Proxy (Market-Cap-Rang 1001-3000),2026-09-29
HPQ,HP Inc.,NYSE,Technology,Computer Manufacturing,United States,28226057330.0,True,False,False,Proxy (Market-Cap-Rang 1001-3000),2026-09-29
HQ,Horizon Quantum Holdings Ltd. Class A,NASDAQ,Technology,EDP Services,Singapore,841424727.0,False,True,False,Proxy (Market-Cap-Rang 1001-3000),2026-09-29
HQH,abrdn Healthcare Investors Shares of Beneficial Interest,NYSE,Finance,Finance Companies,United States,1005580740.0,False,False,True,Proxy (Market-Cap-Rang 1001-3000),2026-09-29
HQI,HireQuest Inc. Common Stock (DE),NASDAQ,Consumer Discretionary,Professional Services,United States,278556000.0,False,True,True,Proxy (Market-Cap-Rang 1001-3000),2026-09-29
HQL,abrdn Life Sciences Investors Shares of Beneficial Interest,NYSE,Finance,Investment Managers,United States,487142695.0,False,False,True,Proxy (Market-Cap-Rang 1001-3000),2026-09-29
HQY,HealthEquity Inc.,NASDAQ,Consumer Discretionary,Business Services,United States,7299624872.0,False,True,False,Proxy (Market-Cap-Rang 1001-3000),2026-09-29
HRB,H&R Block Inc.,NYSE,Consumer Discretionary,Other Consumer Services,United States,5200589249.0,False,False,True,Proxy (Market-Cap-Rang 1001-3000),2026-09-29
HRI,Herc Holdings Inc. Common Stock ,NYSE,Industrials,Misc Corporate Leasing Services,United States,4525280260.0,False,False,True,Proxy (Market-Cap-Rang 1001-3000),2026-09-29
HRL,Hormel Foods Corporation,NYSE,Consumer Staples,Meat/Poultry/Fish,United States,10847414268.0,True,False,False,Proxy (Market-Cap-Rang 1001-3000),2026-09-29
HRMY,Harmony Biosciences Holdings Inc.,NASDAQ,Health Care,Biotechnology: Pharmaceutical Preparations,United States,2402833575.0,False,True,True,Proxy (Market-Cap-Rang 1001-3000),2026-09-29
HROW,Harrow Inc.,NASDAQ,Health Care,Biotechnology: Pharmaceutical Preparations,United States,1239723200.0,False,True,True,Proxy (Market-Cap-Rang 1001-3000),2026-09-29
HRTG,Heritage Insurance Holdings Inc.,NYSE,Finance,Property-Casualty Insurers,United States,989197480.0,False,False,True,Proxy (Market-Cap-Rang 1001-3000),2026-09-29
HRTX,Heron Therapeutics Inc.,NASDAQ,Health Care,Biotechnology: Pharmaceutical Preparations,United States,55854549.0,False,True,False,Proxy (Market-Cap-Rang 1001-3000),2026-09-29
HRZN,Horizon Technology Finance Corporation,NASDAQ,Finance,Finance: Consumer Services,United States,310366999.0,False,True,True,Proxy (Market-Cap-Rang 1001-3000),2026-09-29
HSAI,Hesai Group American Depositary Share,NASDAQ,Industrials,Industrial Machinery/Components,China,2553560929.0,False,True,False,Proxy (Market-Cap-Rang 1001-3000),2026-09-29
HSCS,HeartSciences Inc.,NASDAQ,Health Care,Industrial Specialties,United States,22704814.0,False,True,False,Proxy (Market-Cap-Rang 1001-3000),2026-09-29
HSDT,Solana Company Class A Common Stock (DE),NASDAQ,Health Care,Biotechnology: Electromedical & Electrotherapeutic Apparatus,United States,177748587.0,False,True,True,Proxy (Market-Cap-Rang 1001-3000),2026-09-29
HSIC,Henry Schein Inc.,NASDAQ,Health Care,Medical Specialities,United States,9625637833.0,True,True,False,Proxy (Market-Cap-Rang 1001-3000),2026-09-29
HST,Host Hotels & Resorts Inc.,NASDAQ,Real Estate,Real Estate Investment Trusts,United States,15360489026.0,True,True,False,Proxy (Market-Cap-Rang 1001-3000),2026-09-29
HSTM,HealthStream Inc.,NASDAQ,Technology,Computer Software: Programming Data Processing,United States,890340312.0,False,True,True,Proxy (Market-Cap-Rang 1001-3000),2026-09-29
HSY,The Hershey Company,NYSE,Consumer Staples,Specialty Foods,United States,33428001555.0,True,False,False,Proxy (Market-Cap-Rang 1001-3000),2026-09-29
HTB,HomeTrust Bancshares Inc.,NYSE,Finance,Savings Institutions,United States,771057984.0,False,False,True,Proxy (Market-Cap-Rang 1001-3000),2026-09-29
HTCO,High-Trend International Group Class A,NASDAQ,Consumer Discretionary,Marine Transportation,Singapore,15402139.0,False,True,False,Proxy (Market-Cap-Rang 1001-3000),2026-09-29
HTCR,Heartcore Enterprises Inc.,NASDAQ,Technology,EDP Services,Japan,3236286.0,False,True,False,Proxy (Market-Cap-Rang 1001-3000),2026-09-29
HTFL,Heartflow Inc.,NASDAQ,Health Care,Medical/Dental Instruments,United States,4275509840.0,False,True,True,Proxy (Market-Cap-Rang 1001-3000),2026-09-29
HTGC,Hercules Capital Inc.,NYSE,Finance,Investment Managers,United States,3176173080.0,False,False,True,Proxy (Market-Cap-Rang 1001-3000),2026-09-29
HTH,Hilltop Holdings Inc.,NYSE,Finance,Major Banks,United States,2208964240.0,False,False,True,Proxy (Market-Cap-Rang 1001-3000),2026-09-29
HTHT,H World Group Limited American Depositary Shares,NASDAQ,Consumer Discretionary,Hotels/Resorts,China,12916000398.0,False,True,False,Proxy (Market-Cap-Rang 1001-3000),2026-09-29
HTLD,Heartland Express Inc.,NASDAQ,Industrials,Trucking Freight/Courier Services,United States,873858504.0,False,True,True,Proxy (Market-Cap-Rang 1001-3000),2026-09-29
HTLM,HomesToLife Ltd,NASDAQ,Consumer Discretionary,Other Specialty Stores,Singapore,159643750.0,False,True,False,Proxy (Market-Cap-Rang 1001-3000),2026-09-29
HTO,H2O America,NASDAQ,Utilities,Water Supply,United States,2606423185.0,False,True,True,Proxy (Market-Cap-Rang 1001-3000),2026-09-29
HTOO,Fusion Fuel Green PLC Class A,NASDAQ,Technology,Industrial Machinery/Components,Ireland,15333168.0,False,True,False,Proxy (Market-Cap-Rang 1001-3000),2026-09-29
HTZ,Hertz Global Holdings Inc,NASDAQ,Consumer Discretionary,Rental/Leasing Companies,United States,620225424.0,False,True,True,Proxy (Market-Cap-Rang 1001-3000),2026-09-29
HUBB,Hubbell Inc,NYSE,Technology,Electrical Products,United States,24652734280.0,True,False,False,Proxy (Market-Cap-Rang 1001-3000),2026-09-29
HUBC,Hub Cyber Security Ltd.,NASDAQ,Telecommunications,Computer Communications Equipment,Israel,2540387.0,False,True,False,Proxy (Market-Cap-Rang 1001-3000),2026-09-29
HUBG,Hub Group Inc.,NASDAQ,Industrials,Integrated Freight & Logistics,United States,1855397493.0,False,True,True,Proxy (Market-Cap-Rang 1001-3000),2026-09-29
HUCK,Huckleberry.ai Inc.,NASDAQ,Technology,Computer Software: Prepackaged Software,United States,158511863.0,False,True,True,Proxy (Market-Cap-Rang 1001-3000),2026-09-29
HUDI,Huadi International Group Co. Ltd.,NASDAQ,Industrials,Steel/Iron Ore,China,10407181.0,False,True,False,Proxy (Market-Cap-Rang 1001-3000),2026-09-29
HUHU,HUHUTECH International Group Inc.,NASDAQ,Telecommunications,Metal Fabrications,China,135371807.0,False,True,False,Proxy (Market-Cap-Rang 1001-3000),2026-09-29
HUIZ,Huize Holding Limited American Depositary Shares,NASDAQ,Finance,Specialty Insurers,China,13340020.0,False,True,False,Proxy (Market-Cap-Rang 1001-3000),2026-09-29
HUM,Humana Inc.,NYSE,Health Care,Medical Specialities,United States,47783556962.0,True,False,False,Proxy (Market-Cap-Rang 1001-3000),2026-09-29
HUMA,Humacyte Inc.,NASDAQ,Health Care,Biotechnology: Biological Products (No Diagnostic Substances),United States,154816884.0,False,True,True,Proxy (Market-Cap-Rang 1001-3000),2026-09-29
HUN,Huntsman Corporation,NYSE,Industrials,Major Chemicals,United States,1560869682.0,False,False,True,Proxy (Market-Cap-Rang 1001-3000),2026-09-29
HURA,TuHURA Biosciences Inc.,NASDAQ,Health Care,Biotechnology: Pharmaceutical Preparations,United States,133825896.0,False,True,False,Proxy (Market-Cap-Rang 1001-3000),2026-09-29
HURC,Hurco Companies Inc.,NASDAQ,Industrials,Industrial Machinery/Components,United States,140212371.0,False,True,False,Proxy (Market-Cap-Rang 1001-3000),2026-09-29
HURN,Huron Consulting Group Inc.,NASDAQ,Consumer Discretionary,Professional Services,United States,2513473175.0,False,True,True,Proxy (Market-Cap-Rang 1001-3000),2026-09-29
HUT,Hut 8 Corp.,NASDAQ,Finance,Finance: Consumer Services,United States,11933981692.0,False,True,False,Proxy (Market-Cap-Rang 1001-3000),2026-09-29
HUYA,HUYA Inc. American depositary shares each  representing one Class A ordinary share,NYSE,Technology,Computer Software: Programming Data Processing,United States,525242014.0,False,False,True,Proxy (Market-Cap-Rang 1001-3000),2026-09-29
HVMC,Highview Merger Corp. Class A Ordinary Share,NASDAQ,Unknown,Unknown,United States,0.0,False,True,False,Proxy (Market-Cap-Rang 1001-3000),2026-09-29
HVT,Haverty Furniture Companies Inc.,NYSE,Consumer Discretionary,Other Specialty Stores,United States,435841847.0,False,False,True,Proxy (Market-Cap-Rang 1001-3000),2026-09-29
HWBK,Hawthorn Bancshares Inc.,NASDAQ,Finance,Major Banks,United States,263329872.0,False,True,True,Proxy (Market-Cap-Rang 1001-3000),2026-09-29
HWC,Hancock Whitney Corporation,NASDAQ,Finance,Major Banks,United States,5924472833.0,False,True,False,Proxy (Market-Cap-Rang 1001-3000),2026-09-29
HWKN,Hawkins Inc.,NASDAQ,Consumer Discretionary,Specialty Chemicals,United States,2693516347.0,False,True,True,Proxy (Market-Cap-Rang 1001-3000),2026-09-29
HWM,Howmet Aerospace Inc.,NYSE,Industrials,Metal Fabrications,United States,92713349240.0,True,False,False,Proxy (Market-Cap-Rang 1001-3000),2026-09-29
HXHX,Haoxin Holdings Limited Class A,NASDAQ,Industrials,Trucking Freight/Courier Services,China,6328128.0,False,True,False,Proxy (Market-Cap-Rang 1001-3000),2026-09-29
HY,Hyster-Yale Inc. Class A common stock,NYSE,Industrials,Construction/Ag Equipment/Trucks,United States,555304085.0,False,False,True,Proxy (Market-Cap-Rang 1001-3000),2026-09-29
HYFM,Hydrofarm Holdings Group Inc.,NASDAQ,Consumer Discretionary,Consumer Specialties,United States,4690165.0,False,True,False,Proxy (Market-Cap-Rang 1001-3000),2026-09-29
HYFT,MindWalk Holdings Corp.,NASDAQ,Health Care,Biotechnology: Pharmaceutical Preparations,Canada,65014102.0,False,True,False,Proxy (Market-Cap-Rang 1001-3000),2026-09-29
HYLN,Hyliion Holdings Corp.,AMEX,Consumer Discretionary,Construction/Ag Equipment/Trucks,United States,753680260.0,False,False,True,Proxy (Market-Cap-Rang 1001-3000),2026-09-29
HYMC,Hycroft Mining Holding Corporation,NASDAQ,Basic Materials,Precious Metals,United States,2001542508.0,False,True,True,Proxy (Market-Cap-Rang 1001-3000),2026-09-29
HYNE,Hoyne Bancorp Inc.,NASDAQ,Finance,Banks,United States,133032691.0,False,True,False,Proxy (Market-Cap-Rang 1001-3000),2026-09-29
HYPD,Hyperion DeFi Inc.,NASDAQ,Health Care,Biotechnology: Pharmaceutical Preparations,United States,62779313.0,False,True,False,Proxy (Market-Cap-Rang 1001-3000),2026-09-29
HYPR,Hyperfine Inc.,NASDAQ,Health Care,Biotechnology: Electromedical & Electrotherapeutic Apparatus,United States,86249382.0,False,True,False,Proxy (Market-Cap-Rang 1001-3000),2026-09-29
HZO,MarineMax Inc.  (FL),NYSE,Consumer Discretionary,Auto & Home Supply Stores,United States,1158228960.0,False,False,True,Proxy (Market-Cap-Rang 1001-3000),2026-09-29
IA,Innovative Solutions and Support Inc.,NASDAQ,Technology,EDP Services,United States,338115378.0,False,True,True,Proxy (Market-Cap-Rang 1001-3000),2026-09-29
IART,Integra LifeSciences Holdings Corporation,NASDAQ,Health Care,Medical/Dental Instruments,United States,1253692797.0,False,True,True,Proxy (Market-Cap-Rang 1001-3000),2026-09-29
IBCP,Independent Bank Corporation,NASDAQ,Finance,Major Banks,United States,795400740.0,False,True,True,Proxy (Market-Cap-Rang 1001-3000),2026-09-29
IBEX,IBEX Limited Common Shares,NASDAQ,Technology,EDP Services,Bermuda,591297572.0,False,True,False,Proxy (Market-Cap-Rang 1001-3000),2026-09-29
IBG,Innovation Beverage Group Limited,NASDAQ,Consumer Staples,Beverages (Production/Distribution),Australia,4031021.0,False,True,False,Proxy (Market-Cap-Rang 1001-3000),2026-09-29
IBIO,iBio Inc.,NASDAQ,Health Care,Biotechnology: Pharmaceutical Preparations,United States,76525635.0,False,True,False,Proxy (Market-Cap-Rang 1001-3000),2026-09-29
IBKR,Interactive Brokers Group Inc.,NASDAQ,Finance,Investment Bankers/Brokers/Service,United States,40432695980.0,True,True,False,Proxy (Market-Cap-Rang 1001-3000),2026-09-29
IBM,International Business Machines Corporation,NYSE,Technology,Computer Manufacturing,United States,212460726289.0,True,False,False,Proxy (Market-Cap-Rang 1001-3000),2026-09-29
IBOC,International Bancshares Corporation,NASDAQ,Finance,Major Banks,United States,4349674489.0,False,True,True,Proxy (Market-Cap-Rang 1001-3000),2026-09-29
IBP,Installed Building Products Inc.,NYSE,Consumer Discretionary,Homebuilding,United States,5321948611.0,False,False,True,Proxy (Market-Cap-Rang 1001-3000),2026-09-29
IBRX,ImmunityBio Inc.,NASDAQ,Health Care,Biotechnology: Biological Products (No Diagnostic Substances),United States,8945018144.0,False,True,False,Proxy (Market-Cap-Rang 1001-3000),2026-09-29
IBTA,Ibotta Inc.,NYSE,Consumer Discretionary,Advertising,United States,951344351.0,False,False,True,Proxy (Market-Cap-Rang 1001-3000),2026-09-29
ICCC,ImmuCell Corporation,NASDAQ,Health Care,Biotechnology: In Vitro & In Vivo Diagnostic Substances,United States,90140805.0,False,True,False,Proxy (Market-Cap-Rang 1001-3000),2026-09-29
ICCM,IceCure Medical Ltd.,NASDAQ,Health Care,Medical/Dental Instruments,Israel,5927629.0,False,True,False,Proxy (Market-Cap-Rang 1001-3000),2026-09-29
ICE,Intercontinental Exchange Inc.,NYSE,Finance,Investment Bankers/Brokers/Service,United States,86628783289.0,True,False,False,Proxy (Market-Cap-Rang 1001-3000),2026-09-29
ICFI,ICF International Inc.,NASDAQ,Consumer Discretionary,Professional Services,United States,1498555347.0,False,True,True,Proxy (Market-Cap-Rang 1001-3000),2026-09-29
ICG,Intchains Group Limited American Depositary Shares,NASDAQ,Technology,Semiconductors,China,106409737.0,False,True,False,Proxy (Market-Cap-Rang 1001-3000),2026-09-29
ICHR,Ichor Holdings,NASDAQ,Technology,Semiconductors,United States,2170098028.0,False,True,True,Proxy (Market-Cap-Rang 1001-3000),2026-09-29
ICLR,ICON plc,NASDAQ,Health Care,Biotechnology: Commercial Physical & Biological Resarch,Ireland,13194847117.0,False,True,False,Proxy (Market-Cap-Rang 1001-3000),2026-09-29
ICMB,Investcorp Credit Management BDC Inc.,NASDAQ,Finance,Finance: Consumer Services,United States,12411926.0,False,True,False,Proxy (Market-Cap-Rang 1001-3000),2026-09-29
ICON,Icon Energy Corp. Common stock,NASDAQ,Consumer Discretionary,Marine Transportation,Greece,3759314.0,False,True,False,Proxy (Market-Cap-Rang 1001-3000),2026-09-29
ICU,SeaStar Medical Holding Corporation,NASDAQ,Health Care,Medical/Dental Instruments,United States,15071396.0,False,True,False,Proxy (Market-Cap-Rang 1001-3000),2026-09-29
ICUI,ICU Medical Inc.,NASDAQ,Health Care,Medical/Dental Instruments,United States,4124910918.0,False,True,True,Proxy (Market-Cap-Rang 1001-3000),2026-09-29
IDAC,Iron Dome Acquisition I Corp. Class A,NASDAQ,Unknown,Unknown,United States,0.0,False,True,False,Proxy (Market-Cap-Rang 1001-3000),2026-09-29
IDAI,T Stamp Inc.,NASDAQ,Technology,Computer Software: Prepackaged Software,United States,17142881.0,False,True,False,Proxy (Market-Cap-Rang 1001-3000),2026-09-29
IDCC,InterDigital Inc.,NASDAQ,Miscellaneous,Multi-Sector Companies,United States,8624625599.0,False,True,False,Proxy (Market-Cap-Rang 1001-3000),2026-09-29
IDN,Intellicheck Inc.,NASDAQ,Technology,Computer Software: Prepackaged Software,United States,48437516.0,False,True,False,Proxy (Market-Cap-Rang 1001-3000),2026-09-29
IDR,Idaho Strategic Resources Inc.,AMEX,Basic Materials,Precious Metals,United States,480957306.0,False,False,True,Proxy (Market-Cap-Rang 1001-3000),2026-09-29
IDT,IDT Corporation,NYSE,Telecommunications,Telecommunications Equipment,United States,1677633462.0,False,False,True,Proxy (Market-Cap-Rang 1001-3000),2026-09-29
IDXX,IDEXX Laboratories Inc.,NASDAQ,Health Care,Biotechnology: In Vitro & In Vivo Diagnostic Substances,United States,40907882294.0,True,True,False,Proxy (Market-Cap-Rang 1001-3000),2026-09-29
IDYA,IDEAYA Biosciences Inc.,NASDAQ,Health Care,Biotechnology: Pharmaceutical Preparations,United States,3540199168.0,False,True,True,Proxy (Market-Cap-Rang 1001-3000),2026-09-29
IEP,Icahn Enterprises L.P.,NASDAQ,Energy,Integrated oil Companies,United States,4947969047.0,False,True,True,Proxy (Market-Cap-Rang 1001-3000),2026-09-29
IESC,IES Holdings Inc.,NASDAQ,Industrials,Engineering & Construction,United States,12916163021.0,False,True,False,Proxy (Market-Cap-Rang 1001-3000),2026-09-29
IEX,IDEX Corporation,NYSE,Industrials,Fluid Controls,United States,16961473672.0,True,False,False,Proxy (Market-Cap-Rang 1001-3000),2026-09-29
IFBD,Infobird Co. Ltd,NASDAQ,Technology,Computer Software: Prepackaged Software,China,10972689.0,False,True,False,Proxy (Market-Cap-Rang 1001-3000),2026-09-29
IFF,International Flavors & Fragrances Inc.,NYSE,Industrials,Major Chemicals,United States,21863800329.0,True,False,False,Proxy (Market-Cap-Rang 1001-3000),2026-09-29
IFRX,InflaRx N.V.,NASDAQ,Health Care,Biotechnology: Pharmaceutical Preparations,Germany,278525938.0,False,True,False,Proxy (Market-Cap-Rang 1001-3000),2026-09-29
IGIC,International General Insurance Holdings Ltd. Ordinary Share,NASDAQ,Finance,Property-Casualty Insurers,Jordan,1054346936.0,False,True,False,Proxy (Market-Cap-Rang 1001-3000),2026-09-29
IHRT,iHeartMedia Inc.,NASDAQ,Consumer Discretionary,Broadcasting,United States,306171001.0,False,True,True,Proxy (Market-Cap-Rang 1001-3000),2026-09-29
III,Information Services Group Inc.,NASDAQ,Consumer Discretionary,Professional Services,United States,254654810.0,False,True,True,Proxy (Market-Cap-Rang 1001-3000),2026-09-29
IIIN,Insteel Industries Inc.,NYSE,Industrials,Steel/Iron Ore,United States,570681122.0,False,False,True,Proxy (Market-Cap-Rang 1001-3000),2026-09-29
IIIV,i3 Verticals Inc.,NASDAQ,Technology,Computer Software: Prepackaged Software,United States,391671494.0,False,True,True,Proxy (Market-Cap-Rang 1001-3000),2026-09-29
IIM,Invesco Value Municipal Income Trust,NYSE,Finance,Investment Managers,United States,517752829.0,False,False,True,Proxy (Market-Cap-Rang 1001-3000),2026-09-29
IIPR,Innovative Industrial Properties Inc.,NYSE,Finance,Real Estate,United States,1530761296.0,False,False,True,Proxy (Market-Cap-Rang 1001-3000),2026-09-29
IKT,Inhibikase Therapeutics Inc.,NASDAQ,Health Care,Biotechnology: Biological Products (No Diagnostic Substances),United States,287443954.0,False,True,True,Proxy (Market-Cap-Rang 1001-3000),2026-09-29
ILAG,Intelligent Living Application Group Inc.,NASDAQ,Consumer Discretionary,Office Equipment/Supplies/Services,Hong Kong,6023149.0,False,True,False,Proxy (Market-Cap-Rang 1001-3000),2026-09-29
ILLR,Triller Group Inc.,NASDAQ,Finance,Investment Managers,United States,7090683.0,False,True,False,Proxy (Market-Cap-Rang 1001-3000),2026-09-29
ILMN,Illumina Inc.,NASDAQ,Health Care,Medical Specialities,United States,40770000000.0,True,True,False,Proxy (Market-Cap-Rang 1001-3000),2026-09-29
ILPT,Industrial Logistics Properties Trust Common Shares of Beneficial Interest,NASDAQ,Real Estate,Real Estate Investment Trusts,United States,491917143.0,False,True,True,Proxy (Market-Cap-Rang 1001-3000),2026-09-29
IMA,ImageneBio Inc.,NASDAQ,Health Care,Biotechnology: Biological Products (No Diagnostic Substances),United States,53578872.0,False,True,False,Proxy (Market-Cap-Rang 1001-3000),2026-09-29
IMCC,IM Cannabis Corp. Common Shares,NASDAQ,Health Care, Medicinal Chemicals and Botanical Products ,Canada,2818683.0,False,True,False,Proxy (Market-Cap-Rang 1001-3000),2026-09-29
IMCR,Immunocore Holdings plc American Depositary Shares,NASDAQ,Health Care,Biotechnology: Biological Products (No Diagnostic Substances),United Kingdom,1582037514.0,False,True,False,Proxy (Market-Cap-Rang 1001-3000),2026-09-29
IMDX,Insight Molecular Diagnostics Inc.,NASDAQ,Health Care,Biotechnology: In Vitro & In Vivo Diagnostic Substances,United States,128279193.0,False,True,False,Proxy (Market-Cap-Rang 1001-3000),2026-09-29
IMKTA,Ingles Markets Incorporated,NASDAQ,Consumer Staples,Food Chains,United States,1591158878.0,False,True,True,Proxy (Market-Cap-Rang 1001-3000),2026-09-29
IMMP,Immutep Limited American Depositary Shares,NASDAQ,Health Care,Biotechnology: Pharmaceutical Preparations,Australia,38832557.0,False,True,False,Proxy (Market-Cap-Rang 1001-3000),2026-09-29
IMMR,Immersion Corporation,NASDAQ,Technology,Computer peripheral equipment,United States,241739978.0,False,True,True,Proxy (Market-Cap-Rang 1001-3000),2026-09-29
IMMX,Immix Biopharma Inc.,NASDAQ,Health Care,Biotechnology: Pharmaceutical Preparations,United States,784786275.0,False,True,True,Proxy (Market-Cap-Rang 1001-3000),2026-09-29
IMNM,Immunome Inc.,NASDAQ,Health Care,Biotechnology: Pharmaceutical Preparations,United States,2431697037.0,False,True,True,Proxy (Market-Cap-Rang 1001-3000),2026-09-29
IMNN,Imunon Inc.,NASDAQ,Health Care,Biotechnology: Pharmaceutical Preparations,United States,7912078.0,False,True,False,Proxy (Market-Cap-Rang 1001-3000),2026-09-29
IMOS,ChipMOS TECHNOLOGIES INC. American Depositary Shares,NASDAQ,Technology,Semiconductors,Taiwan,2512239418.0,False,True,False,Proxy (Market-Cap-Rang 1001-3000),2026-09-29
IMPP,Imperial Petroleum Inc. Common Shares,NASDAQ,Consumer Discretionary,Marine Transportation,Greece,229233246.0,False,True,False,Proxy (Market-Cap-Rang 1001-3000),2026-09-29
IMRN,Immuron Limited American Depositary Shares,NASDAQ,Health Care,Biotechnology: Pharmaceutical Preparations,Australia,9362594.0,False,True,False,Proxy (Market-Cap-Rang 1001-3000),2026-09-29
IMRX,Immuneering Corporation,NASDAQ,Health Care,Biotechnology: Pharmaceutical Preparations,United States,276257907.0,False,True,True,Proxy (Market-Cap-Rang 1001-3000),2026-09-29
IMSR,Terrestrial Energy Inc. Common Stock  ,NASDAQ,Industrials,Metal Fabrications,United States,456051268.0,False,True,True,Proxy (Market-Cap-Rang 1001-3000),2026-09-29
IMTE,Integrated Media Technology Limited,NASDAQ,Consumer Staples,Consumer Electronics/Appliances,Australia,1723217.0,False,True,False,Proxy (Market-Cap-Rang 1001-3000),2026-09-29
IMTX,Immatics N.V.,NASDAQ,Health Care,Biotechnology: Biological Products (No Diagnostic Substances),Germany,1252417128.0,False,True,False,Proxy (Market-Cap-Rang 1001-3000),2026-09-29
IMUX,Immunic Inc.,NASDAQ,Health Care,Biotechnology: Pharmaceutical Preparations,United States,127507544.0,False,True,False,Proxy (Market-Cap-Rang 1001-3000),2026-09-29
IMVT,Immunovant Inc.,NASDAQ,Health Care,Biotechnology: Biological Products (No Diagnostic Substances),United States,6878204311.0,False,True,False,Proxy (Market-Cap-Rang 1001-3000),2026-09-29
IMXI,International Money Express Inc.,NASDAQ,Consumer Discretionary,Business Services,United States,339880804.0,False,True,True,Proxy (Market-Cap-Rang 1001-3000),2026-09-29
INAB,IN8bio Inc.,NASDAQ,Health Care,Biotechnology: Biological Products (No Diagnostic Substances),United States,11830060.0,False,True,False,Proxy (Market-Cap-Rang 1001-3000),2026-09-29
INAC,Indigo Acquisition Corp.,NASDAQ,Unknown,Unknown,United States,0.0,False,True,False,Proxy (Market-Cap-Rang 1001-3000),2026-09-29
INBK,First Internet Bancorp,NASDAQ,Finance,Major Banks,United States,230479018.0,False,True,True,Proxy (Market-Cap-Rang 1001-3000),2026-09-29
INBS,Intelligent Bio Solutions Inc.,NASDAQ,Health Care,Medical/Dental Instruments,United States,5638565.0,False,True,False,Proxy (Market-Cap-Rang 1001-3000),2026-09-29
INBX,Inhibrx Biosciences Inc.,NASDAQ,Health Care,Biotechnology: Biological Products (No Diagnostic Substances),United States,1466026113.0,False,True,True,Proxy (Market-Cap-Rang 1001-3000),2026-09-29
INCR,Intercure Ltd.,NASDAQ,Health Care,Biotechnology: Pharmaceutical Preparations,Israel,61716154.0,False,True,False,Proxy (Market-Cap-Rang 1001-3000),2026-09-29
INCY,Incyte Corp.,NASDAQ,Health Care,Biotechnology: Commercial Physical & Biological Resarch,United States,25112223752.0,True,True,False,Proxy (Market-Cap-Rang 1001-3000),2026-09-29
INDB,Independent Bank Corp.,NASDAQ,Finance,Major Banks,United States,3846370839.0,False,True,True,Proxy (Market-Cap-Rang 1001-3000),2026-09-29
INDI,indie Semiconductor Inc.,NASDAQ,Technology,Semiconductors,United States,700062827.0,False,True,True,Proxy (Market-Cap-Rang 1001-3000),2026-09-29
INDP,Indaptus Therapeutics Inc.,NASDAQ,Health Care,Biotechnology: Pharmaceutical Preparations,United States,512982947.0,False,True,True,Proxy (Market-Cap-Rang 1001-3000),2026-09-29
INDV,Indivior Pharmaceuticals Inc.,NASDAQ,Health Care,Biotechnology: Pharmaceutical Preparations,United Kingdom,4227903876.0,False,True,False,Proxy (Market-Cap-Rang 1001-3000),2026-09-29
INEO,INNEOVA Holdings Limited Class A,NASDAQ,Consumer Discretionary,Motor Vehicles,Singapore,10278049.0,False,True,False,Proxy (Market-Cap-Rang 1001-3000),2026-09-29
INFU,InfuSystems Holdings Inc.,AMEX,Health Care,Medical/Dental Instruments,United States,253147371.0,False,False,True,Proxy (Market-Cap-Rang 1001-3000),2026-09-29
INGN,Inogen Inc,NASDAQ,Health Care,Industrial Specialties,United States,142245486.0,False,True,False,Proxy (Market-Cap-Rang 1001-3000),2026-09-29
INHD,Inno Holdings Inc.,NASDAQ,Industrials,Steel/Iron Ore,United States,7813801.0,False,True,False,Proxy (Market-Cap-Rang 1001-3000),2026-09-29
INIO,INNIO N.V.,NASDAQ,Consumer Discretionary,Metal Fabrications,Germany,14340000000.0,False,True,False,Proxy (Market-Cap-Rang 1001-3000),2026-09-29
INKT,MiNK Therapeutics Inc.,NASDAQ,Health Care,Biotechnology: Biological Products (No Diagnostic Substances),United States,62154564.0,False,True,False,Proxy (Market-Cap-Rang 1001-3000),2026-09-29
INLF,INLIF LIMITED Class A,NASDAQ,Industrials,Industrial Machinery/Components,China,5560520.0,False,True,False,Proxy (Market-Cap-Rang 1001-3000),2026-09-29
INM,InMed Pharmaceuticals Inc. Common Shares,NASDAQ,Health Care,Biotechnology: Pharmaceutical Preparations,Canada,7581354.0,False,True,False,Proxy (Market-Cap-Rang 1001-3000),2026-09-29
INMB,INmune Bio Inc. Common stock,NASDAQ,Health Care,Biotechnology: Biological Products (No Diagnostic Substances),United States,56340192.0,False,True,False,Proxy (Market-Cap-Rang 1001-3000),2026-09-29
INMD,InMode Ltd.,NASDAQ,Health Care,Biotechnology: Electromedical & Electrotherapeutic Apparatus,Israel,819675809.0,False,True,False,Proxy (Market-Cap-Rang 1001-3000),2026-09-29
INN,Summit Hotel Properties Inc.,NYSE,Real Estate,Real Estate Investment Trusts,United States,619078878.0,False,False,True,Proxy (Market-Cap-Rang 1001-3000),2026-09-29
INNV,InnovAge Holding Corp.,NASDAQ,Health Care,Medical/Nursing Services,United States,1228062825.0,False,True,True,Proxy (Market-Cap-Rang 1001-3000),2026-09-29
INO,Inovio Pharmaceuticals Inc.,NASDAQ,Health Care,Biotechnology: Pharmaceutical Preparations,United States,122009071.0,False,True,False,Proxy (Market-Cap-Rang 1001-3000),2026-09-29
INOD,Innodata Inc.,NASDAQ,Technology,EDP Services,United States,2379623276.0,False,True,True,Proxy (Market-Cap-Rang 1001-3000),2026-09-29
INR,Infinity Natural Resources Inc.,NYSE,Energy,Oil & Gas Production,United States,828294689.0,False,False,True,Proxy (Market-Cap-Rang 1001-3000),2026-09-29
INSE,Inspired Entertainment Inc.,NASDAQ,Technology,Computer Software: Prepackaged Software,United States,120457760.0,False,True,False,Proxy (Market-Cap-Rang 1001-3000),2026-09-29
INSG,Inseego Corp.,NASDAQ,Telecommunications,Telecommunications Equipment,United States,61741426.0,False,True,False,Proxy (Market-Cap-Rang 1001-3000),2026-09-29
INSM,Insmed Incorporated,NASDAQ,Health Care,Biotechnology: Pharmaceutical Preparations,United States,25731892498.0,False,True,False,Proxy (Market-Cap-Rang 1001-3000),2026-09-29
INSP,Inspire Medical Systems Inc.,NYSE,Health Care,Medical/Dental Instruments,United States,2038181438.0,False,False,True,Proxy (Market-Cap-Rang 1001-3000),2026-09-29
INSW,International Seaways Inc. Common Stock ,NYSE,Consumer Discretionary,Marine Transportation,United States,5232487694.0,False,False,True,Proxy (Market-Cap-Rang 1001-3000),2026-09-29
INTA,Intapp Inc.,NASDAQ,Technology,Computer Software: Prepackaged Software,United States,2762052443.0,False,True,True,Proxy (Market-Cap-Rang 1001-3000),2026-09-29
INTC,Intel Corporation,NASDAQ,Technology,Semiconductors,United States,650063549853.0,True,True,False,Proxy (Market-Cap-Rang 1001-3000),2026-09-29
INTG,Intergroup Corporation (The),NASDAQ,Real Estate,Building operators,United States,71619904.0,False,True,False,Proxy (Market-Cap-Rang 1001-3000),2026-09-29
INTJ,Intelligent Group Limited Class A Ordinary Shares ,NASDAQ,Consumer Discretionary,Professional Services,Hong Kong,4151245.0,False,True,False,Proxy (Market-Cap-Rang 1001-3000),2026-09-29
INTR,Inter & Co. Inc. Class A Common Shares,NASDAQ,Finance,Commercial Banks,Brazil,2255153698.0,False,True,False,Proxy (Market-Cap-Rang 1001-3000),2026-09-29
INTS,Intensity Therapeutics Inc. Common stock,NASDAQ,Health Care,Biotechnology: Biological Products (No Diagnostic Substances),United States,12406540.0,False,True,False,Proxy (Market-Cap-Rang 1001-3000),2026-09-29
INTU,Intuit Inc.,NASDAQ,Technology,Computer Software: Prepackaged Software,United States,73701016440.0,True,True,False,Proxy (Market-Cap-Rang 1001-3000),2026-09-29
INTZ,Intrusion Inc.,NASDAQ,Telecommunications,Computer Communications Equipment,United States,17417091.0,False,True,False,Proxy (Market-Cap-Rang 1001-3000),2026-09-29
INVA,Innoviva Inc.,NASDAQ,Health Care,Biotechnology: Pharmaceutical Preparations,United States,1498371359.0,False,True,True,Proxy (Market-Cap-Rang 1001-3000),2026-09-29
INVE,INVE Technologies Inc.,NASDAQ,Technology,Computer peripheral equipment,United States,59377595.0,False,True,False,Proxy (Market-Cap-Rang 1001-3000),2026-09-29
INVH,Invitation Homes Inc.,NYSE,Finance,Real Estate,United States,15722390276.0,True,False,False,Proxy (Market-Cap-Rang 1001-3000),2026-09-29
INVX,Innovex International Inc.,NYSE,Consumer Discretionary,Oil and Gas Field Machinery,United States,1993171070.0,False,False,True,Proxy (Market-Cap-Rang 1001-3000),2026-09-29
INVZ,Innoviz Technologies Ltd. Ordinary shares,NASDAQ,Consumer Discretionary,Auto Parts:O.E.M.,Israel,136558987.0,False,True,False,Proxy (Market-Cap-Rang 1001-3000),2026-09-29
IOND,Ionic Digital Inc.,NASDAQ,Finance,Finance: Consumer Services,United States,3688786427.0,False,True,True,Proxy (Market-Cap-Rang 1001-3000),2026-09-29
IONR,ioneer Ltd American Depositary Shares,NASDAQ,Industrials,Mining & Quarrying of Nonmetallic Minerals (No Fuels),Australia,254425960.0,False,True,False,Proxy (Market-Cap-Rang 1001-3000),2026-09-29
IONS,Ionis Pharmaceuticals Inc.,NASDAQ,Health Care,Biotechnology: Pharmaceutical Preparations,United States,7395202329.0,False,True,False,Proxy (Market-Cap-Rang 1001-3000),2026-09-29
IOSP,Innospec Inc.,NASDAQ,Industrials,Major Chemicals,United States,2431576960.0,False,True,True,Proxy (Market-Cap-Rang 1001-3000),2026-09-29
IOTR,iOThree Limited,NASDAQ,Consumer Discretionary,Telecommunications Equipment,Singapore,12310728.0,False,True,False,Proxy (Market-Cap-Rang 1001-3000),2026-09-29
IOVA,Iovance Biotherapeutics Inc.,NASDAQ,Health Care,Biotechnology: Biological Products (No Diagnostic Substances),United States,4982685752.0,False,True,True,Proxy (Market-Cap-Rang 1001-3000),2026-09-29
IP,International Paper Company,NYSE,Basic Materials,Paper,United States,18545537723.0,True,False,False,Proxy (Market-Cap-Rang 1001-3000),2026-09-29
IPAR,Interparfums Inc.,NASDAQ,Consumer Discretionary,Package Goods/Cosmetics,United States,3776800353.0,False,True,True,Proxy (Market-Cap-Rang 1001-3000),2026-09-29
IPDN,Professional Diversity Network Inc.,NASDAQ,Technology,Computer Software: Programming Data Processing,United States,2996150.0,False,True,False,Proxy (Market-Cap-Rang 1001-3000),2026-09-29
IPGP,IPG Photonics Corporation,NASDAQ,Technology,Semiconductors,United States,3322798187.0,False,True,True,Proxy (Market-Cap-Rang 1001-3000),2026-09-29
IPHA,Innate Pharma S.A. ADS,NASDAQ,Health Care,Biotechnology: Biological Products (No Diagnostic Substances),France,189890590.0,False,True,False,Proxy (Market-Cap-Rang 1001-3000),2026-09-29
IPI,Intrepid Potash Inc,NYSE,Industrials,Mining & Quarrying of Nonmetallic Minerals (No Fuels),United States,458065183.0,False,False,True,Proxy (Market-Cap-Rang 1001-3000),2026-09-29
IPM,Intelligent Protection Management Corp. Common Stock ,NASDAQ,Technology,Computer Software: Programming Data Processing,United States,16174858.0,False,True,False,Proxy (Market-Cap-Rang 1001-3000),2026-09-29
IPSC,Century Therapeutics Inc.,NASDAQ,Health Care,Biotechnology: Biological Products (No Diagnostic Substances),United States,302395786.0,False,True,True,Proxy (Market-Cap-Rang 1001-3000),2026-09-29
IPST,IP Strategy Holdings Inc.,NASDAQ,Consumer Staples,Beverages (Production/Distribution),United States,2677054.0,False,True,False,Proxy (Market-Cap-Rang 1001-3000),2026-09-29
IPW,iPower Inc.,NASDAQ,Consumer Discretionary,RETAIL: Building Materials,United States,1456559.0,False,True,False,Proxy (Market-Cap-Rang 1001-3000),2026-09-29
IPWR,Ideal Power Inc.,NASDAQ,Technology,Semiconductors,United States,66231660.0,False,True,False,Proxy (Market-Cap-Rang 1001-3000),2026-09-29
IPX,IperionX Limited American Depositary Share,NASDAQ,Basic Materials,Other Metals and Minerals,United States,665532161.0,False,True,True,Proxy (Market-Cap-Rang 1001-3000),2026-09-29
IQ,iQIYI Inc. American Depositary Shares,NASDAQ,Consumer Discretionary,Consumer Electronics/Video Chains,China,984325230.0,False,True,False,Proxy (Market-Cap-Rang 1001-3000),2026-09-29
IQI,Invesco Quality Municipal Income Trust,NYSE,Finance,Finance Companies,United States,473309983.0,False,False,True,Proxy (Market-Cap-Rang 1001-3000),2026-09-29
IQMX,IQM Quantum Computers Oyj American Depositary Shares,NASDAQ,Technology,Computer Software: Prepackaged Software,Finland,2010554873.0,False,True,False,Proxy (Market-Cap-Rang 1001-3000),2026-09-29
IQST,iQSTEL Inc.,NASDAQ,Telecommunications,Telecommunications Equipment,United States,10785960.0,False,True,False,Proxy (Market-Cap-Rang 1001-3000),2026-09-29
IQV,IQVIA Holdings Inc.,NYSE,Health Care,Biotechnology: Commercial Physical & Biological Resarch,United States,44502902000.0,True,False,False,Proxy (Market-Cap-Rang 1001-3000),2026-09-29
IR,Ingersoll Rand Inc.,NYSE,Industrials,Industrial Machinery/Components,United States,29518996558.0,True,False,False,Proxy (Market-Cap-Rang 1001-3000),2026-09-29
IRD,Opus Genetics Inc.,NASDAQ,Health Care,Biotechnology: Pharmaceutical Preparations,United States,396012117.0,False,True,True,Proxy (Market-Cap-Rang 1001-3000),2026-09-29
IRDM,Iridium Communications Inc,NASDAQ,Consumer Discretionary,Telecommunications Equipment,United States,5165568671.0,False,True,True,Proxy (Market-Cap-Rang 1001-3000),2026-09-29
IREN,IREN Limited,NASDAQ,Finance,Finance: Consumer Services,Australia,17387837843.0,False,True,False,Proxy (Market-Cap-Rang 1001-3000),2026-09-29
IRIX,IRIDEX Corporation,NASDAQ,Health Care,Biotechnology: Electromedical & Electrotherapeutic Apparatus,United States,10978070.0,False,True,False,Proxy (Market-Cap-Rang 1001-3000),2026-09-29
IRM,Iron Mountain Incorporated (Delaware)Common Stock REIT,NYSE,Real Estate,Real Estate Investment Trusts,United States,33158139201.0,True,False,False,Proxy (Market-Cap-Rang 1001-3000),2026-09-29
IRMD,iRadimed Corporation,NASDAQ,Health Care,Medical/Dental Instruments,United States,1096612348.0,False,True,True,Proxy (Market-Cap-Rang 1001-3000),2026-09-29
IRON,Disc Medicine Inc.,NASDAQ,Health Care,Biotechnology: Pharmaceutical Preparations,United States,2504749143.0,False,True,True,Proxy (Market-Cap-Rang 1001-3000),2026-09-29
IRT,Independence Realty Trust Inc.,NYSE,Real Estate,Real Estate Investment Trusts,United States,3448943015.0,False,False,True,Proxy (Market-Cap-Rang 1001-3000),2026-09-29
IRTC,iRhythm Holdings Inc.,NASDAQ,Health Care,Medical/Dental Instruments,United States,3638456271.0,False,True,True,Proxy (Market-Cap-Rang 1001-3000),2026-09-29
IRWD,Ironwood Pharmaceuticals Inc.,NASDAQ,Health Care,Biotechnology: Pharmaceutical Preparations,United States,682440981.0,False,True,True,Proxy (Market-Cap-Rang 1001-3000),2026-09-29
ISBA,Isabella Bank Corporation Common stock,NASDAQ,Finance,Major Banks,United States,293330167.0,False,True,True,Proxy (Market-Cap-Rang 1001-3000),2026-09-29
ISPC,iSpecimen Inc.,NASDAQ,Health Care,Biotechnology: Commercial Physical & Biological Resarch,United States,3173423.0,False,True,False,Proxy (Market-Cap-Rang 1001-3000),2026-09-29
ISPR,Ispire Technology Inc.,NASDAQ,Health Care, Medicinal Chemicals and Botanical Products ,United States,77968536.0,False,True,False,Proxy (Market-Cap-Rang 1001-3000),2026-09-29
ISRG,Intuitive Surgical Inc.,NASDAQ,Health Care,Industrial Specialties,United States,143141195437.0,True,True,False,Proxy (Market-Cap-Rang 1001-3000),2026-09-29
ISTR,Investar Holding Corporation,NASDAQ,Finance,Major Banks,United States,404631254.0,False,True,True,Proxy (Market-Cap-Rang 1001-3000),2026-09-29
IT,Gartner Inc.,NYSE,Consumer Discretionary,Other Consumer Services,United States,11865692590.0,True,False,False,Proxy (Market-Cap-Rang 1001-3000),2026-09-29
ITG,ITG Inc.,NASDAQ,Industrials,Water Sewer Pipeline Comm & Power Line Construction,United States,1301167655.0,False,True,True,Proxy (Market-Cap-Rang 1001-3000),2026-09-29
ITGR,Integer Holdings Corporation,NYSE,Health Care,Biotechnology: Electromedical & Electrotherapeutic Apparatus,United States,4294555344.0,False,False,True,Proxy (Market-Cap-Rang 1001-3000),2026-09-29
ITHA,ITHAX Acquisition Corp III Class A,NASDAQ,Unknown,Unknown,United States,0.0,False,True,False,Proxy (Market-Cap-Rang 1001-3000),2026-09-29
ITIC,Investors Title Company,NASDAQ,Finance,Specialty Insurers,United States,540080136.0,False,True,True,Proxy (Market-Cap-Rang 1001-3000),2026-09-29
ITOC,iTonic Holdings Ltd Class A,NASDAQ,Health Care,Biotechnology: Electromedical & Electrotherapeutic Apparatus,China,34038140.0,False,True,False,Proxy (Market-Cap-Rang 1001-3000),2026-09-29
ITRI,Itron Inc.,NASDAQ,Industrials,Electrical Products,United States,3929861082.0,False,True,True,Proxy (Market-Cap-Rang 1001-3000),2026-09-29
ITRN,Ituran Location and Control Ltd.,NASDAQ,Technology,Electronic Components,Israel,1028299150.0,False,True,False,Proxy (Market-Cap-Rang 1001-3000),2026-09-29
ITW,Illinois Tool Works Inc.,NYSE,Industrials,Industrial Machinery/Components,United States,78126336000.0,True,False,False,Proxy (Market-Cap-Rang 1001-3000),2026-09-29
IVA,Inventiva S.A. American Depository Shares,NASDAQ,Health Care,Biotechnology: Pharmaceutical Preparations,France,796264281.0,False,True,False,Proxy (Market-Cap-Rang 1001-3000),2026-09-29
IVDA,Iveda Solutions Inc.,NASDAQ,Technology,Computer Software: Prepackaged Software,United States,3804532.0,False,True,False,Proxy (Market-Cap-Rang 1001-3000),2026-09-29
IVF,INVO Fertility Inc.,NASDAQ,Health Care,Medical/Dental Instruments,United States,2368334.0,False,True,False,Proxy (Market-Cap-Rang 1001-3000),2026-09-29
IVR,INVESCO MORTGAGE CAPITAL INC,NYSE,Real Estate,Real Estate Investment Trusts,United States,689975073.0,False,False,True,Proxy (Market-Cap-Rang 1001-3000),2026-09-29
IVT,InvenTrust Properties Corp.,NYSE,Real Estate,Real Estate Investment Trusts,United States,2380681498.0,False,False,True,Proxy (Market-Cap-Rang 1001-3000),2026-09-29
IVVD,Invivyd Inc.,NASDAQ,Health Care,Biotechnology: Biological Products (No Diagnostic Substances),United States,275363621.0,False,True,True,Proxy (Market-Cap-Rang 1001-3000),2026-09-29
IVZ,Invesco Ltd,NYSE,Finance,Investment Managers,United States,13651173198.0,True,False,False,Proxy (Market-Cap-Rang 1001-3000),2026-09-29
IXHL,Incannex Healthcare Inc.,NASDAQ,Health Care,Biotechnology: Pharmaceutical Preparations,Australia,39722319.0,False,True,False,Proxy (Market-Cap-Rang 1001-3000),2026-09-29
IZEA,IZEA Worldwide Inc.,NASDAQ,Consumer Discretionary,Advertising,United States,45108181.0,False,True,False,Proxy (Market-Cap-Rang 1001-3000),2026-09-29
IZM,ICZOOM Group Inc. Class A,NASDAQ,Consumer Discretionary,Consumer Electronics/Video Chains,China,3100672.0,False,True,False,Proxy (Market-Cap-Rang 1001-3000),2026-09-29
J,Jacobs Solutions Inc.,NYSE,Industrials,Military/Government/Technical,United States,16194632604.0,True,False,False,Proxy (Market-Cap-Rang 1001-3000),2026-09-29
JACK,Jack In The Box Inc.,NASDAQ,Consumer Discretionary,Restaurants,United States,258057885.0,False,True,True,Proxy (Market-Cap-Rang 1001-3000),2026-09-29
JAGX,Jaguar Health Inc.,NASDAQ,Health Care,Biotechnology: Pharmaceutical Preparations,United States,9870160.0,False,True,False,Proxy (Market-Cap-Rang 1001-3000),2026-09-29
JAKK,JAKKS Pacific Inc.,NASDAQ,Consumer Discretionary,Recreational Games/Products/Toys,United States,289101003.0,False,True,True,Proxy (Market-Cap-Rang 1001-3000),2026-09-29
JANX,Janux Therapeutics Inc.,NASDAQ,Health Care,Biotechnology: Pharmaceutical Preparations,United States,996529400.0,False,True,True,Proxy (Market-Cap-Rang 1001-3000),2026-09-29
JAZZ,Jazz Pharmaceuticals plc Common Stock (Ireland),NASDAQ,Health Care,Biotechnology: Pharmaceutical Preparations,Ireland,15446423597.0,False,True,False,Proxy (Market-Cap-Rang 1001-3000),2026-09-29
JBDI,JBDI Holdings Limited,NASDAQ,Unknown,Unknown,Singapore,10894139.0,False,True,False,Proxy (Market-Cap-Rang 1001-3000),2026-09-29
JBGS,JBG SMITH Properties Common Shares ,NYSE,Real Estate,Real Estate Investment Trusts,United States,785732257.0,False,False,True,Proxy (Market-Cap-Rang 1001-3000),2026-09-29
JBHT,J.B. Hunt Transport Services Inc.,NASDAQ,Industrials,Trucking Freight/Courier Services,United States,21174062147.0,True,True,False,Proxy (Market-Cap-Rang 1001-3000),2026-09-29
JBI,Janus International Group Inc.,NYSE,Industrials,Building Products,United States,574394676.0,False,False,True,Proxy (Market-Cap-Rang 1001-3000),2026-09-29
JBIO,Jade Biosciences Inc.,NASDAQ,Health Care,Biotechnology: Pharmaceutical Preparations,United States,917074321.0,False,True,True,Proxy (Market-Cap-Rang 1001-3000),2026-09-29
JBL,Jabil Inc.,NYSE,Technology,Electrical Products,United States,33190262570.0,True,False,False,Proxy (Market-Cap-Rang 1001-3000),2026-09-29
JBLU,JetBlue Airways Corporation,NASDAQ,Consumer Discretionary,Air Freight/Delivery Services,United States,1660173596.0,False,True,True,Proxy (Market-Cap-Rang 1001-3000),2026-09-29
JBSS,John B. Sanfilippo & Son Inc.,NASDAQ,Consumer Staples,Specialty Foods,United States,786269662.0,False,True,True,Proxy (Market-Cap-Rang 1001-3000),2026-09-29
JCAP,Jefferson Capital Inc.,NASDAQ,Finance,Finance Companies,United States,1117500931.0,False,True,True,Proxy (Market-Cap-Rang 1001-3000),2026-09-29
JCI,Johnson Controls International plc Ordinary Share,NYSE,Industrials,Industrial Machinery/Components,Switzerland,90982368794.0,True,False,False,Proxy (Market-Cap-Rang 1001-3000),2026-09-29
JCSE,JE Cleantech Holdings Limited Class A,NASDAQ,Consumer Discretionary,Miscellaneous manufacturing industries,Singapore,7511390.0,False,True,False,Proxy (Market-Cap-Rang 1001-3000),2026-09-29
JCTC,Jewett-Cameron Trading Company Common Shares,NASDAQ,Consumer Discretionary,RETAIL: Building Materials,United States,10243529.0,False,True,False,Proxy (Market-Cap-Rang 1001-3000),2026-09-29
JD,JD.com Inc. American Depositary Shares,NASDAQ,Consumer Discretionary,Other Specialty Stores,China,35629440000.0,False,True,False,Proxy (Market-Cap-Rang 1001-3000),2026-09-29
JDZG,JIADE LIMITED Class A,NASDAQ,Real Estate,Other Consumer Services,China,23409692.0,False,True,False,Proxy (Market-Cap-Rang 1001-3000),2026-09-29
JELD,JELD-WEN Holding Inc.,NYSE,Basic Materials,Forest Products,United States,159644623.0,False,False,True,Proxy (Market-Cap-Rang 1001-3000),2026-09-29
JEM,707 Cayman Holdings Limited,NASDAQ,Consumer Discretionary,Clothing/Shoe/Accessory Stores,China,2635342.0,False,True,False,Proxy (Market-Cap-Rang 1001-3000),2026-09-29
JF,J and Friends Holdings Limited American Depositary Shares,NASDAQ,Technology,Computer Software: Programming Data Processing,China,17423146.0,False,True,False,Proxy (Market-Cap-Rang 1001-3000),2026-09-29
JFIN,Jiayin Group Inc. American Depositary Shares,NASDAQ,Finance,Finance: Consumer Services,China,79017614.0,False,True,False,Proxy (Market-Cap-Rang 1001-3000),2026-09-29
JFU,9F Inc. American Depositary Shares,NASDAQ,Finance,Finance: Consumer Services,China,31434799.0,False,True,False,Proxy (Market-Cap-Rang 1001-3000),2026-09-29
JG,Aurora Mobile Limited American Depositary Shares,NASDAQ,Technology,Computer Software: Programming Data Processing,China,40479149.0,False,True,False,Proxy (Market-Cap-Rang 1001-3000),2026-09-29
JILL,J. Jill Inc.,NYSE,Consumer Discretionary,Apparel,United States,366075124.0,False,False,True,Proxy (Market-Cap-Rang 1001-3000),2026-09-29
JJSF,J & J Snack Foods Corp.,NASDAQ,Consumer Staples,Specialty Foods,United States,1448011436.0,False,True,True,Proxy (Market-Cap-Rang 1001-3000),2026-09-29
JKHY,Jack Henry & Associates Inc.,NASDAQ,Technology,EDP Services,United States,10361942336.0,True,True,False,Proxy (Market-Cap-Rang 1001-3000),2026-09-29
JL,J-Long Group Limited Class A,NASDAQ,Consumer Discretionary,Clothing/Shoe/Accessory Stores,Hong Kong,17291225.0,False,True,False,Proxy (Market-Cap-Rang 1001-3000),2026-09-29
JLHL,Julong Holding Limited Class A,NASDAQ,Consumer Discretionary,Military/Government/Technical,China,124080336.0,False,True,False,Proxy (Market-Cap-Rang 1001-3000),2026-09-29
JMSB,John Marshall Bancorp Inc.,NASDAQ,Finance,Major Banks,United States,325849174.0,False,True,True,Proxy (Market-Cap-Rang 1001-3000),2026-09-29
JNJ,Johnson & Johnson,NYSE,Health Care,Biotechnology: Pharmaceutical Preparations,United States,653612697478.0,True,False,False,Proxy (Market-Cap-Rang 1001-3000),2026-09-29
JOE,St. Joe Company (The),NYSE,Real Estate,Homebuilding,United States,3717558450.0,False,False,True,Proxy (Market-Cap-Rang 1001-3000),2026-09-29
JOUT,Johnson Outdoors Inc.,NASDAQ,Consumer Discretionary,Recreational Games/Products/Toys,United States,465611738.0,False,True,True,Proxy (Market-Cap-Rang 1001-3000),2026-09-29
JOYY,JOYY Inc. American Depositary Shares,NASDAQ,Technology,EDP Services,Singapore,4125863302.0,False,True,False,Proxy (Market-Cap-Rang 1001-3000),2026-09-29
JPM,JP Morgan Chase & Co.,NYSE,Finance,Major Banks,United States,911917356057.0,True,False,False,Proxy (Market-Cap-Rang 1001-3000),2026-09-29
JRSH,Jerash Holdings (US) Inc.,NASDAQ,Consumer Discretionary,Apparel,United States,72135659.0,False,True,False,Proxy (Market-Cap-Rang 1001-3000),2026-09-29
JRVR,James River Group Holdings Inc.,NASDAQ,Finance,Property-Casualty Insurers,Bermuda,163259104.0,False,True,False,Proxy (Market-Cap-Rang 1001-3000),2026-09-29
JSPR,Jasper Therapeutics Inc.,NASDAQ,Health Care,Biotechnology: Biological Products (No Diagnostic Substances),United States,20267535.0,False,True,False,Proxy (Market-Cap-Rang 1001-3000),2026-09-29
JTAI,Jet.AI Inc.,NASDAQ,Consumer Discretionary,Transportation Services,United States,5549733.0,False,True,False,Proxy (Market-Cap-Rang 1001-3000),2026-09-29
JUNS,Jupiter Neurosciences Inc.,NASDAQ,Health Care,Biotechnology: Pharmaceutical Preparations,United States,3520451.0,False,True,False,Proxy (Market-Cap-Rang 1001-3000),2026-09-29
JVA,Coffee Holding Co. Inc.,NASDAQ,Consumer Staples,Packaged Foods,United States,23176912.0,False,True,False,Proxy (Market-Cap-Rang 1001-3000),2026-09-29
JWEL,Jowell Global Ltd.,NASDAQ,Consumer Discretionary,Other Consumer Services,China,6201702.0,False,True,False,Proxy (Market-Cap-Rang 1001-3000),2026-09-29
JXG,JX Luxventure Group Inc.,NASDAQ,Industrials,Office Equipment/Supplies/Services,China,83454349.0,False,True,False,Proxy (Market-Cap-Rang 1001-3000),2026-09-29
JYD,Jayud Global Logistics Limited Class A,NASDAQ,Industrials,Integrated Freight & Logistics,China,8049933.0,False,True,False,Proxy (Market-Cap-Rang 1001-3000),2026-09-29
JYNT,The Joint Corp.,NASDAQ,Miscellaneous,Multi-Sector Companies,United States,116398157.0,False,True,False,Proxy (Market-Cap-Rang 1001-3000),2026-09-29
JZ,Jianzhi Education Technology Group Company Limited American Depositary Shs,NASDAQ,Real Estate,Other Consumer Services,China,1093856.0,False,True,False,Proxy (Market-Cap-Rang 1001-3000),2026-09-29
JZXN,Jiuzi Holdings Inc.,NASDAQ,Consumer Discretionary,Retail-Auto Dealers and Gas Stations,China,58209418.0,False,True,False,Proxy (Market-Cap-Rang 1001-3000),2026-09-29
KAI,Kadant Inc,NYSE,Industrials,Industrial Machinery/Components,United States,3234399055.0,False,False,True,Proxy (Market-Cap-Rang 1001-3000),2026-09-29
KALA,KALA BIO Inc.,NASDAQ,Health Care,Biotechnology: Pharmaceutical Preparations,United States,9198002.0,False,True,False,Proxy (Market-Cap-Rang 1001-3000),2026-09-29
KALU,Kaiser Aluminum Corporation,NASDAQ,Industrials,Metal Fabrications,United States,2494053985.0,False,True,True,Proxy (Market-Cap-Rang 1001-3000),2026-09-29
KARD,Kardigan Inc.,NASDAQ,Health Care,Biotechnology: Pharmaceutical Preparations,United States,1382919708.0,False,True,True,Proxy (Market-Cap-Rang 1001-3000),2026-09-29
KARO,Karooooo Ltd.,NASDAQ,Technology,Computer Software: Prepackaged Software,Singapore,1903954079.0,False,True,False,Proxy (Market-Cap-Rang 1001-3000),2026-09-29
KAZR,Skyline Builders Group Holding Limited Class A,NASDAQ,Consumer Discretionary,Engineering & Construction,Hong Kong,48084812.0,False,True,False,Proxy (Market-Cap-Rang 1001-3000),2026-09-29
KBDC,Kayne Anderson BDC Inc.,NYSE,Unknown,Unknown,United States,861133042.0,False,False,True,Proxy (Market-Cap-Rang 1001-3000),2026-09-29
KBH,KB Home,NYSE,Consumer Discretionary,Homebuilding,United States,2943480041.0,False,False,True,Proxy (Market-Cap-Rang 1001-3000),2026-09-29
KBR,KBR Inc.,NYSE,Industrials,Military/Government/Technical,United States,4354380258.0,False,False,True,Proxy (Market-Cap-Rang 1001-3000),2026-09-29
KBSX,FST Corp.,NASDAQ,Consumer Discretionary,Recreational Games/Products/Toys,Taiwan,75206885.0,False,True,False,Proxy (Market-Cap-Rang 1001-3000),2026-09-29
KC,Kingsoft Cloud Holdings Limited American Depositary Shares,NASDAQ,Technology,Computer Software: Prepackaged Software,China,2891910954.0,False,True,False,Proxy (Market-Cap-Rang 1001-3000),2026-09-29
KCHV,Kochav Defense Acquisition Corp. Class A,NASDAQ,Unknown,Unknown,United States,0.0,False,True,False,Proxy (Market-Cap-Rang 1001-3000),2026-09-29
KD,Kyndryl Holdings Inc.,NYSE,Technology,EDP Services,United States,2526691851.0,False,False,True,Proxy (Market-Cap-Rang 1001-3000),2026-09-29
KDK,Kodiak AI Inc. Common Stock ,NASDAQ,Technology,EDP Services,United States,487502153.0,False,True,True,Proxy (Market-Cap-Rang 1001-3000),2026-09-29
KDP,Keurig Dr Pepper Inc.,NASDAQ,Consumer Staples,Beverages (Production/Distribution),United States,43478391914.0,True,True,False,Proxy (Market-Cap-Rang 1001-3000),2026-09-29
KE,Kimball Electronics Inc.,NASDAQ,Technology,Electrical Products,United States,654261704.0,False,True,True,Proxy (Market-Cap-Rang 1001-3000),2026-09-29
KEEL,Keel Infrastructure Corp.,NASDAQ,Finance,Finance: Consumer Services,Canada,2346778206.0,False,True,False,Proxy (Market-Cap-Rang 1001-3000),2026-09-29
KELYA,Kelly Services Inc.,NASDAQ,Consumer Discretionary,Professional Services,United States,572382421.0,False,True,True,Proxy (Market-Cap-Rang 1001-3000),2026-09-29
KELYB,Kelly Services Inc.,NASDAQ,Consumer Discretionary,Professional Services,United States,770701815.0,False,True,True,Proxy (Market-Cap-Rang 1001-3000),2026-09-29
KEQU,Kewaunee Scientific Corporation,NASDAQ,Industrials,Medical Specialities,United States,98499705.0,False,True,False,Proxy (Market-Cap-Rang 1001-3000),2026-09-29
KEY,KeyCorp,NYSE,Finance,Major Banks,United States,21993519498.0,True,False,False,Proxy (Market-Cap-Rang 1001-3000),2026-09-29
KEYS,Keysight Technologies Inc.,NYSE,Industrials,Industrial Machinery/Components,United States,61654134402.0,True,False,False,Proxy (Market-Cap-Rang 1001-3000),2026-09-29
KFFB,Kentucky First Federal Bancorp,NASDAQ,Finance,Savings Institutions,United States,45123870.0,False,True,False,Proxy (Market-Cap-Rang 1001-3000),2026-09-29
KFRC,Kforce Inc.,NYSE,Consumer Discretionary,Professional Services,United States,923388040.0,False,False,True,Proxy (Market-Cap-Rang 1001-3000),2026-09-29
KFY,Korn Ferry,NYSE,Consumer Discretionary,Diversified Commercial Services,United States,3913506382.0,False,False,True,Proxy (Market-Cap-Rang 1001-3000),2026-09-29
KG,Kestrel Group Ltd.,NASDAQ,Finance,Property-Casualty Insurers,Bermuda,39433111.0,False,True,False,Proxy (Market-Cap-Rang 1001-3000),2026-09-29
KGEI,Kolibri Global Energy Inc. Common stock,NASDAQ,Energy,Oil & Gas Production,United States,228291993.0,False,True,True,Proxy (Market-Cap-Rang 1001-3000),2026-09-29
KHC,The Kraft Heinz Company,NYSE,Consumer Staples,Packaged Foods,United States,28021015402.0,True,False,False,Proxy (Market-Cap-Rang 1001-3000),2026-09-29
KIDS,OrthoPediatrics Corp.,NASDAQ,Health Care,Medical/Dental Instruments,United States,588775719.0,False,True,True,Proxy (Market-Cap-Rang 1001-3000),2026-09-29
KIDZ,KIDZ AI Inc.,NASDAQ,Real Estate,Other Consumer Services,United States,2151693.0,False,True,False,Proxy (Market-Cap-Rang 1001-3000),2026-09-29
KIM,Kimco Realty Corporation (HC),NYSE,Real Estate,Real Estate Investment Trusts,United States,15052513530.0,True,False,False,Proxy (Market-Cap-Rang 1001-3000),2026-09-29
KINS,Kingstone Companies Inc.,NASDAQ,Finance,Property-Casualty Insurers,United States,264189427.0,False,True,True,Proxy (Market-Cap-Rang 1001-3000),2026-09-29
KITT,Nauticus Robotics Inc. Common stock,NASDAQ,Industrials,Industrial Machinery/Components,United States,2889159.0,False,True,False,Proxy (Market-Cap-Rang 1001-3000),2026-09-29
KKR,KKR & Co. Inc.,NYSE,Finance,Investment Managers,United States,86774433549.0,True,False,False,Proxy (Market-Cap-Rang 1001-3000),2026-09-29
KLAC,KLA Corporation,NASDAQ,Technology,Electronic Components,United States,245236819977.0,True,True,False,Proxy (Market-Cap-Rang 1001-3000),2026-09-29
KLC,KinderCare Learning Companies Inc.,NYSE,Consumer Discretionary,Other Consumer Services,United States,251256110.0,False,False,True,Proxy (Market-Cap-Rang 1001-3000),2026-09-29
KLIC,Kulicke and Soffa Industries Inc.,NASDAQ,Technology,Semiconductors,Singapore,4771368706.0,False,True,False,Proxy (Market-Cap-Rang 1001-3000),2026-09-29
KLRA,Kailera Therapeutics Inc.,NASDAQ,Health Care,Biotechnology: Pharmaceutical Preparations,United States,1453953826.0,False,True,True,Proxy (Market-Cap-Rang 1001-3000),2026-09-29
KLRS,Kalaris Therapeutics Inc.,NASDAQ,Health Care,Biotechnology: Biological Products (No Diagnostic Substances),United States,69510545.0,False,True,False,Proxy (Market-Cap-Rang 1001-3000),2026-09-29
KLTR,Kaltura Inc.,NASDAQ,Technology,Computer Software: Prepackaged Software,United States,200604858.0,False,True,True,Proxy (Market-Cap-Rang 1001-3000),2026-09-29
KLXE,KLX Energy Services Holdings Inc.,NASDAQ,Energy,Oilfield Services/Equipment,United States,34249625.0,False,True,False,Proxy (Market-Cap-Rang 1001-3000),2026-09-29
KMB,Kimberly-Clark Corporation,NASDAQ,Consumer Discretionary,Containers/Packaging,United States,32735754710.0,True,True,False,Proxy (Market-Cap-Rang 1001-3000),2026-09-29
KMDA,Kamada Ltd.,NASDAQ,Health Care,Biotechnology: Pharmaceutical Preparations,Israel,503233860.0,False,True,False,Proxy (Market-Cap-Rang 1001-3000),2026-09-29
KMI,Kinder Morgan Inc.,NYSE,Utilities,Natural Gas Distribution,United States,68474164237.0,True,False,False,Proxy (Market-Cap-Rang 1001-3000),2026-09-29
KMPR,Kemper Corporation,NYSE,Finance,Property-Casualty Insurers,United States,1491934259.0,False,False,True,Proxy (Market-Cap-Rang 1001-3000),2026-09-29
KMRK,K-Tech Solutions Company Limited Class A,NASDAQ,Consumer Discretionary,Recreational Games/Products/Toys,Hong Kong,20009130.0,False,True,False,Proxy (Market-Cap-Rang 1001-3000),2026-09-29
KMT,Kennametal Inc.,NYSE,Industrials,Industrial Machinery/Components,United States,2370382662.0,False,False,True,Proxy (Market-Cap-Rang 1001-3000),2026-09-29
KMTS,Kestra Medical Technologies Ltd.,NASDAQ,Health Care,Medical/Dental Instruments,United States,1616507116.0,False,True,True,Proxy (Market-Cap-Rang 1001-3000),2026-09-29
KN,Knowles Corporation,NYSE,Consumer Staples,Consumer Electronics/Appliances,United States,3205449535.0,False,False,True,Proxy (Market-Cap-Rang 1001-3000),2026-09-29
KNDI,Kandi Technologies Group Inc.,NASDAQ,Industrials,Auto Manufacturing,China,59044235.0,False,True,False,Proxy (Market-Cap-Rang 1001-3000),2026-09-29
KNF,Knife Riv Holding Co.,NYSE,Industrials,Mining & Quarrying of Nonmetallic Minerals (No Fuels),United States,3098147464.0,False,False,True,Proxy (Market-Cap-Rang 1001-3000),2026-09-29
KNSA,Kiniksa Pharmaceuticals International plc Class A,NASDAQ,Health Care,Biotechnology: Pharmaceutical Preparations,United States,5858042896.0,False,True,False,Proxy (Market-Cap-Rang 1001-3000),2026-09-29
KO,Coca-Cola Company (The),NYSE,Consumer Staples,Beverages (Production/Distribution),United States,377806849028.0,True,False,False,Proxy (Market-Cap-Rang 1001-3000),2026-09-29
KOD,Kodiak Sciences Inc,NASDAQ,Health Care,Biotechnology: Biological Products (No Diagnostic Substances),United States,2033179934.0,False,True,True,Proxy (Market-Cap-Rang 1001-3000),2026-09-29
KODK,Eastman Kodak Company Common New,NYSE,Consumer Discretionary,Industrial Machinery/Components,United States,931029000.0,False,False,True,Proxy (Market-Cap-Rang 1001-3000),2026-09-29
KOP,Koppers Holdings Inc.,NYSE,Basic Materials,Forest Products,United States,875038251.0,False,False,True,Proxy (Market-Cap-Rang 1001-3000),2026-09-29
KOPN,Kopin Corporation,NASDAQ,Technology,Semiconductors,United States,927504344.0,False,True,True,Proxy (Market-Cap-Rang 1001-3000),2026-09-29
KOSS,Koss Corporation,NASDAQ,Consumer Staples,Consumer Electronics/Appliances,United States,37865752.0,False,True,False,Proxy (Market-Cap-Rang 1001-3000),2026-09-29
KOYN,CSLM Digital Asset Acquisition Corp III Class A,NASDAQ,Unknown,Unknown,United States,0.0,False,True,False,Proxy (Market-Cap-Rang 1001-3000),2026-09-29
KPLT,Katapult Holdings Inc.,NASDAQ,Consumer Discretionary,Diversified Commercial Services,United States,427639237.0,False,True,True,Proxy (Market-Cap-Rang 1001-3000),2026-09-29
KPRX,Kiora Pharmaceuticals Inc.,NASDAQ,Health Care,Biotechnology: Pharmaceutical Preparations,United States,11636138.0,False,True,False,Proxy (Market-Cap-Rang 1001-3000),2026-09-29
KPTI,Karyopharm Therapeutics Inc.,NASDAQ,Health Care,Biotechnology: Pharmaceutical Preparations,United States,36743965.0,False,True,False,Proxy (Market-Cap-Rang 1001-3000),2026-09-29
KR,Kroger Company (The),NYSE,Consumer Staples,Food Chains,United States,34691180238.0,True,False,False,Proxy (Market-Cap-Rang 1001-3000),2026-09-29
KRAQ,KRAKacquisition Corp Class A,NASDAQ,Unknown,Unknown,United States,0.0,False,True,False,Proxy (Market-Cap-Rang 1001-3000),2026-09-29
KRC,Kilroy Realty Corporation,NYSE,Real Estate,Real Estate Investment Trusts,United States,3981256659.0,False,False,True,Proxy (Market-Cap-Rang 1001-3000),2026-09-29
KREF,KKR Real Estate Finance Trust Inc.,NYSE,Real Estate,Real Estate Investment Trusts,United States,371969970.0,False,False,True,Proxy (Market-Cap-Rang 1001-3000),2026-09-29
KRG,Kite Realty Group Trust,NYSE,Real Estate,Real Estate Investment Trusts,United States,4964597000.0,False,False,True,Proxy (Market-Cap-Rang 1001-3000),2026-09-29
KRKR,36Kr Holdings Inc. American Depositary Shares,NASDAQ,Consumer Discretionary,Business Services,China,6039661.0,False,True,False,Proxy (Market-Cap-Rang 1001-3000),2026-09-29
KRMD,KORU Medical Systems Inc. Common Stock (DE),NASDAQ,Health Care,Medical/Dental Instruments,United States,148211805.0,False,True,False,Proxy (Market-Cap-Rang 1001-3000),2026-09-29
KRMN,Karman Holdings Inc.,NYSE,Industrials,Military/Government/Technical,United States,4730128039.0,False,False,True,Proxy (Market-Cap-Rang 1001-3000),2026-09-29
KRNT,Kornit Digital Ltd.,NASDAQ,Industrials,Industrial Machinery/Components,Israel,668559269.0,False,True,False,Proxy (Market-Cap-Rang 1001-3000),2026-09-29
KRNY,Kearny Financial Corp,NASDAQ,Finance,Savings Institutions,United States,607739016.0,False,True,True,Proxy (Market-Cap-Rang 1001-3000),2026-09-29
KRO,Kronos Worldwide Inc,NYSE,Basic Materials,Major Chemicals,United States,949554507.0,False,False,True,Proxy (Market-Cap-Rang 1001-3000),2026-09-29
KROS,Keros Therapeutics Inc.,NASDAQ,Health Care,Biotechnology: Pharmaceutical Preparations,United States,230391925.0,False,True,True,Proxy (Market-Cap-Rang 1001-3000),2026-09-29
KRRO,Korro Bio Inc.,NASDAQ,Health Care,Biotechnology: Pharmaceutical Preparations,United States,140924432.0,False,True,False,Proxy (Market-Cap-Rang 1001-3000),2026-09-29
KRSA,Korsana Biosciences Inc.,NASDAQ,Health Care,Biotechnology: Pharmaceutical Preparations,United States,20731684.0,False,True,False,Proxy (Market-Cap-Rang 1001-3000),2026-09-29
KRT,Karat Packaging Inc.,NASDAQ,Industrials,Plastic Products,United States,1058175068.0,False,True,True,Proxy (Market-Cap-Rang 1001-3000),2026-09-29
KRUS,Kura Sushi USA Inc.,NASDAQ,Consumer Discretionary,Restaurants,United States,472750119.0,False,True,True,Proxy (Market-Cap-Rang 1001-3000),2026-09-29
KRYS,Krystal Biotech Inc.,NASDAQ,Health Care,Biotechnology: Biological Products (No Diagnostic Substances),United States,10235869466.0,False,True,False,Proxy (Market-Cap-Rang 1001-3000),2026-09-29
KSCP,Knightscope Inc.,NASDAQ,Telecommunications,Telecommunications Equipment,United States,21487981.0,False,True,False,Proxy (Market-Cap-Rang 1001-3000),2026-09-29
KSPI,Joint Stock Company Kaspi.kz American Depository Shares,NASDAQ,Unknown,Unknown,Kazakhstan,18113532597.0,False,True,False,Proxy (Market-Cap-Rang 1001-3000),2026-09-29
KSS,Kohl's Corporation,NYSE,Consumer Discretionary,Department/Specialty Retail Stores,United States,2029438366.0,False,False,True,Proxy (Market-Cap-Rang 1001-3000),2026-09-29
KTB,Kontoor Brands Inc. Common Stock ,NYSE,Industrials,Garments and Clothing,United States,3572707139.0,False,False,True,Proxy (Market-Cap-Rang 1001-3000),2026-09-29
KTCC,Key Tronic Corporation,NASDAQ,Technology,Electrical Products,United States,24012975.0,False,True,False,Proxy (Market-Cap-Rang 1001-3000),2026-09-29
KTF,DWS Municipal Income Trust,NYSE,Finance,Finance Companies,United States,325092720.0,False,False,True,Proxy (Market-Cap-Rang 1001-3000),2026-09-29
KTOS,Kratos Defense & Security Solutions Inc.,NASDAQ,Industrials,Military/Government/Technical,United States,8563846938.0,False,True,False,Proxy (Market-Cap-Rang 1001-3000),2026-09-29
KTTA,Pasithea Therapeutics Corp.,NASDAQ,Health Care,Biotechnology: Pharmaceutical Preparations,United States,16680492.0,False,True,False,Proxy (Market-Cap-Rang 1001-3000),2026-09-29
KTWO,K2 Capital Acquisition Corporation Class A Ordinary Share,NASDAQ,Health Care,Medical/Dental Instruments,Cayman Islands,202014893.0,False,True,False,Proxy (Market-Cap-Rang 1001-3000),2026-09-29
KURA,Kura Oncology Inc.,NASDAQ,Health Care,Biotechnology: Pharmaceutical Preparations,United States,957216260.0,False,True,True,Proxy (Market-Cap-Rang 1001-3000),2026-09-29
KUST,Kustom Entertainment Inc.,NASDAQ,Technology,Radio And Television Broadcasting And Communications Equipment,United States,4092815.0,False,True,False,Proxy (Market-Cap-Rang 1001-3000),2026-09-29
KVHI,KVH Industries Inc.,NASDAQ,Consumer Discretionary,Telecommunications Equipment,United States,134061709.0,False,True,False,Proxy (Market-Cap-Rang 1001-3000),2026-09-29
KVUE,Kenvue Inc.,NYSE,Consumer Discretionary,Package Goods/Cosmetics,United States,34189767713.0,True,False,False,Proxy (Market-Cap-Rang 1001-3000),2026-09-29
KVYO,Klaviyo Inc. Series A,NYSE,Technology,Computer Software: Prepackaged Software,United States,4498693505.0,False,False,True,Proxy (Market-Cap-Rang 1001-3000),2026-09-29
KWR,Quaker Houghton,NYSE,Industrials,Major Chemicals,United States,2812598892.0,False,False,True,Proxy (Market-Cap-Rang 1001-3000),2026-09-29
KXIN,Kaixin Holdings,NASDAQ,Consumer Discretionary,Retail-Auto Dealers and Gas Stations,China,56848115.0,False,True,False,Proxy (Market-Cap-Rang 1001-3000),2026-09-29
KYIV,Kyivstar Group Ltd. Common Shares,NASDAQ,Telecommunications,Telecommunications Equipment,United Arab Emirates,3025820293.0,False,True,False,Proxy (Market-Cap-Rang 1001-3000),2026-09-29
KYMR,Kymera Therapeutics Inc.,NASDAQ,Health Care,Biotechnology: Biological Products (No Diagnostic Substances),United States,9308711685.0,False,True,False,Proxy (Market-Cap-Rang 1001-3000),2026-09-29
KYN,Kayne Anderson Energy Infrastructure Fund Inc.,NYSE,Finance,Finance/Investors Services,United States,1882699060.0,False,False,True,Proxy (Market-Cap-Rang 1001-3000),2026-09-29
KYNB,Kyntra Bio Inc.,NASDAQ,Health Care,Biotechnology: Pharmaceutical Preparations,United States,28100921.0,False,True,False,Proxy (Market-Cap-Rang 1001-3000),2026-09-29
KYTX,Kyverna Therapeutics Inc.,NASDAQ,Health Care,Biotechnology: Biological Products (No Diagnostic Substances),United States,421153854.0,False,True,True,Proxy (Market-Cap-Rang 1001-3000),2026-09-29
KZIA,Kazia Therapeutics Limited American Depositary Shares,NASDAQ,Health Care,Biotechnology: Pharmaceutical Preparations,Australia,148802762.0,False,True,False,Proxy (Market-Cap-Rang 1001-3000),2026-09-29
L,Loews Corporation,NYSE,Finance,Property-Casualty Insurers,United States,21428113610.0,True,False,False,Proxy (Market-Cap-Rang 1001-3000),2026-09-29
LAB,Standard BioTools Inc.,NASDAQ,Industrials,Biotechnology: Laboratory Analytical Instruments,United States,290469060.0,False,True,True,Proxy (Market-Cap-Rang 1001-3000),2026-09-29
LABT,Lakewood-Amedex Biotherapeutics Inc.,NASDAQ,Health Care,Biotechnology: Pharmaceutical Preparations,United States,3957379.0,False,True,False,Proxy (Market-Cap-Rang 1001-3000),2026-09-29
LADR,Ladder Capital Corp,NYSE,Real Estate,Real Estate Investment Trusts,United States,1151936951.0,False,False,True,Proxy (Market-Cap-Rang 1001-3000),2026-09-29
LAES,SEALSQ Corp,NASDAQ,Technology,Semiconductors,Switzerland,523518898.0,False,True,False,Proxy (Market-Cap-Rang 1001-3000),2026-09-29
LAFA,LaFayette Acquisition Corp. Ordinary Share,NASDAQ,Unknown,Unknown,France,0.0,False,True,False,Proxy (Market-Cap-Rang 1001-3000),2026-09-29
LAKE,Lakeland Industries Inc.,NASDAQ,Health Care,Industrial Specialties,United States,104229476.0,False,True,False,Proxy (Market-Cap-Rang 1001-3000),2026-09-29
LAMR,Lamar Advertising Company,NASDAQ,Real Estate,Real Estate Investment Trusts,United States,14621123502.0,False,True,False,Proxy (Market-Cap-Rang 1001-3000),2026-09-29
LAND,Gladstone Land Corporation,NASDAQ,Real Estate,Real Estate Investment Trusts,United States,408934712.0,False,True,True,Proxy (Market-Cap-Rang 1001-3000),2026-09-29
LARK,Landmark Bancorp Inc.,NASDAQ,Finance,Major Banks,United States,195034072.0,False,True,True,Proxy (Market-Cap-Rang 1001-3000),2026-09-29
LASE,Laser Photonics Corporation,NASDAQ,Miscellaneous,Industrial Machinery/Components,United States,52334530.0,False,True,False,Proxy (Market-Cap-Rang 1001-3000),2026-09-29
LASR,nLIGHT Inc.,NASDAQ,Technology,Semiconductors,United States,2326645645.0,False,True,True,Proxy (Market-Cap-Rang 1001-3000),2026-09-29
LAUR,Laureate Education Inc.,NASDAQ,Real Estate,Other Consumer Services,United States,5151826064.0,False,True,True,Proxy (Market-Cap-Rang 1001-3000),2026-09-29
LAW,CS Disco Inc.,NYSE,Technology,Computer Software: Prepackaged Software,United States,282400978.0,False,False,True,Proxy (Market-Cap-Rang 1001-3000),2026-09-29
LBGJ,Li Bang International Corporation Class A,NASDAQ,Industrials,Industrial Machinery/Components,China,1450045.0,False,True,False,Proxy (Market-Cap-Rang 1001-3000),2026-09-29
LBRT,Liberty Energy Inc. Class A common stock,NYSE,Energy,Oilfield Services/Equipment,United States,3090845419.0,False,False,True,Proxy (Market-Cap-Rang 1001-3000),2026-09-29
LBRX,LB Pharmaceuticals Inc,NASDAQ,Health Care,Biotechnology: Pharmaceutical Preparations,United States,1204235003.0,False,True,True,Proxy (Market-Cap-Rang 1001-3000),2026-09-29
LBTYA,Liberty Global Ltd. Class A Common Shares,NASDAQ,Telecommunications,Cable & Other Pay Television Services,United Kingdom,3223277499.0,False,True,False,Proxy (Market-Cap-Rang 1001-3000),2026-09-29
LBTYB,Liberty Global Ltd. Class B Common Shares,NASDAQ,Telecommunications,Cable & Other Pay Television Services,United Kingdom,4232896694.0,False,True,False,Proxy (Market-Cap-Rang 1001-3000),2026-09-29
LBTYK,Liberty Global Ltd. Class C Common Shares,NASDAQ,Telecommunications,Cable & Other Pay Television Services,United Kingdom,3158470861.0,False,True,False,Proxy (Market-Cap-Rang 1001-3000),2026-09-29
LCFY,Locafy Limited Ordinary Share,NASDAQ,Technology,Computer Software: Programming Data Processing,Australia,4720629.0,False,True,False,Proxy (Market-Cap-Rang 1001-3000),2026-09-29
LCID,Lucid Group Inc.,NASDAQ,Industrials,Auto Manufacturing,United States,1603865616.0,False,True,True,Proxy (Market-Cap-Rang 1001-3000),2026-09-29
LCII,LCI Industries,NYSE,Consumer Discretionary,Auto Parts:O.E.M.,United States,2054565457.0,False,False,True,Proxy (Market-Cap-Rang 1001-3000),2026-09-29
LCNB,LCNB Corporation,NASDAQ,Finance,Major Banks,United States,268421424.0,False,True,True,Proxy (Market-Cap-Rang 1001-3000),2026-09-29
LCTX,Lineage Cell Therapeutics Inc.,AMEX,Health Care,Biotechnology: Biological Products (No Diagnostic Substances),United States,260494688.0,False,False,True,Proxy (Market-Cap-Rang 1001-3000),2026-09-29
LCUT,Lifetime Brands Inc.,NASDAQ,Consumer Discretionary,Industrial Machinery/Components,United States,215175505.0,False,True,True,Proxy (Market-Cap-Rang 1001-3000),2026-09-29
LDI,loanDepot Inc.,NYSE,Finance,Finance: Consumer Services,United States,226597845.0,False,False,True,Proxy (Market-Cap-Rang 1001-3000),2026-09-29
LDOS,Leidos Holdings Inc.,NYSE,Technology,EDP Services,United States,15512091954.0,True,False,False,Proxy (Market-Cap-Rang 1001-3000),2026-09-29
LE,Lands' End Inc.,NASDAQ,Consumer Discretionary,Clothing/Shoe/Accessory Stores,United States,303123020.0,False,True,True,Proxy (Market-Cap-Rang 1001-3000),2026-09-29
LECO,Lincoln Electric Holdings Inc. Common Shares,NASDAQ,Industrials,Industrial Machinery/Components,United States,14809214177.0,False,True,False,Proxy (Market-Cap-Rang 1001-3000),2026-09-29
LEDS,SemiLEDS Corporation,NASDAQ,Technology,Semiconductors,Taiwan,18532423.0,False,True,False,Proxy (Market-Cap-Rang 1001-3000),2026-09-29
LEE,Lee Enterprises Incorporated,NASDAQ,Consumer Discretionary,Newspapers/Magazines,United States,151362979.0,False,True,False,Proxy (Market-Cap-Rang 1001-3000),2026-09-29
LEGH,Legacy Housing Corporation Common Stock (TX),NASDAQ,Consumer Discretionary,Homebuilding,United States,696843013.0,False,True,True,Proxy (Market-Cap-Rang 1001-3000),2026-09-29
LEGN,Legend Biotech Corporation American Depositary Shares,NASDAQ,Health Care,Biotechnology: Pharmaceutical Preparations,United States,3716673572.0,False,True,True,Proxy (Market-Cap-Rang 1001-3000),2026-09-29
LEN,Lennar Corporation,NYSE,Consumer Discretionary,Homebuilding,United States,19789535915.0,True,False,False,Proxy (Market-Cap-Rang 1001-3000),2026-09-29
LENZ,LENZ Therapeutics Inc.,NASDAQ,Health Care,Biotechnology: Biological Products (No Diagnostic Substances),United States,123010643.0,False,True,False,Proxy (Market-Cap-Rang 1001-3000),2026-09-29
LEO,BNY Mellon Strategic Municipals Inc.,NYSE,Finance,Trusts Except Educational Religious and Charitable,United States,350697508.0,False,False,True,Proxy (Market-Cap-Rang 1001-3000),2026-09-29
LESL,Leslie's Inc.,NASDAQ,Consumer Discretionary,Other Specialty Stores,United States,2737528.0,False,True,False,Proxy (Market-Cap-Rang 1001-3000),2026-09-29
LEU,Centrus Energy Corp.,NYSE,Industrials,Mining & Quarrying of Nonmetallic Minerals (No Fuels),United States,2902265850.0,False,False,True,Proxy (Market-Cap-Rang 1001-3000),2026-09-29
LEXX,Lexaria Bioscience Corp.,NASDAQ,Health Care,Biotechnology: Pharmaceutical Preparations,Canada,6909277.0,False,True,False,Proxy (Market-Cap-Rang 1001-3000),2026-09-29
LFCR,Lifecore Biomedical Inc.,NASDAQ,Health Care,Biotechnology: Pharmaceutical Preparations,United States,158982852.0,False,True,True,Proxy (Market-Cap-Rang 1001-3000),2026-09-29
LFMD,LifeMD Inc.,NASDAQ,Health Care,Medical/Nursing Services,United States,143156486.0,False,True,False,Proxy (Market-Cap-Rang 1001-3000),2026-09-29
LFS,LEIFRAS Co. Ltd. American Depositary Shares  ,NASDAQ,Real Estate,Other Consumer Services,Japan,55983725.0,False,True,False,Proxy (Market-Cap-Rang 1001-3000),2026-09-29
LFST,LifeStance Health Group Inc.,NASDAQ,Health Care,Medical/Nursing Services,United States,4524705100.0,False,True,True,Proxy (Market-Cap-Rang 1001-3000),2026-09-29
LFTO,Liftoff Mobile Inc.,NASDAQ,Technology,EDP Services,United States,2694064595.0,False,True,True,Proxy (Market-Cap-Rang 1001-3000),2026-09-29
LFUS,Littelfuse Inc.,NASDAQ,Energy,Electrical Products,United States,10901650187.0,False,True,False,Proxy (Market-Cap-Rang 1001-3000),2026-09-29
LFVN,Lifevantage Corporation Common Stock (Delaware),NASDAQ,Health Care,Biotechnology: Pharmaceutical Preparations,United States,78809919.0,False,True,False,Proxy (Market-Cap-Rang 1001-3000),2026-09-29
LFWD,Lifeward Ltd.,NASDAQ,Health Care,Industrial Specialties,Israel,19795792.0,False,True,False,Proxy (Market-Cap-Rang 1001-3000),2026-09-29
LGCL,Lucas GC Limited Class A,NASDAQ,Technology,Computer Software: Programming Data Processing,China,1016699.0,False,True,False,Proxy (Market-Cap-Rang 1001-3000),2026-09-29
LGHL,Lion Group Holding Ltd. American Depositary Share,NASDAQ,Finance,Investment Bankers/Brokers/Service,China,336851.0,False,True,False,Proxy (Market-Cap-Rang 1001-3000),2026-09-29
LGIH,LGI Homes Inc.,NASDAQ,Consumer Discretionary,Homebuilding,United States,1162181117.0,False,True,True,Proxy (Market-Cap-Rang 1001-3000),2026-09-29
LGN,Legence Corp. Class A Common stock,NASDAQ,Consumer Discretionary,Engineering & Construction,United States,5676124210.0,False,True,False,Proxy (Market-Cap-Rang 1001-3000),2026-09-29
LGND,Ligand Pharmaceuticals Incorporated,NASDAQ,Health Care,Biotechnology: Pharmaceutical Preparations,United States,6010984826.0,False,True,False,Proxy (Market-Cap-Rang 1001-3000),2026-09-29
LGO,Largo Inc. Common Shares,NASDAQ,Industrials,Mining & Quarrying of Nonmetallic Minerals (No Fuels),Canada,55073556.0,False,True,False,Proxy (Market-Cap-Rang 1001-3000),2026-09-29
LGVN,Longeveron Inc.,NASDAQ,Health Care,Biotechnology: Pharmaceutical Preparations,United States,8958839.0,False,True,False,Proxy (Market-Cap-Rang 1001-3000),2026-09-29
LH,Labcorp Holdings Inc.,NYSE,Health Care,Medical Specialities,United States,25111804000.0,True,False,False,Proxy (Market-Cap-Rang 1001-3000),2026-09-29
LHAI,Linkhome Holdings Inc. Common stock,NASDAQ,Finance,Real Estate,United States,16860600.0,False,True,False,Proxy (Market-Cap-Rang 1001-3000),2026-09-29
LHSW,Lianhe Sowell International Group Ltd Class A,NASDAQ,Technology,Computer Software: Prepackaged Software,China,7852440.0,False,True,False,Proxy (Market-Cap-Rang 1001-3000),2026-09-29
LHX,L3Harris Technologies Inc.,NYSE,Industrials,Industrial Machinery/Components,United States,44261352077.0,True,False,False,Proxy (Market-Cap-Rang 1001-3000),2026-09-29
LI,Li Auto Inc. American Depositary Shares,NASDAQ,Industrials,Auto Manufacturing,China,10455369383.0,False,True,False,Proxy (Market-Cap-Rang 1001-3000),2026-09-29
LICN,Lichen International Limited Class A,NASDAQ,Consumer Discretionary,Professional Services,China,17094298.0,False,True,False,Proxy (Market-Cap-Rang 1001-3000),2026-09-29
LIDR,AEye Inc.,NASDAQ,Consumer Discretionary,Auto Parts:O.E.M.,United States,56473324.0,False,True,False,Proxy (Market-Cap-Rang 1001-3000),2026-09-29
LIEN,Chicago Atlantic BDC Inc.,NASDAQ,Finance,Finance: Consumer Services,United States,229118724.0,False,True,True,Proxy (Market-Cap-Rang 1001-3000),2026-09-29
LIF,Life360 Inc.,NASDAQ,Technology,EDP Services,United States,3348843166.0,False,True,True,Proxy (Market-Cap-Rang 1001-3000),2026-09-29
LIFE,Ethos Technologies Inc.,NASDAQ,Finance,Specialty Insurers,United States,2186949272.0,False,True,True,Proxy (Market-Cap-Rang 1001-3000),2026-09-29
LII,Lennox International Inc.,NYSE,Industrials,Industrial Machinery/Components,United States,12917743495.0,True,False,False,Proxy (Market-Cap-Rang 1001-3000),2026-09-29
LILA,Liberty Latin America Ltd.,NASDAQ,Telecommunications,Cable & Other Pay Television Services,United States,1661232000.0,False,True,True,Proxy (Market-Cap-Rang 1001-3000),2026-09-29
LILAK,Liberty Latin America Ltd.,NASDAQ,Telecommunications,Cable & Other Pay Television Services,United States,1663191000.0,False,True,True,Proxy (Market-Cap-Rang 1001-3000),2026-09-29
LIME,Neutron Holdings Inc.,NASDAQ,Technology,Computer Software: Prepackaged Software,United States,1898188190.0,False,True,True,Proxy (Market-Cap-Rang 1001-3000),2026-09-29
LIMN,Liminatus Pharma Inc.,NASDAQ,Health Care,Biotechnology: Biological Products (No Diagnostic Substances),United States,5634758.0,False,True,False,Proxy (Market-Cap-Rang 1001-3000),2026-09-29
LIN,Linde plc,NASDAQ,Basic Materials,Major Chemicals,United States,216609968792.0,True,True,False,Proxy (Market-Cap-Rang 1001-3000),2026-09-29
LINC,Lincoln Educational Services Corporation,NASDAQ,Real Estate,Other Consumer Services,United States,712464418.0,False,True,True,Proxy (Market-Cap-Rang 1001-3000),2026-09-29
LIND,Lindblad Expeditions Holdings Inc.,NASDAQ,Consumer Discretionary,Transportation Services,United States,1866880152.0,False,True,True,Proxy (Market-Cap-Rang 1001-3000),2026-09-29
LINE,Lineage Inc.,NASDAQ,Real Estate,Real Estate Investment Trusts,United States,8231716934.0,False,True,False,Proxy (Market-Cap-Rang 1001-3000),2026-09-29
LINK,Interlink Electronics Inc.,NASDAQ,Technology,Computer peripheral equipment,United States,87431420.0,False,True,False,Proxy (Market-Cap-Rang 1001-3000),2026-09-29
LIQT,LiqTech International Inc.,NASDAQ,Technology,Industrial Machinery/Components,Denmark,20216795.0,False,True,False,Proxy (Market-Cap-Rang 1001-3000),2026-09-29
LITE,Lumentum Holdings Inc.,NASDAQ,Telecommunications,Telecommunications Equipment,United States,84466005000.0,True,True,False,Proxy (Market-Cap-Rang 1001-3000),2026-09-29
LITS,Lite Strategy Inc.,NASDAQ,Health Care,Biotechnology: Pharmaceutical Preparations,United States,45911013.0,False,True,False,Proxy (Market-Cap-Rang 1001-3000),2026-09-29
LIVE,Live Ventures Incorporated,NASDAQ,Consumer Discretionary,Other Specialty Stores,United States,24112500.0,False,True,False,Proxy (Market-Cap-Rang 1001-3000),2026-09-29
LIVN,LivaNova PLC,NASDAQ,Health Care,Biotechnology: Electromedical & Electrotherapeutic Apparatus,United Kingdom,4221815441.0,False,True,False,Proxy (Market-Cap-Rang 1001-3000),2026-09-29
LKFN,Lakeland Financial Corporation,NASDAQ,Finance,Major Banks,United States,1479290058.0,False,True,True,Proxy (Market-Cap-Rang 1001-3000),2026-09-29
LKFT,Lakefront Biotherapeutics American Depositary Shares,NASDAQ,Health Care,Biotechnology: Pharmaceutical Preparations,Belgium,1936055946.0,False,True,False,Proxy (Market-Cap-Rang 1001-3000),2026-09-29
LKQ,LKQ Corporation,NASDAQ,Consumer Discretionary,Motor Vehicles,United States,5892418583.0,False,True,False,Proxy (Market-Cap-Rang 1001-3000),2026-09-29
LKSP,Lake Superior Acquisition Corp. Class A,NASDAQ,Unknown,Unknown,United States,0.0,False,True,False,Proxy (Market-Cap-Rang 1001-3000),2026-09-29
LLY,Eli Lilly and Company,NYSE,Health Care,Biotechnology: Pharmaceutical Preparations,United States,1114058432145.0,True,False,False,Proxy (Market-Cap-Rang 1001-3000),2026-09-29
LLYVA,Liberty Live Holdings Inc. Series A Liberty Live Group,NASDAQ,Consumer Discretionary,Services-Misc. Amusement & Recreation,United States,8861957816.0,False,True,False,Proxy (Market-Cap-Rang 1001-3000),2026-09-29
LLYVK,Liberty Live Holdings Inc. Series C Liberty Live Group,NASDAQ,Consumer Discretionary,Services-Misc. Amusement & Recreation,United States,9141654159.0,False,True,False,Proxy (Market-Cap-Rang 1001-3000),2026-09-29
LMAT,LeMaitre Vascular Inc.,NASDAQ,Health Care,Medical/Dental Instruments,United States,1864301831.0,False,True,True,Proxy (Market-Cap-Rang 1001-3000),2026-09-29
LMB,Limbach Holdings Inc.,NASDAQ,Consumer Discretionary,Engineering & Construction,United States,613898640.0,False,True,True,Proxy (Market-Cap-Rang 1001-3000),2026-09-29
LMND,Lemonade Inc.,NYSE,Finance,Property-Casualty Insurers,United States,3477429912.0,False,False,True,Proxy (Market-Cap-Rang 1001-3000),2026-09-29
LMNR,Limoneira Co,NASDAQ,Consumer Staples,Farming/Seeds/Milling,United States,213595042.0,False,True,True,Proxy (Market-Cap-Rang 1001-3000),2026-09-29
LMRI,Lumexa Imaging Holdings Inc.,NASDAQ,Health Care,Medical Specialities,United States,980925505.0,False,True,True,Proxy (Market-Cap-Rang 1001-3000),2026-09-29
LMT,Lockheed Martin Corporation,NYSE,Industrials,Military/Government/Technical,United States,119909643629.0,True,False,False,Proxy (Market-Cap-Rang 1001-3000),2026-09-29
LNAI,Lunai Bioworks Inc.,NASDAQ,Health Care,Biotechnology: Pharmaceutical Preparations,United States,8750408.0,False,True,False,Proxy (Market-Cap-Rang 1001-3000),2026-09-29
LNKS,Linkers Industries Limited Class A,NASDAQ,Technology,Electrical Products,Malaysia,1559379.0,False,True,False,Proxy (Market-Cap-Rang 1001-3000),2026-09-29
LNN,Lindsay Corporation,NYSE,Industrials,Industrial Machinery/Components,United States,1161795111.0,False,False,True,Proxy (Market-Cap-Rang 1001-3000),2026-09-29
LNSR,LENSAR Inc.,NASDAQ,Health Care,Medical/Dental Instruments,United States,85018186.0,False,True,False,Proxy (Market-Cap-Rang 1001-3000),2026-09-29
LNT,Alliant Energy Corporation,NASDAQ,Utilities,Power Generation,United States,16490506856.0,True,True,False,Proxy (Market-Cap-Rang 1001-3000),2026-09-29
LNTH,Lantheus Holdings Inc.,NASDAQ,Health Care,Biotechnology: In Vitro & In Vivo Diagnostic Substances,United States,6510266084.0,False,True,False,Proxy (Market-Cap-Rang 1001-3000),2026-09-29
LNZA,LanzaTech Global Inc.,NASDAQ,Industrials,Major Chemicals,United States,78927653.0,False,True,False,Proxy (Market-Cap-Rang 1001-3000),2026-09-29
LOAN,Manhattan Bridge Capital Inc,NASDAQ,Real Estate,Real Estate Investment Trusts,United States,44559485.0,False,True,False,Proxy (Market-Cap-Rang 1001-3000),2026-09-29
LOB,Live Oak Bancshares Inc.,NYSE,Finance,Major Banks,United States,1734710078.0,False,False,True,Proxy (Market-Cap-Rang 1001-3000),2026-09-29
LOBO,LOBO TECHNOLOGIES LTD. Class A,NASDAQ,Consumer Discretionary,Motor Vehicles,China,7750101.0,False,True,False,Proxy (Market-Cap-Rang 1001-3000),2026-09-29
LOCO,El Pollo Loco Holdings Inc.,NASDAQ,Consumer Discretionary,Restaurants,United States,428800082.0,False,True,True,Proxy (Market-Cap-Rang 1001-3000),2026-09-29
LODE,Comstock Inc.,AMEX,Industrials,Major Chemicals,United States,194542200.0,False,False,True,Proxy (Market-Cap-Rang 1001-3000),2026-09-29
LOGI,Logitech International S.A.,NASDAQ,Technology,Computer peripheral equipment,United States,14474908482.0,False,True,False,Proxy (Market-Cap-Rang 1001-3000),2026-09-29
LONA,LeonaBio Inc.,NASDAQ,Health Care,Biotechnology: Biological Products (No Diagnostic Substances),United States,30620405.0,False,True,False,Proxy (Market-Cap-Rang 1001-3000),2026-09-29
LOOP,Loop Industries Inc.,NASDAQ,Industrials,Major Chemicals,Canada,22303351.0,False,True,False,Proxy (Market-Cap-Rang 1001-3000),2026-09-29
LOPE,Grand Canyon Education Inc.,NASDAQ,Real Estate,Other Consumer Services,United States,3838858649.0,False,True,True,Proxy (Market-Cap-Rang 1001-3000),2026-09-29
LOT,Lotus Technology Inc. American Depositary Shares,NASDAQ,Industrials,Auto Manufacturing,China,577816679.0,False,True,False,Proxy (Market-Cap-Rang 1001-3000),2026-09-29
LOVE,The Lovesac Company,NASDAQ,Consumer Discretionary,Other Specialty Stores,United States,219091947.0,False,True,True,Proxy (Market-Cap-Rang 1001-3000),2026-09-29
LOW,Lowe's Companies Inc.,NYSE,Consumer Discretionary,RETAIL: Building Materials,United States,106196304716.0,True,False,False,Proxy (Market-Cap-Rang 1001-3000),2026-09-29
LPAA,Launch One Acquisition Corp. Class A Ordinary shares,NASDAQ,Unknown,Unknown,United States,0.0,False,True,False,Proxy (Market-Cap-Rang 1001-3000),2026-09-29
LPBB,Launch Two Acquisition Corp. Class A,NASDAQ,Unknown,Unknown,United States,0.0,False,True,False,Proxy (Market-Cap-Rang 1001-3000),2026-09-29
LPCN,Lipocine Inc.,NASDAQ,Health Care,Biotechnology: Pharmaceutical Preparations,United States,17312931.0,False,True,False,Proxy (Market-Cap-Rang 1001-3000),2026-09-29
LPCV,Launchpad Cadenza Acquisition Corp I Class A Ordinary Share,NASDAQ,Unknown,Unknown,United States,0.0,False,True,False,Proxy (Market-Cap-Rang 1001-3000),2026-09-29
LPG,Dorian LPG Ltd.,NYSE,Consumer Discretionary,Marine Transportation,United States,2285878646.0,False,False,True,Proxy (Market-Cap-Rang 1001-3000),2026-09-29
LPLA,LPL Financial Holdings Inc.,NASDAQ,Finance,Investment Bankers/Brokers/Service,United States,24753426284.0,False,True,False,Proxy (Market-Cap-Rang 1001-3000),2026-09-29
LPTH,LightPath Technologies Inc.,NASDAQ,Technology,Semiconductors,United States,698961795.0,False,True,True,Proxy (Market-Cap-Rang 1001-3000),2026-09-29
LPX,Louisiana-Pacific Corporation,NYSE,Basic Materials,Forest Products,United States,4663891447.0,False,False,True,Proxy (Market-Cap-Rang 1001-3000),2026-09-29
LQDA,Liquidia Corporation,NASDAQ,Health Care,Biotechnology: Pharmaceutical Preparations,United States,6125093411.0,False,True,False,Proxy (Market-Cap-Rang 1001-3000),2026-09-29
LQDT,Liquidity Services Inc.,NASDAQ,Consumer Discretionary,Business Services,United States,1366371861.0,False,True,True,Proxy (Market-Cap-Rang 1001-3000),2026-09-29
LRCX,Lam Research Corporation,NASDAQ,Technology,Industrial Machinery/Components,United States,394461473146.0,True,True,False,Proxy (Market-Cap-Rang 1001-3000),2026-09-29
LRE,Lead Real Estate Co. Ltd American Depositary Shares,NASDAQ,Consumer Discretionary,Homebuilding,Japan,15006090.0,False,True,False,Proxy (Market-Cap-Rang 1001-3000),2026-09-29
LRHC,La Rosa Holdings Corp.,NASDAQ,Finance,Real Estate,United States,1481061.0,False,True,False,Proxy (Market-Cap-Rang 1001-3000),2026-09-29
LRMR,Larimar Therapeutics Inc.,NASDAQ,Health Care,Biotechnology: Pharmaceutical Preparations,United States,319440031.0,False,True,True,Proxy (Market-Cap-Rang 1001-3000),2026-09-29
LRN,Stride Inc.,NYSE,Real Estate,Other Consumer Services,United States,3264941423.0,False,False,True,Proxy (Market-Cap-Rang 1001-3000),2026-09-29
LSAK,Lesaka Technologies Inc.,NASDAQ,Finance,Investment Bankers/Brokers/Service,South Africa,358744713.0,False,True,False,Proxy (Market-Cap-Rang 1001-3000),2026-09-29
LSBK,Lake Shore Bancorp Inc.,NASDAQ,Finance,Savings Institutions,United States,139954502.0,False,True,False,Proxy (Market-Cap-Rang 1001-3000),2026-09-29
LSCC,Lattice Semiconductor Corporation,NASDAQ,Technology,Semiconductors,United States,18186976330.0,False,True,False,Proxy (Market-Cap-Rang 1001-3000),2026-09-29
LSE,Leishen Energy Holding Co. Ltd. Class A,NASDAQ,Consumer Discretionary,Oil and Gas Field Machinery,China,81720000.0,False,True,False,Proxy (Market-Cap-Rang 1001-3000),2026-09-29
LSTA,Lisata Therapeutics Inc.,NASDAQ,Health Care,Biotechnology: Pharmaceutical Preparations,United States,17070424.0,False,True,False,Proxy (Market-Cap-Rang 1001-3000),2026-09-29
LSTR,Landstar System Inc.,NASDAQ,Industrials,Trucking Freight/Courier Services,United States,5557850207.0,False,True,False,Proxy (Market-Cap-Rang 1001-3000),2026-09-29
LTBR,Lightbridge Corporation,NASDAQ,Basic Materials,Major Chemicals,United States,256587923.0,False,True,True,Proxy (Market-Cap-Rang 1001-3000),2026-09-29
LTC,LTC Properties Inc.,NYSE,Real Estate,Real Estate Investment Trusts,United States,2314704875.0,False,False,True,Proxy (Market-Cap-Rang 1001-3000),2026-09-29
LTGO,Latigo Biotherapeutics Inc.,NASDAQ,Health Care,Biotechnology: Pharmaceutical Preparations,United States,1137033801.0,False,True,True,Proxy (Market-Cap-Rang 1001-3000),2026-09-29
LTRN,Lantern Pharma Inc.,NASDAQ,Health Care,Biotechnology: Pharmaceutical Preparations,United States,15596658.0,False,True,False,Proxy (Market-Cap-Rang 1001-3000),2026-09-29
LTRX,Lantronix Inc.,NASDAQ,Telecommunications,Computer Communications Equipment,United States,328858991.0,False,True,True,Proxy (Market-Cap-Rang 1001-3000),2026-09-29
LUCD,Lucid Diagnostics Inc.,NASDAQ,Health Care,Medical/Dental Instruments,United States,167879519.0,False,True,True,Proxy (Market-Cap-Rang 1001-3000),2026-09-29
LUCK,Lucky Strike Entertainment Corporation,NYSE,Consumer Discretionary,Services-Misc. Amusement & Recreation,United States,710268984.0,False,False,True,Proxy (Market-Cap-Rang 1001-3000),2026-09-29
LUCY,Innovative Eyewear Inc.,NASDAQ,Health Care,Ophthalmic Goods,United States,8275779.0,False,True,False,Proxy (Market-Cap-Rang 1001-3000),2026-09-29
LULU,lululemon athletica inc.,NASDAQ,Consumer Discretionary,Apparel,Canada,10696678683.0,True,True,False,Proxy (Market-Cap-Rang 1001-3000),2026-09-29
LUNG,Pulmonx Corporation,NASDAQ,Health Care,Medical/Dental Instruments,United States,82031194.0,False,True,False,Proxy (Market-Cap-Rang 1001-3000),2026-09-29
LUNR,Intuitive Machines Inc.,NASDAQ,Industrials,Industrial Machinery/Components,United States,3573504701.0,False,True,True,Proxy (Market-Cap-Rang 1001-3000),2026-09-29
LUV,Southwest Airlines Company,NYSE,Consumer Discretionary,Air Freight/Delivery Services,United States,20879406019.0,True,False,False,Proxy (Market-Cap-Rang 1001-3000),2026-09-29
LVLU,Lulu's Fashion Lounge Holdings Inc.,NASDAQ,Consumer Discretionary,Catalog/Specialty Distribution,United States,33137987.0,False,True,False,Proxy (Market-Cap-Rang 1001-3000),2026-09-29
LVO,LiveOne Inc.,NASDAQ,Consumer Discretionary,Restaurants,United States,32085586.0,False,True,False,Proxy (Market-Cap-Rang 1001-3000),2026-09-29
LVS,Las Vegas Sands Corp.,NYSE,Consumer Discretionary,Hotels/Resorts,United States,25253869164.0,True,False,False,Proxy (Market-Cap-Rang 1001-3000),2026-09-29
LVWR,LiveWire Group Inc.,NYSE,Consumer Discretionary,Motor Vehicles,United States,308118686.0,False,False,True,Proxy (Market-Cap-Rang 1001-3000),2026-09-29
LWAY,Lifeway Foods Inc.,NASDAQ,Consumer Staples,Packaged Foods,United States,328420680.0,False,True,True,Proxy (Market-Cap-Rang 1001-3000),2026-09-29
LWLG,Lightwave Logic Inc.,NASDAQ,Industrials,Containers/Packaging,United States,818628124.0,False,True,True,Proxy (Market-Cap-Rang 1001-3000),2026-09-29
LX,LexinFintech Holdings Ltd. American Depositary Shares,NASDAQ,Finance,Finance: Consumer Services,China,122355293.0,False,True,False,Proxy (Market-Cap-Rang 1001-3000),2026-09-29
LXEH,Lixiang Education Holding Co. Ltd. American Depositary Shares,NASDAQ,Real Estate,Other Consumer Services,China,3220001.0,False,True,False,Proxy (Market-Cap-Rang 1001-3000),2026-09-29
LXEO,Lexeo Therapeutics Inc.,NASDAQ,Health Care,Biotechnology: Biological Products (No Diagnostic Substances),United States,271573104.0,False,True,True,Proxy (Market-Cap-Rang 1001-3000),2026-09-29
LXP,LXP Industrial Trust Common Stock (Maryland REIT),NYSE,Real Estate,Real Estate Investment Trusts,United States,3589318232.0,False,False,True,Proxy (Market-Cap-Rang 1001-3000),2026-09-29
LXRX,Lexicon Pharmaceuticals Inc.,NASDAQ,Health Care,Biotechnology: Pharmaceutical Preparations,United States,798695902.0,False,True,True,Proxy (Market-Cap-Rang 1001-3000),2026-09-29
LXU,LSB Industries Inc.,NYSE,Basic Materials,Major Chemicals,United States,712055315.0,False,False,True,Proxy (Market-Cap-Rang 1001-3000),2026-09-29
LYB,LyondellBasell Industries NV Ordinary Shares Class A (Netherlands),NYSE,Industrials,Major Chemicals,Netherlands,18781426529.0,True,False,False,Proxy (Market-Cap-Rang 1001-3000),2026-09-29
LYEL,Lyell Immunopharma Inc.,NASDAQ,Health Care,Biotechnology: Pharmaceutical Preparations,United States,241375639.0,False,True,True,Proxy (Market-Cap-Rang 1001-3000),2026-09-29
LYFT,Lyft Inc.,NASDAQ,Consumer Discretionary,Business Services,United States,5627000801.0,False,True,False,Proxy (Market-Cap-Rang 1001-3000),2026-09-29
LYTS,LSI Industries Inc.,NASDAQ,Consumer Discretionary,Building Products,United States,785841576.0,False,True,True,Proxy (Market-Cap-Rang 1001-3000),2026-09-29
LYV,Live Nation Entertainment Inc.,NYSE,Consumer Discretionary,Services-Misc. Amusement & Recreation,United States,40262757658.0,True,False,False,Proxy (Market-Cap-Rang 1001-3000),2026-09-29
LZ,LegalZoom.com Inc.,NASDAQ,Technology,EDP Services,United States,962508243.0,False,True,True,Proxy (Market-Cap-Rang 1001-3000),2026-09-29
LZB,La-Z-Boy Incorporated,NYSE,Consumer Discretionary,Home Furnishings,United States,1196776797.0,False,False,True,Proxy (Market-Cap-Rang 1001-3000),2026-09-29
LZMH,LZ Technology Holdings Limited Class B,NASDAQ,Technology,EDP Services,China,10325275.0,False,True,False,Proxy (Market-Cap-Rang 1001-3000),2026-09-29
MA,Mastercard Incorporated,NYSE,Consumer Discretionary,Business Services,United States,497267042441.0,True,False,False,Proxy (Market-Cap-Rang 1001-3000),2026-09-29
MAA,Mid-America Apartment Communities Inc.,NYSE,Real Estate,Real Estate Investment Trusts,United States,13731198611.0,True,False,False,Proxy (Market-Cap-Rang 1001-3000),2026-09-29
MAAS,Maase Inc. Class A,NASDAQ,Finance,Investment Managers,China,6796238634.0,False,True,False,Proxy (Market-Cap-Rang 1001-3000),2026-09-29
MACI,Melar Acquisition Corp. I Class A,NASDAQ,Unknown,Unknown,United States,0.0,False,True,False,Proxy (Market-Cap-Rang 1001-3000),2026-09-29
MAGN,Magnera Corporation,NYSE,Basic Materials,Paper,United States,434254000.0,False,False,True,Proxy (Market-Cap-Rang 1001-3000),2026-09-29
MAIN,Main Street Capital Corporation,NYSE,Finance,Finance/Investors Services,United States,5152316201.0,False,False,True,Proxy (Market-Cap-Rang 1001-3000),2026-09-29
MAKO,Mako Mining Corp,NASDAQ,Basic Materials,Precious Metals,Canada,874306972.0,False,True,False,Proxy (Market-Cap-Rang 1001-3000),2026-09-29
MAMA,Mama's Creations Inc.,NASDAQ,Consumer Staples,Specialty Foods,United States,629418711.0,False,True,True,Proxy (Market-Cap-Rang 1001-3000),2026-09-29
MAMO,Massimo Group,NASDAQ,Consumer Discretionary,Industrial Specialties,United States,39042555.0,False,True,False,Proxy (Market-Cap-Rang 1001-3000),2026-09-29
MAN,ManpowerGroup,NYSE,Consumer Discretionary,Professional Services,United States,2669884774.0,False,False,True,Proxy (Market-Cap-Rang 1001-3000),2026-09-29
MANH,Manhattan Associates Inc.,NASDAQ,Technology,Computer Software: Prepackaged Software,United States,12012573381.0,False,True,False,Proxy (Market-Cap-Rang 1001-3000),2026-09-29
MAR,Marriott International,NASDAQ,Consumer Discretionary,Hotels/Resorts,United States,91797556365.0,True,True,False,Proxy (Market-Cap-Rang 1001-3000),2026-09-29
MARA,MARA Holdings Inc.,NASDAQ,Finance,Finance: Consumer Services,United States,4848056177.0,False,True,True,Proxy (Market-Cap-Rang 1001-3000),2026-09-29
MAS,Masco Corporation,NYSE,Industrials,Industrial Specialties,United States,13576354556.0,True,False,False,Proxy (Market-Cap-Rang 1001-3000),2026-09-29
MASK,3 E Network Technology Group Ltd Class A,NASDAQ,Technology,EDP Services,China,3159461.0,False,True,False,Proxy (Market-Cap-Rang 1001-3000),2026-09-29
MASS,908 Devices Inc.,NASDAQ,Industrials,Industrial Machinery/Components,United States,472857585.0,False,True,True,Proxy (Market-Cap-Rang 1001-3000),2026-09-29
MAT,Mattel Inc.,NASDAQ,Consumer Discretionary,Recreational Games/Products/Toys,United States,3796953000.0,False,True,True,Proxy (Market-Cap-Rang 1001-3000),2026-09-29
MATH,Metalpha Technology Holding Limited,NASDAQ,Finance,Finance: Consumer Services,China,46625257.0,False,True,False,Proxy (Market-Cap-Rang 1001-3000),2026-09-29
MATV,Mativ Holdings Inc.,NYSE,Basic Materials,Paper,United States,657865968.0,False,False,True,Proxy (Market-Cap-Rang 1001-3000),2026-09-29
MATW,Matthews International Corporation,NASDAQ,Telecommunications,Metal Fabrications,United States,591489628.0,False,True,True,Proxy (Market-Cap-Rang 1001-3000),2026-09-29
MAX,MediaAlpha Inc.,NYSE,Consumer Discretionary,Business Services,United States,567917076.0,False,False,True,Proxy (Market-Cap-Rang 1001-3000),2026-09-29
MAYS,J. W. Mays Inc.,NASDAQ,Real Estate,Building operators,United States,80631200.0,False,True,False,Proxy (Market-Cap-Rang 1001-3000),2026-09-29
MAZE,Maze Therapeutics Inc.,NASDAQ,Health Care,Biotechnology: Biological Products (No Diagnostic Substances),United States,1447055826.0,False,True,True,Proxy (Market-Cap-Rang 1001-3000),2026-09-29
MB,MasterBeef Group,NASDAQ,Consumer Discretionary,Restaurants,Hong Kong,68620000.0,False,True,False,Proxy (Market-Cap-Rang 1001-3000),2026-09-29
MBAI,MBody AI Ltd. Ordinary Share,NASDAQ,Health Care,Medical Electronics,Israel,70197551.0,False,True,False,Proxy (Market-Cap-Rang 1001-3000),2026-09-29
MBBC,Marathon Bancorp Inc.,NASDAQ,Finance,Banks,United States,45991318.0,False,True,False,Proxy (Market-Cap-Rang 1001-3000),2026-09-29
MBC,MasterBrand Inc.,NYSE,Consumer Discretionary,Home Furnishings,United States,1471236243.0,False,False,True,Proxy (Market-Cap-Rang 1001-3000),2026-09-29
MBGL,Mobility Global Inc.,NYSE,Consumer Discretionary,Business Services,United States,5268456988.0,False,False,True,Proxy (Market-Cap-Rang 1001-3000),2026-09-29
MBI,MBIA Inc.,NYSE,Finance,Property-Casualty Insurers,United States,223962189.0,False,False,True,Proxy (Market-Cap-Rang 1001-3000),2026-09-29
MBIN,Merchants Bancorp,NASDAQ,Finance,Major Banks,United States,2393373708.0,False,True,True,Proxy (Market-Cap-Rang 1001-3000),2026-09-29
MBIO,Mustang Bio Inc.,NASDAQ,Health Care,Biotechnology: Pharmaceutical Preparations,United States,3943334.0,False,True,False,Proxy (Market-Cap-Rang 1001-3000),2026-09-29
MBLY,Mobileye Global Inc.,NASDAQ,Technology,Computer Software: Prepackaged Software,Israel,6827006412.0,False,True,False,Proxy (Market-Cap-Rang 1001-3000),2026-09-29
MBOT,Microbot Medical Inc.,NASDAQ,Health Care,Medical/Dental Instruments,Israel,85635121.0,False,True,False,Proxy (Market-Cap-Rang 1001-3000),2026-09-29
MBRX,Moleculin Biotech Inc.,NASDAQ,Health Care,Biotechnology: Pharmaceutical Preparations,United States,12264085.0,False,True,False,Proxy (Market-Cap-Rang 1001-3000),2026-09-29
MBUU,Malibu Boats Inc.,NASDAQ,Industrials,Marine Transportation,United States,474025579.0,False,True,True,Proxy (Market-Cap-Rang 1001-3000),2026-09-29
MBVI,M3-Brigade Acquisition VI Corp. Class A,NASDAQ,Unknown,Unknown,United States,0.0,False,True,False,Proxy (Market-Cap-Rang 1001-3000),2026-09-29
MBWM,Mercantile Bank Corporation,NASDAQ,Finance,Major Banks,United States,1037674318.0,False,True,True,Proxy (Market-Cap-Rang 1001-3000),2026-09-29
MBX,MBX Biosciences Inc.,NASDAQ,Health Care,Biotechnology: Pharmaceutical Preparations,United States,2582825948.0,False,True,True,Proxy (Market-Cap-Rang 1001-3000),2026-09-29
MC,Moelis & Company,NYSE,Finance,Investment Managers,United States,4597525054.0,False,False,True,Proxy (Market-Cap-Rang 1001-3000),2026-09-29
MCB,Metropolitan Bank Holding Corp.,NYSE,Finance,Major Banks,United States,1110840909.0,False,False,True,Proxy (Market-Cap-Rang 1001-3000),2026-09-29
MCBS,MetroCity Bankshares Inc.,NASDAQ,Finance,Major Banks,United States,1006767390.0,False,True,True,Proxy (Market-Cap-Rang 1001-3000),2026-09-29
MCD,McDonald's Corporation,NYSE,Consumer Discretionary,Restaurants,United States,167357222082.0,True,False,False,Proxy (Market-Cap-Rang 1001-3000),2026-09-29
MCFT,MasterCraft Boat Holdings Inc.,NASDAQ,Industrials,Marine Transportation,United States,501147649.0,False,True,True,Proxy (Market-Cap-Rang 1001-3000),2026-09-29
MCGA,Yorkville Acquisition Corp. Class A Ordinary Share,NASDAQ,Utilities,Electric Utilities: Central,United States,0.0,False,True,False,Proxy (Market-Cap-Rang 1001-3000),2026-09-29
MCHB,Mechanics Bancorp,NASDAQ,Finance,Major Banks,United States,3342133965.0,False,True,True,Proxy (Market-Cap-Rang 1001-3000),2026-09-29
MCHP,Microchip Technology Incorporated,NASDAQ,Technology,Semiconductors,United States,42729353895.0,True,True,False,Proxy (Market-Cap-Rang 1001-3000),2026-09-29
MCHX,Marchex Inc.,NASDAQ,Technology,Computer Software: Prepackaged Software,United States,58082636.0,False,True,False,Proxy (Market-Cap-Rang 1001-3000),2026-09-29
MCI,Barings Corporate Investors,NYSE,Finance,Trusts Except Educational Religious and Charitable,United States,372509678.0,False,False,True,Proxy (Market-Cap-Rang 1001-3000),2026-09-29
MCK,McKesson Corporation,NYSE,Health Care,Other Pharmaceuticals,United States,101041872190.0,True,False,False,Proxy (Market-Cap-Rang 1001-3000),2026-09-29
MCO,Moody's Corporation,NYSE,Finance,Finance: Consumer Services,United States,81178840000.0,True,False,False,Proxy (Market-Cap-Rang 1001-3000),2026-09-29
MCRB,Seres Therapeutics Inc.,NASDAQ,Health Care,Biotechnology: Pharmaceutical Preparations,United States,35357629.0,False,True,False,Proxy (Market-Cap-Rang 1001-3000),2026-09-29
MCRI,Monarch Casino & Resort Inc.,NASDAQ,Consumer Discretionary,Hotels/Resorts,United States,2110197623.0,False,True,True,Proxy (Market-Cap-Rang 1001-3000),2026-09-29
MCS,Marcus Corporation (The),NYSE,Consumer Discretionary,Movies/Entertainment,United States,866075346.0,False,False,True,Proxy (Market-Cap-Rang 1001-3000),2026-09-29
MD,Pediatrix Medical Group Inc.,NYSE,Health Care,Hospital/Nursing Management,United States,2137773560.0,False,False,True,Proxy (Market-Cap-Rang 1001-3000),2026-09-29
MDAI,Spectral AI Inc.,NASDAQ,Health Care,Medical/Dental Instruments,United States,51174036.0,False,True,False,Proxy (Market-Cap-Rang 1001-3000),2026-09-29
MDB,MongoDB Inc.,NASDAQ,Technology,Computer Software: Prepackaged Software,United States,33063544600.0,False,True,False,Proxy (Market-Cap-Rang 1001-3000),2026-09-29
MDBH,MDB Capital Holdings LLC Class A common,NASDAQ,Finance,Finance: Consumer Services,United States,13379035.0,False,True,False,Proxy (Market-Cap-Rang 1001-3000),2026-09-29
MDCX,Medicus Pharma Ltd. Common Stock  ,NASDAQ,Health Care,Biotechnology: Pharmaceutical Preparations,Canada,9169610.0,False,True,False,Proxy (Market-Cap-Rang 1001-3000),2026-09-29
MDGL,Madrigal Pharmaceuticals Inc.,NASDAQ,Health Care,Biotechnology: Pharmaceutical Preparations,United States,11934667327.0,False,True,False,Proxy (Market-Cap-Rang 1001-3000),2026-09-29
MDIA,Mediaco Holding Inc. Class A Common Stock ,NASDAQ,Consumer Discretionary,Broadcasting,United States,91581645.0,False,True,False,Proxy (Market-Cap-Rang 1001-3000),2026-09-29
MDLN,Medline Inc.,NASDAQ,Health Care,Medical/Dental Instruments,United States,45620349972.0,False,True,False,Proxy (Market-Cap-Rang 1001-3000),2026-09-29
MDLZ,Mondelez International Inc.,NASDAQ,Consumer Staples,Packaged Foods,United States,76897560434.0,True,True,False,Proxy (Market-Cap-Rang 1001-3000),2026-09-29
MDRR,Medalist Diversified Inc.,NASDAQ,Real Estate,Real Estate Investment Trusts,United States,19314010.0,False,True,False,Proxy (Market-Cap-Rang 1001-3000),2026-09-29
MDT,Medtronic plc.,NYSE,Health Care,Biotechnology: Electromedical & Electrotherapeutic Apparatus,United States,113382782570.0,True,False,False,Proxy (Market-Cap-Rang 1001-3000),2026-09-29
MDU,MDU Resources Group Inc. Common Stock (Holding Company),NYSE,Industrials,Mining & Quarrying of Nonmetallic Minerals (No Fuels),United States,3946155795.0,False,False,True,Proxy (Market-Cap-Rang 1001-3000),2026-09-29
MDWD,MediWound Ltd.,NASDAQ,Health Care, Medicinal Chemicals and Botanical Products ,Israel,178678248.0,False,True,False,Proxy (Market-Cap-Rang 1001-3000),2026-09-29
MDXG,MiMedx Group Inc,NASDAQ,Health Care,Medical/Dental Instruments,United States,680701386.0,False,True,True,Proxy (Market-Cap-Rang 1001-3000),2026-09-29
MDXH,MDxHealth SA,NASDAQ,Health Care,Medical Specialities,Belgium,53929904.0,False,True,False,Proxy (Market-Cap-Rang 1001-3000),2026-09-29
MEC,Mayville Engineering Company Inc.,NYSE,Industrials,Industrial Specialties,United States,437585680.0,False,False,True,Proxy (Market-Cap-Rang 1001-3000),2026-09-29
MEDP,Medpace Holdings Inc.,NASDAQ,Health Care,Biotechnology: Commercial Physical & Biological Resarch,United States,17273965046.0,False,True,False,Proxy (Market-Cap-Rang 1001-3000),2026-09-29
MEDS,DataMeds AI Inc.,NASDAQ,Health Care,Other Pharmaceuticals,United States,8812291.0,False,True,False,Proxy (Market-Cap-Rang 1001-3000),2026-09-29
MEGL,Magic Empire Global Limited Class A,NASDAQ,Finance,Finance: Consumer Services,Hong Kong,72871736.0,False,True,False,Proxy (Market-Cap-Rang 1001-3000),2026-09-29
MEI,Methode Electronics Inc.,NYSE,Technology,Electrical Products,United States,517209719.0,False,False,True,Proxy (Market-Cap-Rang 1001-3000),2026-09-29
MELI,MercadoLibre Inc.,NASDAQ,Consumer Discretionary,Business Services,Argentina,88851722153.0,False,True,False,Proxy (Market-Cap-Rang 1001-3000),2026-09-29
MENS,Jyong Biotech Ltd.,NASDAQ,Health Care,Biotechnology: Pharmaceutical Preparations,Taiwan,154336164.0,False,True,False,Proxy (Market-Cap-Rang 1001-3000),2026-09-29
MEOH,Methanex Corporation,NASDAQ,Industrials,Major Chemicals,Canada,4553273699.0,False,True,False,Proxy (Market-Cap-Rang 1001-3000),2026-09-29
MERC,Mercer International Inc.,NASDAQ,Basic Materials,Paper,Canada,21452472.0,False,True,False,Proxy (Market-Cap-Rang 1001-3000),2026-09-29
MESH,Meshflow Acquisition Corp. Class A,NASDAQ,Unknown,Unknown,United States,0.0,False,True,False,Proxy (Market-Cap-Rang 1001-3000),2026-09-29
MESO,Mesoblast Limited American Depositary Shares,NASDAQ,Health Care,Biotechnology: Biological Products (No Diagnostic Substances),Australia,1966882342.0,False,True,False,Proxy (Market-Cap-Rang 1001-3000),2026-09-29
MET,MetLife Inc.,NYSE,Finance,Life Insurance,United States,62086095768.0,True,False,False,Proxy (Market-Cap-Rang 1001-3000),2026-09-29
META,Meta Platforms Inc.,NASDAQ,Technology,Computer Software: Programming Data Processing,United States,1914858529084.0,True,True,False,Proxy (Market-Cap-Rang 1001-3000),2026-09-29
METC,Ramaco Resources Inc.,NASDAQ,Energy,Coal Mining,United States,574423131.0,False,True,True,Proxy (Market-Cap-Rang 1001-3000),2026-09-29
METCB,Ramaco Resources Inc.,NASDAQ,Energy,Coal Mining,United States,286574733.0,False,True,True,Proxy (Market-Cap-Rang 1001-3000),2026-09-29
MF,MindForge Inc. Class A,NASDAQ,Technology,Computer Software: Programming Data Processing,China,24352656.0,False,True,False,Proxy (Market-Cap-Rang 1001-3000),2026-09-29
MFA,MFA Financial Inc.,NYSE,Real Estate,Real Estate Investment Trusts,United States,825888453.0,False,False,True,Proxy (Market-Cap-Rang 1001-3000),2026-09-29
MFI,mF International Limited Class A,NASDAQ,Technology,EDP Services,Hong Kong,481694256.0,False,True,False,Proxy (Market-Cap-Rang 1001-3000),2026-09-29
MFIC,MidCap Financial Investment Corporation,NASDAQ,Finance,Finance/Investors Services,United States,731468937.0,False,True,True,Proxy (Market-Cap-Rang 1001-3000),2026-09-29
MFIN,Medallion Financial Corp.,NASDAQ,Finance,Finance: Consumer Services,United States,274604578.0,False,True,True,Proxy (Market-Cap-Rang 1001-3000),2026-09-29
MFM,Aberdeen Municipal Income Fund Common Shares of Beneficial Interest,NYSE,Finance,Finance Companies,United States,202231268.0,False,False,True,Proxy (Market-Cap-Rang 1001-3000),2026-09-29
MFP,Midera Food Processing Inc.,NASDAQ,Industrials,Industrial Machinery/Components,United States,1930888124.0,False,True,True,Proxy (Market-Cap-Rang 1001-3000),2026-09-29
MG,Mistras Group Inc,NYSE,Consumer Discretionary,Military/Government/Technical,United States,685409697.0,False,False,True,Proxy (Market-Cap-Rang 1001-3000),2026-09-29
MGEE,MGE Energy Inc,NASDAQ,Energy,Electric Utilities: Central,United States,2647147881.0,False,True,True,Proxy (Market-Cap-Rang 1001-3000),2026-09-29
MGIH,Millennium Group International Holdings Limited,NASDAQ,Consumer Discretionary,Publishing,Hong Kong,17212500.0,False,True,False,Proxy (Market-Cap-Rang 1001-3000),2026-09-29
MGM,MGM Resorts International,NYSE,Consumer Discretionary,Hotels/Resorts,United States,8416167999.0,True,False,False,Proxy (Market-Cap-Rang 1001-3000),2026-09-29
MGN,Megan Holdings Limited Class A,NASDAQ,Consumer Staples,Farming/Seeds/Milling,Malaysia,3681500.0,False,True,False,Proxy (Market-Cap-Rang 1001-3000),2026-09-29
MGNI,Magnite Inc.,NASDAQ,Technology,Computer Software: Programming Data Processing,United States,3437877043.0,False,True,True,Proxy (Market-Cap-Rang 1001-3000),2026-09-29
MGNX,MacroGenics Inc.,NASDAQ,Health Care,Biotechnology: Pharmaceutical Preparations,United States,238238699.0,False,True,True,Proxy (Market-Cap-Rang 1001-3000),2026-09-29
MGPI,MGP Ingredients Inc.,NASDAQ,Consumer Staples,Beverages (Production/Distribution),United States,274528454.0,False,True,True,Proxy (Market-Cap-Rang 1001-3000),2026-09-29
MGRC,McGrath RentCorp,NASDAQ,Consumer Discretionary,Diversified Commercial Services,United States,2765717821.0,False,True,True,Proxy (Market-Cap-Rang 1001-3000),2026-09-29
MGRT,Mega Fortune Company Limited,NASDAQ,Technology,EDP Services,Hong Kong,1673512500.0,False,True,False,Proxy (Market-Cap-Rang 1001-3000),2026-09-29
MGRX,Mangoceuticals Inc.,NASDAQ,Health Care,Misc Health and Biotechnology Services,United States,10050419.0,False,True,False,Proxy (Market-Cap-Rang 1001-3000),2026-09-29
MGTX,MeiraGTx Holdings plc,NASDAQ,Health Care,Biotechnology: Biological Products (No Diagnostic Substances),United States,1047829086.0,False,True,True,Proxy (Market-Cap-Rang 1001-3000),2026-09-29
MGX,Metagenomi Therapeutics Inc.,NASDAQ,Health Care,Biotechnology: Biological Products (No Diagnostic Substances),United States,43443671.0,False,True,False,Proxy (Market-Cap-Rang 1001-3000),2026-09-29
MGYR,Magyar Bancorp Inc.,NASDAQ,Finance,Savings Institutions,United States,125008492.0,False,True,False,Proxy (Market-Cap-Rang 1001-3000),2026-09-29
MHD,Blackrock MuniHoldings Fund Inc.,NYSE,Finance,Investment Bankers/Brokers/Service,United States,1566468820.0,False,False,True,Proxy (Market-Cap-Rang 1001-3000),2026-09-29
MHO,M/I Homes Inc.,NYSE,Consumer Discretionary,Homebuilding,United States,3508020551.0,False,False,True,Proxy (Market-Cap-Rang 1001-3000),2026-09-29
MIAC,Meridian3 Industrials Acquisition Corp Class A,NASDAQ,Unknown,Unknown,United States,0.0,False,True,False,Proxy (Market-Cap-Rang 1001-3000),2026-09-29
MIAX,Miami International Holdings Inc.,NYSE,Finance,Investment Bankers/Brokers/Service,United States,3463158340.0,False,False,True,Proxy (Market-Cap-Rang 1001-3000),2026-09-29
MIDD,Middleby Corporation (The),NASDAQ,Industrials,Industrial Machinery/Components,United States,4868638093.0,False,True,True,Proxy (Market-Cap-Rang 1001-3000),2026-09-29
MIMI,Mint Incorporation Limited Class A,NASDAQ,Consumer Discretionary,Business Services,Hong Kong,12256389.0,False,True,False,Proxy (Market-Cap-Rang 1001-3000),2026-09-29
MIN,Aberdeen Intermediate Income Fund Common Shares of Beneficial Interest,NYSE,Finance,Trusts Except Educational Religious and Charitable,United States,266562829.0,False,False,True,Proxy (Market-Cap-Rang 1001-3000),2026-09-29
MIND,MIND Technology Inc. Common Stock (DE),NASDAQ,Industrials,Industrial Machinery/Components,United States,39491944.0,False,True,False,Proxy (Market-Cap-Rang 1001-3000),2026-09-29
MIR,Mirion Technologies Inc.,NYSE,Industrials,Industrial Machinery/Components,United States,3882496917.0,False,False,True,Proxy (Market-Cap-Rang 1001-3000),2026-09-29
MIRA,MIRA Pharmaceuticals Inc.,NASDAQ,Health Care,Biotechnology: Pharmaceutical Preparations,United States,37819878.0,False,True,False,Proxy (Market-Cap-Rang 1001-3000),2026-09-29
MIRM,Mirum Pharmaceuticals Inc.,NASDAQ,Health Care,Biotechnology: Pharmaceutical Preparations,United States,5824418609.0,False,True,False,Proxy (Market-Cap-Rang 1001-3000),2026-09-29
MIST,Milestone Pharmaceuticals Inc. Common Shares,NASDAQ,Health Care,Biotechnology: Pharmaceutical Preparations,Canada,98154207.0,False,True,False,Proxy (Market-Cap-Rang 1001-3000),2026-09-29
MITK,Mitek Systems Inc.,NASDAQ,Technology,Computer peripheral equipment,United States,796861125.0,False,True,True,Proxy (Market-Cap-Rang 1001-3000),2026-09-29
MITT,TPG Mortgage Investment Trust Inc.,NYSE,Real Estate,Real Estate Investment Trusts,United States,194319232.0,False,False,True,Proxy (Market-Cap-Rang 1001-3000),2026-09-29
MIY,Blackrock MuniYield Michigan Quality Fund Inc.,NYSE,Finance,Investment Bankers/Brokers/Service,United States,1716718915.0,False,False,True,Proxy (Market-Cap-Rang 1001-3000),2026-09-29
MKC,McCormick & Company Incorporated,NYSE,Consumer Staples,Packaged Foods,United States,12888743403.0,True,False,False,Proxy (Market-Cap-Rang 1001-3000),2026-09-29
MKDW,MKDWELL Tech Inc. Ordinary Share,NASDAQ,Technology,Consumer Electronics/Appliances,Taiwan,51639647.0,False,True,False,Proxy (Market-Cap-Rang 1001-3000),2026-09-29
MKSI,MKS Inc.,NASDAQ,Industrials,Industrial Machinery/Components,United States,17636011478.0,False,True,False,Proxy (Market-Cap-Rang 1001-3000),2026-09-29
MKTW,MarketWise Inc.,NASDAQ,Technology,Computer Software: Prepackaged Software,United States,320853025.0,False,True,True,Proxy (Market-Cap-Rang 1001-3000),2026-09-29
MKTX,MarketAxess Holdings Inc.,NASDAQ,Finance,Investment Bankers/Brokers/Service,United States,5778320773.0,False,True,False,Proxy (Market-Cap-Rang 1001-3000),2026-09-29
MKZR,MacKenzie Realty Capital Inc.,NASDAQ,Real Estate,Real Estate Investment Trusts,United States,3718082.0,False,True,False,Proxy (Market-Cap-Rang 1001-3000),2026-09-29
MLAB,Mesa Laboratories Inc.,NASDAQ,Industrials,Industrial Machinery/Components,United States,750070281.0,False,True,True,Proxy (Market-Cap-Rang 1001-3000),2026-09-29
MLCI,Mount Logan Capital Inc.,NASDAQ,Finance,Investment Managers,United States,39048800.0,False,True,False,Proxy (Market-Cap-Rang 1001-3000),2026-09-29
MLCO,Melco Resorts & Entertainment Limited American Depositary Shares,NASDAQ,Consumer Discretionary,Hotels/Resorts,Hong Kong,1861090405.0,False,True,False,Proxy (Market-Cap-Rang 1001-3000),2026-09-29
MLGO,MicroAlgo Inc. Class A,NASDAQ,Technology,EDP Services,United States,41167996.0,False,True,False,Proxy (Market-Cap-Rang 1001-3000),2026-09-29
MLKN,MillerKnoll Inc.,NASDAQ,Consumer Discretionary,Office Equipment/Supplies/Services,United States,1378785244.0,False,True,True,Proxy (Market-Cap-Rang 1001-3000),2026-09-29
MLM,Martin Marietta Materials Inc.,NYSE,Industrials,Mining & Quarrying of Nonmetallic Minerals (No Fuels),United States,29089885828.0,True,False,False,Proxy (Market-Cap-Rang 1001-3000),2026-09-29
MLP,Maui Land & Pineapple Company Inc.,NYSE,Finance,Real Estate,United States,319533804.0,False,False,True,Proxy (Market-Cap-Rang 1001-3000),2026-09-29
MLR,Miller Industries Inc.,NYSE,Consumer Discretionary,Construction/Ag Equipment/Trucks,United States,613472023.0,False,False,True,Proxy (Market-Cap-Rang 1001-3000),2026-09-29
MLTX,MoonLake Immunotherapeutics Class A,NASDAQ,Health Care,Biotechnology: Pharmaceutical Preparations,United States,1024684487.0,False,True,True,Proxy (Market-Cap-Rang 1001-3000),2026-09-29
MLYS,Mineralys Therapeutics Inc.,NASDAQ,Health Care,Biotechnology: Pharmaceutical Preparations,United States,2286202046.0,False,True,True,Proxy (Market-Cap-Rang 1001-3000),2026-09-29
MMED,MiniMed Group Inc.,NASDAQ,Health Care,Medical/Dental Instruments,United States,5621371621.0,False,True,False,Proxy (Market-Cap-Rang 1001-3000),2026-09-29
MMI,Marcus & Millichap Inc.,NYSE,Finance,Real Estate,United States,1126662339.0,False,False,True,Proxy (Market-Cap-Rang 1001-3000),2026-09-29
MMLP,Martin Midstream Partners L.P. Limited Partnership,NASDAQ,Energy,Oil Refining/Marketing,United States,84509322.0,False,True,False,Proxy (Market-Cap-Rang 1001-3000),2026-09-29
MMM,3M Company,NYSE,Health Care,Medical/Dental Instruments,United States,87440735802.0,True,False,False,Proxy (Market-Cap-Rang 1001-3000),2026-09-29
MMS,Maximus Inc.,NYSE,Consumer Discretionary,Business Services,United States,2754541911.0,False,False,True,Proxy (Market-Cap-Rang 1001-3000),2026-09-29
MMSI,Merit Medical Systems Inc.,NASDAQ,Health Care,Medical/Dental Instruments,United States,5224661750.0,False,True,True,Proxy (Market-Cap-Rang 1001-3000),2026-09-29
MMT,Aberdeen Multi-Market Income Fund Common Shares of Beneficial Interest,NYSE,Finance,Trusts Except Educational Religious and Charitable,United States,256653195.0,False,False,True,Proxy (Market-Cap-Rang 1001-3000),2026-09-29
MMYT,MakeMyTrip Limited,NASDAQ,Consumer Discretionary,Transportation Services,India,4397242449.0,False,True,False,Proxy (Market-Cap-Rang 1001-3000),2026-09-29
MNDO,MIND C.T.I. Ltd.,NASDAQ,Technology,EDP Services,Israel,20185166.0,False,True,False,Proxy (Market-Cap-Rang 1001-3000),2026-09-29
MNDR,Mobile-health Network Solutions Class A,NASDAQ,Technology,Computer Software: Prepackaged Software,Singapore,1624570.0,False,True,False,Proxy (Market-Cap-Rang 1001-3000),2026-09-29
MNDY,monday.com Ltd.,NASDAQ,Technology,Computer Software: Prepackaged Software,Israel,3589594935.0,False,True,False,Proxy (Market-Cap-Rang 1001-3000),2026-09-29
MNKD,MannKind Corporation,NASDAQ,Health Care,Biotechnology: Pharmaceutical Preparations,United States,1073958577.0,False,True,True,Proxy (Market-Cap-Rang 1001-3000),2026-09-29
MNOV,Medicinova Inc,NASDAQ,Health Care,Biotechnology: Pharmaceutical Preparations,United States,126990815.0,False,True,False,Proxy (Market-Cap-Rang 1001-3000),2026-09-29
MNPR,Monopar Therapeutics Inc.,NASDAQ,Health Care,Biotechnology: Pharmaceutical Preparations,United States,572111980.0,False,True,True,Proxy (Market-Cap-Rang 1001-3000),2026-09-29
MNRO,Monro Inc.,NASDAQ,Consumer Discretionary,Automotive Aftermarket,United States,429568184.0,False,True,True,Proxy (Market-Cap-Rang 1001-3000),2026-09-29
MNSB,MainStreet Bancshares Inc.,NASDAQ,Finance,Major Banks,United States,176816317.0,False,True,True,Proxy (Market-Cap-Rang 1001-3000),2026-09-29
MNSBP,MainStreet Bancshares Inc. Depositary Shares,NASDAQ,Finance,Major Banks,United States,176353447.0,False,True,True,Proxy (Market-Cap-Rang 1001-3000),2026-09-29
MNST,Monster Beverage Corporation,NASDAQ,Consumer Staples,Beverages (Production/Distribution),United States,126682209019.0,True,True,False,Proxy (Market-Cap-Rang 1001-3000),2026-09-29
MNTK,Montauk Renewables Inc.,NASDAQ,Utilities,Natural Gas Distribution,United States,417059537.0,False,True,True,Proxy (Market-Cap-Rang 1001-3000),2026-09-29
MNTN,MNTN Inc.,NYSE,Consumer Discretionary,Advertising,United States,823582825.0,False,False,True,Proxy (Market-Cap-Rang 1001-3000),2026-09-29
MNTS,Momentus Inc.,NASDAQ,Industrials,Military/Government/Technical,United States,92905186.0,False,True,False,Proxy (Market-Cap-Rang 1001-3000),2026-09-29
MNY,MoneyHero Limited Class A,NASDAQ,Consumer Discretionary,Business Services,Singapore,29916886.0,False,True,False,Proxy (Market-Cap-Rang 1001-3000),2026-09-29
MO,Altria Group Inc.,NYSE,Health Care, Medicinal Chemicals and Botanical Products ,United States,114911776987.0,True,False,False,Proxy (Market-Cap-Rang 1001-3000),2026-09-29
MOB,Mobilicom Limited,NASDAQ,Industrials,Aerospace,Israel,60640181.0,False,True,False,Proxy (Market-Cap-Rang 1001-3000),2026-09-29
MOBI,Mobia Medical Inc.,NASDAQ,Health Care,Medical/Dental Instruments,United States,301617330.0,False,True,True,Proxy (Market-Cap-Rang 1001-3000),2026-09-29
MOBX,Mobix Labs Inc.,NASDAQ,Technology,Semiconductors,United States,15257443.0,False,True,False,Proxy (Market-Cap-Rang 1001-3000),2026-09-29
MODD,Modular Medical Inc.,NASDAQ,Health Care,Medical/Dental Instruments,United States,17198237.0,False,True,False,Proxy (Market-Cap-Rang 1001-3000),2026-09-29
MOLN,Molecular Partners AG American Depositary Shares,NASDAQ,Health Care,Biotechnology: Biological Products (No Diagnostic Substances),Switzerland,161298001.0,False,True,False,Proxy (Market-Cap-Rang 1001-3000),2026-09-29
MOMO,Hello Group Inc. American Depositary Shares,NASDAQ,Technology,Computer Software: Prepackaged Software,China,737259531.0,False,True,False,Proxy (Market-Cap-Rang 1001-3000),2026-09-29
MORN,Morningstar Inc.,NASDAQ,Finance,Investment Managers,United States,7351909645.0,False,True,False,Proxy (Market-Cap-Rang 1001-3000),2026-09-29
MOS,Mosaic Company (The),NYSE,Industrials,Agricultural Chemicals,United States,7314778814.0,True,False,False,Proxy (Market-Cap-Rang 1001-3000),2026-09-29
MOV,Movado Group Inc.,NYSE,Consumer Discretionary,Consumer Specialties,United States,761293799.0,False,False,True,Proxy (Market-Cap-Rang 1001-3000),2026-09-29
MOVE,Corvex Inc.,NASDAQ,Technology,EDP Services,United States,371370277.0,False,True,True,Proxy (Market-Cap-Rang 1001-3000),2026-09-29
MPAA,Motorcar Parts  of America Inc.,NASDAQ,Consumer Discretionary,Auto Parts:O.E.M.,United States,202585315.0,False,True,True,Proxy (Market-Cap-Rang 1001-3000),2026-09-29
MPB,Mid Penn Bancorp,NASDAQ,Finance,Major Banks,United States,919921657.0,False,True,True,Proxy (Market-Cap-Rang 1001-3000),2026-09-29
MPC,Marathon Petroleum Corporation,NYSE,Energy,Integrated oil Companies,United States,110510160736.0,True,False,False,Proxy (Market-Cap-Rang 1001-3000),2026-09-29
MPLT,MapLight Therapeutics Inc.,NASDAQ,Health Care,Biotechnology: Pharmaceutical Preparations,United States,677531919.0,False,True,True,Proxy (Market-Cap-Rang 1001-3000),2026-09-29
MPT,Medical Properties Trust Inc. common stock,NYSE,Real Estate,Real Estate Investment Trusts,United States,2132004000.0,False,False,True,Proxy (Market-Cap-Rang 1001-3000),2026-09-29
MPTI,M-tron Industries Inc.,AMEX,Technology,Industrial Machinery/Components,United States,321856548.0,False,False,True,Proxy (Market-Cap-Rang 1001-3000),2026-09-29
MPV,Barings Participation Investors,NYSE,Finance,Finance Companies,United States,173549829.0,False,False,True,Proxy (Market-Cap-Rang 1001-3000),2026-09-29
MPWR,Monolithic Power Systems Inc.,NASDAQ,Technology,Semiconductors,United States,67199612490.0,True,True,False,Proxy (Market-Cap-Rang 1001-3000),2026-09-29
MQ,Marqeta Inc.,NASDAQ,Technology,Computer Software: Prepackaged Software,United States,1765516225.0,False,True,True,Proxy (Market-Cap-Rang 1001-3000),2026-09-29
MQY,Blackrock MuniYield Quality Fund Inc.,NYSE,Finance,Investment Bankers/Brokers/Service,United States,1511426705.0,False,False,True,Proxy (Market-Cap-Rang 1001-3000),2026-09-29
MRAM,Everspin Technologies Inc.,NASDAQ,Technology,Semiconductors,United States,449744666.0,False,True,True,Proxy (Market-Cap-Rang 1001-3000),2026-09-29
MRBK,Meridian Corporation,NASDAQ,Finance,Major Banks,United States,229872755.0,False,True,True,Proxy (Market-Cap-Rang 1001-3000),2026-09-29
MRCY,Mercury Systems Inc,NASDAQ,Technology,Electrical Products,United States,5001769497.0,False,True,True,Proxy (Market-Cap-Rang 1001-3000),2026-09-29
MRDN,Meridian Holdings Inc.,NASDAQ,Technology,Computer Software: Prepackaged Software,United States,169264239.0,False,True,True,Proxy (Market-Cap-Rang 1001-3000),2026-09-29
MREO,Mereo BioPharma Group plc American Depositary Shares,NASDAQ,Health Care,Biotechnology: Pharmaceutical Preparations,United Kingdom,57403875.0,False,True,False,Proxy (Market-Cap-Rang 1001-3000),2026-09-29
MRK,Merck & Company Inc. Common Stock (new),NYSE,Health Care,Biotechnology: Pharmaceutical Preparations,United States,367065796302.0,True,False,False,Proxy (Market-Cap-Rang 1001-3000),2026-09-29
MRKR,Marker Therapeutics Inc.,NASDAQ,Health Care,Biotechnology: Pharmaceutical Preparations,United States,19174096.0,False,True,False,Proxy (Market-Cap-Rang 1001-3000),2026-09-29
MRLN,Merlin Inc.,NASDAQ,Technology,EDP Services,United States,201124890.0,False,True,True,Proxy (Market-Cap-Rang 1001-3000),2026-09-29
MRM,MEDIROM Healthcare Technologies Inc. American Depositary Share,NASDAQ,Consumer Discretionary,Other Consumer Services,Japan,5848233.0,False,True,False,Proxy (Market-Cap-Rang 1001-3000),2026-09-29
MRNA,Moderna Inc.,NASDAQ,Health Care,Biotechnology: Biological Products (No Diagnostic Substances),United States,79400033604.0,True,True,False,Proxy (Market-Cap-Rang 1001-3000),2026-09-29
MRNO,Murano Global Investments PLC,NASDAQ,Consumer Discretionary,Hotels/Resorts,Mexico,22988357.0,False,True,False,Proxy (Market-Cap-Rang 1001-3000),2026-09-29
MRP,Millrose Properties Inc.,NYSE,Finance,Real Estate,United States,4514843135.0,False,False,True,Proxy (Market-Cap-Rang 1001-3000),2026-09-29
MRSH,Marsh,NYSE,Finance,Specialty Insurers,United States,81660392180.0,True,False,False,Proxy (Market-Cap-Rang 1001-3000),2026-09-29
MRTN,Marten Transport Ltd.,NASDAQ,Industrials,Trucking Freight/Courier Services,United States,1050985680.0,False,True,True,Proxy (Market-Cap-Rang 1001-3000),2026-09-29
MRVI,Maravai LifeSciences Holdings Inc.,NASDAQ,Health Care,Biotechnology: Pharmaceutical Preparations,United States,1973519550.0,False,True,True,Proxy (Market-Cap-Rang 1001-3000),2026-09-29
MRVL,Marvell Technology Inc.,NASDAQ,Technology,Semiconductors,United States,229690801500.0,True,True,False,Proxy (Market-Cap-Rang 1001-3000),2026-09-29
MRX,Marex Group Limited,NASDAQ,Finance,Investment Bankers/Brokers/Service,United Kingdom,5286412606.0,False,True,False,Proxy (Market-Cap-Rang 1001-3000),2026-09-29
MS,Morgan Stanley,NYSE,Finance,Investment Bankers/Brokers/Service,United States,308317868783.0,True,False,False,Proxy (Market-Cap-Rang 1001-3000),2026-09-29
MSAI,MultiSensor AI Holdings Inc.,NASDAQ,Technology,Electronic Components,United States,10642252.0,False,True,False,Proxy (Market-Cap-Rang 1001-3000),2026-09-29
MSB,Mesabi Trust,NYSE,Industrials,Precious Metals,United States,250854591.0,False,False,True,Proxy (Market-Cap-Rang 1001-3000),2026-09-29
MSBI,Midland States Bancorp Inc.,NASDAQ,Finance,Major Banks,United States,690215245.0,False,True,True,Proxy (Market-Cap-Rang 1001-3000),2026-09-29
MSCI,MSCI Inc.,NYSE,Consumer Discretionary,Business Services,United States,40083872000.0,True,False,False,Proxy (Market-Cap-Rang 1001-3000),2026-09-29
MSEX,Middlesex Water Company,NASDAQ,Utilities,Water Supply,United States,1007585793.0,False,True,True,Proxy (Market-Cap-Rang 1001-3000),2026-09-29
MSFT,Microsoft Corporation,NASDAQ,Technology,Computer Software: Prepackaged Software,United States,3832843816089.0,True,True,False,Proxy (Market-Cap-Rang 1001-3000),2026-09-29
MSGE,Madison Square Garden Entertainment Corp.,NYSE,Consumer Discretionary,Services-Misc. Amusement & Recreation,United States,3741370957.0,False,False,True,Proxy (Market-Cap-Rang 1001-3000),2026-09-29
MSGM,Motorsport Games Inc.,NASDAQ,Technology,Computer Software: Prepackaged Software,United States,19640073.0,False,True,False,Proxy (Market-Cap-Rang 1001-3000),2026-09-29
MSGY,Masonglory Limited Class A Ordinary Shares ,NASDAQ,Consumer Discretionary,Engineering & Construction,Hong Kong,17105374.0,False,True,False,Proxy (Market-Cap-Rang 1001-3000),2026-09-29
MSI,Motorola Solutions Inc.,NYSE,Technology,Radio And Television Broadcasting And Communications Equipment,United States,75610801861.0,True,False,False,Proxy (Market-Cap-Rang 1001-3000),2026-09-29
MSLE,Satellos Bioscience Inc.,NASDAQ,Health Care,Biotechnology: Pharmaceutical Preparations,Canada,184583019.0,False,True,False,Proxy (Market-Cap-Rang 1001-3000),2026-09-29
MSS,Maison Solutions Inc.,NASDAQ,Consumer Staples,Food Chains,United States,1385649.0,False,True,False,Proxy (Market-Cap-Rang 1001-3000),2026-09-29
MSTR,Strategy Inc Common Stock Class A,NASDAQ,Technology,Computer Software: Prepackaged Software,United States,60942046366.0,False,True,False,Proxy (Market-Cap-Rang 1001-3000),2026-09-29
MTAK,Market Technology Acquisition Corp Class A,NASDAQ,Unknown,Unknown,United States,0.0,False,True,False,Proxy (Market-Cap-Rang 1001-3000),2026-09-29
MTB,M&T Bank Corporation,NYSE,Finance,Major Banks,United States,31943432992.0,True,False,False,Proxy (Market-Cap-Rang 1001-3000),2026-09-29
MTC,MMTec Inc. Common Shares,NASDAQ,Technology,Computer Software: Prepackaged Software,China,528811276.0,False,True,False,Proxy (Market-Cap-Rang 1001-3000),2026-09-29
MTCH,Match Group Inc.,NASDAQ,Technology,Computer Software: Programming Data Processing,United States,9308292442.0,False,True,False,Proxy (Market-Cap-Rang 1001-3000),2026-09-29
MTD,Mettler-Toledo International Inc.,NYSE,Industrials,Biotechnology: Laboratory Analytical Instruments,Switzerland,30288064047.0,True,False,False,Proxy (Market-Cap-Rang 1001-3000),2026-09-29
MTEK,Maris-Tech Ltd.,NASDAQ,Telecommunications,Telecommunications Equipment,Israel,10619995.0,False,True,False,Proxy (Market-Cap-Rang 1001-3000),2026-09-29
MTEN,Mingteng International Corporation Inc. Class A,NASDAQ,Industrials,Building Products,China,7802862.0,False,True,False,Proxy (Market-Cap-Rang 1001-3000),2026-09-29
MTEX,Mannatech Incorporated,NASDAQ,Health Care, Medicinal Chemicals and Botanical Products ,United States,14858459.0,False,True,False,Proxy (Market-Cap-Rang 1001-3000),2026-09-29
MTH,Meritage Homes Corporation,NYSE,Consumer Discretionary,Homebuilding,United States,4235012563.0,False,False,True,Proxy (Market-Cap-Rang 1001-3000),2026-09-29
MTLS,Materialise NV American Depositary Shares,NASDAQ,Technology,Computer Software: Prepackaged Software,Belgium,497936378.0,False,True,False,Proxy (Market-Cap-Rang 1001-3000),2026-09-29
MTN,Vail Resorts Inc.,NYSE,Consumer Discretionary,Services-Misc. Amusement & Recreation,United States,4850079224.0,False,False,True,Proxy (Market-Cap-Rang 1001-3000),2026-09-29
MTRX,Matrix Service Company,NASDAQ,Consumer Discretionary,Engineering & Construction,United States,275563311.0,False,True,True,Proxy (Market-Cap-Rang 1001-3000),2026-09-29
MTSI,MACOM Technology Solutions Holdings Inc.,NASDAQ,Technology,Semiconductors,United States,21809246766.0,False,True,False,Proxy (Market-Cap-Rang 1001-3000),2026-09-29
MTUS,Metallus Inc. Common Shares,NYSE,Industrials,Steel/Iron Ore,United States,780904511.0,False,False,True,Proxy (Market-Cap-Rang 1001-3000),2026-09-29
MTVA,MetaVia Inc.,NASDAQ,Health Care,Biotechnology: Pharmaceutical Preparations,United States,10936248.0,False,True,False,Proxy (Market-Cap-Rang 1001-3000),2026-09-29
MTW,Manitowoc Company Inc. (The),NYSE,Industrials,Construction/Ag Equipment/Trucks,United States,798411994.0,False,False,True,Proxy (Market-Cap-Rang 1001-3000),2026-09-29
MTX,Minerals Technologies Inc.,NYSE,Basic Materials,Major Chemicals,United States,2085004479.0,False,False,True,Proxy (Market-Cap-Rang 1001-3000),2026-09-29
MU,Micron Technology Inc.,NASDAQ,Technology,Semiconductors,United States,1222319619464.0,True,True,False,Proxy (Market-Cap-Rang 1001-3000),2026-09-29
MUA,Blackrock MuniAssets Fund Inc,NYSE,Finance,Investment Bankers/Brokers/Service,United States,1420681598.0,False,False,True,Proxy (Market-Cap-Rang 1001-3000),2026-09-29
MUC,Blackrock MuniHoldings California Quality Fund Inc.,NYSE,Finance,Investment Bankers/Brokers/Service,United States,1460847465.0,False,False,True,Proxy (Market-Cap-Rang 1001-3000),2026-09-29
MUJ,Blackrock MuniHoldings New Jersey Quality Fund Inc.,NYSE,Finance,Investment Bankers/Brokers/Service,United States,1679528298.0,False,False,True,Proxy (Market-Cap-Rang 1001-3000),2026-09-29
MUR,Murphy Oil Corporation,NYSE,Energy,Oil & Gas Production,United States,5209036271.0,False,False,True,Proxy (Market-Cap-Rang 1001-3000),2026-09-29
MVBF,MVB Financial Corp.,NASDAQ,Finance,Major Banks,United States,390581311.0,False,True,True,Proxy (Market-Cap-Rang 1001-3000),2026-09-29
MVIS,MicroVision Inc.,NASDAQ,Technology,Industrial Machinery/Components,United States,48240043.0,False,True,False,Proxy (Market-Cap-Rang 1001-3000),2026-09-29
MVST,Microvast Holdings Inc.,NASDAQ,Miscellaneous,Industrial Machinery/Components,United States,264598180.0,False,True,True,Proxy (Market-Cap-Rang 1001-3000),2026-09-29
MWA,MUELLER WATER PRODUCTS,NYSE,Industrials,Metal Fabrications,United States,3376998437.0,False,False,True,Proxy (Market-Cap-Rang 1001-3000),2026-09-29
MWC,Micware Co. Ltd. American Depositary Shares,NASDAQ,Technology,EDP Services,Japan,103037743.0,False,True,False,Proxy (Market-Cap-Rang 1001-3000),2026-09-29
MWH,SOLV Energy Inc.,NASDAQ,Industrials,Military/Government/Technical,United States,5100145394.0,False,True,True,Proxy (Market-Cap-Rang 1001-3000),2026-09-29
MWYN,Marwynn Holdings Inc. Common stock,NASDAQ,Consumer Discretionary,Food Distributors,United States,19494044.0,False,True,False,Proxy (Market-Cap-Rang 1001-3000),2026-09-29
MXCT,MaxCyte Inc.,NASDAQ,Health Care,Biotechnology: Commercial Physical & Biological Resarch,United States,120751261.0,False,True,False,Proxy (Market-Cap-Rang 1001-3000),2026-09-29
MXL,MaxLinear Inc.,NASDAQ,Technology,Semiconductors,United States,8510649043.0,False,True,False,Proxy (Market-Cap-Rang 1001-3000),2026-09-29
MYE,Myers Industries Inc.,NYSE,Industrials,Plastic Products,United States,1179702675.0,False,False,True,Proxy (Market-Cap-Rang 1001-3000),2026-09-29
MYFW,First Western Financial Inc.,NASDAQ,Finance,Major Banks,United States,298129388.0,False,True,True,Proxy (Market-Cap-Rang 1001-3000),2026-09-29
MYGN,Myriad Genetics Inc.,NASDAQ,Health Care,Biotechnology: In Vitro & In Vivo Diagnostic Substances,United States,398859020.0,False,True,True,Proxy (Market-Cap-Rang 1001-3000),2026-09-29
MYI,Blackrock MuniYield Quality Fund III Inc,NYSE,Finance,Investment Bankers/Brokers/Service,United States,1454896966.0,False,False,True,Proxy (Market-Cap-Rang 1001-3000),2026-09-29
MYPS,PLAYSTUDIOS Inc.,NASDAQ,Technology,Computer Software: Prepackaged Software,United States,57213814.0,False,True,False,Proxy (Market-Cap-Rang 1001-3000),2026-09-29
MYRG,MYR Group Inc.,NASDAQ,Industrials,Water Sewer Pipeline Comm & Power Line Construction,United States,4555251165.0,False,True,True,Proxy (Market-Cap-Rang 1001-3000),2026-09-29
MYSE,Myseum.AI Inc.,NASDAQ,Telecommunications,Telecommunications Equipment,United States,9665360.0,False,True,False,Proxy (Market-Cap-Rang 1001-3000),2026-09-29
MYSZ,My Size Inc.,NASDAQ,Technology,Computer Software: Prepackaged Software,Israel,1439526.0,False,True,False,Proxy (Market-Cap-Rang 1001-3000),2026-09-29
MZTI,The Marzetti Company,NASDAQ,Consumer Staples,Packaged Foods,United States,2741926770.0,False,True,True,Proxy (Market-Cap-Rang 1001-3000),2026-09-29
NA,Nano Labs Ltd Class A,NASDAQ,Technology,Semiconductors,China,55249534.0,False,True,False,Proxy (Market-Cap-Rang 1001-3000),2026-09-29
NAAS,NaaS Technology Inc. American Depositary Shares,NASDAQ,Consumer Discretionary,Other Specialty Stores,China,80074953.0,False,True,False,Proxy (Market-Cap-Rang 1001-3000),2026-09-29
NABL,N-able Inc.,NYSE,Technology,Computer Software: Prepackaged Software,United States,755624200.0,False,False,True,Proxy (Market-Cap-Rang 1001-3000),2026-09-29
NAGE,Niagen Bioscience Inc.,NASDAQ,Health Care, Medicinal Chemicals and Botanical Products ,United States,241334306.0,False,True,True,Proxy (Market-Cap-Rang 1001-3000),2026-09-29
NAII,Natural Alternatives International Inc.,NASDAQ,Health Care, Medicinal Chemicals and Botanical Products ,United States,10981651.0,False,True,False,Proxy (Market-Cap-Rang 1001-3000),2026-09-29
NAKA,Nakamoto Inc.,NASDAQ,Health Care,Medical/Nursing Services,United States,178770481.0,False,True,True,Proxy (Market-Cap-Rang 1001-3000),2026-09-29
NAMI,Jinxin Technology Holding Company American Depositary Shares,NASDAQ,Real Estate,Other Consumer Services,China,5028941.0,False,True,False,Proxy (Market-Cap-Rang 1001-3000),2026-09-29
NAMM,Namib Minerals,NASDAQ,Basic Materials,Precious Metals,Cayman Islands,63951005.0,False,True,False,Proxy (Market-Cap-Rang 1001-3000),2026-09-29
NAMS,NewAmsterdam Pharma Company N.V.,NASDAQ,Health Care,Biotechnology: Pharmaceutical Preparations,Netherlands,2699149276.0,False,True,False,Proxy (Market-Cap-Rang 1001-3000),2026-09-29
NAN,Nuveen New York Quality Municipal Income Fund,NYSE,Finance,Investment Managers,United States,3020134842.0,False,False,True,Proxy (Market-Cap-Rang 1001-3000),2026-09-29
NATH,Nathan's Famous Inc.,NASDAQ,Consumer Discretionary,Restaurants,United States,416117475.0,False,True,True,Proxy (Market-Cap-Rang 1001-3000),2026-09-29
NATL,NCR Atleos Corporation,NYSE,Miscellaneous,Office Equipment/Supplies/Services,United States,3405170719.0,False,False,True,Proxy (Market-Cap-Rang 1001-3000),2026-09-29
NATR,Nature's Sunshine Products Inc.,NASDAQ,Health Care,Biotechnology: Pharmaceutical Preparations,United States,227334118.0,False,True,True,Proxy (Market-Cap-Rang 1001-3000),2026-09-29
NAUT,Nautilus Biotechnology Inc.,NASDAQ,Industrials,Biotechnology: Laboratory Analytical Instruments,United States,122508603.0,False,True,False,Proxy (Market-Cap-Rang 1001-3000),2026-09-29
NAVI,Navient Corporation,NASDAQ,Finance,Investment Bankers/Brokers/Service,United States,855308511.0,False,True,True,Proxy (Market-Cap-Rang 1001-3000),2026-09-29
NAVN,Navan Inc.,NASDAQ,Technology,Computer Software: Prepackaged Software,United States,5055869722.0,False,True,True,Proxy (Market-Cap-Rang 1001-3000),2026-09-29
NB,NioCorp Developments Ltd.,NASDAQ,Basic Materials,Metal Mining,United States,515378150.0,False,True,True,Proxy (Market-Cap-Rang 1001-3000),2026-09-29
NBBK,NB Bancorp Inc.,NASDAQ,Finance,Banks,United States,990297874.0,False,True,True,Proxy (Market-Cap-Rang 1001-3000),2026-09-29
NBHC,National Bank Holdings Corporation,NYSE,Finance,Major Banks,United States,1789153603.0,False,False,True,Proxy (Market-Cap-Rang 1001-3000),2026-09-29
NBIS,Nebius Group N.V. Class A,NASDAQ,Technology,Computer Software: Programming Data Processing,Netherlands,64519398888.0,False,True,False,Proxy (Market-Cap-Rang 1001-3000),2026-09-29
NBIX,Neurocrine Biosciences Inc.,NASDAQ,Health Care,Biotechnology: Biological Products (No Diagnostic Substances),United States,14068246650.0,False,True,False,Proxy (Market-Cap-Rang 1001-3000),2026-09-29
NBN,Northeast Bank,NASDAQ,Finance,Major Banks,United States,1058851200.0,False,True,True,Proxy (Market-Cap-Rang 1001-3000),2026-09-29
NBP,NovaBridge Biosciences American Depositary Shares,NASDAQ,Health Care,Biotechnology: Pharmaceutical Preparations,China,159226735.0,False,True,False,Proxy (Market-Cap-Rang 1001-3000),2026-09-29
NBTB,NBT Bancorp Inc.,NASDAQ,Finance,Major Banks,United States,2679580346.0,False,True,True,Proxy (Market-Cap-Rang 1001-3000),2026-09-29
NBTX,Nanobiotix S.A. American Depositary Shares,NASDAQ,Health Care,Biotechnology: Pharmaceutical Preparations,France,1692411249.0,False,True,False,Proxy (Market-Cap-Rang 1001-3000),2026-09-29
NC,NACCO Industries Inc.,NYSE,Energy,Coal Mining,United States,284284001.0,False,False,True,Proxy (Market-Cap-Rang 1001-3000),2026-09-29
NCDL,Nuveen Churchill Direct Lending Corp.,NYSE,Unknown,Unknown,United States,577828661.0,False,False,True,Proxy (Market-Cap-Rang 1001-3000),2026-09-29
NCEL,NewcelX Ltd.,NASDAQ,Health Care,Biotechnology: Pharmaceutical Preparations,Switzerland,17019361.0,False,True,False,Proxy (Market-Cap-Rang 1001-3000),2026-09-29
NCEW,New Century Logistics (BVI) Limited,NASDAQ,Industrials,Integrated Freight & Logistics,Hong Kong,56416000.0,False,True,False,Proxy (Market-Cap-Rang 1001-3000),2026-09-29
NCI,Neo-Concept International Group Holdings Limited Class A,NASDAQ,Consumer Discretionary,Apparel,Hong Kong,34636731.0,False,True,False,Proxy (Market-Cap-Rang 1001-3000),2026-09-29
NCLH,Norwegian Cruise Line Holdings Ltd.,NYSE,Consumer Discretionary,Marine Transportation,United States,6708734430.0,True,False,False,Proxy (Market-Cap-Rang 1001-3000),2026-09-29
NCMI,National CineMedia Inc.,NASDAQ,Consumer Discretionary,Advertising,United States,212599201.0,False,True,True,Proxy (Market-Cap-Rang 1001-3000),2026-09-29
NCNA,NuCana plc American Depositary Share,NASDAQ,Health Care,Biotechnology: Pharmaceutical Preparations,United Kingdom,5327323.0,False,True,False,Proxy (Market-Cap-Rang 1001-3000),2026-09-29
NCNO,nCino Inc.,NASDAQ,Technology,Computer Software: Prepackaged Software,United States,2052339137.0,False,True,True,Proxy (Market-Cap-Rang 1001-3000),2026-09-29
NCO,Southern Cross Acquisition I Corp.,NASDAQ,Unknown,Unknown,United States,0.0,False,True,False,Proxy (Market-Cap-Rang 1001-3000),2026-09-29
NCPL,Netcapital Inc.,NASDAQ,Finance,Finance: Consumer Services,United States,10673143.0,False,True,False,Proxy (Market-Cap-Rang 1001-3000),2026-09-29
NCRA,Nocera Inc.,NASDAQ,Consumer Staples,Farming/Seeds/Milling,Taiwan,4277066.0,False,True,False,Proxy (Market-Cap-Rang 1001-3000),2026-09-29
NCT,Intercont (Cayman) Limited Class A Ordinary shares,NASDAQ,Consumer Discretionary,Restaurants,China,5422798.0,False,True,False,Proxy (Market-Cap-Rang 1001-3000),2026-09-29
NCTY,The9 Limited American Depository Shares,NASDAQ,Finance,Finance: Consumer Services,China,55747060.0,False,True,False,Proxy (Market-Cap-Rang 1001-3000),2026-09-29
NCV,Virtus Convertible & Income Fund Common Shares of Beneficial Interest,NYSE,Finance,Finance Companies,United States,1388138020.0,False,False,True,Proxy (Market-Cap-Rang 1001-3000),2026-09-29
NCZ,Virtus Convertible & Income Fund II Common Shares of Beneficial Interest,NYSE,Finance,Finance Companies,United States,1093783313.0,False,False,True,Proxy (Market-Cap-Rang 1001-3000),2026-09-29
NDAQ,Nasdaq Inc.,NASDAQ,Finance,Investment Bankers/Brokers/Service,United States,52292333151.0,True,True,False,Proxy (Market-Cap-Rang 1001-3000),2026-09-29
NDLS,Noodles & Company,NASDAQ,Consumer Discretionary,Restaurants,United States,75239583.0,False,True,False,Proxy (Market-Cap-Rang 1001-3000),2026-09-29
NDRA,ENDRA Life Sciences Inc.,NASDAQ,Health Care,Biotechnology: Electromedical & Electrotherapeutic Apparatus,United States,9059022.0,False,True,False,Proxy (Market-Cap-Rang 1001-3000),2026-09-29
NDSN,Nordson Corporation,NASDAQ,Industrials,Industrial Machinery/Components,United States,18145182462.0,True,True,False,Proxy (Market-Cap-Rang 1001-3000),2026-09-29
NECB,NorthEast Community Bancorp Inc.,NASDAQ,Finance,Banks,United States,368517399.0,False,True,True,Proxy (Market-Cap-Rang 1001-3000),2026-09-29
NEE,NextEra Energy Inc.,NYSE,Utilities,Electric Utilities: Central,United States,158701222141.0,True,False,False,Proxy (Market-Cap-Rang 1001-3000),2026-09-29
NEGG,Newegg Commerce Inc. Common Shares,NASDAQ,Consumer Discretionary,Other Specialty Stores,China,283560679.0,False,True,False,Proxy (Market-Cap-Rang 1001-3000),2026-09-29
NEM,Newmont Corporation,NYSE,Basic Materials,Precious Metals,United States,127949852468.0,True,False,False,Proxy (Market-Cap-Rang 1001-3000),2026-09-29
NEO,NeoGenomics Inc.,NASDAQ,Health Care,Precision Instruments,United States,2483430255.0,False,True,True,Proxy (Market-Cap-Rang 1001-3000),2026-09-29
NEOG,Neogen Corporation,NASDAQ,Health Care,Biotechnology: In Vitro & In Vivo Diagnostic Substances,United States,3001138629.0,False,True,True,Proxy (Market-Cap-Rang 1001-3000),2026-09-29
NEON,Neonode Inc.,NASDAQ,Technology,Industrial Machinery/Components,Sweden,15373157.0,False,True,False,Proxy (Market-Cap-Rang 1001-3000),2026-09-29
NEOV,NeoVolta Inc.,NASDAQ,Miscellaneous,Industrial Machinery/Components,United States,129239011.0,False,True,False,Proxy (Market-Cap-Rang 1001-3000),2026-09-29
NEPH,Nephros Inc.,NASDAQ,Health Care,Medical/Dental Instruments,United States,45938308.0,False,True,False,Proxy (Market-Cap-Rang 1001-3000),2026-09-29
NERV,Minerva Neurosciences Inc,NASDAQ,Health Care,Biotechnology: Pharmaceutical Preparations,United States,162341701.0,False,True,True,Proxy (Market-Cap-Rang 1001-3000),2026-09-29
NESR,National Energy Services Reunited Corp,NASDAQ,Energy,Oilfield Services/Equipment,United States,3240366856.0,False,True,True,Proxy (Market-Cap-Rang 1001-3000),2026-09-29
NEUP,Neuphoria Therapeutics Inc.,NASDAQ,Health Care,Biotechnology: Pharmaceutical Preparations,United States,19751369.0,False,True,False,Proxy (Market-Cap-Rang 1001-3000),2026-09-29
NEWT,NewtekOne Inc.,NASDAQ,Finance,Major Banks,United States,325242071.0,False,True,True,Proxy (Market-Cap-Rang 1001-3000),2026-09-29
NEXM,NexMetals Mining Corp. Common Shares,NASDAQ,Basic Materials,Metal Mining,Canada,77712998.0,False,True,False,Proxy (Market-Cap-Rang 1001-3000),2026-09-29
NEXN,Nexxen International Ltd.,NASDAQ,Technology,Computer Software: Programming Data Processing,Israel,484770777.0,False,True,False,Proxy (Market-Cap-Rang 1001-3000),2026-09-29
NEXR,Nexera Technologies Ltd,NASDAQ,Consumer Discretionary,Other Specialty Stores,Israel,830621.0,False,True,False,Proxy (Market-Cap-Rang 1001-3000),2026-09-29
NEXT,NextDecade Corporation,NASDAQ,Utilities,Oil & Gas Production,United States,1746176440.0,False,True,True,Proxy (Market-Cap-Rang 1001-3000),2026-09-29
NFE,New Fortress Energy Inc.,NASDAQ,Utilities,Oil/Gas Transmission,United States,111313414.0,False,True,False,Proxy (Market-Cap-Rang 1001-3000),2026-09-29
NFLX,Netflix Inc.,NASDAQ,Consumer Discretionary,Consumer Electronics/Video Chains,United States,296243488249.0,True,True,False,Proxy (Market-Cap-Rang 1001-3000),2026-09-29
NGEN,NervGen Pharma Corp. Common stock,NASDAQ,Health Care,Biotechnology: Pharmaceutical Preparations,Canada,206440508.0,False,True,False,Proxy (Market-Cap-Rang 1001-3000),2026-09-29
NGNE,Neurogene Inc. Common Stock ,NASDAQ,Health Care,Biotechnology: Pharmaceutical Preparations,Canada,566522224.0,False,True,False,Proxy (Market-Cap-Rang 1001-3000),2026-09-29
NGS,Natural Gas Services Group Inc.,NYSE,Energy,Oilfield Services/Equipment,United States,423063748.0,False,False,True,Proxy (Market-Cap-Rang 1001-3000),2026-09-29
NGVC,Natural Grocers by Vitamin Cottage Inc.,NYSE,Consumer Staples,Food Chains,United States,684700077.0,False,False,True,Proxy (Market-Cap-Rang 1001-3000),2026-09-29
NGVT,Ingevity Corporation Common Stock ,NYSE,Industrials,Major Chemicals,United States,2509588306.0,False,False,True,Proxy (Market-Cap-Rang 1001-3000),2026-09-29
NHC,National HealthCare Corporation,AMEX,Health Care,Hospital/Nursing Management,United States,3560774767.0,False,False,True,Proxy (Market-Cap-Rang 1001-3000),2026-09-29
NHI,National Health Investors Inc.,NYSE,Real Estate,Real Estate Investment Trusts,United States,3286470243.0,False,False,True,Proxy (Market-Cap-Rang 1001-3000),2026-09-29
NHP,National Healthcare Properties Inc.,NASDAQ,Real Estate,Real Estate Investment Trusts,United States,1168665162.0,False,True,True,Proxy (Market-Cap-Rang 1001-3000),2026-09-29
NHTC,Natural Health Trends Corp.,NASDAQ,Consumer Discretionary,Consumer Specialties,United States,7726925.0,False,True,False,Proxy (Market-Cap-Rang 1001-3000),2026-09-29
NI,NiSource Inc,NYSE,Utilities,Power Generation,United States,18904259142.0,True,False,False,Proxy (Market-Cap-Rang 1001-3000),2026-09-29
NIC,Nicolet Bankshares Inc.,NYSE,Finance,Major Banks,United States,3529245189.0,False,False,True,Proxy (Market-Cap-Rang 1001-3000),2026-09-29
NICE,NICE Ltd American Depositary Shares,NASDAQ,Technology,Computer Software: Prepackaged Software,Israel,6701317860.0,False,True,False,Proxy (Market-Cap-Rang 1001-3000),2026-09-29
NICM,Nicola Mining Inc. American Depositary Shares,NASDAQ,Basic Materials,Metal Mining,Canada,112983046.0,False,True,False,Proxy (Market-Cap-Rang 1001-3000),2026-09-29
NIE,Virtus Equity & Convertible Income Fund Common Shares of Beneficial Interest,NYSE,Finance,Investment Managers,United States,695495022.0,False,False,True,Proxy (Market-Cap-Rang 1001-3000),2026-09-29
NIKI,Niki BioSolutions Inc.,NASDAQ,Industrials,Industrial Machinery/Components,Hong Kong,13987855.0,False,True,False,Proxy (Market-Cap-Rang 1001-3000),2026-09-29
NIPG,NIP Group Inc. American Depositary Shares,NASDAQ,Consumer Discretionary,Services-Misc. Amusement & Recreation,Sweden,106519825.0,False,True,False,Proxy (Market-Cap-Rang 1001-3000),2026-09-29
NIQ,NIQ Global Intelligence plc,NYSE,Technology,Computer Software: Programming Data Processing,United States,5259063055.0,False,False,True,Proxy (Market-Cap-Rang 1001-3000),2026-09-29
NIU,Niu Technologies American Depositary Shares,NASDAQ,Industrials,Auto Manufacturing,China,160793980.0,False,True,False,Proxy (Market-Cap-Rang 1001-3000),2026-09-29
NIVF,NewGenIvf Group Limited Class A,NASDAQ,Health Care,Misc Health and Biotechnology Services,Singapore,1354003.0,False,True,False,Proxy (Market-Cap-Rang 1001-3000),2026-09-29
NIXX,Nixxy Inc.,NASDAQ,Technology,EDP Services,United States,9889714.0,False,True,False,Proxy (Market-Cap-Rang 1001-3000),2026-09-29
NJR,NewJersey Resources Corporation,NYSE,Utilities,Oil/Gas Transmission,United States,5135292747.0,False,False,True,Proxy (Market-Cap-Rang 1001-3000),2026-09-29
NKE,Nike Inc.,NYSE,Consumer Discretionary,Shoe Manufacturing,United States,53035078632.0,True,False,False,Proxy (Market-Cap-Rang 1001-3000),2026-09-29
NKLR,Terra Innovatum Global N.V. Ordinary shares,NASDAQ,Industrials,Metal Fabrications,Italy,390068205.0,False,True,False,Proxy (Market-Cap-Rang 1001-3000),2026-09-29
NKSH,National Bankshares Inc.,NASDAQ,Finance,Major Banks,United States,269923169.0,False,True,True,Proxy (Market-Cap-Rang 1001-3000),2026-09-29
NKTR,Nektar Therapeutics,NASDAQ,Health Care,Biotechnology: Pharmaceutical Preparations,United States,1948199238.0,False,True,True,Proxy (Market-Cap-Rang 1001-3000),2026-09-29
NKTX,Nkarta Inc.,NASDAQ,Health Care,Biotechnology: Pharmaceutical Preparations,United States,196968175.0,False,True,True,Proxy (Market-Cap-Rang 1001-3000),2026-09-29
NL,NLI Holdings Inc.,NYSE,Basic Materials,Major Chemicals,United States,343269113.0,False,False,True,Proxy (Market-Cap-Rang 1001-3000),2026-09-29
NMAD,Nomad Power Solutions Inc.,NASDAQ,Health Care,Biotechnology: Pharmaceutical Preparations,United States,57641823.0,False,True,False,Proxy (Market-Cap-Rang 1001-3000),2026-09-29
NMAX,Newsmax Inc.,NYSE,Industrials,Broadcasting,United States,1403976211.0,False,False,True,Proxy (Market-Cap-Rang 1001-3000),2026-09-29
NMFC,New Mountain Finance Corporation,NASDAQ,Finance,Finance/Investors Services,United States,659277682.0,False,True,True,Proxy (Market-Cap-Rang 1001-3000),2026-09-29
NMIH,NMI Holdings Inc.,NASDAQ,Finance,Property-Casualty Insurers,United States,3101231997.0,False,True,True,Proxy (Market-Cap-Rang 1001-3000),2026-09-29
NMRA,Neumora Therapeutics Inc.,NASDAQ,Health Care,Biotechnology: Biological Products (No Diagnostic Substances),United States,127318270.0,False,True,False,Proxy (Market-Cap-Rang 1001-3000),2026-09-29
NMRK,Newmark Group Inc.,NASDAQ,Finance,Real Estate,United States,2366845869.0,False,True,True,Proxy (Market-Cap-Rang 1001-3000),2026-09-29
NMTC,NeuroOne Medical Technologies Corporation,NASDAQ,Health Care,Medical/Dental Instruments,United States,12110665.0,False,True,False,Proxy (Market-Cap-Rang 1001-3000),2026-09-29
NN,NextNav Inc.,NASDAQ,Industrials,Industrial Machinery/Components,United States,2427486506.0,False,True,True,Proxy (Market-Cap-Rang 1001-3000),2026-09-29
NNBR,NN Inc.,NASDAQ,Industrials,Industrial Machinery/Components,United States,303071771.0,False,True,True,Proxy (Market-Cap-Rang 1001-3000),2026-09-29
NNDM,Nano Dimension Ltd. American Depositary Shares,NASDAQ,Technology,Electrical Products,Israel,331017247.0,False,True,False,Proxy (Market-Cap-Rang 1001-3000),2026-09-29
NNE,Nano Nuclear Energy Inc.,NASDAQ,Utilities,Electric Utilities: Central,United States,912331501.0,False,True,True,Proxy (Market-Cap-Rang 1001-3000),2026-09-29
NNI,Nelnet Inc.,NYSE,Finance,Finance: Consumer Services,United States,4448815321.0,False,False,True,Proxy (Market-Cap-Rang 1001-3000),2026-09-29
NNNN,Anbio Biotechnology Class A,NASDAQ,Health Care,Biotechnology: In Vitro & In Vivo Diagnostic Substances,Germany,906514560.0,False,True,False,Proxy (Market-Cap-Rang 1001-3000),2026-09-29
NNOX,NANO-X IMAGING LTD,NASDAQ,Health Care,Medical Electronics,Israel,50312446.0,False,True,False,Proxy (Market-Cap-Rang 1001-3000),2026-09-29
NOC,Northrop Grumman Corporation,NYSE,Industrials,Industrial Machinery/Components,United States,72526016034.0,True,False,False,Proxy (Market-Cap-Rang 1001-3000),2026-09-29
NODK,NI Holdings Inc.,NASDAQ,Finance,Property-Casualty Insurers,United States,301989900.0,False,True,True,Proxy (Market-Cap-Rang 1001-3000),2026-09-29
NOEM,CO2 Energy Transition Corp.,NASDAQ,Unknown,Unknown,United States,0.0,False,True,False,Proxy (Market-Cap-Rang 1001-3000),2026-09-29
NOG,Northern Oil and Gas Inc.,NYSE,Energy,Oil & Gas Production,United States,2481529191.0,False,False,True,Proxy (Market-Cap-Rang 1001-3000),2026-09-29
NOMA,NOMADAR Corp.,NASDAQ,Consumer Discretionary,Services-Misc. Amusement & Recreation,United States,23536635.0,False,True,False,Proxy (Market-Cap-Rang 1001-3000),2026-09-29
NOVT,Novanta Inc.,NASDAQ,Miscellaneous,Industrial Machinery/Components,United States,5443111636.0,False,True,False,Proxy (Market-Cap-Rang 1001-3000),2026-09-29
NOW,ServiceNow Inc.,NYSE,Technology,Computer Software: Prepackaged Software,United States,140231080000.0,True,False,False,Proxy (Market-Cap-Rang 1001-3000),2026-09-29
NPB,Northpointe Bancshares Inc.,NYSE,Finance,Major Banks,United States,531522912.0,False,False,True,Proxy (Market-Cap-Rang 1001-3000),2026-09-29
NPCE,Neuropace Inc.,NASDAQ,Health Care,Medical/Dental Instruments,United States,482599292.0,False,True,True,Proxy (Market-Cap-Rang 1001-3000),2026-09-29
NPK,National Presto Industries Inc.,NYSE,Industrials,Ordnance And Accessories,United States,1032303452.0,False,False,True,Proxy (Market-Cap-Rang 1001-3000),2026-09-29
NPKI,NPK International Inc.,NYSE,Industrials,Misc Corporate Leasing Services,United States,995143958.0,False,False,True,Proxy (Market-Cap-Rang 1001-3000),2026-09-29
NPT,Texxon Holding Limited Ordinary shares,NASDAQ,Consumer Discretionary,Specialty Chemicals,China,63670950.0,False,True,False,Proxy (Market-Cap-Rang 1001-3000),2026-09-29
NPWR,NET Power Inc.,NYSE,Energy,Industrial Machinery/Components,United States,366519454.0,False,False,True,Proxy (Market-Cap-Rang 1001-3000),2026-09-29
NRC,NRC Health,NASDAQ,Health Care,Biotechnology: Commercial Physical & Biological Resarch,United States,432879907.0,False,True,True,Proxy (Market-Cap-Rang 1001-3000),2026-09-29
NRDS,NerdWallet Inc.,NASDAQ,Technology,EDP Services,United States,543346979.0,False,True,True,Proxy (Market-Cap-Rang 1001-3000),2026-09-29
NREF,NexPoint Real Estate Finance Inc.,NYSE,Real Estate,Real Estate Investment Trusts,United States,297233417.0,False,False,True,Proxy (Market-Cap-Rang 1001-3000),2026-09-29
NRG,NRG Energy Inc.,NYSE,Utilities,Electric Utilities: Central,United States,21098826179.0,True,False,False,Proxy (Market-Cap-Rang 1001-3000),2026-09-29
NRGV,Energy Vault Holdings Inc.,NYSE,Miscellaneous,Industrial Machinery/Components,United States,800094108.0,False,False,True,Proxy (Market-Cap-Rang 1001-3000),2026-09-29
NRIM,Northrim BanCorp Inc,NASDAQ,Finance,Savings Institutions,United States,555674255.0,False,True,True,Proxy (Market-Cap-Rang 1001-3000),2026-09-29
NRIX,Nurix Therapeutics Inc. Common stock,NASDAQ,Health Care,Biotechnology: Pharmaceutical Preparations,United States,2388016526.0,False,True,True,Proxy (Market-Cap-Rang 1001-3000),2026-09-29
NRP,Natural Resource Partners LP Limited Partnership,NYSE,Energy,Coal Mining,United States,1441379817.0,False,False,True,Proxy (Market-Cap-Rang 1001-3000),2026-09-29
NRSN,NeuroSense Therapeutics Ltd.,NASDAQ,Health Care,Biotechnology: Pharmaceutical Preparations,Israel,13183469.0,False,True,False,Proxy (Market-Cap-Rang 1001-3000),2026-09-29
NRXP,NRX Pharmaceuticals Inc.,NASDAQ,Health Care,Biotechnology: Pharmaceutical Preparations,United States,129670822.0,False,True,False,Proxy (Market-Cap-Rang 1001-3000),2026-09-29
NSAI,NorthStrive Acquisition Corp I. Class A,NASDAQ,Unknown,Unknown,United States,0.0,False,True,False,Proxy (Market-Cap-Rang 1001-3000),2026-09-29
NSC,Norfolk Southern Corporation,NYSE,Industrials,Railroads,United States,70302420749.0,True,False,False,Proxy (Market-Cap-Rang 1001-3000),2026-09-29
NSIT,Insight Enterprises Inc.,NASDAQ,Consumer Discretionary,Catalog/Specialty Distribution,United States,4667347616.0,False,True,True,Proxy (Market-Cap-Rang 1001-3000),2026-09-29
NSLR,Neostellar Capital Corp.,NASDAQ,Finance,Finance: Consumer Services,United States,210726847.0,False,True,True,Proxy (Market-Cap-Rang 1001-3000),2026-09-29
NSP,Insperity Inc.,NYSE,Consumer Discretionary,Professional Services,United States,1826879764.0,False,False,True,Proxy (Market-Cap-Rang 1001-3000),2026-09-29
NSPR,InspireMD Inc.,NASDAQ,Health Care,Medical/Dental Instruments,Israel,32542383.0,False,True,False,Proxy (Market-Cap-Rang 1001-3000),2026-09-29
NSSC,NAPCO Security Technologies Inc.,NASDAQ,Telecommunications,Telecommunications Equipment,United States,1275502463.0,False,True,True,Proxy (Market-Cap-Rang 1001-3000),2026-09-29
NSTS,NSTS Bancorp Inc.,NASDAQ,Finance,Savings Institutions,United States,74174210.0,False,True,False,Proxy (Market-Cap-Rang 1001-3000),2026-09-29
NSYS,Nortech Systems Incorporated,NASDAQ,Technology,Industrial Machinery/Components,United States,32190480.0,False,True,False,Proxy (Market-Cap-Rang 1001-3000),2026-09-29
NTAP,NetApp Inc.,NASDAQ,Technology,Electronic Components,United States,39508700761.0,True,True,False,Proxy (Market-Cap-Rang 1001-3000),2026-09-29
NTCL,NETCLASS TECHNOLOGY INC Class A,NASDAQ,Technology,Computer Software: Prepackaged Software,China,5149179.0,False,True,False,Proxy (Market-Cap-Rang 1001-3000),2026-09-29
NTCT,NetScout Systems Inc.,NASDAQ,Technology,EDP Services,United States,2867576385.0,False,True,True,Proxy (Market-Cap-Rang 1001-3000),2026-09-29
NTES,NetEase Inc. American Depositary Shares,NASDAQ,Technology,Computer Software: Prepackaged Software,China,73646364598.0,False,True,False,Proxy (Market-Cap-Rang 1001-3000),2026-09-29
NTGR,NETGEAR Inc.,NASDAQ,Utilities,Telecommunications Equipment,United States,599840993.0,False,True,True,Proxy (Market-Cap-Rang 1001-3000),2026-09-29
NTHI,NeOnc Technologies Holdings Inc.,NASDAQ,Health Care,Biotechnology: Pharmaceutical Preparations,United States,98525774.0,False,True,False,Proxy (Market-Cap-Rang 1001-3000),2026-09-29
NTIC,Northern Technologies International Corporation,NASDAQ,Industrials,Industrial Specialties,United States,74072224.0,False,True,False,Proxy (Market-Cap-Rang 1001-3000),2026-09-29
NTLA,Intellia Therapeutics Inc.,NASDAQ,Health Care,Biotechnology: In Vitro & In Vivo Diagnostic Substances,United States,1646488643.0,False,True,True,Proxy (Market-Cap-Rang 1001-3000),2026-09-29
NTNX,Nutanix Inc.,NASDAQ,Technology,Computer Software: Prepackaged Software,United States,18406889277.0,False,True,False,Proxy (Market-Cap-Rang 1001-3000),2026-09-29
NTRA,Natera Inc.,NASDAQ,Health Care,Medical Specialities,United States,59468118775.0,False,True,False,Proxy (Market-Cap-Rang 1001-3000),2026-09-29
NTRB,Nutriband Inc.,NASDAQ,Health Care,Industrial Specialties,United States,97245464.0,False,True,False,Proxy (Market-Cap-Rang 1001-3000),2026-09-29
NTRP,NextTrip Inc.,NASDAQ,Consumer Discretionary,Transportation Services,United States,29116175.0,False,True,False,Proxy (Market-Cap-Rang 1001-3000),2026-09-29
NTRS,Northern Trust Corporation,NASDAQ,Finance,Major Banks,United States,32150796902.0,True,True,False,Proxy (Market-Cap-Rang 1001-3000),2026-09-29
NTSK,Netskope Inc.,NASDAQ,Technology,Computer Software: Prepackaged Software,United States,7219745507.0,False,True,False,Proxy (Market-Cap-Rang 1001-3000),2026-09-29
NTST,NetSTREIT Corp.,NYSE,Real Estate,Real Estate Investment Trusts,United States,1848824844.0,False,False,True,Proxy (Market-Cap-Rang 1001-3000),2026-09-29
NTWK,NetSol Technologies Inc. Common  Stock,NASDAQ,Technology,Computer Software: Prepackaged Software,United States,58194429.0,False,True,False,Proxy (Market-Cap-Rang 1001-3000),2026-09-29
NTWO,Newbury Street II Acquisition Corp Class A,NASDAQ,Unknown,Unknown,United States,0.0,False,True,False,Proxy (Market-Cap-Rang 1001-3000),2026-09-29
NUAI,New Era Energy & Digital Inc.,NASDAQ,Energy,Oil & Gas Production,United States,752308933.0,False,True,True,Proxy (Market-Cap-Rang 1001-3000),2026-09-29
NUCL,Eagle Nuclear Energy Corp. Common stock,NASDAQ,Basic Materials,Other Metals and Minerals,United States,182211556.0,False,True,True,Proxy (Market-Cap-Rang 1001-3000),2026-09-29
NUE,Nucor Corporation,NYSE,Industrials,Steel/Iron Ore,United States,56095010891.0,True,False,False,Proxy (Market-Cap-Rang 1001-3000),2026-09-29
NUR,Nuran Wireless Inc. Common Shares,NASDAQ,Unknown,Unknown,Canada,14118329.0,False,True,False,Proxy (Market-Cap-Rang 1001-3000),2026-09-29
NUS,Nu Skin Enterprises Inc.,NYSE,Health Care,Other Pharmaceuticals,United States,225372815.0,False,False,True,Proxy (Market-Cap-Rang 1001-3000),2026-09-29
NUTX,Nutex Health Inc.,NASDAQ,Consumer Discretionary,Business Services,United States,1507307337.0,False,True,True,Proxy (Market-Cap-Rang 1001-3000),2026-09-29
NUVB,Nuvation Bio Inc.,NYSE,Health Care,Biotechnology: Pharmaceutical Preparations,United States,2015447357.0,False,False,True,Proxy (Market-Cap-Rang 1001-3000),2026-09-29
NUWE,Nuwellis Inc.,NASDAQ,Health Care,Biotechnology: Electromedical & Electrotherapeutic Apparatus,United States,2829547.0,False,True,False,Proxy (Market-Cap-Rang 1001-3000),2026-09-29
NVAX,Novavax Inc.,NASDAQ,Health Care,Biotechnology: Biological Products (No Diagnostic Substances),United States,1753373067.0,False,True,True,Proxy (Market-Cap-Rang 1001-3000),2026-09-29
NVCR,NovoCure Limited,NASDAQ,Health Care,Medical/Dental Instruments,Jersey,1844502106.0,False,True,False,Proxy (Market-Cap-Rang 1001-3000),2026-09-29
NVCT,Nuvectis Pharma Inc.,NASDAQ,Health Care,Biotechnology: Pharmaceutical Preparations,United States,659456415.0,False,True,True,Proxy (Market-Cap-Rang 1001-3000),2026-09-29
NVDA,NVIDIA Corporation,NASDAQ,Technology,Semiconductors,United States,5424187000000.0,True,True,False,Proxy (Market-Cap-Rang 1001-3000),2026-09-29
NVEC,NVE Corporation,NASDAQ,Technology,Semiconductors,United States,527879926.0,False,True,True,Proxy (Market-Cap-Rang 1001-3000),2026-09-29
NVMI,Nova Ltd.,NASDAQ,Technology,Electronic Components,Israel,11703443780.0,False,True,False,Proxy (Market-Cap-Rang 1001-3000),2026-09-29
NVNI,Nvni Group Limited,NASDAQ,Technology,Computer Software: Prepackaged Software,Cayman Islands,10990605.0,False,True,False,Proxy (Market-Cap-Rang 1001-3000),2026-09-29
NVNO,enVVeno Medical Corporation,NASDAQ,Health Care,Medical/Dental Instruments,United States,6024141.0,False,True,False,Proxy (Market-Cap-Rang 1001-3000),2026-09-29
NVR,NVR Inc.,NYSE,Consumer Discretionary,Homebuilding,United States,16782222336.0,True,False,False,Proxy (Market-Cap-Rang 1001-3000),2026-09-29
NVST,Envista Holdings Corporation,NYSE,Health Care,Medical/Dental Instruments,United States,3846794131.0,False,False,True,Proxy (Market-Cap-Rang 1001-3000),2026-09-29
NVTS,Navitas Semiconductor Corporation,NASDAQ,Technology,Semiconductors,United States,3185340554.0,False,True,True,Proxy (Market-Cap-Rang 1001-3000),2026-09-29
NVX,NOVONIX Limited American Depository Shares,NASDAQ,Miscellaneous,Industrial Machinery/Components,Australia,57681182.0,False,True,False,Proxy (Market-Cap-Rang 1001-3000),2026-09-29
NWBI,Northwest Bancshares Inc.,NASDAQ,Finance,Major Banks,United States,2242289158.0,False,True,True,Proxy (Market-Cap-Rang 1001-3000),2026-09-29
NWCL,newcleo plc,NASDAQ,Industrials,Metal Fabrications,United Kingdom,3782138555.0,False,True,False,Proxy (Market-Cap-Rang 1001-3000),2026-09-29
NWE,NorthWestern Energy Group Inc.,NASDAQ,Utilities,Power Generation,United States,4234888794.0,False,True,True,Proxy (Market-Cap-Rang 1001-3000),2026-09-29
NWFL,Norwood Financial Corp.,NASDAQ,Finance,Major Banks,United States,368272060.0,False,True,True,Proxy (Market-Cap-Rang 1001-3000),2026-09-29
NWGL,CL Workshop Group Limited American Depositary Shares,NASDAQ,Basic Materials,Forest Products,China,40971494.0,False,True,False,Proxy (Market-Cap-Rang 1001-3000),2026-09-29
NWL,Newell Brands Inc.,NASDAQ,Industrials,Plastic Products,United States,2312637000.0,False,True,True,Proxy (Market-Cap-Rang 1001-3000),2026-09-29
NWN,Northwest Natural Holding Company,NYSE,Utilities,Oil/Gas Transmission,United States,1980080028.0,False,False,True,Proxy (Market-Cap-Rang 1001-3000),2026-09-29
NWPX,NWPX Infrastructure Inc.,NASDAQ,Industrials,Steel/Iron Ore,United States,990993482.0,False,True,True,Proxy (Market-Cap-Rang 1001-3000),2026-09-29
NWS,News Corporation,NASDAQ,Consumer Discretionary,Newspapers/Magazines,United States,17159160595.0,True,True,False,Proxy (Market-Cap-Rang 1001-3000),2026-09-29
NWSA,News Corporation,NASDAQ,Consumer Discretionary,Newspapers/Magazines,United States,15397306625.0,True,True,False,Proxy (Market-Cap-Rang 1001-3000),2026-09-29
NWTG,Newton Golf Company Inc.,NASDAQ,Consumer Discretionary,Recreational Games/Products/Toys,United States,5639167.0,False,True,False,Proxy (Market-Cap-Rang 1001-3000),2026-09-29
NX,Quanex Building Products Corporation,NYSE,Industrials,Metal Fabrications,United States,904609346.0,False,False,True,Proxy (Market-Cap-Rang 1001-3000),2026-09-29
NXAT,Nexus Advanced Technologies Inc.,NASDAQ,Consumer Discretionary,Movies/Entertainment,Cayman Islands,3170996.0,False,True,False,Proxy (Market-Cap-Rang 1001-3000),2026-09-29
NXDR,Nextdoor Holdings Inc.,NYSE,Technology,Computer Software: Programming Data Processing,United States,970989489.0,False,False,True,Proxy (Market-Cap-Rang 1001-3000),2026-09-29
NXDT,NexPoint Diversified Real Estate Trust,NYSE,Real Estate,Real Estate Investment Trusts,United States,276682401.0,False,False,True,Proxy (Market-Cap-Rang 1001-3000),2026-09-29
NXGL,NexGel Inc,NASDAQ,Health Care,Medical/Dental Instruments,United States,1696093.0,False,True,False,Proxy (Market-Cap-Rang 1001-3000),2026-09-29
NXH,Neighborhood Intelligence Inc.,NASDAQ,Consumer Discretionary,Catalog/Specialty Distribution,United States,312277423.0,False,True,True,Proxy (Market-Cap-Rang 1001-3000),2026-09-29
NXL,Nexalin Technology Inc.,NASDAQ,Health Care,Biotechnology: Electromedical & Electrotherapeutic Apparatus,United States,3641066.0,False,True,False,Proxy (Market-Cap-Rang 1001-3000),2026-09-29
NXP,Nuveen Select Tax Free Income Portfolio,NYSE,Finance,Trusts Except Educational Religious and Charitable,United States,611196416.0,False,False,True,Proxy (Market-Cap-Rang 1001-3000),2026-09-29
NXPI,NXP Semiconductors N.V.,NASDAQ,Technology,Semiconductors,Netherlands,60035246546.0,True,True,False,Proxy (Market-Cap-Rang 1001-3000),2026-09-29
NXPL,NextPlat Corp,NASDAQ,Telecommunications,Telecommunications Equipment,United States,24446130.0,False,True,False,Proxy (Market-Cap-Rang 1001-3000),2026-09-29
NXRT,NexPoint Residential Trust Inc.,NYSE,Real Estate,Real Estate Investment Trusts,United States,501798327.0,False,False,True,Proxy (Market-Cap-Rang 1001-3000),2026-09-29
NXST,Nexstar Media Group Inc.,NASDAQ,Industrials,Broadcasting,United States,4994025592.0,False,True,True,Proxy (Market-Cap-Rang 1001-3000),2026-09-29
NXT,Nextpower Inc.,NASDAQ,Technology,Semiconductors,United States,12267331692.0,False,True,False,Proxy (Market-Cap-Rang 1001-3000),2026-09-29
NXTC,NextCure Inc.,NASDAQ,Health Care,Biotechnology: Pharmaceutical Preparations,United States,23252984.0,False,True,False,Proxy (Market-Cap-Rang 1001-3000),2026-09-29
NXTS,Nexentis Technologies Inc.,NASDAQ,Industrials,Agricultural Chemicals,Israel,2136400.0,False,True,False,Proxy (Market-Cap-Rang 1001-3000),2026-09-29
NXTT,Next Technology Holding Inc.,NASDAQ,Technology,EDP Services,China,8351695.0,False,True,False,Proxy (Market-Cap-Rang 1001-3000),2026-09-29
NXXT,NextNRG Inc.,NASDAQ,Consumer Discretionary,Retail-Auto Dealers and Gas Stations,United States,14306475.0,False,True,False,Proxy (Market-Cap-Rang 1001-3000),2026-09-29
NYAX,Nayax Ltd.,NASDAQ,Technology,Computer Software: Prepackaged Software,Israel,1682284551.0,False,True,False,Proxy (Market-Cap-Rang 1001-3000),2026-09-29
NYXH,Nyxoah SA,NASDAQ,Health Care,Medical/Dental Instruments,Belgium,145105582.0,False,True,False,Proxy (Market-Cap-Rang 1001-3000),2026-09-29
O,Realty Income Corporation,NYSE,Real Estate,Real Estate Investment Trusts,United States,52552949553.0,True,False,False,Proxy (Market-Cap-Rang 1001-3000),2026-09-29
OABI,OmniAb Inc.,NASDAQ,Health Care,Biotechnology: Commercial Physical & Biological Resarch,United States,670249735.0,False,True,True,Proxy (Market-Cap-Rang 1001-3000),2026-09-29
OBAI,Our Bond Inc.,NASDAQ,Consumer Discretionary,Telecommunications Equipment,United States,6867393.0,False,True,False,Proxy (Market-Cap-Rang 1001-3000),2026-09-29
OBIO,Orchestra BioMed Holdings Inc.,NASDAQ,Health Care, Medicinal Chemicals and Botanical Products ,United States,357625042.0,False,True,True,Proxy (Market-Cap-Rang 1001-3000),2026-09-29
OBK,Origin Bancorp Inc.,NYSE,Finance,Major Banks,United States,1654776728.0,False,False,True,Proxy (Market-Cap-Rang 1001-3000),2026-09-29
OBT,Orange County Bancorp Inc.,NASDAQ,Finance,Major Banks,United States,507089161.0,False,True,True,Proxy (Market-Cap-Rang 1001-3000),2026-09-29
OBX,Obsidian Therapeutics Inc.,NASDAQ,Health Care,Biotechnology: Pharmaceutical Preparations,United States,794399185.0,False,True,True,Proxy (Market-Cap-Rang 1001-3000),2026-09-29
OCC,Optical Cable Corporation,NASDAQ,Industrials,Telecommunications Equipment,United States,128474609.0,False,True,False,Proxy (Market-Cap-Rang 1001-3000),2026-09-29
OCCI,OFS Credit Company Inc.,NASDAQ,Finance,Trusts Except Educational Religious and Charitable,United States,26369478.0,False,True,False,Proxy (Market-Cap-Rang 1001-3000),2026-09-29
OCFC,OceanFirst Financial Corp.,NASDAQ,Finance,Major Banks,United States,1652633245.0,False,True,True,Proxy (Market-Cap-Rang 1001-3000),2026-09-29
OCG,Oriental Culture Holding LTD,NASDAQ,Consumer Discretionary,Other Consumer Services,China,2888085.0,False,True,False,Proxy (Market-Cap-Rang 1001-3000),2026-09-29
OCGN,Ocugen Inc.,NASDAQ,Health Care,Biotechnology: Biological Products (No Diagnostic Substances),United States,345892609.0,False,True,True,Proxy (Market-Cap-Rang 1001-3000),2026-09-29
OCS,Oculis Holding AG Ordinary shares,NASDAQ,Health Care,Biotechnology: Pharmaceutical Preparations,Switzerland,537515740.0,False,True,False,Proxy (Market-Cap-Rang 1001-3000),2026-09-29
OCSL,Oaktree Specialty Lending Corporation,NASDAQ,Finance,Finance: Consumer Services,United States,1065834828.0,False,True,True,Proxy (Market-Cap-Rang 1001-3000),2026-09-29
OCTV,Octave Intelligence plc Class B,NASDAQ,Technology,Computer Software: Prepackaged Software,United States,5054683548.0,False,True,True,Proxy (Market-Cap-Rang 1001-3000),2026-09-29
OCUL,Ocular Therapeutix Inc.,NASDAQ,Health Care,Biotechnology: Pharmaceutical Preparations,United States,2119293126.0,False,True,True,Proxy (Market-Cap-Rang 1001-3000),2026-09-29
ODC,Oil-Dri Corporation Of America,NYSE,Consumer Discretionary,Miscellaneous manufacturing industries,United States,1283666481.0,False,False,True,Proxy (Market-Cap-Rang 1001-3000),2026-09-29
ODD,ODDITY Tech Ltd. Class A,NASDAQ,Consumer Discretionary,Package Goods/Cosmetics,Israel,1056080608.0,False,True,False,Proxy (Market-Cap-Rang 1001-3000),2026-09-29
ODFL,Old Dominion Freight Line Inc.,NASDAQ,Industrials,Trucking Freight/Courier Services,United States,35934902593.0,True,True,False,Proxy (Market-Cap-Rang 1001-3000),2026-09-29
ODTX,Odyssey Therapeutics Inc.,NASDAQ,Health Care,Biotechnology: Biological Products (No Diagnostic Substances),United States,985680389.0,False,True,True,Proxy (Market-Cap-Rang 1001-3000),2026-09-29
ODYS,Odysight.ai Inc.,NASDAQ,Technology,EDP Services,Israel,61138103.0,False,True,False,Proxy (Market-Cap-Rang 1001-3000),2026-09-29
OESX,Orion Energy Systems Inc.,NASDAQ,Consumer Discretionary,Building Products,United States,125091259.0,False,True,False,Proxy (Market-Cap-Rang 1001-3000),2026-09-29
OFAL,OFA Group Class A,NASDAQ,Consumer Discretionary,Military/Government/Technical,Hong Kong,13226741.0,False,True,False,Proxy (Market-Cap-Rang 1001-3000),2026-09-29
OFIX,Orthofix Medical Inc. Common Stock (DE),NASDAQ,Health Care,Medical/Dental Instruments,Curacao,384515820.0,False,True,False,Proxy (Market-Cap-Rang 1001-3000),2026-09-29
OFLX,Omega Flex Inc.,NASDAQ,Industrials,Industrial Specialties,United States,257808984.0,False,True,True,Proxy (Market-Cap-Rang 1001-3000),2026-09-29
OFS,OFS Capital Corporation,NASDAQ,Finance,Finance/Investors Services,United States,48099100.0,False,True,False,Proxy (Market-Cap-Rang 1001-3000),2026-09-29
OGI,Organigram Global Inc. Common Shares,NASDAQ,Health Care,Biotechnology: Pharmaceutical Preparations,Canada,155107147.0,False,True,False,Proxy (Market-Cap-Rang 1001-3000),2026-09-29
OGN,Organon & Co. Common Stock ,NYSE,Health Care,Biotechnology: Pharmaceutical Preparations,United States,3605627515.0,False,False,True,Proxy (Market-Cap-Rang 1001-3000),2026-09-29
OGS,ONE Gas Inc.,NYSE,Utilities,Oil/Gas Transmission,United States,4513080186.0,False,False,True,Proxy (Market-Cap-Rang 1001-3000),2026-09-29
OHAC,Oceanhawk Acquisition Corp. Class A,NASDAQ,Unknown,Unknown,United States,0.0,False,True,False,Proxy (Market-Cap-Rang 1001-3000),2026-09-29
OI,O-I Glass Inc.,NYSE,Consumer Discretionary,Containers/Packaging,United States,900446117.0,False,False,True,Proxy (Market-Cap-Rang 1001-3000),2026-09-29
OIA,Invesco Municipal Income Opportunities Trust,NYSE,Finance,Finance Companies,United States,261354684.0,False,False,True,Proxy (Market-Cap-Rang 1001-3000),2026-09-29
OIG,Orion180 Insurance Group Inc. Class A common stock,NASDAQ,Finance,Specialty Insurers,United States,947740566.0,False,True,True,Proxy (Market-Cap-Rang 1001-3000),2026-09-29
OII,Oceaneering International Inc.,NYSE,Energy,Oilfield Services/Equipment,United States,4604241378.0,False,False,True,Proxy (Market-Cap-Rang 1001-3000),2026-09-29
OIM,OneIM Acquisition Corp. Class A,NASDAQ,Unknown,Unknown,United States,0.0,False,True,False,Proxy (Market-Cap-Rang 1001-3000),2026-09-29
OIO,OIO Group,NASDAQ,Utilities,Environmental Services,Singapore,574236478.0,False,True,False,Proxy (Market-Cap-Rang 1001-3000),2026-09-29
OIS,Oil States International Inc.,NYSE,Consumer Discretionary,Oil and Gas Field Machinery,United States,499471285.0,False,False,True,Proxy (Market-Cap-Rang 1001-3000),2026-09-29
OKE,ONEOK Inc.,NYSE,Utilities,Oil & Gas Production,United States,55869663586.0,True,False,False,Proxy (Market-Cap-Rang 1001-3000),2026-09-29
OKTA,Okta Inc.,NASDAQ,Technology,Computer Software: Prepackaged Software,United States,34123296936.0,False,True,False,Proxy (Market-Cap-Rang 1001-3000),2026-09-29
OKUR,OnKure Therapeutics Inc.,NASDAQ,Health Care,Biotechnology: Pharmaceutical Preparations,United States,117439296.0,False,True,False,Proxy (Market-Cap-Rang 1001-3000),2026-09-29
OKYO,OKYO Pharma Limited,NASDAQ,Health Care,Biotechnology: Biological Products (No Diagnostic Substances),Guernsey,72421747.0,False,True,False,Proxy (Market-Cap-Rang 1001-3000),2026-09-29
OLB,The OLB Group Inc.,NASDAQ,Consumer Discretionary,Business Services,United States,4888298.0,False,True,False,Proxy (Market-Cap-Rang 1001-3000),2026-09-29
OLED,Universal Display Corporation,NASDAQ,Technology,Electrical Products,United States,3557373361.0,False,True,True,Proxy (Market-Cap-Rang 1001-3000),2026-09-29
OLLI,Ollie's Bargain Outlet Holdings Inc.,NASDAQ,Consumer Discretionary,Department/Specialty Retail Stores,United States,5004652453.0,False,True,True,Proxy (Market-Cap-Rang 1001-3000),2026-09-29
OLMA,Olema Pharmaceuticals Inc.,NASDAQ,Health Care,Biotechnology: Pharmaceutical Preparations,United States,765604061.0,False,True,True,Proxy (Market-Cap-Rang 1001-3000),2026-09-29
OLN,Olin Corporation,NYSE,Industrials,Major Chemicals,United States,1869312836.0,False,False,True,Proxy (Market-Cap-Rang 1001-3000),2026-09-29
OLOX,Olenox Industries Inc.,NASDAQ,Consumer Discretionary,RETAIL: Building Materials,United States,1435169.0,False,True,False,Proxy (Market-Cap-Rang 1001-3000),2026-09-29
OLP,One Liberty Properties Inc.,NYSE,Real Estate,Real Estate Investment Trusts,United States,490844790.0,False,False,True,Proxy (Market-Cap-Rang 1001-3000),2026-09-29
OM,Outset Medical Inc.,NASDAQ,Health Care,Biotechnology: Electromedical & Electrotherapeutic Apparatus,United States,57331350.0,False,True,False,Proxy (Market-Cap-Rang 1001-3000),2026-09-29
OMAB,Grupo Aeroportuario del Centro Norte S.A.B. de C.V. ADS,NASDAQ,Consumer Discretionary,Aerospace,Mexico,4973379469.0,False,True,False,Proxy (Market-Cap-Rang 1001-3000),2026-09-29
OMC,Omnicom Group Inc.,NYSE,Consumer Discretionary,Advertising,United States,20891445387.0,True,False,False,Proxy (Market-Cap-Rang 1001-3000),2026-09-29
OMCL,Omnicell Inc. Common Stock ($0.001 par value),NASDAQ,Technology,Computer Manufacturing,United States,1535396995.0,False,True,True,Proxy (Market-Cap-Rang 1001-3000),2026-09-29
OMDA,Omada Health Inc.,NASDAQ,Health Care,Medical/Nursing Services,United States,1203520381.0,False,True,True,Proxy (Market-Cap-Rang 1001-3000),2026-09-29
OMER,Omeros Corporation,NASDAQ,Health Care,Biotechnology: Pharmaceutical Preparations,United States,1453557385.0,False,True,True,Proxy (Market-Cap-Rang 1001-3000),2026-09-29
OMEX,Odyssey Marine Exploration Inc.,NASDAQ,Consumer Discretionary,Marine Transportation,United States,41289392.0,False,True,False,Proxy (Market-Cap-Rang 1001-3000),2026-09-29
OMH,Ohmyhome Limited Class A,NASDAQ,Finance,Real Estate,Singapore,3968419.0,False,True,False,Proxy (Market-Cap-Rang 1001-3000),2026-09-29
OMSE,OMS Energy Technologies Inc.,NASDAQ,Consumer Discretionary,Oil and Gas Field Machinery,Singapore,185076349.0,False,True,False,Proxy (Market-Cap-Rang 1001-3000),2026-09-29
ON,ON Semiconductor Corporation,NASDAQ,Technology,Semiconductors,United States,30055396924.0,True,True,False,Proxy (Market-Cap-Rang 1001-3000),2026-09-29
ONB,Old National Bancorp,NASDAQ,Finance,Major Banks,United States,9751709300.0,False,True,False,Proxy (Market-Cap-Rang 1001-3000),2026-09-29
ONC,BeOne Medicines Ltd. American Depositary Shares,NASDAQ,Health Care,Biotechnology: Pharmaceutical Preparations,Cayman Islands,41029322315.0,False,True,False,Proxy (Market-Cap-Rang 1001-3000),2026-09-29
ONCH,1RT Acquisition Corp. Class A Ordinary Share,NASDAQ,Unknown,Unknown,United States,0.0,False,True,False,Proxy (Market-Cap-Rang 1001-3000),2026-09-29
ONCO,Onconetix Inc.,NASDAQ,Health Care,Biotechnology: Pharmaceutical Preparations,United States,4511938.0,False,True,False,Proxy (Market-Cap-Rang 1001-3000),2026-09-29
ONCY,Oncolytics Biotech Inc.,NASDAQ,Health Care,Biotechnology: Pharmaceutical Preparations,Canada,87127928.0,False,True,False,Proxy (Market-Cap-Rang 1001-3000),2026-09-29
ONDS,Ondas Inc.,NASDAQ,Technology,Radio And Television Broadcasting And Communications Equipment,United States,4448792620.0,False,True,True,Proxy (Market-Cap-Rang 1001-3000),2026-09-29
ONEG,OneConstruction Group Limited,NASDAQ,Consumer Discretionary,Homebuilding,Hong Kong,16320000.0,False,True,False,Proxy (Market-Cap-Rang 1001-3000),2026-09-29
ONEN,ONE Nuclear Energy Inc. Common Stock  ,NASDAQ,Unknown,Unknown,United States,,False,True,False,Proxy (Market-Cap-Rang 1001-3000),2026-09-29
ONEW,OneWater Marine Inc.,NASDAQ,Consumer Discretionary,Auto & Home Supply Stores,United States,165156284.0,False,True,True,Proxy (Market-Cap-Rang 1001-3000),2026-09-29
ONFO,Onfolio Holdings Inc.,NASDAQ,Technology,EDP Services,United States,2274316.0,False,True,False,Proxy (Market-Cap-Rang 1001-3000),2026-09-29
ONIT,Onity Group Inc.,NYSE,Finance,Finance: Consumer Services,United States,256901490.0,False,False,True,Proxy (Market-Cap-Rang 1001-3000),2026-09-29
ONMD,OneMedNet Corp,NASDAQ,Health Care,Biotechnology: Commercial Physical & Biological Resarch,United Kingdom,38536193.0,False,True,False,Proxy (Market-Cap-Rang 1001-3000),2026-09-29
ONT,Onterris Inc.,NYSE,Consumer Discretionary,Professional Services,United States,491643936.0,False,False,True,Proxy (Market-Cap-Rang 1001-3000),2026-09-29
OOMA,Ooma Inc.,NYSE,Technology,EDP Services,United States,600852000.0,False,False,True,Proxy (Market-Cap-Rang 1001-3000),2026-09-29
OPAD,Offerpad Solutions Inc.,NASDAQ,Finance,Real Estate,United States,16238037.0,False,True,False,Proxy (Market-Cap-Rang 1001-3000),2026-09-29
OPAL,OPAL Fuels Inc.,NASDAQ,Utilities,Natural Gas Distribution,United States,323176500.0,False,True,True,Proxy (Market-Cap-Rang 1001-3000),2026-09-29
OPBK,OP Bancorp,NASDAQ,Finance,Major Banks,United States,226677096.0,False,True,True,Proxy (Market-Cap-Rang 1001-3000),2026-09-29
OPCH,Option Care Health Inc.,NASDAQ,Health Care,Medical/Nursing Services,United States,3455545556.0,False,True,True,Proxy (Market-Cap-Rang 1001-3000),2026-09-29
OPEN,Opendoor Technologies Inc,NASDAQ,Finance,Real Estate,United States,2495703999.0,False,True,True,Proxy (Market-Cap-Rang 1001-3000),2026-09-29
OPFI,OppFi Inc.,NYSE,Finance,Finance: Consumer Services,United States,535107791.0,False,False,True,Proxy (Market-Cap-Rang 1001-3000),2026-09-29
OPI,Office Properties Income Trust Common shares of beneficial interest,NASDAQ,Finance,Real Estate,United States,364429378.0,False,True,True,Proxy (Market-Cap-Rang 1001-3000),2026-09-29
OPK,OPKO Health Inc.,NASDAQ,Health Care,Biotechnology: Pharmaceutical Preparations,United States,1223978289.0,False,True,True,Proxy (Market-Cap-Rang 1001-3000),2026-09-29
OPLN,OPENLANE Inc.,NYSE,Consumer Discretionary,Retail-Auto Dealers and Gas Stations,United States,4250472699.0,False,False,True,Proxy (Market-Cap-Rang 1001-3000),2026-09-29
OPRA,Opera Limited American Depositary Shares,NASDAQ,Technology,Computer Software: Prepackaged Software,Norway,1586391054.0,False,True,False,Proxy (Market-Cap-Rang 1001-3000),2026-09-29
OPRT,Oportun Financial Corporation,NASDAQ,Finance,Finance: Consumer Services,United States,393191013.0,False,True,True,Proxy (Market-Cap-Rang 1001-3000),2026-09-29
OPRX,OptimizeRx Corporation,NASDAQ,Consumer Discretionary,Business Services,United States,151441046.0,False,True,False,Proxy (Market-Cap-Rang 1001-3000),2026-09-29
OPTH,Optimi Health Corp. Common Shares,NASDAQ,Health Care,Biotechnology: Pharmaceutical Preparations,Canada,27598679.0,False,True,False,Proxy (Market-Cap-Rang 1001-3000),2026-09-29
OPTU,Optimum Communications Inc. Class A common stock,NYSE,Telecommunications,Cable & Other Pay Television Services,United States,460140704.0,False,False,True,Proxy (Market-Cap-Rang 1001-3000),2026-09-29
OPTX,Syntec Optics Holdings Inc.,NASDAQ,Technology,Electronic Components,United States,298071097.0,False,True,True,Proxy (Market-Cap-Rang 1001-3000),2026-09-29
OPXS,Optex Systems Holdings Inc.,NASDAQ,Technology,Electronic Components,United States,72521877.0,False,True,False,Proxy (Market-Cap-Rang 1001-3000),2026-09-29
OPY,Oppenheimer Holdings Inc. Class A Common Stock (DE),NYSE,Finance,Investment Bankers/Brokers/Service,United States,1282604839.0,False,False,True,Proxy (Market-Cap-Rang 1001-3000),2026-09-29
ORBS,Eightco Holdings Inc.,NASDAQ,Finance,Finance Companies,United States,489946236.0,False,True,True,Proxy (Market-Cap-Rang 1001-3000),2026-09-29
ORC,Orchid Island Capital Inc.,NYSE,Real Estate,Real Estate Investment Trusts,United States,1139735631.0,False,False,True,Proxy (Market-Cap-Rang 1001-3000),2026-09-29
ORCL,Oracle Corporation,NYSE,Technology,Computer Software: Prepackaged Software,United States,414554205600.0,True,False,False,Proxy (Market-Cap-Rang 1001-3000),2026-09-29
ORGO,Organogenesis Holdings Inc.,NASDAQ,Health Care,Biotechnology: Pharmaceutical Preparations,United States,181431113.0,False,True,True,Proxy (Market-Cap-Rang 1001-3000),2026-09-29
ORIC,Oric Pharmaceuticals Inc.,NASDAQ,Health Care,Biotechnology: Pharmaceutical Preparations,United States,1364068953.0,False,True,True,Proxy (Market-Cap-Rang 1001-3000),2026-09-29
ORIO,Orion Digital Corp. Common Shares,NASDAQ,Finance,Finance: Consumer Services,Canada,24256620.0,False,True,False,Proxy (Market-Cap-Rang 1001-3000),2026-09-29
ORIQ,Origin Investment Corp I,NASDAQ,Unknown,Unknown,Singapore,0.0,False,True,False,Proxy (Market-Cap-Rang 1001-3000),2026-09-29
ORKA,Oruka Therapeutics Inc.,NASDAQ,Health Care,Biotechnology: In Vitro & In Vivo Diagnostic Substances,United States,5592071178.0,False,True,False,Proxy (Market-Cap-Rang 1001-3000),2026-09-29
ORKT,Orangekloud Technology Inc. Class A,NASDAQ,Technology,Computer Software: Prepackaged Software,Singapore,5898168.0,False,True,False,Proxy (Market-Cap-Rang 1001-3000),2026-09-29
ORLY,O'Reilly Automotive Inc.,NASDAQ,Consumer Discretionary,Auto & Home Supply Stores,United States,69663658603.0,True,True,False,Proxy (Market-Cap-Rang 1001-3000),2026-09-29
ORMP,Oramed Pharmaceuticals Inc.,NASDAQ,Health Care,Biotechnology: Pharmaceutical Preparations,Israel,196755484.0,False,True,False,Proxy (Market-Cap-Rang 1001-3000),2026-09-29
ORN,Orion Group Holdings Inc. Common,NYSE,Industrials,Military/Government/Technical,United States,347449588.0,False,False,True,Proxy (Market-Cap-Rang 1001-3000),2026-09-29
ORRF,Orrstown Financial Services Inc.,NASDAQ,Finance,Major Banks,United States,821600278.0,False,True,True,Proxy (Market-Cap-Rang 1001-3000),2026-09-29
OSBC,Old Second Bancorp Inc.,NASDAQ,Finance,Major Banks,United States,1269349114.0,False,True,True,Proxy (Market-Cap-Rang 1001-3000),2026-09-29
OSG,Octave Specialty Group Inc.,NYSE,Finance,Property-Casualty Insurers,United States,188765726.0,False,False,True,Proxy (Market-Cap-Rang 1001-3000),2026-09-29
OSIS,OSI Systems Inc. Common Stock (DE),NASDAQ,Technology,Semiconductors,United States,3144393768.0,False,True,True,Proxy (Market-Cap-Rang 1001-3000),2026-09-29
OSPN,OneSpan Inc.,NASDAQ,Technology,EDP Services,United States,656337201.0,False,True,True,Proxy (Market-Cap-Rang 1001-3000),2026-09-29
OSS,One Stop Systems Inc.,NASDAQ,Technology,Computer Manufacturing,United States,231444406.0,False,True,True,Proxy (Market-Cap-Rang 1001-3000),2026-09-29
OSUR,OraSure Technologies Inc.,NASDAQ,Health Care,Medical/Dental Instruments,United States,271046704.0,False,True,True,Proxy (Market-Cap-Rang 1001-3000),2026-09-29
OSW,OneSpaWorld Holdings Limited Common Shares,NASDAQ,Consumer Discretionary,Hotels/Resorts,Bahamas,2326350479.0,False,True,False,Proxy (Market-Cap-Rang 1001-3000),2026-09-29
OTEX,Open Text Corporation Common Shares,NASDAQ,Technology,EDP Services,Canada,5641068510.0,False,True,False,Proxy (Market-Cap-Rang 1001-3000),2026-09-29
OTF,Blue Owl Technology Finance Corp.,NYSE,Unknown,Unknown,United States,4723891361.0,False,False,True,Proxy (Market-Cap-Rang 1001-3000),2026-09-29
OTIS,Otis Worldwide Corporation Common Stock ,NYSE,Technology,Consumer Electronics/Appliances,United States,25101336214.0,True,False,False,Proxy (Market-Cap-Rang 1001-3000),2026-09-29
OTLK,Outlook Therapeutics Inc.,NASDAQ,Health Care,Biotechnology: Biological Products (No Diagnostic Substances),United States,155684711.0,False,True,True,Proxy (Market-Cap-Rang 1001-3000),2026-09-29
OTLY,Oatly Group AB American Depositary Shares,NASDAQ,Consumer Staples,Packaged Foods,Sweden,377841135.0,False,True,False,Proxy (Market-Cap-Rang 1001-3000),2026-09-29
OTTR,Otter Tail Corporation,NASDAQ,Utilities,Electric Utilities: Central,United States,3750991717.0,False,True,True,Proxy (Market-Cap-Rang 1001-3000),2026-09-29
OUST,Ouster Inc.,NASDAQ,Industrials,Industrial Machinery/Components,United States,3152751199.0,False,True,True,Proxy (Market-Cap-Rang 1001-3000),2026-09-29
OUT,OUTFRONT Media Inc.,NYSE,Real Estate,Real Estate Investment Trusts,United States,4870139690.0,False,False,True,Proxy (Market-Cap-Rang 1001-3000),2026-09-29
OVBC,Ohio Valley Banc Corp.,NASDAQ,Finance,Major Banks,United States,207990694.0,False,True,True,Proxy (Market-Cap-Rang 1001-3000),2026-09-29
OVID,Ovid Therapeutics Inc.,NASDAQ,Health Care,Biotechnology: Pharmaceutical Preparations,United States,468714857.0,False,True,True,Proxy (Market-Cap-Rang 1001-3000),2026-09-29
OVLY,Oak Valley Bancorp (CA),NASDAQ,Finance,Major Banks,United States,287462232.0,False,True,True,Proxy (Market-Cap-Rang 1001-3000),2026-09-29
OWLS,OBOOK Holdings Inc. Class A Common Shares,NASDAQ,Technology,Computer Software: Prepackaged Software,Taiwan,208796269.0,False,True,False,Proxy (Market-Cap-Rang 1001-3000),2026-09-29
OXBR,Oxbridge Re Holdings Limited,NASDAQ,Finance,Property-Casualty Insurers,Cayman Islands,11882322.0,False,True,False,Proxy (Market-Cap-Rang 1001-3000),2026-09-29
OXLC,Oxford Lane Capital Corp.,NASDAQ,Finance,Investment Managers,United States,1551984000.0,False,True,True,Proxy (Market-Cap-Rang 1001-3000),2026-09-29
OXM,Oxford Industries Inc.,NYSE,Industrials,Garments and Clothing,United States,388686210.0,False,False,True,Proxy (Market-Cap-Rang 1001-3000),2026-09-29
OXY,Occidental Petroleum Corporation,NYSE,Energy,Oil & Gas Production,United States,56839380915.0,True,False,False,Proxy (Market-Cap-Rang 1001-3000),2026-09-29
OZK,Bank OZK,NASDAQ,Finance,Major Banks,United States,5304953229.0,False,True,True,Proxy (Market-Cap-Rang 1001-3000),2026-09-29
P,Everpure Inc. Class A common stock,NYSE,Technology,Electronic Components,United States,41986633626.0,True,False,False,Proxy (Market-Cap-Rang 1001-3000),2026-09-29
PAAC,Proem Acquisition Corp I,NASDAQ,Finance,Investment Managers,United States,145682690.0,False,True,False,Proxy (Market-Cap-Rang 1001-3000),2026-09-29
PACB,Pacific Biosciences of California Inc.,NASDAQ,Industrials,Biotechnology: Laboratory Analytical Instruments,United States,503545830.0,False,True,True,Proxy (Market-Cap-Rang 1001-3000),2026-09-29
PACH,Pioneer Acquisition I Corp Class A,NASDAQ,Unknown,Unknown,United States,0.0,False,True,False,Proxy (Market-Cap-Rang 1001-3000),2026-09-29
PACK,Ranpak Holdings Corp,NYSE,Consumer Discretionary,Containers/Packaging,United States,376478889.0,False,False,True,Proxy (Market-Cap-Rang 1001-3000),2026-09-29
PAHC,Phibro Animal Health Corporation,NASDAQ,Health Care,Biotechnology: Pharmaceutical Preparations,United States,1398725223.0,False,True,True,Proxy (Market-Cap-Rang 1001-3000),2026-09-29
PAL,Proficient Auto Logistics Inc.,NASDAQ,Consumer Discretionary,Transportation Services,United States,103234757.0,False,True,False,Proxy (Market-Cap-Rang 1001-3000),2026-09-29
PALI,Palisade Bio Inc.,NASDAQ,Health Care,Biotechnology: Biological Products (No Diagnostic Substances),United States,252692309.0,False,True,True,Proxy (Market-Cap-Rang 1001-3000),2026-09-29
PAMT,PAMT CORP,NASDAQ,Industrials,Trucking Freight/Courier Services,United States,246071520.0,False,True,True,Proxy (Market-Cap-Rang 1001-3000),2026-09-29
PANL,Pangaea Logistics Solutions Ltd. Common Shares,NASDAQ,Consumer Discretionary,Marine Transportation,United States,524444914.0,False,True,True,Proxy (Market-Cap-Rang 1001-3000),2026-09-29
PANW,Palo Alto Networks Inc.,NASDAQ,Technology,Computer peripheral equipment,United States,306537320000.0,True,True,False,Proxy (Market-Cap-Rang 1001-3000),2026-09-29
PAR,PAR Technology Corporation,NYSE,Miscellaneous,Office Equipment/Supplies/Services,United States,581559674.0,False,False,True,Proxy (Market-Cap-Rang 1001-3000),2026-09-29
PARA,Banzai International Inc.,NASDAQ,Industrials,Broadcasting,United States,,False,True,False,Proxy (Market-Cap-Rang 1001-3000),2026-09-29
PARK,Park Dental Partners Inc.,NASDAQ,Health Care,Misc Health and Biotechnology Services,United States,94677665.0,False,True,False,Proxy (Market-Cap-Rang 1001-3000),2026-09-29
PARR,Par Pacific Holdings Inc.,NYSE,Energy,Oil & Gas Production,United States,3880717107.0,False,False,True,Proxy (Market-Cap-Rang 1001-3000),2026-09-29
PASG,Passage Bio Inc.,NASDAQ,Health Care,Biotechnology: Biological Products (No Diagnostic Substances),United States,15445488.0,False,True,False,Proxy (Market-Cap-Rang 1001-3000),2026-09-29
PASW,Ping An Biomedical Co. Ltd. Class A,NASDAQ,Consumer Discretionary,Apparel,Hong Kong,15817850.0,False,True,False,Proxy (Market-Cap-Rang 1001-3000),2026-09-29
PATK,Patrick Industries Inc.,NASDAQ,Consumer Discretionary,Auto Parts:O.E.M.,United States,2199779901.0,False,True,True,Proxy (Market-Cap-Rang 1001-3000),2026-09-29
PAVM,PAVmed Inc.,NASDAQ,Health Care,Medical/Dental Instruments,United States,30744305.0,False,True,False,Proxy (Market-Cap-Rang 1001-3000),2026-09-29
PAVS,Paranovus Entertainment Technology Ltd. Class A,NASDAQ,Technology,EDP Services,China,3852496.0,False,True,False,Proxy (Market-Cap-Rang 1001-3000),2026-09-29
PAX,Patria Investments Limited Class A Common Shares,NASDAQ,Finance,Investment Managers,Cayman Islands,1661816023.0,False,True,False,Proxy (Market-Cap-Rang 1001-3000),2026-09-29
PAY,Paymentus Holdings Inc.,NYSE,Consumer Discretionary,Business Services,United States,3799599150.0,False,False,True,Proxy (Market-Cap-Rang 1001-3000),2026-09-29
PAYO,Payoneer Global Inc.,NASDAQ,Consumer Discretionary,Business Services,United States,2429560494.0,False,True,True,Proxy (Market-Cap-Rang 1001-3000),2026-09-29
PAYP,PayPay Corporation American Depository Shares,NASDAQ,Consumer Discretionary,Business Services,Japan,11179633159.0,False,True,False,Proxy (Market-Cap-Rang 1001-3000),2026-09-29
PAYS,Paysign Inc.,NASDAQ,Technology,EDP Services,United States,715375517.0,False,True,True,Proxy (Market-Cap-Rang 1001-3000),2026-09-29
PAYX,Paychex Inc.,NASDAQ,Industrials,Diversified Commercial Services,United States,36085740548.0,True,True,False,Proxy (Market-Cap-Rang 1001-3000),2026-09-29
PBAM,Private Bancorp of America Inc.,NASDAQ,Finance,Major Banks,United States,494194215.0,False,True,True,Proxy (Market-Cap-Rang 1001-3000),2026-09-29
PBFS,Pioneer Bancorp Inc.,NASDAQ,Finance,Banks,United States,438952185.0,False,True,True,Proxy (Market-Cap-Rang 1001-3000),2026-09-29
PBH,Prestige Consumer Healthcare Inc.,NYSE,Health Care,Biotechnology: Pharmaceutical Preparations,United States,2208126470.0,False,False,True,Proxy (Market-Cap-Rang 1001-3000),2026-09-29
PBHC,Pathfinder Bancorp Inc. Common Stock (MD),NASDAQ,Finance,Major Banks,United States,84986546.0,False,True,False,Proxy (Market-Cap-Rang 1001-3000),2026-09-29
PBI,Pitney Bowes Inc.,NYSE,Miscellaneous,Office Equipment/Supplies/Services,United States,2245537673.0,False,False,True,Proxy (Market-Cap-Rang 1001-3000),2026-09-29
PBK,PowerBank Corporation,NASDAQ,Utilities,Power Generation,Canada,12349635.0,False,True,False,Proxy (Market-Cap-Rang 1001-3000),2026-09-29
PBLS,Parabilis Medicines Inc.,NASDAQ,Health Care,Biotechnology: Pharmaceutical Preparations,United States,3804903336.0,False,True,True,Proxy (Market-Cap-Rang 1001-3000),2026-09-29
PBM,Psyence Biomedical Ltd. Common Shares,NASDAQ,Health Care,Biotechnology: Pharmaceutical Preparations,Canada,21207664.0,False,True,False,Proxy (Market-Cap-Rang 1001-3000),2026-09-29
PBT,Permian Basin Royalty Trust,NYSE,Energy,Oil & Gas Production,United States,1562792930.0,False,False,True,Proxy (Market-Cap-Rang 1001-3000),2026-09-29
PBYI,Puma Biotechnology Inc,NASDAQ,Health Care,Biotechnology: Pharmaceutical Preparations,United States,504328045.0,False,True,True,Proxy (Market-Cap-Rang 1001-3000),2026-09-29
PCAR,PACCAR Inc.,NASDAQ,Industrials,Auto Manufacturing,United States,58589682918.0,True,True,False,Proxy (Market-Cap-Rang 1001-3000),2026-09-29
PCB,PCB Bancorp,NASDAQ,Finance,Major Banks,United States,389175921.0,False,True,True,Proxy (Market-Cap-Rang 1001-3000),2026-09-29
PCG,Pacific Gas & Electric Co.,NYSE,Utilities,Power Generation,United States,33072563521.0,True,False,False,Proxy (Market-Cap-Rang 1001-3000),2026-09-29
PCLA,PicoCELA Inc. American Depositary Shares,NASDAQ,Consumer Discretionary,Building Products,Japan,71815123.0,False,True,False,Proxy (Market-Cap-Rang 1001-3000),2026-09-29
PCRX,Pacira BioSciences Inc.,NASDAQ,Health Care,Biotechnology: Pharmaceutical Preparations,United States,1001330576.0,False,True,True,Proxy (Market-Cap-Rang 1001-3000),2026-09-29
PCSA,Processa Pharmaceuticals Inc.,NASDAQ,Health Care,Biotechnology: Pharmaceutical Preparations,United States,5139830.0,False,True,False,Proxy (Market-Cap-Rang 1001-3000),2026-09-29
PCT,PureCycle Technologies Inc. Common stock,NASDAQ,Industrials,Major Chemicals,United States,1008542146.0,False,True,True,Proxy (Market-Cap-Rang 1001-3000),2026-09-29
PCTY,Paylocity Holding Corporation,NASDAQ,Technology,Computer Software: Prepackaged Software,United States,7605715646.0,False,True,False,Proxy (Market-Cap-Rang 1001-3000),2026-09-29
PCVX,Vaxcyte Inc.,NASDAQ,Health Care,Biotechnology: Biological Products (No Diagnostic Substances),United States,8364344676.0,False,True,False,Proxy (Market-Cap-Rang 1001-3000),2026-09-29
PCYO,Pure Cycle Corporation,NASDAQ,Utilities,Water Supply,United States,261938412.0,False,True,True,Proxy (Market-Cap-Rang 1001-3000),2026-09-29
PD,PagerDuty Inc.,NYSE,Technology,Computer Software: Prepackaged Software,United States,1130985174.0,False,False,True,Proxy (Market-Cap-Rang 1001-3000),2026-09-29
PDC,Perpetuals.com Ltd American Depositary Shares,NASDAQ,Technology,EDP Services,Japan,26614373.0,False,True,False,Proxy (Market-Cap-Rang 1001-3000),2026-09-29
PDD,PDD Holdings Inc. American Depositary Shares,NASDAQ,Consumer Discretionary,Business Services,China,110412863557.0,False,True,False,Proxy (Market-Cap-Rang 1001-3000),2026-09-29
PDEX,Pro-Dex Inc.,NASDAQ,Health Care,Medical/Dental Instruments,United States,229903281.0,False,True,True,Proxy (Market-Cap-Rang 1001-3000),2026-09-29
PDFS,PDF Solutions Inc.,NASDAQ,Technology,Computer Software: Prepackaged Software,United States,2092358553.0,False,True,True,Proxy (Market-Cap-Rang 1001-3000),2026-09-29
PDI,PIMCO Dynamic Income Fund,NYSE,Finance,Trusts Except Educational Religious and Charitable,United States,3403260000.0,False,False,True,Proxy (Market-Cap-Rang 1001-3000),2026-09-29
PDLB,Ponce Financial Group Inc.,NASDAQ,Finance,Savings Institutions,United States,491981906.0,False,True,True,Proxy (Market-Cap-Rang 1001-3000),2026-09-29
PDM,Piedmont Realty Trust Inc.,NYSE,Real Estate,Building operators,United States,1147468005.0,False,False,True,Proxy (Market-Cap-Rang 1001-3000),2026-09-29
PDO,PIMCO Dynamic Income Opportunities Fund Common Shares of Beneficial Interest,NYSE,Finance,Trusts Except Educational Religious and Charitable,United States,1751776945.0,False,False,True,Proxy (Market-Cap-Rang 1001-3000),2026-09-29
PDSB,PDS Biotechnology Corporation,NASDAQ,Health Care,Biotechnology: Pharmaceutical Preparations,United States,57769191.0,False,True,False,Proxy (Market-Cap-Rang 1001-3000),2026-09-29
PDYN,Palladyne AI Corp.,NASDAQ,Technology,Computer Software: Prepackaged Software,United States,265934569.0,False,True,True,Proxy (Market-Cap-Rang 1001-3000),2026-09-29
PEB,Pebblebrook Hotel Trust Common Shares of Beneficial Interest,NYSE,Real Estate,Real Estate Investment Trusts,United States,2078562829.0,False,False,True,Proxy (Market-Cap-Rang 1001-3000),2026-09-29
PEBK,Peoples Bancorp of North Carolina Inc.,NASDAQ,Finance,Major Banks,United States,236154828.0,False,True,True,Proxy (Market-Cap-Rang 1001-3000),2026-09-29
PEBO,Peoples Bancorp Inc.,NASDAQ,Finance,Major Banks,United States,1409657594.0,False,True,True,Proxy (Market-Cap-Rang 1001-3000),2026-09-29
PECO,Phillips Edison & Company Inc.,NASDAQ,Real Estate,Real Estate Investment Trusts,United States,4812093000.0,False,True,True,Proxy (Market-Cap-Rang 1001-3000),2026-09-29
PED,Pedevco Corp.,AMEX,Energy,Oil & Gas Production,United States,174258290.0,False,False,True,Proxy (Market-Cap-Rang 1001-3000),2026-09-29
PEG,Public Service Enterprise Group Incorporated,NYSE,Utilities,Power Generation,United States,33404110411.0,True,False,False,Proxy (Market-Cap-Rang 1001-3000),2026-09-29
PEGA,Pegasystems Inc.,NASDAQ,Technology,EDP Services,United States,5547844869.0,False,True,False,Proxy (Market-Cap-Rang 1001-3000),2026-09-29
PENG,Penguin Solutions Inc.,NASDAQ,Technology,Semiconductors,United States,2880864538.0,False,True,True,Proxy (Market-Cap-Rang 1001-3000),2026-09-29
PENN,PENN Entertainment Inc.,NASDAQ,Consumer Discretionary,Hotels/Resorts,United States,2098142149.0,False,True,True,Proxy (Market-Cap-Rang 1001-3000),2026-09-29
PEP,PepsiCo Inc.,NASDAQ,Consumer Staples,Beverages (Production/Distribution),United States,175566001106.0,True,True,False,Proxy (Market-Cap-Rang 1001-3000),2026-09-29
PEPG,PepGen Inc.,NASDAQ,Health Care,Biotechnology: Pharmaceutical Preparations,United States,179382149.0,False,True,True,Proxy (Market-Cap-Rang 1001-3000),2026-09-29
PERI,Perion Network Ltd.,NASDAQ,Technology,EDP Services,Israel,337847440.0,False,True,False,Proxy (Market-Cap-Rang 1001-3000),2026-09-29
PESI,Perma-Fix Environmental Services Inc.,NASDAQ,Industrials,Environmental Services,United States,332067193.0,False,True,True,Proxy (Market-Cap-Rang 1001-3000),2026-09-29
PETS,PetMed Express Inc.,NASDAQ,Consumer Staples,Retail-Drug Stores and Proprietary Stores,United States,33168738.0,False,True,False,Proxy (Market-Cap-Rang 1001-3000),2026-09-29
PETZ,TDH Holdings Inc. Common Shares,NASDAQ,Finance,Real Estate,China,13936412.0,False,True,False,Proxy (Market-Cap-Rang 1001-3000),2026-09-29
PFAI,Pinnacle Food Group Limited Class A Common Shares,NASDAQ,Consumer Staples,Farming/Seeds/Milling,Canada,35092374.0,False,True,False,Proxy (Market-Cap-Rang 1001-3000),2026-09-29
PFE,Pfizer Inc.,NYSE,Health Care,Biotechnology: Pharmaceutical Preparations,United States,163409641797.0,True,False,False,Proxy (Market-Cap-Rang 1001-3000),2026-09-29
PFG,Principal Financial Group Inc,NASDAQ,Finance,Accident &Health Insurance,United States,24572789648.0,True,True,False,Proxy (Market-Cap-Rang 1001-3000),2026-09-29
PFIS,Peoples Financial Services Corp.,NASDAQ,Finance,Major Banks,United States,698723617.0,False,True,True,Proxy (Market-Cap-Rang 1001-3000),2026-09-29
PFLT,PennantPark Floating Rate Capital Ltd.,NYSE,Finance,Finance: Consumer Services,United States,693533093.0,False,False,True,Proxy (Market-Cap-Rang 1001-3000),2026-09-29
PFS,Provident Financial Services Inc,NYSE,Finance,Savings Institutions,United States,2978852595.0,False,False,True,Proxy (Market-Cap-Rang 1001-3000),2026-09-29
PFSA,Profusa Inc.,NASDAQ,Health Care,Medical/Dental Instruments,United States,1320310.0,False,True,False,Proxy (Market-Cap-Rang 1001-3000),2026-09-29
PFSI,PennyMac Financial Services Inc.,NYSE,Finance,Finance: Consumer Services,United States,3400749903.0,False,False,True,Proxy (Market-Cap-Rang 1001-3000),2026-09-29
PFX,PhenixFIN Corporation,NASDAQ,Finance,Finance: Consumer Services,United States,88046736.0,False,True,False,Proxy (Market-Cap-Rang 1001-3000),2026-09-29
PG,Procter & Gamble Company (The),NYSE,Consumer Discretionary,Package Goods/Cosmetics,United States,339901846364.0,True,False,False,Proxy (Market-Cap-Rang 1001-3000),2026-09-29
PGAC,Pantages Capital Acquisition Corporation Class A,NASDAQ,Unknown,Unknown,United States,0.0,False,True,False,Proxy (Market-Cap-Rang 1001-3000),2026-09-29
PGC,Peapack-Gladstone Financial Corporation,NASDAQ,Finance,Commercial Banks,United States,798289679.0,False,True,True,Proxy (Market-Cap-Rang 1001-3000),2026-09-29
PGEN,Precigen Inc.,NASDAQ,Health Care,Biotechnology: Pharmaceutical Preparations,United States,2774773164.0,False,True,True,Proxy (Market-Cap-Rang 1001-3000),2026-09-29
PGNY,Progyny Inc.,NASDAQ,Health Care,Misc Health and Biotechnology Services,United States,1951929741.0,False,True,True,Proxy (Market-Cap-Rang 1001-3000),2026-09-29
PGR,Progressive Corporation (The),NYSE,Finance,Property-Casualty Insurers,United States,119471898735.0,True,False,False,Proxy (Market-Cap-Rang 1001-3000),2026-09-29
PGY,Pagaya Technologies Ltd. Class A,NASDAQ,Finance,Finance: Consumer Services,United States,1469963354.0,False,True,True,Proxy (Market-Cap-Rang 1001-3000),2026-09-29
PH,Parker-Hannifin Corporation,NYSE,Industrials,Metal Fabrications,United States,123379558967.0,True,False,False,Proxy (Market-Cap-Rang 1001-3000),2026-09-29
PHAR,Pharming Group N.V. ADS each representing 10 ordinary shares,NASDAQ,Health Care,Biotechnology: Pharmaceutical Preparations,Netherlands,738739906.0,False,True,False,Proxy (Market-Cap-Rang 1001-3000),2026-09-29
PHAT,Phathom Pharmaceuticals Inc.,NASDAQ,Health Care,Biotechnology: Pharmaceutical Preparations,United States,590576818.0,False,True,True,Proxy (Market-Cap-Rang 1001-3000),2026-09-29
PHIN,PHINIA Inc.,NYSE,Consumer Discretionary,Auto Parts:O.E.M.,United States,2273026980.0,False,False,True,Proxy (Market-Cap-Rang 1001-3000),2026-09-29
PHIO,Phio Pharmaceuticals Corp.,NASDAQ,Health Care,Biotechnology: Pharmaceutical Preparations,United States,11733423.0,False,True,False,Proxy (Market-Cap-Rang 1001-3000),2026-09-29
PHM,PulteGroup Inc.,NYSE,Consumer Discretionary,Homebuilding,United States,22466186919.0,True,False,False,Proxy (Market-Cap-Rang 1001-3000),2026-09-29
PHOE,Phoenix Asia Holdings Limited,NASDAQ,Consumer Discretionary,Engineering & Construction,Hong Kong,431784000.0,False,True,False,Proxy (Market-Cap-Rang 1001-3000),2026-09-29
PHOS,First Phosphate Corp. American Depositary Shares,NASDAQ,Industrials,Mining & Quarrying of Nonmetallic Minerals (No Fuels),Canada,305468416.0,False,True,False,Proxy (Market-Cap-Rang 1001-3000),2026-09-29
PHR,Phreesia Inc.,NYSE,Consumer Discretionary,Business Services,United States,630020082.0,False,False,True,Proxy (Market-Cap-Rang 1001-3000),2026-09-29
PHUN,Phunware Inc.,NASDAQ,Technology,EDP Services,Greece,40311470.0,False,True,False,Proxy (Market-Cap-Rang 1001-3000),2026-09-29
PHVS,Pharvaris N.V.,NASDAQ,Health Care,Biotechnology: Pharmaceutical Preparations,Netherlands,2230719825.0,False,True,False,Proxy (Market-Cap-Rang 1001-3000),2026-09-29
PI,Impinj Inc.,NASDAQ,Technology,Industrial Machinery/Components,United States,5447240750.0,False,True,False,Proxy (Market-Cap-Rang 1001-3000),2026-09-29
PICS,PicS N.V. Class A Common Shares,NASDAQ,Finance,Finance: Consumer Services,Brazil,1126115749.0,False,True,False,Proxy (Market-Cap-Rang 1001-3000),2026-09-29
PII,Polaris Inc.,NYSE,Consumer Discretionary,Industrial Specialties,United States,3017593878.0,False,False,True,Proxy (Market-Cap-Rang 1001-3000),2026-09-29
PIII,P3 Health Partners Inc.,NASDAQ,Health Care,Medical/Nursing Services,United States,51189923.0,False,True,False,Proxy (Market-Cap-Rang 1001-3000),2026-09-29
PINE,Alpine Income Property Trust Inc.,NYSE,Real Estate,Real Estate Investment Trusts,United States,306157397.0,False,False,True,Proxy (Market-Cap-Rang 1001-3000),2026-09-29
PIPR,Piper Sandler Companies,NYSE,Finance,Investment Bankers/Brokers/Service,United States,5112288851.0,False,False,True,Proxy (Market-Cap-Rang 1001-3000),2026-09-29
PK,Park Hotels & Resorts Inc. Common Stock ,NYSE,Consumer Discretionary,Hotels/Resorts,United States,3106650432.0,False,False,True,Proxy (Market-Cap-Rang 1001-3000),2026-09-29
PKBK,Parke Bancorp Inc.,NASDAQ,Finance,Major Banks,United States,397184842.0,False,True,True,Proxy (Market-Cap-Rang 1001-3000),2026-09-29
PKE,Park Aerospace Corp.,NYSE,Industrials,Military/Government/Technical,United States,654928963.0,False,False,True,Proxy (Market-Cap-Rang 1001-3000),2026-09-29
PKG,Packaging Corporation of America,NYSE,Consumer Discretionary,Containers/Packaging,United States,21132334557.0,True,False,False,Proxy (Market-Cap-Rang 1001-3000),2026-09-29
PKOH,Park-Ohio Holdings Corp.,NASDAQ,Industrials,Industrial Specialties,United States,696100080.0,False,True,True,Proxy (Market-Cap-Rang 1001-3000),2026-09-29
PLAB,Photronics Inc.,NASDAQ,Technology,Semiconductors,United States,1793513877.0,False,True,True,Proxy (Market-Cap-Rang 1001-3000),2026-09-29
PLAY,Dave & Buster's Entertainment Inc.,NASDAQ,Consumer Discretionary,Restaurants,United States,230578863.0,False,True,True,Proxy (Market-Cap-Rang 1001-3000),2026-09-29
PLBC,Plumas Bancorp,NASDAQ,Finance,Finance Companies,United States,433477107.0,False,True,True,Proxy (Market-Cap-Rang 1001-3000),2026-09-29
PLBL,Polibeli Group Ltd Class A,NASDAQ,Consumer Discretionary,Consumer Electronics/Appliances,Indonesia,1927198092.0,False,True,False,Proxy (Market-Cap-Rang 1001-3000),2026-09-29
PLBY,Playboy Inc.,NASDAQ,Consumer Discretionary,Other Specialty Stores,United States,123401919.0,False,True,False,Proxy (Market-Cap-Rang 1001-3000),2026-09-29
PLCE,Children's Place Inc. (The),NASDAQ,Consumer Discretionary,Clothing/Shoe/Accessory Stores,United States,48032065.0,False,True,False,Proxy (Market-Cap-Rang 1001-3000),2026-09-29
PLD,Prologis Inc.,NYSE,Real Estate,Real Estate Investment Trusts,United States,126141511800.0,True,False,False,Proxy (Market-Cap-Rang 1001-3000),2026-09-29
PLMK,Plum Acquisition Corp. IV Class A,NASDAQ,Unknown,Unknown,United States,0.0,False,True,False,Proxy (Market-Cap-Rang 1001-3000),2026-09-29
PLMR,Palomar Holdings Inc. Common stock,NASDAQ,Finance,Property-Casualty Insurers,United States,3263129515.0,False,True,True,Proxy (Market-Cap-Rang 1001-3000),2026-09-29
PLNT,Planet Fitness Inc.,NYSE,Consumer Discretionary,Hotels/Resorts,United States,3210260066.0,False,False,True,Proxy (Market-Cap-Rang 1001-3000),2026-09-29
PLOW,Douglas Dynamics Inc.,NYSE,Industrials,Construction/Ag Equipment/Trucks,United States,917081808.0,False,False,True,Proxy (Market-Cap-Rang 1001-3000),2026-09-29
PLPC,Preformed Line Products Company,NASDAQ,Industrials,Water Sewer Pipeline Comm & Power Line Construction,United States,2069533794.0,False,True,True,Proxy (Market-Cap-Rang 1001-3000),2026-09-29
PLRX,Pliant Therapeutics Inc.,NASDAQ,Health Care,Biotechnology: Pharmaceutical Preparations,United States,66875649.0,False,True,False,Proxy (Market-Cap-Rang 1001-3000),2026-09-29
PLRZ,Polyrizon Ltd.,NASDAQ,Health Care,Medical/Dental Instruments,Israel,25882272.0,False,True,False,Proxy (Market-Cap-Rang 1001-3000),2026-09-29
PLSE,Pulse Biosciences Inc Common Stock (DE),NASDAQ,Health Care,Medical/Dental Instruments,United States,3682386199.0,False,True,True,Proxy (Market-Cap-Rang 1001-3000),2026-09-29
PLSM,Pulsenmore Ltd.,NASDAQ,Health Care,Medical/Dental Instruments,Israel,15671854.0,False,True,False,Proxy (Market-Cap-Rang 1001-3000),2026-09-29
PLTK,Playtika Holding Corp.,NASDAQ,Technology,EDP Services,Israel,812420736.0,False,True,False,Proxy (Market-Cap-Rang 1001-3000),2026-09-29
PLTR,Palantir Technologies Inc.,NASDAQ,Technology,Computer Software: Prepackaged Software,United States,455597483552.0,True,True,False,Proxy (Market-Cap-Rang 1001-3000),2026-09-29
PLUG,Plug Power Inc.,NASDAQ,Energy,Industrial Machinery/Components,United States,2766446650.0,False,True,True,Proxy (Market-Cap-Rang 1001-3000),2026-09-29
PLUR,Pluri Inc.,NASDAQ,Health Care,Biotechnology: Biological Products (No Diagnostic Substances),Israel,12468183.0,False,True,False,Proxy (Market-Cap-Rang 1001-3000),2026-09-29
PLUS,ePlus inc.,NASDAQ,Technology,Retail: Computer Software & Peripheral Equipment,United States,2361443733.0,False,True,True,Proxy (Market-Cap-Rang 1001-3000),2026-09-29
PLUT,Plutus Financial Group Limited,NASDAQ,Finance,Investment Bankers/Brokers/Service,Hong Kong,32388500.0,False,True,False,Proxy (Market-Cap-Rang 1001-3000),2026-09-29
PLXS,Plexus Corp.,NASDAQ,Technology,Electrical Products,United States,7011900726.0,False,True,False,Proxy (Market-Cap-Rang 1001-3000),2026-09-29
PLYX,Polaryx Therapeutics Inc.,NASDAQ,Health Care,Biotechnology: Pharmaceutical Preparations,United States,104178125.0,False,True,False,Proxy (Market-Cap-Rang 1001-3000),2026-09-29
PM,Philip Morris International Inc,NYSE,Health Care, Medicinal Chemicals and Botanical Products ,United States,296884687861.0,True,False,False,Proxy (Market-Cap-Rang 1001-3000),2026-09-29
PMA,PMA Graphene Technology Group Inc. Class A,NASDAQ,Consumer Discretionary,Engineering & Construction,Hong Kong,216756750.0,False,True,False,Proxy (Market-Cap-Rang 1001-3000),2026-09-29
PMAX,Powell Max Limited Class A,NASDAQ,Consumer Discretionary,Other Consumer Services,Hong Kong,3178383.0,False,True,False,Proxy (Market-Cap-Rang 1001-3000),2026-09-29
PMCB,PharmaCyte  Biotech Inc.,NASDAQ,Health Care,Biotechnology: Biological Products (No Diagnostic Substances),United States,4734421.0,False,True,False,Proxy (Market-Cap-Rang 1001-3000),2026-09-29
PMEC,Primech Holdings Ltd.,NASDAQ,Consumer Discretionary,Diversified Commercial Services,Singapore,23531017.0,False,True,False,Proxy (Market-Cap-Rang 1001-3000),2026-09-29
PMM,Franklin Managed Municipal Income Trust Shares of Beneficial Interest,NYSE,Finance,Investment Managers,United States,271475166.0,False,False,True,Proxy (Market-Cap-Rang 1001-3000),2026-09-29
PMN,ProMIS Neurosciences Inc. Common Shares (ON),NASDAQ,Health Care,Biotechnology: Pharmaceutical Preparations,Canada,101065900.0,False,True,False,Proxy (Market-Cap-Rang 1001-3000),2026-09-29
PMO,Franklin Municipal Opportunities Trust Shares of Beneficial Interest,NYSE,Finance,Finance Companies,United States,315688757.0,False,False,True,Proxy (Market-Cap-Rang 1001-3000),2026-09-29
PMT,PennyMac Mortgage Investment Trust Common Shares of Beneficial Interest,NYSE,Real Estate,Real Estate Investment Trusts,United States,726395675.0,False,False,True,Proxy (Market-Cap-Rang 1001-3000),2026-09-29
PMTS,CPI Card Group Inc.,NASDAQ,Consumer Discretionary,Publishing,United States,286901555.0,False,True,True,Proxy (Market-Cap-Rang 1001-3000),2026-09-29
PMVP,PMV Pharmaceuticals Inc.,NASDAQ,Health Care,Biotechnology: Pharmaceutical Preparations,United States,100435525.0,False,True,False,Proxy (Market-Cap-Rang 1001-3000),2026-09-29
PN,PN Smart Energy Limited Class A,NASDAQ,Technology,Retail: Computer Software & Peripheral Equipment,China,41753891.0,False,True,False,Proxy (Market-Cap-Rang 1001-3000),2026-09-29
PNBK,Patriot National Bancorp Inc.,NASDAQ,Finance,Major Banks,United States,118742200.0,False,True,False,Proxy (Market-Cap-Rang 1001-3000),2026-09-29
PNC,PNC Financial Services Group Inc. (The),NYSE,Finance,Major Banks,United States,90017649022.0,True,False,False,Proxy (Market-Cap-Rang 1001-3000),2026-09-29
PNNT,PennantPark Investment Corporation,NYSE,Finance,Finance: Consumer Services,United States,216783032.0,False,False,True,Proxy (Market-Cap-Rang 1001-3000),2026-09-29
PNR,Pentair plc. Ordinary Share,NYSE,Industrials,Industrial Machinery/Components,Switzerland,8566172397.0,True,False,False,Proxy (Market-Cap-Rang 1001-3000),2026-09-29
PNRG,PrimeEnergy Resources Corporation,NASDAQ,Energy,Oil & Gas Production,United States,330241142.0,False,True,True,Proxy (Market-Cap-Rang 1001-3000),2026-09-29
PNTG,The Pennant Group Inc. Common Stock ,NASDAQ,Health Care,Medical/Nursing Services,United States,1424058347.0,False,True,True,Proxy (Market-Cap-Rang 1001-3000),2026-09-29
PNW,Pinnacle West Capital Corporation,NYSE,Utilities,Electric Utilities: Central,United States,11118634247.0,True,False,False,Proxy (Market-Cap-Rang 1001-3000),2026-09-29
POCI,Precision Optics Corporation Inc. Common stock,NASDAQ,Health Care,Biotechnology: Electromedical & Electrotherapeutic Apparatus,United States,50674743.0,False,True,False,Proxy (Market-Cap-Rang 1001-3000),2026-09-29
PODC,PodcastOne Inc.,NASDAQ,Technology,Computer Software: Programming Data Processing,United States,66555931.0,False,True,False,Proxy (Market-Cap-Rang 1001-3000),2026-09-29
PODD,Insulet Corporation,NASDAQ,Health Care,Medical/Dental Instruments,United States,9441187110.0,True,True,False,Proxy (Market-Cap-Rang 1001-3000),2026-09-29
POET,POET Technologies Inc. Common Shares,NASDAQ,Technology,Semiconductors,Canada,1344661344.0,False,True,False,Proxy (Market-Cap-Rang 1001-3000),2026-09-29
POLA,Polar Power Inc.,NASDAQ,Miscellaneous,Industrial Machinery/Components,United States,5645208.0,False,True,False,Proxy (Market-Cap-Rang 1001-3000),2026-09-29
POLE,Andretti Acquisition Corp. II Class A,NASDAQ,Unknown,Unknown,United States,0.0,False,True,False,Proxy (Market-Cap-Rang 1001-3000),2026-09-29
POM,POMDOCTOR LIMITED American Depositary Shares,NASDAQ,Consumer Discretionary,Other Specialty Stores,China,7753463.0,False,True,False,Proxy (Market-Cap-Rang 1001-3000),2026-09-29
PONY,Pony AI Inc. American Depositary Shares ,NASDAQ,Technology,EDP Services,China,2987101300.0,False,True,False,Proxy (Market-Cap-Rang 1001-3000),2026-09-29
POOL,Pool Corporation,NASDAQ,Consumer Discretionary,Industrial Specialties,United States,5992952588.0,False,True,False,Proxy (Market-Cap-Rang 1001-3000),2026-09-29
POST,Post Holdings Inc.,NYSE,Consumer Staples,Packaged Foods,United States,3215440286.0,False,False,True,Proxy (Market-Cap-Rang 1001-3000),2026-09-29
POWI,Power Integrations Inc.,NASDAQ,Technology,Semiconductors,United States,2917703622.0,False,True,True,Proxy (Market-Cap-Rang 1001-3000),2026-09-29
POWL,Powell Industries Inc.,NASDAQ,Energy,Electrical Products,United States,6905063855.0,False,True,False,Proxy (Market-Cap-Rang 1001-3000),2026-09-29
POWW,Outdoor Holding Company,NASDAQ,Industrials,Ordnance And Accessories,United States,265779532.0,False,True,True,Proxy (Market-Cap-Rang 1001-3000),2026-09-29
PPBT,Purple Biotech Ltd. American Depositary Shares,NASDAQ,Health Care,Biotechnology: Pharmaceutical Preparations,Israel,2456569.0,False,True,False,Proxy (Market-Cap-Rang 1001-3000),2026-09-29
PPC,Pilgrim's Pride Corporation,NASDAQ,Consumer Staples,Meat/Poultry/Fish,United States,6624179138.0,False,True,False,Proxy (Market-Cap-Rang 1001-3000),2026-09-29
PPCB,Propanc Biopharma Inc.,NASDAQ,Health Care,Biotechnology: Pharmaceutical Preparations,Australia,2208644.0,False,True,False,Proxy (Market-Cap-Rang 1001-3000),2026-09-29
PPG,PPG Industries Inc.,NYSE,Consumer Discretionary,Paints/Coatings,United States,23901696000.0,True,False,False,Proxy (Market-Cap-Rang 1001-3000),2026-09-29
PPHC,Public Policy Holding Company Inc.,NASDAQ,Unknown,Unknown,United States,330641896.0,False,True,True,Proxy (Market-Cap-Rang 1001-3000),2026-09-29
PPIH,Perma-Pipe International Holdings Inc.,NASDAQ,Industrials,Pollution Control Equipment,United States,260114981.0,False,True,True,Proxy (Market-Cap-Rang 1001-3000),2026-09-29
PPL,PPL Corporation,NYSE,Utilities,Electric Utilities: Central,United States,24104011257.0,True,False,False,Proxy (Market-Cap-Rang 1001-3000),2026-09-29
PPLI,People Incorporated,NASDAQ,Technology,Computer Software: Programming Data Processing,United States,2978557000.0,False,True,True,Proxy (Market-Cap-Rang 1001-3000),2026-09-29
PPSI,Pioneer Power Solutions Inc.,NASDAQ,Miscellaneous,Industrial Machinery/Components,United States,36627578.0,False,True,False,Proxy (Market-Cap-Rang 1001-3000),2026-09-29
PPT,Franklin Premier Income Trust Shares of Beneficial Interest,NYSE,Finance,Finance Companies,United States,323466855.0,False,False,True,Proxy (Market-Cap-Rang 1001-3000),2026-09-29
PPTA,Perpetua Resources Corp. Common Shares,NASDAQ,Basic Materials,Precious Metals,Canada,2938500412.0,False,True,False,Proxy (Market-Cap-Rang 1001-3000),2026-09-29
PRAA,PRA Group Inc.,NASDAQ,Finance,Finance Companies,United States,777431324.0,False,True,True,Proxy (Market-Cap-Rang 1001-3000),2026-09-29
PRAX,Praxis Precision Medicines Inc.,NASDAQ,Health Care,Biotechnology: Pharmaceutical Preparations,United States,7839374231.0,False,True,False,Proxy (Market-Cap-Rang 1001-3000),2026-09-29
PRCH,Porch Group Inc.,NASDAQ,Technology,Computer Software: Prepackaged Software,United States,2179183687.0,False,True,True,Proxy (Market-Cap-Rang 1001-3000),2026-09-29
PRCT,PROCEPT BioRobotics Corporation,NASDAQ,Health Care,Medical/Dental Instruments,United States,985106935.0,False,True,True,Proxy (Market-Cap-Rang 1001-3000),2026-09-29
PRDO,Perdoceo Education Corporation,NASDAQ,Real Estate,Other Consumer Services,United States,1907974407.0,False,True,True,Proxy (Market-Cap-Rang 1001-3000),2026-09-29
PRFX,PRF Technologies Ltd.,NASDAQ,Health Care,Biotechnology: Pharmaceutical Preparations,Israel,2970955.0,False,True,False,Proxy (Market-Cap-Rang 1001-3000),2026-09-29
PRG,PROG Holdings Inc.,NYSE,Consumer Discretionary,Diversified Commercial Services,United States,1301697766.0,False,False,True,Proxy (Market-Cap-Rang 1001-3000),2026-09-29
PRGO,Perrigo Company plc,NYSE,Health Care,Biotechnology: Pharmaceutical Preparations,United States,2139821758.0,False,False,True,Proxy (Market-Cap-Rang 1001-3000),2026-09-29
PRGS,Progress Software Corporation Common Stock (DE),NASDAQ,Technology,Computer Software: Prepackaged Software,United States,1613449138.0,False,True,True,Proxy (Market-Cap-Rang 1001-3000),2026-09-29
PRHI,Presurance Holdings Inc.,NASDAQ,Finance,Property-Casualty Insurers,United States,27908385.0,False,True,False,Proxy (Market-Cap-Rang 1001-3000),2026-09-29
PRIM,Primoris Services Corporation,NYSE,Industrials,Water Sewer Pipeline Comm & Power Line Construction,United States,3910918557.0,False,False,True,Proxy (Market-Cap-Rang 1001-3000),2026-09-29
PRK,Park National Corporation,AMEX,Finance,Major Banks,United States,3281896770.0,False,False,True,Proxy (Market-Cap-Rang 1001-3000),2026-09-29
PRKS,United Parks & Resorts Inc.,NYSE,Consumer Discretionary,Services-Misc. Amusement & Recreation,United States,1507598524.0,False,False,True,Proxy (Market-Cap-Rang 1001-3000),2026-09-29
PRLB,Proto Labs Inc. Common stock,NYSE,Industrials,Metal Fabrications,United States,2302482586.0,False,False,True,Proxy (Market-Cap-Rang 1001-3000),2026-09-29
PRLD,Prelude Therapeutics Incorporated,NASDAQ,Health Care,Biotechnology: Pharmaceutical Preparations,United States,309238504.0,False,True,True,Proxy (Market-Cap-Rang 1001-3000),2026-09-29
PRME,Prime Medicine Inc.,NASDAQ,Health Care,Biotechnology: Biological Products (No Diagnostic Substances),United States,525992882.0,False,True,True,Proxy (Market-Cap-Rang 1001-3000),2026-09-29
PROF,Profound Medical Corp.,NASDAQ,Health Care,Medical/Dental Instruments,Canada,210427741.0,False,True,False,Proxy (Market-Cap-Rang 1001-3000),2026-09-29
PROK,ProKidney Corp. Class A,NASDAQ,Health Care,Biotechnology: Biological Products (No Diagnostic Substances),United States,483716248.0,False,True,True,Proxy (Market-Cap-Rang 1001-3000),2026-09-29
PROP,Prairie Operating Co.,NASDAQ,Energy,Oil & Gas Production,United States,48051952.0,False,True,False,Proxy (Market-Cap-Rang 1001-3000),2026-09-29
PROV,Provident Financial Holdings Inc.,NASDAQ,Finance,Savings Institutions,United States,114829506.0,False,True,False,Proxy (Market-Cap-Rang 1001-3000),2026-09-29
PRPL,Purple Innovation Inc.,NASDAQ,Consumer Discretionary,Home Furnishings,United States,10752179.0,False,True,False,Proxy (Market-Cap-Rang 1001-3000),2026-09-29
PRPO,Precipio Inc.,NASDAQ,Industrials,Biotechnology: Laboratory Analytical Instruments,United States,42337946.0,False,True,False,Proxy (Market-Cap-Rang 1001-3000),2026-09-29
PRQR,ProQR Therapeutics N.V.,NASDAQ,Health Care,Biotechnology: Pharmaceutical Preparations,Netherlands,232850435.0,False,True,False,Proxy (Market-Cap-Rang 1001-3000),2026-09-29
PRSO,Peraso Inc.,NASDAQ,Technology,Semiconductors,United States,7663299.0,False,True,False,Proxy (Market-Cap-Rang 1001-3000),2026-09-29
PRSU,Pursuit Attractions and Hospitality Inc.,NYSE,Consumer Discretionary,Services-Misc. Amusement & Recreation,United States,1343577558.0,False,False,True,Proxy (Market-Cap-Rang 1001-3000),2026-09-29
PRTA,Prothena Corporation plc,NASDAQ,Health Care,Biotechnology: Pharmaceutical Preparations,United States,425583514.0,False,True,True,Proxy (Market-Cap-Rang 1001-3000),2026-09-29
PRTH,Priority Technology Holdings Inc.,NASDAQ,Consumer Discretionary,Business Services,United States,641386094.0,False,True,True,Proxy (Market-Cap-Rang 1001-3000),2026-09-29
PRTS,CarParts.com Inc.,NASDAQ,Consumer Discretionary,Auto & Home Supply Stores,United States,69040098.0,False,True,False,Proxy (Market-Cap-Rang 1001-3000),2026-09-29
PRU,Prudential Financial Inc.,NYSE,Finance,Life Insurance,United States,41210250000.0,True,False,False,Proxy (Market-Cap-Rang 1001-3000),2026-09-29
PRVA,Privia Health Group Inc.,NASDAQ,Health Care,Medical/Nursing Services,United States,2517641220.0,False,True,True,Proxy (Market-Cap-Rang 1001-3000),2026-09-29
PRZO,ParaZero Technologies Ltd.,NASDAQ,Industrials,Military/Government/Technical,Israel,15077465.0,False,True,False,Proxy (Market-Cap-Rang 1001-3000),2026-09-29
PSA,Public Storage,NYSE,Real Estate,Real Estate Investment Trusts,United States,50573617958.0,True,False,False,Proxy (Market-Cap-Rang 1001-3000),2026-09-29
PSEC,Prospect Capital Corporation,NASDAQ,Finance,Finance: Consumer Services,United States,1169058899.0,False,True,True,Proxy (Market-Cap-Rang 1001-3000),2026-09-29
PSHG,Performance Shipping Inc. Common Shares,NASDAQ,Consumer Discretionary,Marine Transportation,Greece,22003681.0,False,True,False,Proxy (Market-Cap-Rang 1001-3000),2026-09-29
PSIG,PS International Group Ltd.,NASDAQ,Industrials,Integrated Freight & Logistics,Hong Kong,70290357.0,False,True,False,Proxy (Market-Cap-Rang 1001-3000),2026-09-29
PSIX,Power Solutions International Inc.,NASDAQ,Industrials,Industrial Machinery/Components,United States,1076003243.0,False,True,True,Proxy (Market-Cap-Rang 1001-3000),2026-09-29
PSKY,Paramount Skydance Corporation,NASDAQ,Industrials,Broadcasting,United States,11174579959.0,True,True,False,Proxy (Market-Cap-Rang 1001-3000),2026-09-29
PSMT,PriceSmart Inc.,NASDAQ,Consumer Discretionary,Department/Specialty Retail Stores,United States,5392259359.0,False,True,False,Proxy (Market-Cap-Rang 1001-3000),2026-09-29
PSN,Parsons Corporation,NYSE,Technology,EDP Services,United States,4600108320.0,False,False,True,Proxy (Market-Cap-Rang 1001-3000),2026-09-29
PSNL,Personalis Inc.,NASDAQ,Health Care,Medical Specialities,United States,1757925893.0,False,True,True,Proxy (Market-Cap-Rang 1001-3000),2026-09-29
PSNY,Polestar Automotive Holding UK PLC Class A ADS,NASDAQ,Industrials,Auto Manufacturing,Sweden,1138461294.0,False,True,False,Proxy (Market-Cap-Rang 1001-3000),2026-09-29
PSNYW,Polestar Automotive Holding UK PLC Class C-1 ADS (ADW),NASDAQ,Industrials,Auto Manufacturing,Sweden,689976542.0,False,True,False,Proxy (Market-Cap-Rang 1001-3000),2026-09-29
PSQL,Pasqal Holding SA Ordinary Share,NASDAQ,Technology,EDP Services,France,1483932900.0,False,True,False,Proxy (Market-Cap-Rang 1001-3000),2026-09-29
PSTL,Postal Realty Trust Inc.,NYSE,Real Estate,Real Estate Investment Trusts,United States,715385846.0,False,False,True,Proxy (Market-Cap-Rang 1001-3000),2026-09-29
PSX,Phillips 66,NYSE,Energy,Integrated oil Companies,United States,102049599267.0,True,False,False,Proxy (Market-Cap-Rang 1001-3000),2026-09-29
PTC,PTC Inc.,NASDAQ,Technology,Computer Software: Prepackaged Software,United States,14986884769.0,True,True,False,Proxy (Market-Cap-Rang 1001-3000),2026-09-29
PTCT,PTC Therapeutics Inc.,NASDAQ,Health Care,Biotechnology: Pharmaceutical Preparations,United States,5230488461.0,False,True,True,Proxy (Market-Cap-Rang 1001-3000),2026-09-29
PTEN,Patterson-UTI Energy Inc.,NASDAQ,Energy,Oil & Gas Production,United States,4160908975.0,False,True,True,Proxy (Market-Cap-Rang 1001-3000),2026-09-29
PTGX,Protagonist Therapeutics Inc.,NASDAQ,Health Care,Biotechnology: Pharmaceutical Preparations,United States,9179517310.0,False,True,False,Proxy (Market-Cap-Rang 1001-3000),2026-09-29
PTLE,PTL LTD Class A,NASDAQ,Energy,Oil Refining/Marketing,Singapore,44910022.0,False,True,False,Proxy (Market-Cap-Rang 1001-3000),2026-09-29
PTLO,Portillo's Inc.,NASDAQ,Consumer Discretionary,Restaurants,United States,265421568.0,False,True,True,Proxy (Market-Cap-Rang 1001-3000),2026-09-29
PTN,Palatin Technologies Inc.,NASDAQ,Health Care,Biotechnology: Pharmaceutical Preparations,United States,17961781.0,False,True,False,Proxy (Market-Cap-Rang 1001-3000),2026-09-29
PTON,Peloton Interactive Inc.,NASDAQ,Consumer Discretionary,Recreational Games/Products/Toys,United States,2159249261.0,False,True,True,Proxy (Market-Cap-Rang 1001-3000),2026-09-29
PTRN,Pattern Group Inc. Series A,NASDAQ,Consumer Discretionary,Catalog/Specialty Distribution,United States,3019332495.0,False,True,True,Proxy (Market-Cap-Rang 1001-3000),2026-09-29
PUBM,PubMatic Inc.,NASDAQ,Technology,Computer Software: Programming Data Processing,United States,847231135.0,False,True,True,Proxy (Market-Cap-Rang 1001-3000),2026-09-29
PULM,Pulmatrix Inc.,NASDAQ,Health Care,Biotechnology: Pharmaceutical Preparations,United States,5880179.0,False,True,False,Proxy (Market-Cap-Rang 1001-3000),2026-09-29
PUMP,ProPetro Holding Corp.,NYSE,Energy,Oilfield Services/Equipment,United States,1177881364.0,False,False,True,Proxy (Market-Cap-Rang 1001-3000),2026-09-29
PURR,Hyperliquid Strategies Inc,NASDAQ,Finance,Finance: Consumer Services,United States,3057262851.0,False,True,True,Proxy (Market-Cap-Rang 1001-3000),2026-09-29
PUSA,Aureus Greenway Holdings Inc.,NASDAQ,Consumer Discretionary,Hotels/Resorts,United States,102834125.0,False,True,False,Proxy (Market-Cap-Rang 1001-3000),2026-09-29
PVH,PVH Corp.,NYSE,Industrials,Garments and Clothing,United States,3506013930.0,False,False,True,Proxy (Market-Cap-Rang 1001-3000),2026-09-29
PVLA,Palvella Therapeutics Inc.,NASDAQ,Health Care,Biotechnology: Pharmaceutical Preparations,United States,1990665511.0,False,True,True,Proxy (Market-Cap-Rang 1001-3000),2026-09-29
PWCM,PowerCompute Inc.,NASDAQ,Finance,Finance: Consumer Services,United States,2615190.0,False,True,False,Proxy (Market-Cap-Rang 1001-3000),2026-09-29
PWP,Perella Weinberg Partners,NASDAQ,Finance,Finance: Consumer Services,United States,1408094887.0,False,True,True,Proxy (Market-Cap-Rang 1001-3000),2026-09-29
PWR,Quanta Services Inc.,NYSE,Industrials,Engineering & Construction,United States,95636179442.0,True,False,False,Proxy (Market-Cap-Rang 1001-3000),2026-09-29
PWRL,Powerlaw Corp.,NASDAQ,Unknown,Unknown,United States,0.0,False,True,False,Proxy (Market-Cap-Rang 1001-3000),2026-09-29
PXLW,Pixelworks Inc.,NASDAQ,Technology,Computer Software: Prepackaged Software,United States,41922293.0,False,True,False,Proxy (Market-Cap-Rang 1001-3000),2026-09-29
PXS,Pyxis Tankers Inc.,NASDAQ,Consumer Discretionary,Marine Transportation,Greece,67096658.0,False,True,False,Proxy (Market-Cap-Rang 1001-3000),2026-09-29
PYPD,PolyPid Ltd.,NASDAQ,Health Care,Medical/Dental Instruments,Israel,106027419.0,False,True,False,Proxy (Market-Cap-Rang 1001-3000),2026-09-29
PYPL,PayPal Holdings Inc.,NASDAQ,Industrials,Diversified Commercial Services,United States,47084566505.0,True,True,False,Proxy (Market-Cap-Rang 1001-3000),2026-09-29
PYXS,Pyxis Oncology Inc.,NASDAQ,Health Care,Biotechnology: Pharmaceutical Preparations,United States,238547023.0,False,True,True,Proxy (Market-Cap-Rang 1001-3000),2026-09-29
PZZA,Papa John's International Inc.,NASDAQ,Consumer Discretionary,Restaurants,United States,643618981.0,False,True,True,Proxy (Market-Cap-Rang 1001-3000),2026-09-29
Q,Qnity Electronics Inc.,NYSE,Technology,Semiconductors,United States,26086213227.0,True,False,False,Proxy (Market-Cap-Rang 1001-3000),2026-09-29
QBTS,D-Wave Quantum Inc.,NASDAQ,Technology,EDP Services,United States,6609299593.0,False,True,False,Proxy (Market-Cap-Rang 1001-3000),2026-09-29
QCLS,Q/C Technologies Inc.,NASDAQ,Health Care,Biotechnology: In Vitro & In Vivo Diagnostic Substances,United States,7107141.0,False,True,False,Proxy (Market-Cap-Rang 1001-3000),2026-09-29
QCOM,QUALCOMM Incorporated,NASDAQ,Technology,Radio And Television Broadcasting And Communications Equipment,United States,212115745024.0,True,True,False,Proxy (Market-Cap-Rang 1001-3000),2026-09-29
QCRH,QCR Holdings Inc.,NASDAQ,Finance,Major Banks,United States,1652626965.0,False,True,True,Proxy (Market-Cap-Rang 1001-3000),2026-09-29
QDEL,QuidelOrtho Corporation,NASDAQ,Health Care,Biotechnology: In Vitro & In Vivo Diagnostic Substances,United States,750215171.0,False,True,True,Proxy (Market-Cap-Rang 1001-3000),2026-09-29
QFIN,Qfin Holdings Inc. American Depositary Shares,NASDAQ,Finance,Finance: Consumer Services,China,888788753.0,False,True,False,Proxy (Market-Cap-Rang 1001-3000),2026-09-29
QH,Quhuo Limited Class A,NASDAQ,Consumer Discretionary,Business Services,China,10948554.0,False,True,False,Proxy (Market-Cap-Rang 1001-3000),2026-09-29
QLYS,Qualys Inc.,NASDAQ,Technology,Computer Software: Prepackaged Software,United States,5965216022.0,False,True,False,Proxy (Market-Cap-Rang 1001-3000),2026-09-29
QMCO,Quantum Corporation,NASDAQ,Technology,Electronic Components,United States,1248508832.0,False,True,True,Proxy (Market-Cap-Rang 1001-3000),2026-09-29
QMLS,QumulusAI Inc.,NASDAQ,Technology,EDP Services,United States,238224627.0,False,True,True,Proxy (Market-Cap-Rang 1001-3000),2026-09-29
QNBC,QNB Corp.,NASDAQ,Finance,Major Banks,United States,276964890.0,False,True,True,Proxy (Market-Cap-Rang 1001-3000),2026-09-29
QNCX,Quince Therapeutics Inc.,NASDAQ,Health Care,Biotechnology: Biological Products (No Diagnostic Substances),United States,31528953.0,False,True,False,Proxy (Market-Cap-Rang 1001-3000),2026-09-29
QNME,Quanome Technologies Inc.,NASDAQ,Industrials,Integrated Freight & Logistics,United States,25424752.0,False,True,False,Proxy (Market-Cap-Rang 1001-3000),2026-09-29
QNRX,Quoin Pharmaceuticals Ltd. American Depositary Shares,NASDAQ,Health Care,Biotechnology: Pharmaceutical Preparations,Israel,30890755.0,False,True,False,Proxy (Market-Cap-Rang 1001-3000),2026-09-29
QNST,QuinStreet Inc.,NASDAQ,Consumer Discretionary,Business Services,United States,824589079.0,False,True,True,Proxy (Market-Cap-Rang 1001-3000),2026-09-29
QNT,Quantinuum Inc.,NASDAQ,Technology,EDP Services,United States,13041652273.0,False,True,False,Proxy (Market-Cap-Rang 1001-3000),2026-09-29
QNTM,Quantum Biopharma Ltd. Class B Subordinate Voting Shares,NASDAQ,Health Care,Biotechnology: Pharmaceutical Preparations,Canada,31136956.0,False,True,False,Proxy (Market-Cap-Rang 1001-3000),2026-09-29
QQQX,Nuveen NASDAQ 100 Dynamic Overwrite Fund Shares of Beneficial Interest,NASDAQ,Finance,Finance Companies,United States,0.0,False,True,False,Proxy (Market-Cap-Rang 1001-3000),2026-09-29
QRHC,Quest Resource Holding Corporation,NASDAQ,Utilities,Environmental Services,United States,28897213.0,False,True,False,Proxy (Market-Cap-Rang 1001-3000),2026-09-29
QRVO,Qorvo Inc.,NASDAQ,Technology,Semiconductors,United States,10407506045.0,False,True,False,Proxy (Market-Cap-Rang 1001-3000),2026-09-29
QS,QuantumScape Corporation,NASDAQ,Miscellaneous,Industrial Machinery/Components,United States,3039847319.0,False,True,True,Proxy (Market-Cap-Rang 1001-3000),2026-09-29
QSI,Quantum-Si Incorporated,NASDAQ,Industrials,Industrial Machinery/Components,United States,182614848.0,False,True,True,Proxy (Market-Cap-Rang 1001-3000),2026-09-29
QTEX,QTREX Quantum Ltd.,NASDAQ,Health Care,Medical/Dental Instruments,Israel,43428013.0,False,True,False,Proxy (Market-Cap-Rang 1001-3000),2026-09-29
QTI,QT Imaging Holdings Inc.,NASDAQ,Health Care,Biotechnology: Electromedical & Electrotherapeutic Apparatus,United States,35859484.0,False,True,False,Proxy (Market-Cap-Rang 1001-3000),2026-09-29
QTRX,Quanterix Corporation,NASDAQ,Industrials,Biotechnology: Laboratory Analytical Instruments,United States,154648323.0,False,True,True,Proxy (Market-Cap-Rang 1001-3000),2026-09-29
QTTB,Q32 Bio Inc.,NASDAQ,Health Care,Biotechnology: Pharmaceutical Preparations,United States,261078217.0,False,True,True,Proxy (Market-Cap-Rang 1001-3000),2026-09-29
QTWO,Q2 Holdings Inc.,NYSE,Technology,Computer Software: Prepackaged Software,United States,3499969030.0,False,False,True,Proxy (Market-Cap-Rang 1001-3000),2026-09-29
QUAD,Quad Graphics Inc,NYSE,Consumer Discretionary,Publishing,United States,485280078.0,False,False,True,Proxy (Market-Cap-Rang 1001-3000),2026-09-29
QUBT,Quantum Computing Inc.,NASDAQ,Technology,Computer Software: Prepackaged Software,United States,2028067875.0,False,True,True,Proxy (Market-Cap-Rang 1001-3000),2026-09-29
QUCY,Quantum Cyber N.V.,NASDAQ,Health Care,Biotechnology: Pharmaceutical Preparations,Germany,115173423.0,False,True,False,Proxy (Market-Cap-Rang 1001-3000),2026-09-29
QUIK,QuickLogic Corporation,NASDAQ,Technology,Semiconductors,United States,200762441.0,False,True,True,Proxy (Market-Cap-Rang 1001-3000),2026-09-29
QUMS,Quantumsphere Acquisition Corp.,NASDAQ,Unknown,Unknown,United States,0.0,False,True,False,Proxy (Market-Cap-Rang 1001-3000),2026-09-29
QURE,uniQure N.V.,NASDAQ,Health Care,Biotechnology: Pharmaceutical Preparations,Netherlands,2651877931.0,False,True,False,Proxy (Market-Cap-Rang 1001-3000),2026-09-29
QVCG,QVC Group Inc.,NASDAQ,Consumer Discretionary,Catalog/Specialty Distribution,United States,710498536.0,False,True,True,Proxy (Market-Cap-Rang 1001-3000),2026-09-29
QXL,Quantum X Labs Inc.,NASDAQ,Technology,Computer Software: Prepackaged Software,Israel,107839130.0,False,True,False,Proxy (Market-Cap-Rang 1001-3000),2026-09-29
RACD,Research Alliance Corporation IV Class A,NASDAQ,Unknown,Unknown,United States,0.0,False,True,False,Proxy (Market-Cap-Rang 1001-3000),2026-09-29
RADX,Radiopharm Theranostics Limited American Depositary Shares,NASDAQ,Health Care,Biotechnology: Pharmaceutical Preparations,Australia,23856522.0,False,True,False,Proxy (Market-Cap-Rang 1001-3000),2026-09-29
RAIL,FreightCar America Inc.,NASDAQ,Industrials,Railroads,United States,235441390.0,False,True,True,Proxy (Market-Cap-Rang 1001-3000),2026-09-29
RAIN,Rain Enhancement Technologies Holdco Inc.,NASDAQ,Technology,Industrial Machinery/Components,United States,11699369.0,False,True,False,Proxy (Market-Cap-Rang 1001-3000),2026-09-29
RAMP,LiveRamp Holdings Inc.,NYSE,Technology,EDP Services,United States,2279811825.0,False,False,True,Proxy (Market-Cap-Rang 1001-3000),2026-09-29
RAND,Rand Capital Corporation,NASDAQ,Finance,Finance: Consumer Services,United States,29698140.0,False,True,False,Proxy (Market-Cap-Rang 1001-3000),2026-09-29
RANI,Rani Therapeutics Holdings Inc.,NASDAQ,Health Care,Biotechnology: Pharmaceutical Preparations,United States,105828926.0,False,True,False,Proxy (Market-Cap-Rang 1001-3000),2026-09-29
RAPP,Rapport Therapeutics Inc.,NASDAQ,Health Care,Biotechnology: Pharmaceutical Preparations,United States,1626943678.0,False,True,True,Proxy (Market-Cap-Rang 1001-3000),2026-09-29
RARE,Ultragenyx Pharmaceutical Inc.,NASDAQ,Health Care,Biotechnology: Pharmaceutical Preparations,United States,1429538659.0,False,True,True,Proxy (Market-Cap-Rang 1001-3000),2026-09-29
RAVE,Rave Restaurant Group Inc.,NASDAQ,Consumer Discretionary,Food Distributors,United States,32544486.0,False,True,False,Proxy (Market-Cap-Rang 1001-3000),2026-09-29
RAYA,Erayak Power Solution Group Inc. Class A,NASDAQ,Consumer Discretionary,Metal Fabrications,China,2025043.0,False,True,False,Proxy (Market-Cap-Rang 1001-3000),2026-09-29
RBB,RBB Bancorp,NASDAQ,Finance,Major Banks,United States,449626323.0,False,True,True,Proxy (Market-Cap-Rang 1001-3000),2026-09-29
RBBN,Ribbon Communications Inc.,NASDAQ,Technology,EDP Services,United States,321882034.0,False,True,True,Proxy (Market-Cap-Rang 1001-3000),2026-09-29
RBCAA,Republic Bancorp Inc.,NASDAQ,Finance,Major Banks,United States,1856408977.0,False,True,True,Proxy (Market-Cap-Rang 1001-3000),2026-09-29
RBKB,Rhinebeck Bancorp Inc.,NASDAQ,Finance,Banks,United States,200609444.0,False,True,True,Proxy (Market-Cap-Rang 1001-3000),2026-09-29
RBNE,Robin Energy Ltd.,NASDAQ,Consumer Discretionary,Marine Transportation,Cyprus,3157544.0,False,True,False,Proxy (Market-Cap-Rang 1001-3000),2026-09-29
RC,Ready Capital Corporation,NYSE,Real Estate,Real Estate Investment Trusts,United States,219704019.0,False,False,True,Proxy (Market-Cap-Rang 1001-3000),2026-09-29
RCAT,Red Cat Holdings Inc.,NASDAQ,Technology,Computer Software: Prepackaged Software,United States,1017077651.0,False,True,True,Proxy (Market-Cap-Rang 1001-3000),2026-09-29
RCBC,River City Bank Common stock,NASDAQ,Finance,Major Banks,United States,725320880.0,False,True,True,Proxy (Market-Cap-Rang 1001-3000),2026-09-29
RCEL,Avita Medical Inc.,NASDAQ,Health Care,Medical/Dental Instruments,United States,366173868.0,False,True,True,Proxy (Market-Cap-Rang 1001-3000),2026-09-29
RCKT,Rocket Pharmaceuticals Inc.,NASDAQ,Health Care,Biotechnology: Pharmaceutical Preparations,United States,284865079.0,False,True,True,Proxy (Market-Cap-Rang 1001-3000),2026-09-29
RCKY,Rocky Brands Inc.,NASDAQ,Consumer Discretionary,Shoe Manufacturing,United States,337885186.0,False,True,True,Proxy (Market-Cap-Rang 1001-3000),2026-09-29
RCL,Royal Caribbean Cruises Ltd.,NYSE,Consumer Discretionary,Marine Transportation,United States,64910620787.0,True,False,False,Proxy (Market-Cap-Rang 1001-3000),2026-09-29
RCMT,RCM Technologies Inc.,NASDAQ,Consumer Discretionary,Professional Services,United States,287772417.0,False,True,True,Proxy (Market-Cap-Rang 1001-3000),2026-09-29
RCON,Recon Technology Ltd. Class A,NASDAQ,Energy,Oilfield Services/Equipment,China,29348514.0,False,True,False,Proxy (Market-Cap-Rang 1001-3000),2026-09-29
RCT,RedCloud Holdings plc,NASDAQ,Technology,Computer Software: Programming Data Processing,United Kingdom,13470981.0,False,True,False,Proxy (Market-Cap-Rang 1001-3000),2026-09-29
RCUS,Arcus Biosciences Inc.,NYSE,Health Care,Biotechnology: Pharmaceutical Preparations,United States,3179514399.0,False,False,True,Proxy (Market-Cap-Rang 1001-3000),2026-09-29
RDAC,Rising Dragon Acquisition Corp.,NASDAQ,Unknown,Unknown,China,0.0,False,True,False,Proxy (Market-Cap-Rang 1001-3000),2026-09-29
RDCM,Radcom Ltd.,NASDAQ,Technology,Computer peripheral equipment,Israel,172913135.0,False,True,False,Proxy (Market-Cap-Rang 1001-3000),2026-09-29
RDDT,Reddit Inc.,NYSE,Technology,EDP Services,United States,28828693058.0,True,False,False,Proxy (Market-Cap-Rang 1001-3000),2026-09-29
RDGT,Ridgetech Inc.,NASDAQ,Consumer Staples,Retail-Drug Stores and Proprietary Stores,China,3012518.0,False,True,False,Proxy (Market-Cap-Rang 1001-3000),2026-09-29
RDHL,Redhill Biopharma Ltd. American Depositary Shares,NASDAQ,Health Care,Biotechnology: Pharmaceutical Preparations,Israel,3040460.0,False,True,False,Proxy (Market-Cap-Rang 1001-3000),2026-09-29
RDI,Reading International Inc,NASDAQ,Consumer Discretionary,Movies/Entertainment,United States,45551353.0,False,True,False,Proxy (Market-Cap-Rang 1001-3000),2026-09-29
RDIB,Reading International Inc,NASDAQ,Consumer Discretionary,Movies/Entertainment,United States,374711379.0,False,True,True,Proxy (Market-Cap-Rang 1001-3000),2026-09-29
RDN,Radian Group Inc.,NYSE,Finance,Property-Casualty Insurers,United States,4368589520.0,False,False,True,Proxy (Market-Cap-Rang 1001-3000),2026-09-29
RDNT,RadNet Inc.,NASDAQ,Health Care,Medical Specialities,United States,5570978823.0,False,True,False,Proxy (Market-Cap-Rang 1001-3000),2026-09-29
RDNW,RideNow Group Inc.,NASDAQ,Technology,EDP Services,United States,236407193.0,False,True,True,Proxy (Market-Cap-Rang 1001-3000),2026-09-29
RDVT,Red Violet Inc. Common Stock ,NASDAQ,Technology,Computer Software: Prepackaged Software,United States,1260489886.0,False,True,True,Proxy (Market-Cap-Rang 1001-3000),2026-09-29
RDW,Redwire Corporation,NYSE,Industrials,Military/Government/Technical,United States,2904914117.0,False,False,True,Proxy (Market-Cap-Rang 1001-3000),2026-09-29
RDWR,Radware Ltd.,NASDAQ,Consumer Discretionary,Business Services,Israel,1250594033.0,False,True,False,Proxy (Market-Cap-Rang 1001-3000),2026-09-29
RDZN,Roadzen Inc.,NASDAQ,Finance,Specialty Insurers,United States,119231088.0,False,True,False,Proxy (Market-Cap-Rang 1001-3000),2026-09-29
REAL,The RealReal Inc.,NASDAQ,Consumer Discretionary,Other Specialty Stores,United States,1074355945.0,False,True,True,Proxy (Market-Cap-Rang 1001-3000),2026-09-29
REAX,Real REMAX Group Inc.,NASDAQ,Finance,Real Estate,Canada,360145600.0,False,True,False,Proxy (Market-Cap-Rang 1001-3000),2026-09-29
REBN,Reborn Coffee Inc.,NASDAQ,Consumer Discretionary,Restaurants,United States,10688951.0,False,True,False,Proxy (Market-Cap-Rang 1001-3000),2026-09-29
RECT,Rectitude Holdings Ltd,NASDAQ,Consumer Discretionary,Industrial Machinery/Components,Singapore,21366195.0,False,True,False,Proxy (Market-Cap-Rang 1001-3000),2026-09-29
REFI,Chicago Atlantic Real Estate Finance Inc.,NASDAQ,Real Estate,Real Estate Investment Trusts,United States,272865205.0,False,True,True,Proxy (Market-Cap-Rang 1001-3000),2026-09-29
REFR,Research Frontiers Incorporated,NASDAQ,Miscellaneous,Multi-Sector Companies,United States,27594366.0,False,True,False,Proxy (Market-Cap-Rang 1001-3000),2026-09-29
REG,Regency Centers Corporation,NASDAQ,Real Estate,Real Estate Investment Trusts,United States,13409917657.0,True,True,False,Proxy (Market-Cap-Rang 1001-3000),2026-09-29
REGN,Regeneron Pharmaceuticals Inc.,NASDAQ,Health Care,Biotechnology: Pharmaceutical Preparations,United States,81132648744.0,True,True,False,Proxy (Market-Cap-Rang 1001-3000),2026-09-29
REI,Ring Energy Inc.,AMEX,Energy,Oil & Gas Production,United States,354333866.0,False,False,True,Proxy (Market-Cap-Rang 1001-3000),2026-09-29
REKR,Rekor Systems Inc.,NASDAQ,Telecommunications,Telecommunications Equipment,United States,55605144.0,False,True,False,Proxy (Market-Cap-Rang 1001-3000),2026-09-29
RELL,Richardson Electronics Ltd.,NASDAQ,Technology,Electronic Components,United States,260421099.0,False,True,True,Proxy (Market-Cap-Rang 1001-3000),2026-09-29
RELY,Remitly Global Inc.,NASDAQ,Consumer Discretionary,Business Services,United States,4521571393.0,False,True,True,Proxy (Market-Cap-Rang 1001-3000),2026-09-29
RENT,Rent the Runway Inc.,NASDAQ,Consumer Discretionary,Other Specialty Stores,United States,56402782.0,False,True,False,Proxy (Market-Cap-Rang 1001-3000),2026-09-29
RENX,RenX Enterprises Corp.,NASDAQ,Utilities,Environmental Services,United States,5821660.0,False,True,False,Proxy (Market-Cap-Rang 1001-3000),2026-09-29
REPL,Replimune Group Inc.,NASDAQ,Health Care,Biotechnology: Biological Products (No Diagnostic Substances),United States,1164554676.0,False,True,True,Proxy (Market-Cap-Rang 1001-3000),2026-09-29
REPX,Riley Exploration Permian Inc.,AMEX,Energy,Oil & Gas Production,United States,898335982.0,False,False,True,Proxy (Market-Cap-Rang 1001-3000),2026-09-29
RES,RPC Inc.,NYSE,Energy,Oilfield Services/Equipment,United States,1294476950.0,False,False,True,Proxy (Market-Cap-Rang 1001-3000),2026-09-29
RETO,ReTo Eco-Solutions Inc. Class A Shares,NASDAQ,Industrials,Industrial Machinery/Components,China,7405371.0,False,True,False,Proxy (Market-Cap-Rang 1001-3000),2026-09-29
REVB,Revelation Biosciences Inc.,NASDAQ,Health Care,Biotechnology: Pharmaceutical Preparations,United States,3466369.0,False,True,False,Proxy (Market-Cap-Rang 1001-3000),2026-09-29
REX,REX American Resources Corporation,NYSE,Industrials,Major Chemicals,United States,1421244418.0,False,False,True,Proxy (Market-Cap-Rang 1001-3000),2026-09-29
REYN,Reynolds Consumer Products Inc.,NASDAQ,Consumer Discretionary,Containers/Packaging,United States,4567840580.0,False,True,True,Proxy (Market-Cap-Rang 1001-3000),2026-09-29
REZI,Resideo Technologies Inc. Common Stock ,NYSE,Industrials,Wholesale Distributors,United States,2774251596.0,False,False,True,Proxy (Market-Cap-Rang 1001-3000),2026-09-29
RF,Regions Financial Corporation,NYSE,Finance,Major Banks,United States,23530292956.0,True,False,False,Proxy (Market-Cap-Rang 1001-3000),2026-09-29
RFAI,RF Acquisition Corp II,NASDAQ,Unknown,Unknown,Singapore,0.0,False,True,False,Proxy (Market-Cap-Rang 1001-3000),2026-09-29
RFAM,RF Acquisition Corp III,NASDAQ,Unknown,Unknown,Singapore,0.0,False,True,False,Proxy (Market-Cap-Rang 1001-3000),2026-09-29
RFI,Cohen & Steers Total Return Realty Fund Inc.,NYSE,Finance,Investment Managers,United States,518903912.0,False,False,True,Proxy (Market-Cap-Rang 1001-3000),2026-09-29
RFIL,RF Industries Ltd.,NASDAQ,Technology,Electrical Products,United States,89819461.0,False,True,False,Proxy (Market-Cap-Rang 1001-3000),2026-09-29
RGC,Regencell Bioscience Holdings Limited,NASDAQ,Health Care, Medicinal Chemicals and Botanical Products ,Hong Kong,3050996562.0,False,True,False,Proxy (Market-Cap-Rang 1001-3000),2026-09-29
RGCO,RGC Resources Inc.,NASDAQ,Utilities,Oil & Gas Production,United States,221728152.0,False,True,True,Proxy (Market-Cap-Rang 1001-3000),2026-09-29
RGEN,Repligen Corporation,NASDAQ,Health Care,Biotechnology: Biological Products (No Diagnostic Substances),United States,9279777803.0,False,True,False,Proxy (Market-Cap-Rang 1001-3000),2026-09-29
RGLD,Royal Gold Inc.,NASDAQ,Industrials,Precious Metals,United States,21392936614.0,False,True,False,Proxy (Market-Cap-Rang 1001-3000),2026-09-29
RGNX,REGENXBIO Inc.,NASDAQ,Health Care,Biotechnology: Biological Products (No Diagnostic Substances),United States,488497621.0,False,True,True,Proxy (Market-Cap-Rang 1001-3000),2026-09-29
RGP,Resources Connection Inc.,NASDAQ,Consumer Discretionary,Business Services,United States,131344428.0,False,True,False,Proxy (Market-Cap-Rang 1001-3000),2026-09-29
RGR,Sturm Ruger & Company Inc.,NYSE,Industrials,Ordnance And Accessories,United States,684029139.0,False,False,True,Proxy (Market-Cap-Rang 1001-3000),2026-09-29
RGS,Regis Corporation,NASDAQ,Consumer Discretionary,Other Consumer Services,United States,70916953.0,False,True,False,Proxy (Market-Cap-Rang 1001-3000),2026-09-29
RGTI,Rigetti Computing Inc.,NASDAQ,Technology,EDP Services,United States,5560587325.0,False,True,False,Proxy (Market-Cap-Rang 1001-3000),2026-09-29
RH,RH,NYSE,Consumer Discretionary,Other Specialty Stores,United States,2350930353.0,False,False,True,Proxy (Market-Cap-Rang 1001-3000),2026-09-29
RHI,Robert Half Inc.,NYSE,Consumer Discretionary,Professional Services,United States,3776127835.0,False,False,True,Proxy (Market-Cap-Rang 1001-3000),2026-09-29
RHLD,Resolute Holdings Management Common Stock ,NYSE,Finance,Finance: Consumer Services,United States,980420821.0,False,False,True,Proxy (Market-Cap-Rang 1001-3000),2026-09-29
RIBB,Ribbon Acquisition Corp Class A,NASDAQ,Unknown,Unknown,Japan,0.0,False,True,False,Proxy (Market-Cap-Rang 1001-3000),2026-09-29
RICK,RCI Hospitality Holdings Inc.,NASDAQ,Consumer Discretionary,Restaurants,United States,210682420.0,False,True,True,Proxy (Market-Cap-Rang 1001-3000),2026-09-29
RIGL,Rigel Pharmaceuticals Inc.,NASDAQ,Health Care,Biotechnology: Pharmaceutical Preparations,United States,899995848.0,False,True,True,Proxy (Market-Cap-Rang 1001-3000),2026-09-29
RILY,BRC Group Holdings Inc.,NASDAQ,Finance,Investment Managers,United States,229540601.0,False,True,True,Proxy (Market-Cap-Rang 1001-3000),2026-09-29
RIME,Algorhythm Holdings Inc.,NASDAQ,Technology,EDP Services,United States,3176820.0,False,True,False,Proxy (Market-Cap-Rang 1001-3000),2026-09-29
RIOT,Riot Platforms Inc. Common Stock ,NASDAQ,Finance,Finance: Consumer Services,United States,8630955505.0,False,True,False,Proxy (Market-Cap-Rang 1001-3000),2026-09-29
RITM,Rithm Capital Corp.,NYSE,Real Estate,Real Estate Investment Trusts,United States,5098256193.0,False,False,True,Proxy (Market-Cap-Rang 1001-3000),2026-09-29
RIVN,Rivian Automotive Inc.,NASDAQ,Industrials,Auto Manufacturing,United States,22398403946.0,False,True,False,Proxy (Market-Cap-Rang 1001-3000),2026-09-29
RJET,Republic Airways Holdings Inc.,NASDAQ,Consumer Discretionary,Air Freight/Delivery Services,United States,875524650.0,False,True,True,Proxy (Market-Cap-Rang 1001-3000),2026-09-29
RJF,Raymond James Financial Inc.,NYSE,Finance,Investment Bankers/Brokers/Service,United States,30752866738.0,True,False,False,Proxy (Market-Cap-Rang 1001-3000),2026-09-29
RKDA,Arcadia Biosciences Inc.,NASDAQ,Energy,Oil & Gas Production,United States,741073.0,False,True,False,Proxy (Market-Cap-Rang 1001-3000),2026-09-29
RKLB,Rocket Lab Corporation,NASDAQ,Industrials,Military/Government/Technical,United States,46422832699.0,False,True,False,Proxy (Market-Cap-Rang 1001-3000),2026-09-29
RKTO,Rocket One Inc.,NASDAQ,Health Care,Biotechnology: Pharmaceutical Preparations,United States,19116363.0,False,True,False,Proxy (Market-Cap-Rang 1001-3000),2026-09-29
RL,Ralph Lauren Corporation,NYSE,Industrials,Garments and Clothing,United States,21276817547.0,True,False,False,Proxy (Market-Cap-Rang 1001-3000),2026-09-29
RLAY,Relay Therapeutics Inc.,NASDAQ,Health Care,Biotechnology: Biological Products (No Diagnostic Substances),United States,3828404294.0,False,True,True,Proxy (Market-Cap-Rang 1001-3000),2026-09-29
RLGT,Radiant Logistics Inc.,AMEX,Industrials,Integrated Freight & Logistics,United States,402352837.0,False,False,True,Proxy (Market-Cap-Rang 1001-3000),2026-09-29
RLI,RLI Corp. Common Stock (DE),NYSE,Finance,Property-Casualty Insurers,United States,5110836699.0,False,False,True,Proxy (Market-Cap-Rang 1001-3000),2026-09-29
RLJ,RLJ Lodging Trust Common Shares of Beneficial Interest $0.01 par value,NYSE,Real Estate,Real Estate Investment Trusts,United States,1706609766.0,False,False,True,Proxy (Market-Cap-Rang 1001-3000),2026-09-29
RLMD,Relmada Therapeutics Inc.,NASDAQ,Health Care,Biotechnology: Pharmaceutical Preparations,United States,408545510.0,False,True,True,Proxy (Market-Cap-Rang 1001-3000),2026-09-29
RLYB,Rallybio Corporation,NASDAQ,Health Care,Biotechnology: Pharmaceutical Preparations,United States,88260493.0,False,True,False,Proxy (Market-Cap-Rang 1001-3000),2026-09-29
RM,Regional Management Corp.,NYSE,Finance,Finance: Consumer Services,United States,284338971.0,False,False,True,Proxy (Market-Cap-Rang 1001-3000),2026-09-29
RMBI,Richmond Mutual Bancorporation Inc.,NASDAQ,Finance,Major Banks,United States,255743042.0,False,True,True,Proxy (Market-Cap-Rang 1001-3000),2026-09-29
RMBS,Rambus Inc.,NASDAQ,Technology,Semiconductors,United States,11405822171.0,False,True,False,Proxy (Market-Cap-Rang 1001-3000),2026-09-29
RMCF,Rocky Mountain Chocolate Factory Inc.,NASDAQ,Consumer Staples,Specialty Foods,United States,8023649.0,False,True,False,Proxy (Market-Cap-Rang 1001-3000),2026-09-29
RMCO,Royalty Management Holding Corporation,NASDAQ,Miscellaneous,Multi-Sector Companies,United States,39600768.0,False,True,False,Proxy (Market-Cap-Rang 1001-3000),2026-09-29
RMD,ResMed Inc.,NYSE,Health Care,Medical/Dental Instruments,United States,32024011932.0,True,False,False,Proxy (Market-Cap-Rang 1001-3000),2026-09-29
RMIX,Suncrete Inc.,NASDAQ,Industrials,Building Materials,United States,958990134.0,False,True,True,Proxy (Market-Cap-Rang 1001-3000),2026-09-29
RML,Resolution Minerals Ltd American Depositary Shares,NASDAQ,Unknown,Unknown,Australia,71444861.0,False,True,False,Proxy (Market-Cap-Rang 1001-3000),2026-09-29
RMNI,Rimini Street Inc. (DE),NASDAQ,Consumer Discretionary,Business Services,United States,393962320.0,False,True,True,Proxy (Market-Cap-Rang 1001-3000),2026-09-29
RMR,The RMR Group Inc.,NASDAQ,Consumer Discretionary,Professional Services,United States,594446588.0,False,True,True,Proxy (Market-Cap-Rang 1001-3000),2026-09-29
RMSG,Real Messenger Corporation,NASDAQ,Technology,Computer Software: Programming Data Processing,United States,4714784.0,False,True,False,Proxy (Market-Cap-Rang 1001-3000),2026-09-29
RMT,Royce Micro-Cap Trust Inc.,NYSE,Finance,Investment Managers,United States,623244871.0,False,False,True,Proxy (Market-Cap-Rang 1001-3000),2026-09-29
RMTI,Rockwell Medical Inc.,NASDAQ,Health Care,Biotechnology: Pharmaceutical Preparations,United States,33734992.0,False,True,False,Proxy (Market-Cap-Rang 1001-3000),2026-09-29
RNA,Atrium Therapeutics Inc.,NASDAQ,Health Care,Biotechnology: Pharmaceutical Preparations,United States,141805780.0,False,True,False,Proxy (Market-Cap-Rang 1001-3000),2026-09-29
RNAC,Cartesian Therapeutics Inc.,NASDAQ,Health Care,Biotechnology: Pharmaceutical Preparations,United States,224192158.0,False,True,True,Proxy (Market-Cap-Rang 1001-3000),2026-09-29
RNAZ,TransCode Therapeutics Inc.,NASDAQ,Health Care,Biotechnology: Pharmaceutical Preparations,United States,28612949.0,False,True,False,Proxy (Market-Cap-Rang 1001-3000),2026-09-29
RNGR,Ranger Energy Services Inc.,NYSE,Energy,Oilfield Services/Equipment,United States,362965377.0,False,False,True,Proxy (Market-Cap-Rang 1001-3000),2026-09-29
RNST,Renasant Corporation,NYSE,Finance,Major Banks,United States,3688170163.0,False,False,True,Proxy (Market-Cap-Rang 1001-3000),2026-09-29
RNTX,Rein Therapeutics Inc.,NASDAQ,Health Care,Biotechnology: Pharmaceutical Preparations,United States,64562247.0,False,True,False,Proxy (Market-Cap-Rang 1001-3000),2026-09-29
RNW,ReNew Energy Global plc Class A,NASDAQ,Utilities,Electric Utilities: Central,United Kingdom,2492514386.0,False,True,False,Proxy (Market-Cap-Rang 1001-3000),2026-09-29
RNXT,RenovoRx Inc.,NASDAQ,Health Care,Biotechnology: Pharmaceutical Preparations,United States,74914983.0,False,True,False,Proxy (Market-Cap-Rang 1001-3000),2026-09-29
ROAD,Construction Partners Inc.,NASDAQ,Industrials,Military/Government/Technical,United States,5376569549.0,False,True,False,Proxy (Market-Cap-Rang 1001-3000),2026-09-29
ROC,Rank One Computing Corporation Common stock,NASDAQ,Technology,Computer Software: Prepackaged Software,United States,77274514.0,False,True,False,Proxy (Market-Cap-Rang 1001-3000),2026-09-29
ROCK,Gibraltar Industries Inc.,NASDAQ,Industrials,Steel/Iron Ore,United States,1203978538.0,False,True,True,Proxy (Market-Cap-Rang 1001-3000),2026-09-29
ROG,Rogers Corporation,NYSE,Industrials,Major Chemicals,United States,2461541830.0,False,False,True,Proxy (Market-Cap-Rang 1001-3000),2026-09-29
ROIV,Roivant Sciences Ltd. Common Shares,NASDAQ,Health Care,Biotechnology: Pharmaceutical Preparations,United Kingdom,25859163937.0,False,True,False,Proxy (Market-Cap-Rang 1001-3000),2026-09-29
ROK,Rockwell Automation Inc.,NYSE,Industrials,Industrial Machinery/Components,United States,48309586695.0,True,False,False,Proxy (Market-Cap-Rang 1001-3000),2026-09-29
ROKU,Roku Inc.,NASDAQ,Telecommunications,Cable & Other Pay Television Services,United States,22660608187.0,False,True,False,Proxy (Market-Cap-Rang 1001-3000),2026-09-29
ROL,Rollins Inc.,NYSE,Consumer Discretionary,Diversified Commercial Services,United States,14448796482.0,True,False,False,Proxy (Market-Cap-Rang 1001-3000),2026-09-29
ROMA,Roma Green Finance Limited Class A,NASDAQ,Consumer Discretionary,Professional Services,Hong Kong,534067857.0,False,True,False,Proxy (Market-Cap-Rang 1001-3000),2026-09-29
ROOT,Root Inc.,NASDAQ,Finance,Property-Casualty Insurers,United States,734380145.0,False,True,True,Proxy (Market-Cap-Rang 1001-3000),2026-09-29
ROP,Roper Technologies Inc.,NASDAQ,Industrials,Industrial Machinery/Components,United States,35461897381.0,True,True,False,Proxy (Market-Cap-Rang 1001-3000),2026-09-29
ROST,Ross Stores Inc.,NASDAQ,Consumer Discretionary,Clothing/Shoe/Accessory Stores,United States,75429268333.0,True,True,False,Proxy (Market-Cap-Rang 1001-3000),2026-09-29
RPAY,Repay Holdings Corporation,NASDAQ,Consumer Discretionary,Business Services,United States,340571852.0,False,True,True,Proxy (Market-Cap-Rang 1001-3000),2026-09-29
RPC,Ridgepost Capital Inc.,NYSE,Finance,Investment Managers,United States,831197838.0,False,False,True,Proxy (Market-Cap-Rang 1001-3000),2026-09-29
RPD,Rapid7 Inc.,NASDAQ,Technology,Computer Software: Prepackaged Software,United States,783195437.0,False,True,True,Proxy (Market-Cap-Rang 1001-3000),2026-09-29
RPGL,Republic Power Group Limited Class A,NASDAQ,Technology,Computer Software: Prepackaged Software,Singapore,13120159.0,False,True,False,Proxy (Market-Cap-Rang 1001-3000),2026-09-29
RPID,Rapid Micro Biosystems Inc.,NASDAQ,Industrials,Biotechnology: Laboratory Analytical Instruments,United States,55677107.0,False,True,False,Proxy (Market-Cap-Rang 1001-3000),2026-09-29
RPRX,Royalty Pharma plc Class A Ordinary Shares ,NASDAQ,Health Care,Biotechnology: Pharmaceutical Preparations,United States,33470820085.0,False,True,False,Proxy (Market-Cap-Rang 1001-3000),2026-09-29
RQI,Cohen & Steers Quality Income Realty Fund Inc Common Shares,NYSE,Finance,Trusts Except Educational Religious and Charitable,United States,1500135557.0,False,False,True,Proxy (Market-Cap-Rang 1001-3000),2026-09-29
RR,Richtech Robotics Inc.,NASDAQ,Industrials,Industrial Machinery/Components,United States,382673303.0,False,True,True,Proxy (Market-Cap-Rang 1001-3000),2026-09-29
RRBI,Red River Bancshares Inc.,NASDAQ,Finance,Major Banks,United States,664994706.0,False,True,True,Proxy (Market-Cap-Rang 1001-3000),2026-09-29
RRGB,Red Robin Gourmet Burgers Inc.,NASDAQ,Consumer Discretionary,Restaurants,United States,137052202.0,False,True,False,Proxy (Market-Cap-Rang 1001-3000),2026-09-29
RRR,Red Rock Resorts Inc.,NASDAQ,Consumer Discretionary,Hotels/Resorts,United States,5330621754.0,False,True,True,Proxy (Market-Cap-Rang 1001-3000),2026-09-29
RSG,Republic Services Inc.,NYSE,Utilities,Environmental Services,United States,64947772634.0,True,False,False,Proxy (Market-Cap-Rang 1001-3000),2026-09-29
RSI,Rush Street Interactive Inc.,NYSE,Consumer Discretionary,Services-Misc. Amusement & Recreation,United States,4605336623.0,False,False,True,Proxy (Market-Cap-Rang 1001-3000),2026-09-29
RSSS,Research Solutions Inc,NASDAQ,Technology,EDP Services,United States,71239232.0,False,True,False,Proxy (Market-Cap-Rang 1001-3000),2026-09-29
RSVR,Reservoir Media Inc.,NASDAQ,Consumer Discretionary,Services-Misc. Amusement & Recreation,United States,625682751.0,False,True,True,Proxy (Market-Cap-Rang 1001-3000),2026-09-29
RTB,RTB Digital Inc.,NASDAQ,Consumer Discretionary,Professional Services,United States,153625582.0,False,True,True,Proxy (Market-Cap-Rang 1001-3000),2026-09-29
RTX,RTX Corporation,NYSE,Industrials,Aerospace,United States,255265392474.0,True,False,False,Proxy (Market-Cap-Rang 1001-3000),2026-09-29
RUBI,Rubico Inc.,NASDAQ,Consumer Discretionary,Marine Transportation,Greece,2685646.0,False,True,False,Proxy (Market-Cap-Rang 1001-3000),2026-09-29
RUM,RUM Group Inc.,NASDAQ,Technology,Computer Software: Programming Data Processing,United States,4144973222.0,False,True,True,Proxy (Market-Cap-Rang 1001-3000),2026-09-29
RUN,Sunrun Inc.,NASDAQ,Miscellaneous,Industrial Machinery/Components,United States,1953269024.0,False,True,True,Proxy (Market-Cap-Rang 1001-3000),2026-09-29
RUSHA,Rush Enterprises Inc. Common Stock Cl A,NASDAQ,Consumer Discretionary,Retail-Auto Dealers and Gas Stations,United States,5599555225.0,False,True,False,Proxy (Market-Cap-Rang 1001-3000),2026-09-29
RUSHB,Rush Enterprises Inc. Class B,NASDAQ,Consumer Discretionary,Retail-Auto Dealers and Gas Stations,United States,6442348403.0,False,True,False,Proxy (Market-Cap-Rang 1001-3000),2026-09-29
RVLV,Revolve Group Inc.,NYSE,Consumer Discretionary,Catalog/Specialty Distribution,United States,1507010904.0,False,False,True,Proxy (Market-Cap-Rang 1001-3000),2026-09-29
RVMD,Revolution Medicines Inc.,NASDAQ,Health Care,Biotechnology: Biological Products (No Diagnostic Substances),United States,43932535597.0,False,True,False,Proxy (Market-Cap-Rang 1001-3000),2026-09-29
RVSB,Riverview Bancorp Inc,NASDAQ,Finance,Savings Institutions,United States,119955647.0,False,True,False,Proxy (Market-Cap-Rang 1001-3000),2026-09-29
RVSN,Rail Vision Ltd. Ordinary Share,NASDAQ,Industrials,Railroads,Israel,7913791.0,False,True,False,Proxy (Market-Cap-Rang 1001-3000),2026-09-29
RVT,Royce Small-Cap Trust Inc.,NYSE,Finance,Trusts Except Educational Religious and Charitable,United States,1864412468.0,False,False,True,Proxy (Market-Cap-Rang 1001-3000),2026-09-29
RVTY,Revvity Inc.,NYSE,Industrials,Biotechnology: Laboratory Analytical Instruments,United States,16861821055.0,True,False,False,Proxy (Market-Cap-Rang 1001-3000),2026-09-29
RWAY,Runway Growth Finance Corp.,NASDAQ,Finance,Finance: Consumer Services,United States,284149149.0,False,True,True,Proxy (Market-Cap-Rang 1001-3000),2026-09-29
RWT,Redwood Trust Inc.,NYSE,Real Estate,Real Estate Investment Trusts,United States,467278247.0,False,False,True,Proxy (Market-Cap-Rang 1001-3000),2026-09-29
RXO,RXO Inc.,NYSE,Consumer Discretionary,Transportation Services,United States,3263888073.0,False,False,True,Proxy (Market-Cap-Rang 1001-3000),2026-09-29
RXRX,Recursion Pharmaceuticals Inc.,NASDAQ,Health Care,Biotechnology: Biological Products (No Diagnostic Substances),United States,2002179716.0,False,True,True,Proxy (Market-Cap-Rang 1001-3000),2026-09-29
RXST,RxSight Inc.,NASDAQ,Health Care,Ophthalmic Goods,United States,193824573.0,False,True,True,Proxy (Market-Cap-Rang 1001-3000),2026-09-29
RXT,Rackspace Technology Inc.,NASDAQ,Technology,Computer Software: Programming Data Processing,United States,1011845215.0,False,True,True,Proxy (Market-Cap-Rang 1001-3000),2026-09-29
RYAAY,Ryanair Holdings plc American Depositary Shares,NASDAQ,Consumer Discretionary,Air Freight/Delivery Services,Ireland,29100728532.0,False,True,False,Proxy (Market-Cap-Rang 1001-3000),2026-09-29
RYAM,Rayonier Advanced Materials Inc.,NYSE,Basic Materials,Paper,United States,579710863.0,False,False,True,Proxy (Market-Cap-Rang 1001-3000),2026-09-29
RYET,Ruanyun Edai Technology Inc. Ordinary shares,NASDAQ,Technology,Computer Software: Prepackaged Software,China,32023523.0,False,True,False,Proxy (Market-Cap-Rang 1001-3000),2026-09-29
RYM,RYTHM Inc.,NASDAQ,Consumer Staples,Farming/Seeds/Milling,United States,47872000.0,False,True,False,Proxy (Market-Cap-Rang 1001-3000),2026-09-29
RYOJ,rYojbaba Co. Ltd. Common Shares,NASDAQ,Consumer Discretionary,Professional Services,Japan,43081500.0,False,True,False,Proxy (Market-Cap-Rang 1001-3000),2026-09-29
RYTM,Rhythm Pharmaceuticals Inc.,NASDAQ,Health Care,Biotechnology: Pharmaceutical Preparations,United States,6792946410.0,False,True,False,Proxy (Market-Cap-Rang 1001-3000),2026-09-29
RYZ,Ryerson Holding Corporation,NYSE,Industrials,Metal Fabrications,United States,1237782874.0,False,False,True,Proxy (Market-Cap-Rang 1001-3000),2026-09-29
RZLT,Rezolute Inc. Common Stock (NV),NASDAQ,Health Care,Biotechnology: Pharmaceutical Preparations,United States,377217099.0,False,True,True,Proxy (Market-Cap-Rang 1001-3000),2026-09-29
RZLV,Rezolve AI PLC,NASDAQ,Technology,Computer Software: Programming Data Processing,United Kingdom,872854050.0,False,True,False,Proxy (Market-Cap-Rang 1001-3000),2026-09-29
SABR,Sabre Corporation,NASDAQ,Technology,Computer Software: Programming Data Processing,United States,879811407.0,False,True,True,Proxy (Market-Cap-Rang 1001-3000),2026-09-29
SABS,SAB Biotherapeutics Inc.,NASDAQ,Health Care,Biotechnology: Biological Products (No Diagnostic Substances),United States,299345151.0,False,True,True,Proxy (Market-Cap-Rang 1001-3000),2026-09-29
SAFE,Safehold Inc. New Common Stock ,NYSE,Real Estate,Real Estate Investment Trusts,United States,868207593.0,False,False,True,Proxy (Market-Cap-Rang 1001-3000),2026-09-29
SAFT,Safety Insurance Group Inc.,NASDAQ,Finance,Property-Casualty Insurers,United States,1519576692.0,False,True,True,Proxy (Market-Cap-Rang 1001-3000),2026-09-29
SAFX,XCF Global Inc.,NASDAQ,Industrials,Major Chemicals,United States,154947272.0,False,True,True,Proxy (Market-Cap-Rang 1001-3000),2026-09-29
SAGT,SAGTEC GLOBAL LIMITED Class A Ordinary shares,NASDAQ,Technology,Computer Software: Prepackaged Software,Malaysia,12140990.0,False,True,False,Proxy (Market-Cap-Rang 1001-3000),2026-09-29
SAH,Sonic Automotive Inc.,NYSE,Consumer Discretionary,Retail-Auto Dealers and Gas Stations,United States,2053381390.0,False,False,True,Proxy (Market-Cap-Rang 1001-3000),2026-09-29
SAIA,Saia Inc.,NASDAQ,Industrials,Trucking Freight/Courier Services,United States,8648455023.0,False,True,False,Proxy (Market-Cap-Rang 1001-3000),2026-09-29
SAIC,Science Applications International Corporation,NASDAQ,Technology,EDP Services,United States,5556045377.0,False,True,False,Proxy (Market-Cap-Rang 1001-3000),2026-09-29
SAIH,SAIHEAT Limited Class A,NASDAQ,Technology,EDP Services,Singapore,55297446.0,False,True,False,Proxy (Market-Cap-Rang 1001-3000),2026-09-29
SAIL,SailPoint Inc.,NASDAQ,Technology,Computer Software: Prepackaged Software,United States,11783616105.0,False,True,False,Proxy (Market-Cap-Rang 1001-3000),2026-09-29
SAM,Boston Beer Company Inc. (The),NYSE,Consumer Staples,Beverages (Production/Distribution),United States,1685468597.0,False,False,True,Proxy (Market-Cap-Rang 1001-3000),2026-09-29
SAMG,Silvercrest Asset Management Group Inc.,NASDAQ,Finance,Investment Managers,United States,122032000.0,False,True,False,Proxy (Market-Cap-Rang 1001-3000),2026-09-29
SANA,Sana Biotechnology Inc.,NASDAQ,Health Care,Biotechnology: Biological Products (No Diagnostic Substances),United States,881617076.0,False,True,True,Proxy (Market-Cap-Rang 1001-3000),2026-09-29
SANG,Sangoma Technologies Corporation Common Shares,NASDAQ,Technology,Computer Software: Programming Data Processing,Canada,118139705.0,False,True,False,Proxy (Market-Cap-Rang 1001-3000),2026-09-29
SANM,Sanmina Corporation,NASDAQ,Technology,Electrical Products,United States,12047077708.0,False,True,False,Proxy (Market-Cap-Rang 1001-3000),2026-09-29
SAR,Saratoga Investment Corp New,NYSE,Finance,Investment Managers,United States,275144473.0,False,False,True,Proxy (Market-Cap-Rang 1001-3000),2026-09-29
SATL,Satellogic Inc.,NASDAQ,Technology,Radio And Television Broadcasting And Communications Equipment,Uruguay,948575251.0,False,True,False,Proxy (Market-Cap-Rang 1001-3000),2026-09-29
SBAC,SBA Communications Corporation,NASDAQ,Real Estate,Real Estate Investment Trusts,United States,17626539477.0,True,True,False,Proxy (Market-Cap-Rang 1001-3000),2026-09-29
SBC,SBC Medical Group Holdings Incorporated,NASDAQ,Health Care,Medical/Nursing Services,United States,503950021.0,False,True,True,Proxy (Market-Cap-Rang 1001-3000),2026-09-29
SBCF,Seacoast Banking Corporation of Florida,NASDAQ,Finance,Major Banks,United States,3198057051.0,False,True,True,Proxy (Market-Cap-Rang 1001-3000),2026-09-29
SBET,Sharplink Inc.,NASDAQ,Technology,Computer Software: Prepackaged Software,United States,2091863307.0,False,True,True,Proxy (Market-Cap-Rang 1001-3000),2026-09-29
SBFG,SB Financial Group Inc.,NASDAQ,Finance,Major Banks,United States,186714341.0,False,True,True,Proxy (Market-Cap-Rang 1001-3000),2026-09-29
SBFM,Sunshine Biopharma Inc.,NASDAQ,Health Care,Biotechnology: Pharmaceutical Preparations,Canada,3631860.0,False,True,False,Proxy (Market-Cap-Rang 1001-3000),2026-09-29
SBGI,Sinclair Inc.,NASDAQ,Industrials,Broadcasting,United States,924224807.0,False,True,True,Proxy (Market-Cap-Rang 1001-3000),2026-09-29
SBH,Sally Beauty Holdings Inc. (Name to be changed from Sally Holdings Inc.),NYSE,Consumer Discretionary,Other Specialty Stores,United States,1608430977.0,False,False,True,Proxy (Market-Cap-Rang 1001-3000),2026-09-29
SBLK,Star Bulk Carriers Corp. Common Shares,NASDAQ,Consumer Discretionary,Marine Transportation,Greece,3294600631.0,False,True,False,Proxy (Market-Cap-Rang 1001-3000),2026-09-29
SBR,Sabine Royalty Trust,NYSE,Energy,Oil & Gas Production,United States,1046651178.0,False,False,True,Proxy (Market-Cap-Rang 1001-3000),2026-09-29
SBRA,Sabra Health Care REIT Inc.,NASDAQ,Real Estate,Real Estate Investment Trusts,United States,5070935707.0,False,True,True,Proxy (Market-Cap-Rang 1001-3000),2026-09-29
SBSI,Southside Bancshares Inc.,NYSE,Finance,Major Banks,United States,926730098.0,False,False,True,Proxy (Market-Cap-Rang 1001-3000),2026-09-29
SBUX,Starbucks Corporation,NASDAQ,Consumer Discretionary,Restaurants,United States,108140400000.0,True,True,False,Proxy (Market-Cap-Rang 1001-3000),2026-09-29
SCAG,Scage Future American Depositary Shares,NASDAQ,Consumer Discretionary,Construction/Ag Equipment/Trucks,China,17244795.0,False,True,False,Proxy (Market-Cap-Rang 1001-3000),2026-09-29
SCHL,Scholastic Corporation,NASDAQ,Consumer Discretionary,Books,United States,613510115.0,False,True,True,Proxy (Market-Cap-Rang 1001-3000),2026-09-29
SCHW,Charles Schwab Corporation (The),NYSE,Finance,Investment Bankers/Brokers/Service,United States,171256115757.0,True,False,False,Proxy (Market-Cap-Rang 1001-3000),2026-09-29
SCII,SC II Acquisition Corp. Class A ordinary share,NASDAQ,Unknown,Unknown,United States,0.0,False,True,False,Proxy (Market-Cap-Rang 1001-3000),2026-09-29
SCKT,Socket Mobile Inc.,NASDAQ,Technology,Computer Manufacturing,United States,3999907.0,False,True,False,Proxy (Market-Cap-Rang 1001-3000),2026-09-29
SCL,Stepan Company,NYSE,Consumer Discretionary,Package Goods/Cosmetics,United States,1466930806.0,False,False,True,Proxy (Market-Cap-Rang 1001-3000),2026-09-29
SCLX,Scilex Holding Company,NASDAQ,Health Care,Biotechnology: Biological Products (No Diagnostic Substances),United States,41530770.0,False,True,False,Proxy (Market-Cap-Rang 1001-3000),2026-09-29
SCM,Stellus Capital Investment Corporation,NYSE,Finance,Finance/Investors Services,United States,217871518.0,False,False,True,Proxy (Market-Cap-Rang 1001-3000),2026-09-29
SCNI,Scinai Immunotherapeutics Ltd. American Depositary Shares,NASDAQ,Health Care,Biotechnology: Biological Products (No Diagnostic Substances),Israel,2097503.0,False,True,False,Proxy (Market-Cap-Rang 1001-3000),2026-09-29
SCNX,Scienture Holdings Inc.,NASDAQ,Health Care,Biotechnology: Pharmaceutical Preparations,United States,11391194.0,False,True,False,Proxy (Market-Cap-Rang 1001-3000),2026-09-29
SCOR,comScore Inc.,NASDAQ,Consumer Discretionary,Business Services,United States,74555041.0,False,True,False,Proxy (Market-Cap-Rang 1001-3000),2026-09-29
SCPQ,Social Commerce Partners Corporation Class A,NASDAQ,Unknown,Unknown,United States,0.0,False,True,False,Proxy (Market-Cap-Rang 1001-3000),2026-09-29
SCSC,ScanSource Inc.,NASDAQ,Technology,Retail: Computer Software & Peripheral Equipment,United States,1174325940.0,False,True,True,Proxy (Market-Cap-Rang 1001-3000),2026-09-29
SCTX,Scribe Therapeutics Inc.,NASDAQ,Health Care,Biotechnology: Biological Products (No Diagnostic Substances),United States,402866150.0,False,True,True,Proxy (Market-Cap-Rang 1001-3000),2026-09-29
SCWO,374Water Inc.,NASDAQ,Consumer Discretionary,Metal Fabrications,United States,53331665.0,False,True,False,Proxy (Market-Cap-Rang 1001-3000),2026-09-29
SCYX,SCYNEXIS Inc.,NASDAQ,Health Care,Biotechnology: Pharmaceutical Preparations,United States,43678784.0,False,True,False,Proxy (Market-Cap-Rang 1001-3000),2026-09-29
SCZM,Santacruz Silver Mining Ltd. Common Shares,NASDAQ,Basic Materials,Precious Metals,Canada,881547892.0,False,True,False,Proxy (Market-Cap-Rang 1001-3000),2026-09-29
SD,SandRidge Energy Inc.,NYSE,Energy,Oil & Gas Production,United States,514234356.0,False,False,True,Proxy (Market-Cap-Rang 1001-3000),2026-09-29
SDA,SunCar Technology Group Inc. Class A,NASDAQ,Consumer Discretionary,Automotive Aftermarket,Hong Kong,55359508.0,False,True,False,Proxy (Market-Cap-Rang 1001-3000),2026-09-29
SDGR,Schrodinger Inc.,NASDAQ,Health Care,Biotechnology: Pharmaceutical Preparations,United States,2158142368.0,False,True,True,Proxy (Market-Cap-Rang 1001-3000),2026-09-29
SDHC,Smith Douglas Homes Corp.,NYSE,Consumer Discretionary,Homebuilding,United States,522515757.0,False,False,True,Proxy (Market-Cap-Rang 1001-3000),2026-09-29
SDOT,Sadot Group Inc.,NASDAQ,Consumer Discretionary,Restaurants,United States,16017656.0,False,True,False,Proxy (Market-Cap-Rang 1001-3000),2026-09-29
SDST,Stardust Power Inc.,NASDAQ,Industrials,Major Chemicals,United States,4455357.0,False,True,False,Proxy (Market-Cap-Rang 1001-3000),2026-09-29
SEAT,Vivid Seats Inc.,NASDAQ,Consumer Discretionary,Services-Misc. Amusement & Recreation,United States,43334981.0,False,True,False,Proxy (Market-Cap-Rang 1001-3000),2026-09-29
SEB,Seaboard Corporation,AMEX,Industrials,Farming/Seeds/Milling,United States,3801656789.0,False,False,True,Proxy (Market-Cap-Rang 1001-3000),2026-09-29
SEDG,SolarEdge Technologies Inc.,NASDAQ,Technology,Semiconductors,Israel,2010661445.0,False,True,False,Proxy (Market-Cap-Rang 1001-3000),2026-09-29
SEED,Origin Agritech Limited,NASDAQ,Consumer Staples,Farming/Seeds/Milling,China,11050609.0,False,True,False,Proxy (Market-Cap-Rang 1001-3000),2026-09-29
SEER,Seer Inc.,NASDAQ,Industrials,Biotechnology: Laboratory Analytical Instruments,United States,105760549.0,False,True,False,Proxy (Market-Cap-Rang 1001-3000),2026-09-29
SEG,Seaport Entertainment Group Inc.,NYSE,Consumer Discretionary,Services-Misc. Amusement & Recreation,United States,299743142.0,False,False,True,Proxy (Market-Cap-Rang 1001-3000),2026-09-29
SEGG,Sports Entertainment Gaming Global Corporation,NASDAQ,Technology,Computer Software: Prepackaged Software,United States,9354728.0,False,True,False,Proxy (Market-Cap-Rang 1001-3000),2026-09-29
SEIC,SEI Investments Company,NASDAQ,Finance,Investment Bankers/Brokers/Service,United States,12680026578.0,False,True,False,Proxy (Market-Cap-Rang 1001-3000),2026-09-29
SELF,Global Self Storage Inc.,NASDAQ,Real Estate,Real Estate Investment Trusts,United States,57678171.0,False,True,False,Proxy (Market-Cap-Rang 1001-3000),2026-09-29
SENEA,Seneca Foods Corp.,NASDAQ,Consumer Staples,Packaged Foods,United States,1236556507.0,False,True,True,Proxy (Market-Cap-Rang 1001-3000),2026-09-29
SENEB,Seneca Foods Corp.,NASDAQ,Consumer Staples,Packaged Foods,United States,1268780360.0,False,True,True,Proxy (Market-Cap-Rang 1001-3000),2026-09-29
SENS,Senseonics Holdings Inc.,NASDAQ,Health Care,Medical/Dental Instruments,United States,528740530.0,False,True,True,Proxy (Market-Cap-Rang 1001-3000),2026-09-29
SEPN,Septerna Inc.,NASDAQ,Health Care,Biotechnology: Pharmaceutical Preparations,United States,1762988288.0,False,True,True,Proxy (Market-Cap-Rang 1001-3000),2026-09-29
SERA,Sera Prognostics Inc.,NASDAQ,Health Care,Medical Specialities,United States,80476911.0,False,True,False,Proxy (Market-Cap-Rang 1001-3000),2026-09-29
SERV,Serve Robotics Inc.,NASDAQ,Industrials,Industrial Machinery/Components,United States,385848406.0,False,True,True,Proxy (Market-Cap-Rang 1001-3000),2026-09-29
SES,SES AI Corporation,NYSE,Miscellaneous,Industrial Machinery/Components,United States,198453115.0,False,False,True,Proxy (Market-Cap-Rang 1001-3000),2026-09-29
SEV,Aptera Motors Corp.,NASDAQ,Industrials,Auto Manufacturing,United States,79869956.0,False,True,False,Proxy (Market-Cap-Rang 1001-3000),2026-09-29
SEVN,Seven Hills Realty Trust,NASDAQ,Real Estate,Real Estate Investment Trusts,United States,165846356.0,False,True,True,Proxy (Market-Cap-Rang 1001-3000),2026-09-29
SEZL,Sezzle Inc.,NASDAQ,Finance,Finance: Consumer Services,United States,3750723059.0,False,True,True,Proxy (Market-Cap-Rang 1001-3000),2026-09-29
SFBC,Sound Financial Bancorp Inc.,NASDAQ,Finance,Savings Institutions,United States,109706797.0,False,True,False,Proxy (Market-Cap-Rang 1001-3000),2026-09-29
SFBS,ServisFirst Bancshares Inc.,NYSE,Finance,Major Banks,United States,4517042776.0,False,False,True,Proxy (Market-Cap-Rang 1001-3000),2026-09-29
SFD,Smithfield Foods Inc.,NASDAQ,Consumer Staples,Meat/Poultry/Fish,United States,7497331886.0,False,True,False,Proxy (Market-Cap-Rang 1001-3000),2026-09-29
SFHG,Samfine Creation Holdings Group Limited Class A Ordinary Share,NASDAQ,Consumer Discretionary,Publishing,Hong Kong,9581600.0,False,True,False,Proxy (Market-Cap-Rang 1001-3000),2026-09-29
SFIX,Stitch Fix Inc.,NASDAQ,Consumer Discretionary,Catalog/Specialty Distribution,United States,287915945.0,False,True,True,Proxy (Market-Cap-Rang 1001-3000),2026-09-29
SFM,Sprouts Farmers Market Inc.,NASDAQ,Consumer Staples,Food Chains,United States,5827044086.0,False,True,False,Proxy (Market-Cap-Rang 1001-3000),2026-09-29
SFNC,Simmons First National Corporation,NASDAQ,Finance,Major Banks,United States,3357055318.0,False,True,True,Proxy (Market-Cap-Rang 1001-3000),2026-09-29
SFST,Southern First Bancshares Inc.,NASDAQ,Finance,Major Banks,United States,574177788.0,False,True,True,Proxy (Market-Cap-Rang 1001-3000),2026-09-29
SFWL,Shengfeng Development Limited Class A,NASDAQ,Industrials,Trucking Freight/Courier Services,China,51533445.0,False,True,False,Proxy (Market-Cap-Rang 1001-3000),2026-09-29
SG,Sweetgreen Inc.,NYSE,Consumer Discretionary,Restaurants,United States,980900436.0,False,False,True,Proxy (Market-Cap-Rang 1001-3000),2026-09-29
SGA,Saga Communications Inc. Class A Common Stock (FL),NASDAQ,Consumer Discretionary,Broadcasting,United States,54678697.0,False,True,False,Proxy (Market-Cap-Rang 1001-3000),2026-09-29
SGC,Superior Group of Companies Inc.,NASDAQ,Consumer Discretionary,Apparel,United States,205374189.0,False,True,True,Proxy (Market-Cap-Rang 1001-3000),2026-09-29
SGHT,Sight Sciences Inc.,NASDAQ,Health Care,Medical/Dental Instruments,United States,491935751.0,False,True,True,Proxy (Market-Cap-Rang 1001-3000),2026-09-29
SGLD,Scorpio Gold Corporation American Depositary Shares ,NASDAQ,Unknown,Unknown,Canada,67848183.0,False,True,False,Proxy (Market-Cap-Rang 1001-3000),2026-09-29
SGLY,Singularity Future Technology Ltd.,NASDAQ,Industrials,Integrated Freight & Logistics,United States,4696973.0,False,True,False,Proxy (Market-Cap-Rang 1001-3000),2026-09-29
SGML,Sigma Lithium Corporation Common Shares,NASDAQ,Basic Materials,Metal Mining,Canada,1078404439.0,False,True,False,Proxy (Market-Cap-Rang 1001-3000),2026-09-29
SGMT,Sagimet Biosciences Inc. Series A,NASDAQ,Health Care,Biotechnology: Pharmaceutical Preparations,United States,569102309.0,False,True,True,Proxy (Market-Cap-Rang 1001-3000),2026-09-29
SGP,SpyGlass Pharma Inc.,NASDAQ,Health Care,Medical/Dental Instruments,United States,905436792.0,False,True,True,Proxy (Market-Cap-Rang 1001-3000),2026-09-29
SGRX,SANGRIX INC. Class A,NASDAQ,Finance,Finance: Consumer Services,United States,2740288.0,False,True,False,Proxy (Market-Cap-Rang 1001-3000),2026-09-29
SGRY,Surgery Partners Inc.,NASDAQ,Health Care,Hospital/Nursing Management,United States,1885222944.0,False,True,True,Proxy (Market-Cap-Rang 1001-3000),2026-09-29
SGU,Star Group L.P.,NYSE,Consumer Discretionary,Other Specialty Stores,United States,420967901.0,False,False,True,Proxy (Market-Cap-Rang 1001-3000),2026-09-29
SHAK,Shake Shack Inc.,NYSE,Consumer Discretionary,Restaurants,United States,2377481006.0,False,False,True,Proxy (Market-Cap-Rang 1001-3000),2026-09-29
SHAZ,SharonAI Holdings Inc.,NASDAQ,Technology,EDP Services,United States,1957735653.0,False,True,True,Proxy (Market-Cap-Rang 1001-3000),2026-09-29
SHBI,Shore Bancshares Inc,NASDAQ,Finance,Major Banks,United States,767896071.0,False,True,True,Proxy (Market-Cap-Rang 1001-3000),2026-09-29
SHC,Sotera Health Company,NASDAQ,Health Care,Misc Health and Biotechnology Services,United States,5233773740.0,False,True,True,Proxy (Market-Cap-Rang 1001-3000),2026-09-29
SHEN,Shenandoah Telecommunications Co,NASDAQ,Telecommunications,Telecommunications Equipment,United States,627568637.0,False,True,True,Proxy (Market-Cap-Rang 1001-3000),2026-09-29
SHFS,SHF Holdings Inc.,NASDAQ,Finance,Finance: Consumer Services,United States,1938741.0,False,True,False,Proxy (Market-Cap-Rang 1001-3000),2026-09-29
SHIM,Shimmick Corporation,NASDAQ,Industrials,Military/Government/Technical,United States,130414522.0,False,True,False,Proxy (Market-Cap-Rang 1001-3000),2026-09-29
SHIP,Seanergy Maritime Holdings Corp.,NASDAQ,Consumer Discretionary,Marine Transportation,Greece,359692087.0,False,True,False,Proxy (Market-Cap-Rang 1001-3000),2026-09-29
SHLS,Shoals Technologies Group Inc.,NASDAQ,Technology,Semiconductors,United States,1257200627.0,False,True,True,Proxy (Market-Cap-Rang 1001-3000),2026-09-29
SHMD,SCHMID Group N.V. Class A,NASDAQ,Technology,Industrial Machinery/Components,Germany,266390406.0,False,True,False,Proxy (Market-Cap-Rang 1001-3000),2026-09-29
SHO,Sunstone Hotel Investors Inc. Sunstone Hotel Investors Inc. Common Shares,NYSE,Consumer Discretionary,Hotels/Resorts,United States,2080712700.0,False,False,True,Proxy (Market-Cap-Rang 1001-3000),2026-09-29
SHOE,Shoe Station Group Inc.,NASDAQ,Consumer Discretionary,Clothing/Shoe/Accessory Stores,United States,353389595.0,False,True,True,Proxy (Market-Cap-Rang 1001-3000),2026-09-29
SHOO,Steven Madden Ltd.,NASDAQ,Consumer Discretionary,Shoe Manufacturing,United States,3297359901.0,False,True,True,Proxy (Market-Cap-Rang 1001-3000),2026-09-29
SHOP,Shopify Inc. Class A Subordinate Voting Shares,NASDAQ,Technology,Computer Software: Prepackaged Software,Canada,184329118306.0,False,True,False,Proxy (Market-Cap-Rang 1001-3000),2026-09-29
SHOT,RMG ML Sports Holdings Class A,NASDAQ,Unknown,Unknown,United States,0.0,False,True,False,Proxy (Market-Cap-Rang 1001-3000),2026-09-29
SHPH,Shuttle Pharmaceuticals Holdings Inc.,NASDAQ,Health Care,Biotechnology: Pharmaceutical Preparations,United States,19106431.0,False,True,False,Proxy (Market-Cap-Rang 1001-3000),2026-09-29
SHW,Sherwin-Williams Company (The),NYSE,Consumer Discretionary,RETAIL: Building Materials,United States,79891707494.0,True,False,False,Proxy (Market-Cap-Rang 1001-3000),2026-09-29
SI,Shoulder Innovations Inc.,NYSE,Health Care,Medical/Dental Instruments,United States,353714079.0,False,False,True,Proxy (Market-Cap-Rang 1001-3000),2026-09-29
SIBN,SI-BONE Inc.,NASDAQ,Health Care,Medical/Dental Instruments,United States,833177309.0,False,True,True,Proxy (Market-Cap-Rang 1001-3000),2026-09-29
SIDU,Sidus Space Inc.,NASDAQ,Telecommunications,Telecommunications Equipment,United States,214597691.0,False,True,True,Proxy (Market-Cap-Rang 1001-3000),2026-09-29
SIEB,Siebert Financial Corp.,NASDAQ,Finance,Investment Bankers/Brokers/Service,United States,90422059.0,False,True,False,Proxy (Market-Cap-Rang 1001-3000),2026-09-29
SIFY,Sify Technologies Limited American Depositary Shares,NASDAQ,Technology,Computer Software: Programming Data Processing,India,967002110.0,False,True,False,Proxy (Market-Cap-Rang 1001-3000),2026-09-29
SIGA,SIGA Technologies Inc.,NASDAQ,Health Care,Biotechnology: Pharmaceutical Preparations,United States,247881520.0,False,True,True,Proxy (Market-Cap-Rang 1001-3000),2026-09-29
SIGI,Selective Insurance Group Inc.,NASDAQ,Finance,Property-Casualty Insurers,United States,5130092528.0,False,True,True,Proxy (Market-Cap-Rang 1001-3000),2026-09-29
SILC,Silicom Ltd,NASDAQ,Telecommunications,Computer Communications Equipment,Israel,303358909.0,False,True,False,Proxy (Market-Cap-Rang 1001-3000),2026-09-29
SILO,Silo Pharma Inc.,NASDAQ,Health Care,Biotechnology: Pharmaceutical Preparations,United States,3068188.0,False,True,False,Proxy (Market-Cap-Rang 1001-3000),2026-09-29
SIMA,SIM Acquisition Corp. I Class A,NASDAQ,Miscellaneous,Industrial Machinery/Components,United States,0.0,False,True,False,Proxy (Market-Cap-Rang 1001-3000),2026-09-29
SIMO,Silicon Motion Technology Corporation American Depositary Shares,NASDAQ,Technology,Semiconductors,Taiwan,9366471754.0,False,True,False,Proxy (Market-Cap-Rang 1001-3000),2026-09-29
SINT,SiNtx Technologies Inc.,NASDAQ,Health Care,Medical/Dental Instruments,United States,12529324.0,False,True,False,Proxy (Market-Cap-Rang 1001-3000),2026-09-29
SION,Sionna Therapeutics Inc.,NASDAQ,Health Care,Biotechnology: Pharmaceutical Preparations,United States,236460847.0,False,True,True,Proxy (Market-Cap-Rang 1001-3000),2026-09-29
SIRI,SiriusXM Holdings Inc.,NASDAQ,Consumer Discretionary,Broadcasting,United States,8714864467.0,False,True,False,Proxy (Market-Cap-Rang 1001-3000),2026-09-29
SITC,SITE Centers Corp.,NYSE,Real Estate,Real Estate Investment Trusts,United States,160574537.0,False,False,True,Proxy (Market-Cap-Rang 1001-3000),2026-09-29
SITE,SiteOne Landscape Supply Inc.,NYSE,Consumer Discretionary,Professional and commerical equipment,United States,3986173661.0,False,False,True,Proxy (Market-Cap-Rang 1001-3000),2026-09-29
SITM,SiTime Corporation,NASDAQ,Technology,Semiconductors,United States,19915145012.0,False,True,False,Proxy (Market-Cap-Rang 1001-3000),2026-09-29
SJ,Scienjoy Holding Corporation Class A Ordinary Shares ,NASDAQ,Technology,EDP Services,China,29299310.0,False,True,False,Proxy (Market-Cap-Rang 1001-3000),2026-09-29
SJM,The J.M. Smucker Company,NYSE,Consumer Staples,Packaged Foods,United States,12925605143.0,True,False,False,Proxy (Market-Cap-Rang 1001-3000),2026-09-29
SJT,San Juan Basin Royalty Trust,NYSE,Energy,Oil & Gas Production,United States,159402082.0,False,False,True,Proxy (Market-Cap-Rang 1001-3000),2026-09-29
SKHY,SK hynix Inc. American Depositary Shares,NASDAQ,Technology,Semiconductors,South Korea,1396214751800.0,False,True,False,Proxy (Market-Cap-Rang 1001-3000),2026-09-29
SKIN,SkinHealth Systems Inc.,NASDAQ,Health Care,Medical/Dental Instruments,United States,86517579.0,False,True,False,Proxy (Market-Cap-Rang 1001-3000),2026-09-29
SKK,SKK Holdings Limited Class A,NASDAQ,Industrials,Water Sewer Pipeline Comm & Power Line Construction,Singapore,14165927.0,False,True,False,Proxy (Market-Cap-Rang 1001-3000),2026-09-29
SKT,Tanger Inc.,NYSE,Real Estate,Real Estate Investment Trusts,United States,3989747288.0,False,False,True,Proxy (Market-Cap-Rang 1001-3000),2026-09-29
SKWD,Skyward Specialty Insurance Group Inc.,NASDAQ,Finance,Property-Casualty Insurers,United States,2432039887.0,False,True,True,Proxy (Market-Cap-Rang 1001-3000),2026-09-29
SKY,Champion Homes Inc.,NYSE,Consumer Discretionary,Homebuilding,United States,4761453354.0,False,False,True,Proxy (Market-Cap-Rang 1001-3000),2026-09-29
SKYA,SkyAI Inc.,NASDAQ,Health Care,Medical/Dental Instruments,United States,81305311.0,False,True,False,Proxy (Market-Cap-Rang 1001-3000),2026-09-29
SKYE,Skye Bioscience Inc.,NASDAQ,Health Care,Biotechnology: Pharmaceutical Preparations,United States,7394221.0,False,True,False,Proxy (Market-Cap-Rang 1001-3000),2026-09-29
SKYH,Sky Harbour Group Corporation,NYSE,Finance,Real Estate,United States,817111375.0,False,False,True,Proxy (Market-Cap-Rang 1001-3000),2026-09-29
SKYQ,Sky Quarry Inc.,NASDAQ,Industrials,Environmental Services,United States,23585151.0,False,True,False,Proxy (Market-Cap-Rang 1001-3000),2026-09-29
SKYW,SkyWest Inc.,NASDAQ,Consumer Discretionary,Air Freight/Delivery Services,United States,3971749364.0,False,True,True,Proxy (Market-Cap-Rang 1001-3000),2026-09-29
SKYX,SKYX Platforms Corp.,NASDAQ,Consumer Discretionary,Building Products,United States,166580123.0,False,True,True,Proxy (Market-Cap-Rang 1001-3000),2026-09-29
SLAB,Silicon Laboratories Inc.,NASDAQ,Technology,Semiconductors,United States,7382062204.0,False,True,False,Proxy (Market-Cap-Rang 1001-3000),2026-09-29
SLB,SLB Limited Common Shares,NYSE,Energy,Oilfield Services/Equipment,France,76492742126.0,True,False,False,Proxy (Market-Cap-Rang 1001-3000),2026-09-29
SLBT,SL Science Holding Limited,NASDAQ,Health Care,Biotechnology: Biological Products (No Diagnostic Substances),Taiwan,880392818.0,False,True,False,Proxy (Market-Cap-Rang 1001-3000),2026-09-29
SLDB,Solid Biosciences Inc.,NASDAQ,Health Care,Biotechnology: Biological Products (No Diagnostic Substances),United States,781671985.0,False,True,True,Proxy (Market-Cap-Rang 1001-3000),2026-09-29
SLDE,Slide Insurance Holdings Inc.,NASDAQ,Finance,Property-Casualty Insurers,United States,2698350709.0,False,True,True,Proxy (Market-Cap-Rang 1001-3000),2026-09-29
SLDP,Solid Power Inc.,NASDAQ,Miscellaneous,Industrial Machinery/Components,United States,545353097.0,False,True,True,Proxy (Market-Cap-Rang 1001-3000),2026-09-29
SLE,Super League Enterprise Inc.,NASDAQ,Technology,EDP Services,United States,12440050.0,False,True,False,Proxy (Market-Cap-Rang 1001-3000),2026-09-29
SLG,SL Green Realty Corp,NYSE,Real Estate,Real Estate Investment Trusts,United States,3614053756.0,False,False,True,Proxy (Market-Cap-Rang 1001-3000),2026-09-29
SLGB,Smart Logistics Global Limited Class A,NASDAQ,Industrials,Integrated Freight & Logistics,Hong Kong,13450500.0,False,True,False,Proxy (Market-Cap-Rang 1001-3000),2026-09-29
SLGL,Sol-Gel Technologies Ltd.,NASDAQ,Health Care,Biotechnology: Pharmaceutical Preparations,Israel,218866833.0,False,True,False,Proxy (Market-Cap-Rang 1001-3000),2026-09-29
SLGN,Silgan Holdings Inc.,NYSE,Industrials,Containers/Packaging,United States,3795041338.0,False,False,True,Proxy (Market-Cap-Rang 1001-3000),2026-09-29
SLM,SLM Corporation,NASDAQ,Finance,Finance: Consumer Services,United States,4446825026.0,False,True,True,Proxy (Market-Cap-Rang 1001-3000),2026-09-29
SLMT,Brera Holdings PLC Class B,NASDAQ,Consumer Discretionary,Services-Misc. Amusement & Recreation,Ireland,52624425.0,False,True,False,Proxy (Market-Cap-Rang 1001-3000),2026-09-29
SLN,Silence Therapeutics Plc American Depository Share,NASDAQ,Health Care,Biotechnology: Pharmaceutical Preparations,United Kingdom,523224000.0,False,True,False,Proxy (Market-Cap-Rang 1001-3000),2026-09-29
SLNG,Stabilis Solutions Inc.,NASDAQ,Utilities,Oil/Gas Transmission,United States,97630580.0,False,True,False,Proxy (Market-Cap-Rang 1001-3000),2026-09-29
SLNH,Soluna Holdings Inc.,NASDAQ,Technology,EDP Services,United States,300976497.0,False,True,True,Proxy (Market-Cap-Rang 1001-3000),2026-09-29
SLP,Simulations Plus Inc.,NASDAQ,Technology,EDP Services,United States,373350509.0,False,True,True,Proxy (Market-Cap-Rang 1001-3000),2026-09-29
SLRC,SLR Investment Corp.,NASDAQ,Finance,Finance/Investors Services,United States,640471403.0,False,True,True,Proxy (Market-Cap-Rang 1001-3000),2026-09-29
SLS,SELLAS Life Sciences Group Inc.,NASDAQ,Health Care,Biotechnology: Pharmaceutical Preparations,United States,2344589681.0,False,True,True,Proxy (Market-Cap-Rang 1001-3000),2026-09-29
SLSN,Solesence Inc.,NASDAQ,Consumer Discretionary,Package Goods/Cosmetics,United States,58312071.0,False,True,False,Proxy (Market-Cap-Rang 1001-3000),2026-09-29
SLVM,Sylvamo Corporation,NYSE,Basic Materials,Paper,United States,1429778338.0,False,False,True,Proxy (Market-Cap-Rang 1001-3000),2026-09-29
SLXN,Silexion Therapeutics Corp,NASDAQ,Health Care,Biotechnology: Biological Products (No Diagnostic Substances),Israel,1498253.0,False,True,False,Proxy (Market-Cap-Rang 1001-3000),2026-09-29
SMA,SmartStop Self Storage REIT Inc.,NYSE,Real Estate,Real Estate Investment Trusts,United States,1756855292.0,False,False,True,Proxy (Market-Cap-Rang 1001-3000),2026-09-29
SMBC,Southern Missouri Bancorp Inc.,NASDAQ,Finance,Banks,United States,795819541.0,False,True,True,Proxy (Market-Cap-Rang 1001-3000),2026-09-29
SMBK,SmartFinancial Inc.,NYSE,Finance,Major Banks,United States,860395161.0,False,False,True,Proxy (Market-Cap-Rang 1001-3000),2026-09-29
SMC,Summit Midstream Corporation,NYSE,Utilities,Natural Gas Distribution,United States,625489018.0,False,False,True,Proxy (Market-Cap-Rang 1001-3000),2026-09-29
SMCI,Super Micro Computer Inc.,NASDAQ,Technology,Computer Manufacturing,United States,28420322512.0,True,True,False,Proxy (Market-Cap-Rang 1001-3000),2026-09-29
SMG,Scotts Miracle-Gro Company (The),NYSE,Industrials,Agricultural Chemicals,United States,2962829744.0,False,False,True,Proxy (Market-Cap-Rang 1001-3000),2026-09-29
SMHI,SEACOR Marine Holdings Inc. Common Stock ,NYSE,Consumer Discretionary,Marine Transportation,United States,236869571.0,False,False,True,Proxy (Market-Cap-Rang 1001-3000),2026-09-29
SMID,Smith-Midland Corporation,NASDAQ,Industrials,Building Materials,United States,128795834.0,False,True,False,Proxy (Market-Cap-Rang 1001-3000),2026-09-29
SMMT,Summit Therapeutics Inc. Common Stock ,NASDAQ,Health Care,Biotechnology: Pharmaceutical Preparations,United States,12452871287.0,False,True,False,Proxy (Market-Cap-Rang 1001-3000),2026-09-29
SMP,Standard Motor Products Inc.,NYSE,Consumer Discretionary,Auto Parts:O.E.M.,United States,842005643.0,False,False,True,Proxy (Market-Cap-Rang 1001-3000),2026-09-29
SMPL,The Simply Good Foods Company,NASDAQ,Consumer Staples,Packaged Foods,United States,849221232.0,False,True,True,Proxy (Market-Cap-Rang 1001-3000),2026-09-29
SMR,NuScale Power Corporation,NYSE,Industrials,Metal Fabrications,United States,3618269950.0,False,False,True,Proxy (Market-Cap-Rang 1001-3000),2026-09-29
SMRT,SmartRent Inc.,NYSE,Technology,EDP Services,United States,228018041.0,False,False,True,Proxy (Market-Cap-Rang 1001-3000),2026-09-29
SMSI,Smith Micro Software Inc.,NASDAQ,Technology,Computer Software: Prepackaged Software,United States,15148575.0,False,True,False,Proxy (Market-Cap-Rang 1001-3000),2026-09-29
SMTC,Semtech Corporation,NASDAQ,Technology,Semiconductors,United States,17013261620.0,False,True,False,Proxy (Market-Cap-Rang 1001-3000),2026-09-29
SMTI,Sanara MedTech Inc.,NASDAQ,Health Care,Industrial Specialties,United States,322132507.0,False,True,True,Proxy (Market-Cap-Rang 1001-3000),2026-09-29
SMTK,SmartKem Inc.,NASDAQ,Technology,Semiconductors,United States,1885154.0,False,True,False,Proxy (Market-Cap-Rang 1001-3000),2026-09-29
SMX,SMX (Security Matters) Public Limited Company,NASDAQ,Technology,Industrial Machinery/Components,Ireland,8719750.0,False,True,False,Proxy (Market-Cap-Rang 1001-3000),2026-09-29
SMXT,Solarmax Technology Inc.,NASDAQ,Consumer Discretionary,Engineering & Construction,United States,11001939.0,False,True,False,Proxy (Market-Cap-Rang 1001-3000),2026-09-29
SNA,Snap-On Incorporated,NYSE,Consumer Discretionary,Industrial Machinery/Components,United States,19097654181.0,True,False,False,Proxy (Market-Cap-Rang 1001-3000),2026-09-29
SNAL,Snail Inc.,NASDAQ,Technology,Computer Software: Prepackaged Software,United States,22389528.0,False,True,False,Proxy (Market-Cap-Rang 1001-3000),2026-09-29
SND,Smart Sand Inc.,NASDAQ,Industrials,Mining & Quarrying of Nonmetallic Minerals (No Fuels),United States,221747089.0,False,True,True,Proxy (Market-Cap-Rang 1001-3000),2026-09-29
SNDA,Sonida Senior Living Inc.,NYSE,Health Care,Hospital/Nursing Management,United States,1811889703.0,False,False,True,Proxy (Market-Cap-Rang 1001-3000),2026-09-29
SNDK,Sandisk Corporation,NASDAQ,Technology,Electronic Components,United States,260303699978.0,True,True,False,Proxy (Market-Cap-Rang 1001-3000),2026-09-29
SNDL,SNDL Inc. Common Shares,NASDAQ,Health Care, Medicinal Chemicals and Botanical Products ,Canada,344569180.0,False,True,False,Proxy (Market-Cap-Rang 1001-3000),2026-09-29
SNDX,Syndax Pharmaceuticals Inc.,NASDAQ,Health Care,Biotechnology: Pharmaceutical Preparations,United States,1625206965.0,False,True,True,Proxy (Market-Cap-Rang 1001-3000),2026-09-29
SNES,SenesTech Inc.,NASDAQ,Industrials,Agricultural Chemicals,United States,3872409.0,False,True,False,Proxy (Market-Cap-Rang 1001-3000),2026-09-29
SNEX,StoneX Group Inc.,NASDAQ,Finance,Investment Bankers/Brokers/Service,United States,8058404065.0,False,True,False,Proxy (Market-Cap-Rang 1001-3000),2026-09-29
SNFCA,Security National Financial Corporation,NASDAQ,Finance,Finance: Consumer Services,United States,239277506.0,False,True,True,Proxy (Market-Cap-Rang 1001-3000),2026-09-29
SNGX,Soligenix Inc.,NASDAQ,Health Care,Biotechnology: Pharmaceutical Preparations,United States,8364474.0,False,True,False,Proxy (Market-Cap-Rang 1001-3000),2026-09-29
SNOA,Sonoma Pharmaceuticals Inc.,NASDAQ,Health Care,Medical/Dental Instruments,United States,6081300.0,False,True,False,Proxy (Market-Cap-Rang 1001-3000),2026-09-29
SNPS,Synopsys Inc.,NASDAQ,Technology,Computer Software: Prepackaged Software,United States,81591218401.0,True,True,False,Proxy (Market-Cap-Rang 1001-3000),2026-09-29
SNT,Senstar Technologies Corporation Common Shares,NASDAQ,Telecommunications,Telecommunications Equipment,Canada,37563961.0,False,True,False,Proxy (Market-Cap-Rang 1001-3000),2026-09-29
SNTG,Sentage Holdings Inc. Class A,NASDAQ,Finance,Finance: Consumer Services,China,4769053.0,False,True,False,Proxy (Market-Cap-Rang 1001-3000),2026-09-29
SNTI,Senti Biosciences Holdings Inc.,NASDAQ,Health Care,Biotechnology: Biological Products (No Diagnostic Substances),United States,10255967.0,False,True,False,Proxy (Market-Cap-Rang 1001-3000),2026-09-29
SNWV,SANUWAVE Health Inc.,NASDAQ,Health Care,Medical/Dental Instruments,United States,43355637.0,False,True,False,Proxy (Market-Cap-Rang 1001-3000),2026-09-29
SNY,Sanofi ADS,NASDAQ,Health Care,Biotechnology: Pharmaceutical Preparations,France,100261295833.0,False,True,False,Proxy (Market-Cap-Rang 1001-3000),2026-09-29
SO,Southern Company (The),NYSE,Utilities,Electric Utilities: Central,United States,95342082622.0,True,False,False,Proxy (Market-Cap-Rang 1001-3000),2026-09-29
SOC,Sable Offshore Corp.,NYSE,Energy,Oil & Gas Production,United States,744453939.0,False,False,True,Proxy (Market-Cap-Rang 1001-3000),2026-09-29
SOCA,Solarius Capital Acquisition Corp. Class A Ordinary Share,NASDAQ,Unknown,Unknown,United States,0.0,False,True,False,Proxy (Market-Cap-Rang 1001-3000),2026-09-29
SOFI,SoFi Technologies Inc. Common Stock  ,NASDAQ,Finance,Finance: Consumer Services,United States,21414235972.0,False,True,False,Proxy (Market-Cap-Rang 1001-3000),2026-09-29
SOGP,Sound Group Inc. American Depositary Shares,NASDAQ,Technology,Computer Software: Programming Data Processing,China,50799357.0,False,True,False,Proxy (Market-Cap-Rang 1001-3000),2026-09-29
SOHU,Sohu.com Limited American Depositary Shares,NASDAQ,Technology,EDP Services,China,340200737.0,False,True,False,Proxy (Market-Cap-Rang 1001-3000),2026-09-29
SOLS,Solstice Advanced Materials Inc. Common Stock ,NASDAQ,Industrials,Major Chemicals,United States,8998703454.0,False,True,False,Proxy (Market-Cap-Rang 1001-3000),2026-09-29
SOLV,Solventum Corporation,NYSE,Health Care,Medical/Dental Instruments,United States,15235023746.0,True,False,False,Proxy (Market-Cap-Rang 1001-3000),2026-09-29
SON,Sonoco Products Company,NYSE,Consumer Discretionary,Containers/Packaging,United States,4949682650.0,False,False,True,Proxy (Market-Cap-Rang 1001-3000),2026-09-29
SONM,DNA X Inc.,NASDAQ,Utilities,Telecommunications Equipment,United States,5826569.0,False,True,False,Proxy (Market-Cap-Rang 1001-3000),2026-09-29
SONO,Sonos Inc.,NASDAQ,Consumer Staples,Consumer Electronics/Appliances,United States,2149993068.0,False,True,True,Proxy (Market-Cap-Rang 1001-3000),2026-09-29
SOPH,SOPHiA GENETICS SA,NASDAQ,Technology,EDP Services,Switzerland,709966061.0,False,True,False,Proxy (Market-Cap-Rang 1001-3000),2026-09-29
SOR,Source Capital Inc. Cmn Shs of BI,NYSE,Finance,Investment Managers,United States,378839528.0,False,False,True,Proxy (Market-Cap-Rang 1001-3000),2026-09-29
SORA,AsiaStrategy,NASDAQ,Industrials,Other Specialty Stores,Hong Kong,49728000.0,False,True,False,Proxy (Market-Cap-Rang 1001-3000),2026-09-29
SOTK,Sono-Tek Corporation,NASDAQ,Technology,Industrial Machinery/Components,United States,78740782.0,False,True,False,Proxy (Market-Cap-Rang 1001-3000),2026-09-29
SOUN,SoundHound AI Inc,NASDAQ,Technology,Computer Software: Prepackaged Software,United States,2910078332.0,False,True,True,Proxy (Market-Cap-Rang 1001-3000),2026-09-29
SOWG,Sow Good Inc.,NASDAQ,Consumer Staples,Packaged Foods,United States,45425758.0,False,True,False,Proxy (Market-Cap-Rang 1001-3000),2026-09-29
SPAI,Safe Pro Group Inc.,NASDAQ,Technology,Computer Software: Prepackaged Software,United States,84913135.0,False,True,False,Proxy (Market-Cap-Rang 1001-3000),2026-09-29
SPB,Spectrum Brands Holdings Inc.,NYSE,Miscellaneous,Industrial Machinery/Components,United States,1952556056.0,False,False,True,Proxy (Market-Cap-Rang 1001-3000),2026-09-29
SPCB,SuperCom Ltd. Ordinary Shares (Israel),NASDAQ,Technology,Semiconductors,Israel,58219790.0,False,True,False,Proxy (Market-Cap-Rang 1001-3000),2026-09-29
SPCE,Virgin Galactic Holdings Inc.,NYSE,Consumer Discretionary,Transportation Services,United States,483590931.0,False,False,True,Proxy (Market-Cap-Rang 1001-3000),2026-09-29
SPCX,Space Exploration Technologies Corp.,NASDAQ,Technology,Computer Software: Programming Data Processing,United States,2018007119205.0,False,True,False,Proxy (Market-Cap-Rang 1001-3000),2026-09-29
SPEG,Silver Pegasus Acquisition Corp Class A,NASDAQ,Unknown,Unknown,United States,0.0,False,True,False,Proxy (Market-Cap-Rang 1001-3000),2026-09-29
SPFI,South Plains Financial Inc.,NASDAQ,Finance,Major Banks,United States,810081515.0,False,True,True,Proxy (Market-Cap-Rang 1001-3000),2026-09-29
SPG,Simon Property Group Inc.,NYSE,Real Estate,Real Estate Investment Trusts,United States,66269821302.0,True,False,False,Proxy (Market-Cap-Rang 1001-3000),2026-09-29
SPGI,S&P Global Inc.,NYSE,Finance,Finance: Consumer Services,United States,118892840000.0,True,False,False,Proxy (Market-Cap-Rang 1001-3000),2026-09-29
SPH,Suburban Propane Partners L.P.,NYSE,Consumer Discretionary,Other Specialty Stores,United States,1108759872.0,False,False,True,Proxy (Market-Cap-Rang 1001-3000),2026-09-29
SPHL,Springview Holdings Ltd Class A,NASDAQ,Consumer Discretionary,Homebuilding,Singapore,38257378.0,False,True,False,Proxy (Market-Cap-Rang 1001-3000),2026-09-29
SPHR,Sphere Entertainment Co.,NYSE,Consumer Discretionary,Services-Misc. Amusement & Recreation,United States,5068487356.0,False,False,True,Proxy (Market-Cap-Rang 1001-3000),2026-09-29
SPIR,Spire Global Inc.,NYSE,Consumer Discretionary,Telecommunications Equipment,United States,490718242.0,False,False,True,Proxy (Market-Cap-Rang 1001-3000),2026-09-29
SPKL,Spark I Acquisition Corp. Class A Ordinary Share,NASDAQ,Unknown,Unknown,United States,0.0,False,True,False,Proxy (Market-Cap-Rang 1001-3000),2026-09-29
SPOK,Spok Holdings Inc.,NASDAQ,Telecommunications,Telecommunications Equipment,United States,218803713.0,False,True,True,Proxy (Market-Cap-Rang 1001-3000),2026-09-29
SPPL,SIMPPLE LTD.,NASDAQ,Consumer Discretionary,Diversified Commercial Services,Singapore,20453125.0,False,True,False,Proxy (Market-Cap-Rang 1001-3000),2026-09-29
SPRB,Spruce Biosciences Inc.,NASDAQ,Health Care,Biotechnology: Pharmaceutical Preparations,United States,140021913.0,False,True,False,Proxy (Market-Cap-Rang 1001-3000),2026-09-29
SPRC,SciSparc Ltd.,NASDAQ,Health Care,Biotechnology: Pharmaceutical Preparations,Israel,3026869.0,False,True,False,Proxy (Market-Cap-Rang 1001-3000),2026-09-29
SPRO,Spero Therapeutics Inc.,NASDAQ,Health Care,Biotechnology: Pharmaceutical Preparations,United States,71628837.0,False,True,False,Proxy (Market-Cap-Rang 1001-3000),2026-09-29
SPRY,ARS Pharmaceuticals Inc.,NASDAQ,Health Care,Biotechnology: Pharmaceutical Preparations,United States,405745159.0,False,True,True,Proxy (Market-Cap-Rang 1001-3000),2026-09-29
SPSC,SPS Commerce Inc.,NASDAQ,Technology,Computer Software: Prepackaged Software,United States,2926814146.0,False,True,True,Proxy (Market-Cap-Rang 1001-3000),2026-09-29
SPT,Sprout Social Inc,NASDAQ,Technology,Computer Software: Prepackaged Software,United States,578049702.0,False,True,True,Proxy (Market-Cap-Rang 1001-3000),2026-09-29
SPTX,Seaport Therapeutics Inc.,NASDAQ,Health Care,Biotechnology: Pharmaceutical Preparations,United States,1151977436.0,False,True,True,Proxy (Market-Cap-Rang 1001-3000),2026-09-29
SPWH,Sportsman's Warehouse Holdings Inc.,NASDAQ,Consumer Discretionary,Other Specialty Stores,United States,46186929.0,False,True,False,Proxy (Market-Cap-Rang 1001-3000),2026-09-29
SPWR,SunPower Inc.,NASDAQ,Technology,Semiconductors,United States,100606338.0,False,True,False,Proxy (Market-Cap-Rang 1001-3000),2026-09-29
SQFT,Presidio Property Trust Inc.,NASDAQ,Real Estate,Real Estate Investment Trusts,United States,2151648.0,False,True,False,Proxy (Market-Cap-Rang 1001-3000),2026-09-29
SR,Spire Inc.,NYSE,Utilities,Oil/Gas Transmission,United States,4564099828.0,False,False,True,Proxy (Market-Cap-Rang 1001-3000),2026-09-29
SRAD,Sportradar Group AG Class A,NASDAQ,Technology,Computer Software: Programming Data Processing,Switzerland,4127667499.0,False,True,False,Proxy (Market-Cap-Rang 1001-3000),2026-09-29
SRBK,SR Bancorp Inc. Common stock,NASDAQ,Finance,Banks,United States,152339635.0,False,True,False,Proxy (Market-Cap-Rang 1001-3000),2026-09-29
SRCE,1st Source Corporation,NASDAQ,Finance,Major Banks,United States,2073204400.0,False,True,True,Proxy (Market-Cap-Rang 1001-3000),2026-09-29
SRE,DBA Sempra,NYSE,Utilities,Natural Gas Distribution,United States,50958454120.0,True,False,False,Proxy (Market-Cap-Rang 1001-3000),2026-09-29
SRI,Stoneridge Inc.,NYSE,Consumer Discretionary,Auto Parts:O.E.M.,United States,197663517.0,False,False,True,Proxy (Market-Cap-Rang 1001-3000),2026-09-29
SRPT,Sarepta Therapeutics Inc. Common Stock (DE),NASDAQ,Health Care,Biotechnology: Pharmaceutical Preparations,United States,1972056482.0,False,True,True,Proxy (Market-Cap-Rang 1001-3000),2026-09-29
SRRK,Scholar Rock Holding Corporation,NASDAQ,Health Care,Biotechnology: Biological Products (No Diagnostic Substances),United States,5922418264.0,False,True,False,Proxy (Market-Cap-Rang 1001-3000),2026-09-29
SRTA,Strata Critical Medical Inc.,NASDAQ,Health Care,Medical/Nursing Services,United States,471528076.0,False,True,True,Proxy (Market-Cap-Rang 1001-3000),2026-09-29
SRTS,Sensus Healthcare Inc.,NASDAQ,Health Care,Medical/Dental Instruments,United States,48398453.0,False,True,False,Proxy (Market-Cap-Rang 1001-3000),2026-09-29
SRZN,Surrozen Inc.,NASDAQ,Health Care,Biotechnology: Biological Products (No Diagnostic Substances),United States,347200103.0,False,True,True,Proxy (Market-Cap-Rang 1001-3000),2026-09-29
SSBI,Summit State Bank,NASDAQ,Finance,Major Banks,United States,82980372.0,False,True,False,Proxy (Market-Cap-Rang 1001-3000),2026-09-29
SSII,SS Innovations International Inc.,NASDAQ,Health Care,Medical/Dental Instruments,India,591137033.0,False,True,False,Proxy (Market-Cap-Rang 1001-3000),2026-09-29
SSM,Sono Group N.V.,NASDAQ,Technology,Semiconductors,Germany,1595814.0,False,True,False,Proxy (Market-Cap-Rang 1001-3000),2026-09-29
SSNC,SS&C Technologies Holdings Inc.,NASDAQ,Technology,Computer Software: Prepackaged Software,United States,18446229236.0,False,True,False,Proxy (Market-Cap-Rang 1001-3000),2026-09-29
SSP,E.W. Scripps Company (The),NASDAQ,Industrials,Broadcasting,United States,255766415.0,False,True,True,Proxy (Market-Cap-Rang 1001-3000),2026-09-29
SSRM,SSR Mining Inc.,NASDAQ,Industrials,Precious Metals,Canada,7275484252.0,False,True,False,Proxy (Market-Cap-Rang 1001-3000),2026-09-29
SSTI,SoundThinking Inc.,NASDAQ,Technology,Computer Software: Prepackaged Software,United States,74243776.0,False,True,False,Proxy (Market-Cap-Rang 1001-3000),2026-09-29
SSTK,Shutterstock Inc.,NYSE,Technology,EDP Services,United States,154441319.0,False,False,True,Proxy (Market-Cap-Rang 1001-3000),2026-09-29
SSYS,Stratasys Ltd. Ordinary Shares (Israel),NASDAQ,Technology,Computer peripheral equipment,United States,711785172.0,False,True,True,Proxy (Market-Cap-Rang 1001-3000),2026-09-29
STAA,STAAR Surgical Company,NASDAQ,Health Care,Ophthalmic Goods,United States,1028453112.0,False,True,True,Proxy (Market-Cap-Rang 1001-3000),2026-09-29
STAK,STAK Inc. Class A,NASDAQ,Consumer Discretionary,Oil and Gas Field Machinery,China,22476108.0,False,True,False,Proxy (Market-Cap-Rang 1001-3000),2026-09-29
STBA,S&T Bancorp Inc.,NASDAQ,Finance,Major Banks,United States,1756926811.0,False,True,True,Proxy (Market-Cap-Rang 1001-3000),2026-09-29
STC,Stewart Information Services Corporation,NYSE,Finance,Specialty Insurers,United States,1806608959.0,False,False,True,Proxy (Market-Cap-Rang 1001-3000),2026-09-29
STE,STERIS plc (Ireland),NYSE,Health Care,Industrial Specialties,United States,20370697982.0,True,False,False,Proxy (Market-Cap-Rang 1001-3000),2026-09-29
STEP,StepStone Group Inc.,NASDAQ,Finance,Investment Managers,United States,5353216992.0,False,True,False,Proxy (Market-Cap-Rang 1001-3000),2026-09-29
STEX,Streamex Corp.,NASDAQ,Finance,Finance: Consumer Services,United States,81525792.0,False,True,False,Proxy (Market-Cap-Rang 1001-3000),2026-09-29
STFS,Star Fashion Culture Holdings Limited Class A,NASDAQ,Consumer Discretionary,Advertising,China,11785033.0,False,True,False,Proxy (Market-Cap-Rang 1001-3000),2026-09-29
STGW,Stagwell Inc.,NASDAQ,Consumer Discretionary,Advertising,Canada,2034035752.0,False,True,False,Proxy (Market-Cap-Rang 1001-3000),2026-09-29
STHO,Star Holdings Shares of Beneficial Interest,NASDAQ,Real Estate,Real Estate,United States,99429371.0,False,True,False,Proxy (Market-Cap-Rang 1001-3000),2026-09-29
STI,Solidion Technology Inc.,NASDAQ,Miscellaneous,Industrial Machinery/Components,United States,56898788.0,False,True,False,Proxy (Market-Cap-Rang 1001-3000),2026-09-29
STIM,Neuronetics Inc.,NASDAQ,Health Care,Medical/Dental Instruments,United States,208780388.0,False,True,True,Proxy (Market-Cap-Rang 1001-3000),2026-09-29
STKE,Sol Strategies Inc. Common Shares,NASDAQ,Unknown,Unknown,Canada,65153350.0,False,True,False,Proxy (Market-Cap-Rang 1001-3000),2026-09-29
STKH,Steakholder Foods Ltd. American Depositary Shares,NASDAQ,Consumer Staples,Packaged Foods,Israel,1915442.0,False,True,False,Proxy (Market-Cap-Rang 1001-3000),2026-09-29
STKS,The ONE Group Hospitality Inc.,NASDAQ,Consumer Discretionary,Restaurants,United States,51969999.0,False,True,False,Proxy (Market-Cap-Rang 1001-3000),2026-09-29
STLD,Steel Dynamics Inc.,NASDAQ,Industrials,Steel/Iron Ore,United States,33490041042.0,True,True,False,Proxy (Market-Cap-Rang 1001-3000),2026-09-29
STLN,Starling Oncology Inc.,NASDAQ,Health Care,Medical/Nursing Services,United States,678761326.0,False,True,True,Proxy (Market-Cap-Rang 1001-3000),2026-09-29
STNE,StoneCo Ltd. Class A Common Shares,NASDAQ,Technology,EDP Services,Brazil,2294446403.0,False,True,False,Proxy (Market-Cap-Rang 1001-3000),2026-09-29
STOK,Stoke Therapeutics Inc.,NASDAQ,Health Care,Biotechnology: Pharmaceutical Preparations,United States,1600250802.0,False,True,True,Proxy (Market-Cap-Rang 1001-3000),2026-09-29
STRA,Strategic Education Inc.,NASDAQ,Real Estate,Other Consumer Services,United States,1706206758.0,False,True,True,Proxy (Market-Cap-Rang 1001-3000),2026-09-29
STRL,Sterling Infrastructure Inc.,NASDAQ,Industrials,Military/Government/Technical,United States,15670191886.0,False,True,False,Proxy (Market-Cap-Rang 1001-3000),2026-09-29
STRO,Sutro Biopharma Inc.,NASDAQ,Health Care,Biotechnology: Biological Products (No Diagnostic Substances),United States,264967113.0,False,True,True,Proxy (Market-Cap-Rang 1001-3000),2026-09-29
STRR,Star Equity Holdings Inc.,NASDAQ,Consumer Discretionary,Professional Services,United States,37521229.0,False,True,False,Proxy (Market-Cap-Rang 1001-3000),2026-09-29
STRT,STRATTEC SECURITY CORPORATION,NASDAQ,Consumer Discretionary,Auto Parts:O.E.M.,United States,266677070.0,False,True,True,Proxy (Market-Cap-Rang 1001-3000),2026-09-29
STRW,Strawberry Fields REIT Inc.,AMEX,Real Estate,Real Estate Investment Trusts,United States,189708302.0,False,False,True,Proxy (Market-Cap-Rang 1001-3000),2026-09-29
STRZ,Starz Entertainment Corp. Common Shares,NASDAQ,Consumer Discretionary,Movies/Entertainment,United States,360806283.0,False,True,True,Proxy (Market-Cap-Rang 1001-3000),2026-09-29
STT,State Street Corporation,NYSE,Finance,Major Banks,United States,49814418065.0,True,False,False,Proxy (Market-Cap-Rang 1001-3000),2026-09-29
STTK,Shattuck Labs Inc.,NASDAQ,Health Care,Biotechnology: Pharmaceutical Preparations,United States,609204946.0,False,True,True,Proxy (Market-Cap-Rang 1001-3000),2026-09-29
STUB,StubHub Holdings Inc.,NYSE,Consumer Discretionary,Services-Misc. Amusement & Recreation,United States,2078569415.0,False,False,True,Proxy (Market-Cap-Rang 1001-3000),2026-09-29
STWD,STARWOOD PROPERTY TRUST INC. Starwood Property Trust Inc.,NYSE,Real Estate,Real Estate Investment Trusts,United States,5315626122.0,False,False,True,Proxy (Market-Cap-Rang 1001-3000),2026-09-29
STX,Seagate Technology Holdings PLC Ordinary Shares (Ireland),NASDAQ,Technology,Electronic Components,Ireland,209696029113.0,True,True,False,Proxy (Market-Cap-Rang 1001-3000),2026-09-29
STZ,Constellation Brands Inc.,NYSE,Consumer Staples,Beverages (Production/Distribution),United States,19405553455.0,True,False,False,Proxy (Market-Cap-Rang 1001-3000),2026-09-29
SUGP,SU Group Holdings Limited Class A,NASDAQ,Consumer Discretionary,Diversified Commercial Services,Hong Kong,1293068.0,False,True,False,Proxy (Market-Cap-Rang 1001-3000),2026-09-29
SUIG,Sui Group Holdings Limited,NASDAQ,Finance,Finance: Consumer Services,United States,122116566.0,False,True,False,Proxy (Market-Cap-Rang 1001-3000),2026-09-29
SUJA,Suja Life Inc.,NASDAQ,Consumer Staples,Beverages (Production/Distribution),United States,332561353.0,False,True,True,Proxy (Market-Cap-Rang 1001-3000),2026-09-29
SUMA,SUMA Acquisition Corporation Class A,NASDAQ,Unknown,Unknown,Canada,0.0,False,True,False,Proxy (Market-Cap-Rang 1001-3000),2026-09-29
SUNE,SUNation Energy Inc.,NASDAQ,Consumer Discretionary,Engineering & Construction,United States,15631459.0,False,True,False,Proxy (Market-Cap-Rang 1001-3000),2026-09-29
SUNS,Sunrise Realty Trust Inc.,NASDAQ,Real Estate,Real Estate Investment Trusts,United States,97178969.0,False,True,False,Proxy (Market-Cap-Rang 1001-3000),2026-09-29
SUPN,Supernus Pharmaceuticals Inc.,NASDAQ,Health Care,Biotechnology: Pharmaceutical Preparations,United States,2479698375.0,False,True,True,Proxy (Market-Cap-Rang 1001-3000),2026-09-29
SUPX,SuperX AI Technology Limited,NASDAQ,Unknown,Unknown,Hong Kong,297761926.0,False,True,False,Proxy (Market-Cap-Rang 1001-3000),2026-09-29
SURG,SurgePays Inc.,NASDAQ,Consumer Discretionary,Advertising,United States,7745793.0,False,True,False,Proxy (Market-Cap-Rang 1001-3000),2026-09-29
SVC,Service Properties Trust Common Shares of Beneficial Interest,NASDAQ,Real Estate,Real Estate Investment Trusts,United States,853467526.0,False,True,True,Proxy (Market-Cap-Rang 1001-3000),2026-09-29
SVCC,Stellar V Capital Corp. Class A,NASDAQ,Unknown,Unknown,United States,0.0,False,True,False,Proxy (Market-Cap-Rang 1001-3000),2026-09-29
SVCO,Silvaco Group Inc.,NASDAQ,Technology,Computer Software: Prepackaged Software,United States,283284937.0,False,True,True,Proxy (Market-Cap-Rang 1001-3000),2026-09-29
SVIA,Silvia Inc.,NASDAQ,Finance,Finance: Consumer Services,United States,330496925.0,False,True,True,Proxy (Market-Cap-Rang 1001-3000),2026-09-29
SVRA,Savara Inc.,NASDAQ,Health Care,Biotechnology: Pharmaceutical Preparations,United States,1027300075.0,False,True,True,Proxy (Market-Cap-Rang 1001-3000),2026-09-29
SVRE,SaverOne 2014 Ltd. American Depositary Shares,NASDAQ,Technology,EDP Services,Israel,5374645.0,False,True,False,Proxy (Market-Cap-Rang 1001-3000),2026-09-29
SVRN,SVRN Inc.,NASDAQ,Consumer Discretionary,Marine Transportation,Greece,88651064.0,False,True,False,Proxy (Market-Cap-Rang 1001-3000),2026-09-29
SVV,Savers Value Village Inc.,NYSE,Consumer Discretionary,Other Specialty Stores,United States,1440752301.0,False,False,True,Proxy (Market-Cap-Rang 1001-3000),2026-09-29
SW,Smurfit WestRock plc,NYSE,Consumer Discretionary,Containers/Packaging,Ireland,24343108160.0,True,False,False,Proxy (Market-Cap-Rang 1001-3000),2026-09-29
SWAG,Stran & Company Inc.,NASDAQ,Consumer Discretionary,Advertising,United States,29077759.0,False,True,False,Proxy (Market-Cap-Rang 1001-3000),2026-09-29
SWBI,Smith & Wesson Brands Inc.,NASDAQ,Industrials,Ordnance And Accessories,United States,639413837.0,False,True,True,Proxy (Market-Cap-Rang 1001-3000),2026-09-29
SWIM,Latham Group Inc.,NASDAQ,Industrials,Plastic Products,United States,734699807.0,False,True,True,Proxy (Market-Cap-Rang 1001-3000),2026-09-29
SWK,Stanley Black & Decker Inc.,NYSE,Consumer Discretionary,Industrial Machinery/Components,United States,13802920987.0,True,False,False,Proxy (Market-Cap-Rang 1001-3000),2026-09-29
SWKS,Skyworks Solutions Inc.,NASDAQ,Technology,Semiconductors,United States,13443238344.0,True,True,False,Proxy (Market-Cap-Rang 1001-3000),2026-09-29
SWMR,Swarmer Inc,NASDAQ,Technology,Computer Software: Prepackaged Software,United States,330373616.0,False,True,True,Proxy (Market-Cap-Rang 1001-3000),2026-09-29
SWRD,Stewards Inc,NASDAQ,Finance,Finance Companies,United States,551101403.0,False,True,True,Proxy (Market-Cap-Rang 1001-3000),2026-09-29
SWVL,Swvl Holdings Corp Class A Common Shares,NASDAQ,Consumer Discretionary,Business Services,United Arab Emirates,122699067.0,False,True,False,Proxy (Market-Cap-Rang 1001-3000),2026-09-29
SXC,SunCoke Energy Inc.,NYSE,Industrials,Steel/Iron Ore,United States,812252315.0,False,False,True,Proxy (Market-Cap-Rang 1001-3000),2026-09-29
SXI,Standex International Corporation,NYSE,Industrials,Industrial Machinery/Components,United States,3440898049.0,False,False,True,Proxy (Market-Cap-Rang 1001-3000),2026-09-29
SXTC,China SXT Pharmaceuticals Inc. Class A,NASDAQ,Health Care,Biotechnology: Pharmaceutical Preparations,China,3396193.0,False,True,False,Proxy (Market-Cap-Rang 1001-3000),2026-09-29
SXTP,60 Degrees Pharmaceuticals Inc.,NASDAQ,Health Care,Biotechnology: Pharmaceutical Preparations,United States,4114876.0,False,True,False,Proxy (Market-Cap-Rang 1001-3000),2026-09-29
SY,So-Young International Inc. American Depository Shares,NASDAQ,Technology,EDP Services,China,270815862.0,False,True,False,Proxy (Market-Cap-Rang 1001-3000),2026-09-29
SYBT,Stock Yards Bancorp Inc.,NASDAQ,Finance,Major Banks,United States,2440906141.0,False,True,True,Proxy (Market-Cap-Rang 1001-3000),2026-09-29
SYF,Synchrony Financial,NYSE,Finance,Finance: Consumer Services,United States,27137877551.0,True,False,False,Proxy (Market-Cap-Rang 1001-3000),2026-09-29
SYK,Stryker Corporation,NYSE,Health Care,Medical/Dental Instruments,United States,104469954809.0,True,False,False,Proxy (Market-Cap-Rang 1001-3000),2026-09-29
SYM,Symbotic Inc.,NASDAQ,Industrials,Industrial Machinery/Components,United States,26290730247.0,False,True,False,Proxy (Market-Cap-Rang 1001-3000),2026-09-29
SYNA,Synaptics Incorporated Common Stock $0.001 Par Value,NASDAQ,Technology,Semiconductors,United States,4077204663.0,False,True,True,Proxy (Market-Cap-Rang 1001-3000),2026-09-29
SYPR,Sypris Solutions Inc.,NASDAQ,Industrials,Industrial Machinery/Components,United States,40065993.0,False,True,False,Proxy (Market-Cap-Rang 1001-3000),2026-09-29
SYRE,Spyre Therapeutics Inc.,NASDAQ,Health Care,Biotechnology: Pharmaceutical Preparations,United States,7555609666.0,False,True,False,Proxy (Market-Cap-Rang 1001-3000),2026-09-29
SYY,Sysco Corporation,NYSE,Consumer Discretionary,Food Distributors,United States,38595569302.0,True,False,False,Proxy (Market-Cap-Rang 1001-3000),2026-09-29
T,AT&T Inc.,NYSE,Telecommunications,Telecommunications Equipment,United States,173913547797.0,True,False,False,Proxy (Market-Cap-Rang 1001-3000),2026-09-29
TACT,TransAct Technologies Incorporated,NASDAQ,Technology,Computer peripheral equipment,United States,50280174.0,False,True,False,Proxy (Market-Cap-Rang 1001-3000),2026-09-29
TALO,Talos Energy Inc.,NYSE,Energy,Oil & Gas Production,United States,2749921258.0,False,False,True,Proxy (Market-Cap-Rang 1001-3000),2026-09-29
TANH,Tantech Holdings Ltd. Class A Common Shares,NASDAQ,Industrials,Major Chemicals,China,9597426.0,False,True,False,Proxy (Market-Cap-Rang 1001-3000),2026-09-29
TAOP,Taoping Inc. Ordinary Shares ,NASDAQ,Technology,Computer Software: Prepackaged Software,Hong Kong,5348603.0,False,True,False,Proxy (Market-Cap-Rang 1001-3000),2026-09-29
TAOX,Tao Synergies Inc.,NASDAQ,Finance,Finance: Consumer Services,United States,33150762.0,False,True,False,Proxy (Market-Cap-Rang 1001-3000),2026-09-29
TARA,Protara Therapeutics Inc.,NASDAQ,Health Care,Biotechnology: Biological Products (No Diagnostic Substances),United States,193833201.0,False,True,True,Proxy (Market-Cap-Rang 1001-3000),2026-09-29
TARS,Tarsus Pharmaceuticals Inc.,NASDAQ,Health Care,Biotechnology: Biological Products (No Diagnostic Substances),United States,3541662865.0,False,True,True,Proxy (Market-Cap-Rang 1001-3000),2026-09-29
TASK,TaskUs Inc.,NASDAQ,Technology,EDP Services,United States,751833572.0,False,True,True,Proxy (Market-Cap-Rang 1001-3000),2026-09-29
TATT,TAT Technologies Ltd.,NASDAQ,Industrials,Aerospace,Israel,487776457.0,False,True,False,Proxy (Market-Cap-Rang 1001-3000),2026-09-29
TAYD,Taylor Devices Inc.,NASDAQ,Industrials,Industrial Machinery/Components,United States,203939829.0,False,True,True,Proxy (Market-Cap-Rang 1001-3000),2026-09-29
TBBK,The Bancorp Inc,NASDAQ,Finance,Major Banks,United States,2062996799.0,False,True,True,Proxy (Market-Cap-Rang 1001-3000),2026-09-29
TBCH,Turtle Beach Corporation,NASDAQ,Telecommunications,Telecommunications Equipment,United States,228169718.0,False,True,True,Proxy (Market-Cap-Rang 1001-3000),2026-09-29
TBI,TrueBlue Inc.,NYSE,Consumer Discretionary,Professional Services,United States,287394607.0,False,False,True,Proxy (Market-Cap-Rang 1001-3000),2026-09-29
TBLA,Taboola.com Ltd.,NASDAQ,Technology,Computer Software: Programming Data Processing,Israel,877362824.0,False,True,False,Proxy (Market-Cap-Rang 1001-3000),2026-09-29
TBLD,Thornburg Income Builder Opportunities Trust,NASDAQ,Finance,Investment Managers,United States,656876554.0,False,True,True,Proxy (Market-Cap-Rang 1001-3000),2026-09-29
TC,Token Cat Limited American Depositary Shares,NASDAQ,Consumer Discretionary,Business Services,China,49391975.0,False,True,False,Proxy (Market-Cap-Rang 1001-3000),2026-09-29
TCBI,Texas Capital Bancshares Inc.,NASDAQ,Finance,Major Banks,United States,4165714038.0,False,True,True,Proxy (Market-Cap-Rang 1001-3000),2026-09-29
TCBK,TriCo Bancshares,NASDAQ,Finance,Major Banks,United States,1674412079.0,False,True,True,Proxy (Market-Cap-Rang 1001-3000),2026-09-29
TCBS,Texas Community Bancshares Inc.,NASDAQ,Finance,Banks,United States,48836359.0,False,True,False,Proxy (Market-Cap-Rang 1001-3000),2026-09-29
TCBX,Third Coast Bancshares Inc.,NYSE,Finance,Banks,United States,720327453.0,False,False,True,Proxy (Market-Cap-Rang 1001-3000),2026-09-29
TCGX,TCGX Acquisition Corp. Class A,NASDAQ,Unknown,Unknown,United States,0.0,False,True,False,Proxy (Market-Cap-Rang 1001-3000),2026-09-29
TCI,Transcontinental Realty Investors Inc.,NYSE,Real Estate,Real Estate Investment Trusts,United States,376227619.0,False,False,True,Proxy (Market-Cap-Rang 1001-3000),2026-09-29
TCMD,Tactile Systems Technology Inc.,NASDAQ,Health Care,Medical/Dental Instruments,United States,514886461.0,False,True,True,Proxy (Market-Cap-Rang 1001-3000),2026-09-29
TCOM,Trip.com Group Limited American Depositary Shares,NASDAQ,Consumer Discretionary,Business Services,China,24829276903.0,False,True,False,Proxy (Market-Cap-Rang 1001-3000),2026-09-29
TCPC,BlackRock TCP Capital Corp.,NASDAQ,Finance,Finance/Investors Services,United States,336450128.0,False,True,True,Proxy (Market-Cap-Rang 1001-3000),2026-09-29
TCRT,Alaunos Therapeutics Inc.,NASDAQ,Health Care,Biotechnology: Pharmaceutical Preparations,United States,2775866.0,False,True,False,Proxy (Market-Cap-Rang 1001-3000),2026-09-29
TCRX,TScan Therapeutics Inc.,NASDAQ,Health Care,Biotechnology: Biological Products (No Diagnostic Substances),United States,21590907.0,False,True,False,Proxy (Market-Cap-Rang 1001-3000),2026-09-29
TCX,Tucows Inc.,NASDAQ,Technology,EDP Services,Canada,111597478.0,False,True,False,Proxy (Market-Cap-Rang 1001-3000),2026-09-29
TDAC,Translational Development Acquisition Corp.,NASDAQ,Unknown,Unknown,United States,0.0,False,True,False,Proxy (Market-Cap-Rang 1001-3000),2026-09-29
TDAY,USA TODAY Co. Inc.,NYSE,Consumer Discretionary,Newspapers/Magazines,United States,942571181.0,False,False,True,Proxy (Market-Cap-Rang 1001-3000),2026-09-29
TDC,Teradata Corporation,NYSE,Technology,Computer Software: Prepackaged Software,United States,2691420000.0,False,False,True,Proxy (Market-Cap-Rang 1001-3000),2026-09-29
TDG,Transdigm Group Incorporated,NYSE,Industrials,Military/Government/Technical,United States,61699657205.0,True,False,False,Proxy (Market-Cap-Rang 1001-3000),2026-09-29
TDIC,Dreamland Limited Class A,NASDAQ,Consumer Discretionary,Other Consumer Services,Hong Kong,11014442.0,False,True,False,Proxy (Market-Cap-Rang 1001-3000),2026-09-29
TDOC,Teladoc Health Inc.,NYSE,Health Care,Medical/Nursing Services,United States,1106455688.0,False,False,True,Proxy (Market-Cap-Rang 1001-3000),2026-09-29
TDS,Telephone and Data Systems Inc. Common Shares,NYSE,Telecommunications,Telecommunications Equipment,United States,4126335000.0,False,False,True,Proxy (Market-Cap-Rang 1001-3000),2026-09-29
TDTH,Trident Digital Tech Holdings Ltd Class B,NASDAQ,Consumer Discretionary,Business Services,Singapore,12609656.0,False,True,False,Proxy (Market-Cap-Rang 1001-3000),2026-09-29
TDUP,ThredUp Inc.,NASDAQ,Consumer Discretionary,Catalog/Specialty Distribution,United States,295500713.0,False,True,True,Proxy (Market-Cap-Rang 1001-3000),2026-09-29
TDW,Tidewater Inc.,NYSE,Consumer Discretionary,Marine Transportation,United States,4216343015.0,False,False,True,Proxy (Market-Cap-Rang 1001-3000),2026-09-29
TDY,Teledyne Technologies Incorporated,NYSE,Industrials,Industrial Machinery/Components,United States,28469336573.0,True,False,False,Proxy (Market-Cap-Rang 1001-3000),2026-09-29
TEAD,Teads Holding Co.,NASDAQ,Technology,Computer Software: Programming Data Processing,United States,43442867.0,False,True,False,Proxy (Market-Cap-Rang 1001-3000),2026-09-29
TEAM,Atlassian Corporation,NASDAQ,Technology,Computer Software: Prepackaged Software,Australia,47524281128.0,False,True,False,Proxy (Market-Cap-Rang 1001-3000),2026-09-29
TECH,Bio-Techne Corp,NASDAQ,Health Care,Biotechnology: Biological Products (No Diagnostic Substances),United States,11386572261.0,True,True,False,Proxy (Market-Cap-Rang 1001-3000),2026-09-29
TECX,Tectonic Therapeutic Inc.,NASDAQ,Health Care,Biotechnology: Biological Products (No Diagnostic Substances),United States,462733493.0,False,True,True,Proxy (Market-Cap-Rang 1001-3000),2026-09-29
TEL,TE Connectivity plc,NYSE,Technology,Electronic Components,Ireland,63284696509.0,True,False,False,Proxy (Market-Cap-Rang 1001-3000),2026-09-29
TELA,TELA Bio Inc.,NASDAQ,Health Care,Medical/Dental Instruments,United States,56880697.0,False,True,False,Proxy (Market-Cap-Rang 1001-3000),2026-09-29
TELO,Telomir Pharmaceuticals Inc.,NASDAQ,Health Care,Biotechnology: Pharmaceutical Preparations,United States,84593196.0,False,True,False,Proxy (Market-Cap-Rang 1001-3000),2026-09-29
TEM,Tempus AI Inc.,NASDAQ,Technology,Computer Software: Programming Data Processing,United States,15434088737.0,False,True,False,Proxy (Market-Cap-Rang 1001-3000),2026-09-29
TENB,Tenable Holdings Inc.,NASDAQ,Technology,Computer Software: Prepackaged Software,United States,3688588031.0,False,True,True,Proxy (Market-Cap-Rang 1001-3000),2026-09-29
TENX,Tenax Therapeutics Inc.,NASDAQ,Health Care,Biotechnology: Pharmaceutical Preparations,United States,67737290.0,False,True,False,Proxy (Market-Cap-Rang 1001-3000),2026-09-29
TER,Teradyne Inc.,NASDAQ,Industrials,Electrical Products,United States,62283027985.0,True,True,False,Proxy (Market-Cap-Rang 1001-3000),2026-09-29
TFC,Truist Financial Corporation,NYSE,Finance,Major Banks,United States,58222704120.0,True,False,False,Proxy (Market-Cap-Rang 1001-3000),2026-09-29
TFIN,Triumph Financial Inc.,NYSE,Finance,Major Banks,United States,1468319299.0,False,False,True,Proxy (Market-Cap-Rang 1001-3000),2026-09-29
TFSL,TFS Financial Corporation,NASDAQ,Finance,Savings Institutions,United States,4689002864.0,False,True,True,Proxy (Market-Cap-Rang 1001-3000),2026-09-29
TFX,Teleflex Incorporated,NYSE,Health Care,Medical/Dental Instruments,United States,5172398502.0,False,False,True,Proxy (Market-Cap-Rang 1001-3000),2026-09-29
TG,Tredegar Corporation,NYSE,Industrials,Metal Fabrications,United States,246356356.0,False,False,True,Proxy (Market-Cap-Rang 1001-3000),2026-09-29
TGHL,The GrowHub Limited Class A,NASDAQ,Technology,EDP Services,Singapore,18519461.0,False,True,False,Proxy (Market-Cap-Rang 1001-3000),2026-09-29
TGL,Treasure Global Inc.,NASDAQ,Consumer Discretionary,Business Services,United States,4163792.0,False,True,False,Proxy (Market-Cap-Rang 1001-3000),2026-09-29
TGT,Target Corporation,NYSE,Consumer Discretionary,Department/Specialty Retail Stores,United States,71529021083.0,True,False,False,Proxy (Market-Cap-Rang 1001-3000),2026-09-29
TGTX,TG Therapeutics Inc.,NASDAQ,Health Care,Biotechnology: Pharmaceutical Preparations,United States,8790755714.0,False,True,False,Proxy (Market-Cap-Rang 1001-3000),2026-09-29
TH,Target Hospitality Corp.,NASDAQ,Consumer Discretionary,Hotels/Resorts,United States,2050250045.0,False,True,True,Proxy (Market-Cap-Rang 1001-3000),2026-09-29
THCH,TH International Limited Ordinary shares,NASDAQ,Consumer Discretionary,Restaurants,China,43382875.0,False,True,False,Proxy (Market-Cap-Rang 1001-3000),2026-09-29
THFF,First Financial Corporation,NASDAQ,Finance,Major Banks,United States,898551662.0,False,True,True,Proxy (Market-Cap-Rang 1001-3000),2026-09-29
THH,TryHard Holdings Limited,NASDAQ,Consumer Discretionary,Services-Misc. Amusement & Recreation,Japan,8457816.0,False,True,False,Proxy (Market-Cap-Rang 1001-3000),2026-09-29
THO,Thor Industries Inc.,NYSE,Industrials,Homebuilding,United States,3723976146.0,False,False,True,Proxy (Market-Cap-Rang 1001-3000),2026-09-29
THRM,Gentherm Inc,NASDAQ,Consumer Discretionary,Auto Parts:O.E.M.,United States,1081134212.0,False,True,True,Proxy (Market-Cap-Rang 1001-3000),2026-09-29
THRY,Thryv Holdings Inc.,NASDAQ,Consumer Discretionary,Advertising,United States,79546009.0,False,True,False,Proxy (Market-Cap-Rang 1001-3000),2026-09-29
TIC,TIC Solutions Inc.,NYSE,Consumer Discretionary,Business Services,United States,1939978965.0,False,False,True,Proxy (Market-Cap-Rang 1001-3000),2026-09-29
TIGO,Millicom International Cellular S.A.,NASDAQ,Telecommunications,Telecommunications Equipment,Luxembourg,15519306990.0,False,True,False,Proxy (Market-Cap-Rang 1001-3000),2026-09-29
TIGR,UP Fintech Holding Ltd American Depositary Share representing fifteen Class A,NASDAQ,Finance,Investment Bankers/Brokers/Service,China,829171067.0,False,True,False,Proxy (Market-Cap-Rang 1001-3000),2026-09-29
TIL,Instil Bio Inc.,NASDAQ,Health Care,Biotechnology: Biological Products (No Diagnostic Substances),United States,48626768.0,False,True,False,Proxy (Market-Cap-Rang 1001-3000),2026-09-29
TILE,Interface Inc.,NASDAQ,Consumer Discretionary,Home Furnishings,United States,2034576192.0,False,True,True,Proxy (Market-Cap-Rang 1001-3000),2026-09-29
TIPT,Tiptree Inc.,NASDAQ,Finance,Property-Casualty Insurers,United States,638660718.0,False,True,True,Proxy (Market-Cap-Rang 1001-3000),2026-09-29
TITN,Titan Machinery Inc.,NASDAQ,Consumer Discretionary,Other Specialty Stores,United States,552787751.0,False,True,True,Proxy (Market-Cap-Rang 1001-3000),2026-09-29
TJGC,TJGC Group Limited Class A,NASDAQ,Consumer Discretionary,Advertising,Hong Kong,265024604.0,False,True,False,Proxy (Market-Cap-Rang 1001-3000),2026-09-29
TJX,TJX Companies Inc. (The),NYSE,Consumer Discretionary,Clothing/Shoe/Accessory Stores,United States,143062626374.0,True,False,False,Proxy (Market-Cap-Rang 1001-3000),2026-09-29
TKLF,Tokyo Lifestyle Co. Ltd. American Depositary Shares,NASDAQ,Consumer Discretionary,Other Specialty Stores,Japan,6941761.0,False,True,False,Proxy (Market-Cap-Rang 1001-3000),2026-09-29
TKNO,Alpha Teknova Inc.,NASDAQ,Health Care,Biotechnology: In Vitro & In Vivo Diagnostic Substances,United States,500911335.0,False,True,True,Proxy (Market-Cap-Rang 1001-3000),2026-09-29
TKO,TKO Group Holdings Inc.,NYSE,Consumer Discretionary,Services-Misc. Amusement & Recreation,United States,34573898474.0,True,False,False,Proxy (Market-Cap-Rang 1001-3000),2026-09-29
TLAC,Three Lions Acquisition Corp.,NASDAQ,Unknown,Unknown,United States,0.0,False,True,False,Proxy (Market-Cap-Rang 1001-3000),2026-09-29
TLF,Tandy Leather Factory Inc.,NASDAQ,Consumer Discretionary,Apparel,United States,21545157.0,False,True,False,Proxy (Market-Cap-Rang 1001-3000),2026-09-29
TLIH,Ten-League International Holdings Limited,NASDAQ,Consumer Discretionary,Industrial Specialties,Singapore,16995714.0,False,True,False,Proxy (Market-Cap-Rang 1001-3000),2026-09-29
TLN,Talen Energy Corporation,NASDAQ,Utilities,Electric Utilities: Central,United States,14586058725.0,False,True,False,Proxy (Market-Cap-Rang 1001-3000),2026-09-29
TLPH,Talphera Inc.,NASDAQ,Health Care,Biotechnology: Pharmaceutical Preparations,United States,61248839.0,False,True,False,Proxy (Market-Cap-Rang 1001-3000),2026-09-29
TLRY,Tilray Brands Inc. Common Stock ,NASDAQ,Health Care, Medicinal Chemicals and Botanical Products ,United States,610340242.0,False,True,True,Proxy (Market-Cap-Rang 1001-3000),2026-09-29
TLS,Telos Corporation,NASDAQ,Technology,EDP Services,United States,301936628.0,False,True,True,Proxy (Market-Cap-Rang 1001-3000),2026-09-29
TLSA,Tiziana Life Sciences Ltd. Common Shares,NASDAQ,Health Care,Biotechnology: Pharmaceutical Preparations,United Kingdom,128531722.0,False,True,False,Proxy (Market-Cap-Rang 1001-3000),2026-09-29
TLSI,TriSalus Life Sciences Inc.,NASDAQ,Health Care,Medical Specialities,United States,267233764.0,False,True,True,Proxy (Market-Cap-Rang 1001-3000),2026-09-29
TLX,Telix Pharmaceuticals Limited American Depositary Shares,NASDAQ,Health Care,Biotechnology: Pharmaceutical Preparations,Australia,3878997211.0,False,True,False,Proxy (Market-Cap-Rang 1001-3000),2026-09-29
TMC,TMC the metals company Inc.,NASDAQ,Basic Materials,Metal Mining,Canada,1733662444.0,False,True,False,Proxy (Market-Cap-Rang 1001-3000),2026-09-29
TMCI,Treace Medical Concepts Inc.,NASDAQ,Health Care,Medical/Dental Instruments,United States,292655484.0,False,True,True,Proxy (Market-Cap-Rang 1001-3000),2026-09-29
TMCR,The Metals Royalty Company Inc.,NASDAQ,Basic Materials,Precious Metals,Canada,274375070.0,False,True,False,Proxy (Market-Cap-Rang 1001-3000),2026-09-29
TMDX,TransMedics Group Inc.,NASDAQ,Health Care,Biotechnology: Electromedical & Electrotherapeutic Apparatus,United States,2957443117.0,False,True,True,Proxy (Market-Cap-Rang 1001-3000),2026-09-29
TMO,Thermo Fisher Scientific Inc,NYSE,Industrials,Industrial Machinery/Components,United States,249579418050.0,True,False,False,Proxy (Market-Cap-Rang 1001-3000),2026-09-29
TMP,Tompkins Financial Corporation,AMEX,Finance,Major Banks,United States,1432105851.0,False,False,True,Proxy (Market-Cap-Rang 1001-3000),2026-09-29
TMS,Teamshares Inc.,NASDAQ,Unknown,Unknown,United States,589284128.0,False,True,True,Proxy (Market-Cap-Rang 1001-3000),2026-09-29
TMTS,Spartacus Acquisition Corp. II Class A,NASDAQ,Unknown,Unknown,United States,0.0,False,True,False,Proxy (Market-Cap-Rang 1001-3000),2026-09-29
TMUS,T-Mobile US Inc.,NASDAQ,Telecommunications,Telecommunications Equipment,United States,177452064939.0,True,True,False,Proxy (Market-Cap-Rang 1001-3000),2026-09-29
TNC,Tennant Company,NYSE,Industrials,Industrial Machinery/Components,United States,1154919785.0,False,False,True,Proxy (Market-Cap-Rang 1001-3000),2026-09-29
TNDM,Tandem Diabetes Care Inc.,NASDAQ,Health Care,Medical/Dental Instruments,United States,1093777274.0,False,True,True,Proxy (Market-Cap-Rang 1001-3000),2026-09-29
TNET,TriNet Group Inc.,NYSE,Consumer Discretionary,Business Services,United States,2988857491.0,False,False,True,Proxy (Market-Cap-Rang 1001-3000),2026-09-29
TNGX,Tango Therapeutics Inc.,NASDAQ,Health Care,Biotechnology: Pharmaceutical Preparations,United States,4201770346.0,False,True,True,Proxy (Market-Cap-Rang 1001-3000),2026-09-29
TNL,Travel   Leisure Co. Common  Stock,NYSE,Consumer Discretionary,Hotels/Resorts,United States,3896261409.0,False,False,True,Proxy (Market-Cap-Rang 1001-3000),2026-09-29
TNMG,TNL Mediagene,NASDAQ,Consumer Discretionary,Advertising,Taiwan,3338915.0,False,True,False,Proxy (Market-Cap-Rang 1001-3000),2026-09-29
TNON,Tenon Medical Inc.,NASDAQ,Health Care,Medical/Dental Instruments,United States,3231969.0,False,True,False,Proxy (Market-Cap-Rang 1001-3000),2026-09-29
TNXP,Tonix Pharmaceuticals Holding Corp.,NASDAQ,Health Care,Biotechnology: Pharmaceutical Preparations,United States,169109097.0,False,True,True,Proxy (Market-Cap-Rang 1001-3000),2026-09-29
TNYA,Tenaya Therapeutics Inc.,NASDAQ,Health Care,Biotechnology: Biological Products (No Diagnostic Substances),United States,136690615.0,False,True,False,Proxy (Market-Cap-Rang 1001-3000),2026-09-29
TOMZ,TOMI Environmental Solutions Inc.,NASDAQ,Industrials,Major Chemicals,United States,14492998.0,False,True,False,Proxy (Market-Cap-Rang 1001-3000),2026-09-29
TONX,TON Strategy Company,NASDAQ,Finance,Finance: Consumer Services,United States,196882361.0,False,True,True,Proxy (Market-Cap-Rang 1001-3000),2026-09-29
TOP,TOP Financial Group Limited Class A,NASDAQ,Finance,Investment Bankers/Brokers/Service,Hong Kong,1944664286.0,False,True,False,Proxy (Market-Cap-Rang 1001-3000),2026-09-29
TORO,Toro Corp.,NASDAQ,Consumer Discretionary,Marine Transportation,Cyprus,182473262.0,False,True,False,Proxy (Market-Cap-Rang 1001-3000),2026-09-29
TOUR,Tuniu Corporation American Depositary Shares,NASDAQ,Consumer Discretionary,Transportation Services,China,55187886.0,False,True,False,Proxy (Market-Cap-Rang 1001-3000),2026-09-29
TOWN,TowneBank,NASDAQ,Finance,Major Banks,United States,2713086119.0,False,True,True,Proxy (Market-Cap-Rang 1001-3000),2026-09-29
TOYO,TOYO Co. Ltd,NASDAQ,Consumer Discretionary,Miscellaneous manufacturing industries,Japan,170635509.0,False,True,False,Proxy (Market-Cap-Rang 1001-3000),2026-09-29
TPB,Turning Point Brands Inc.,NYSE,Consumer Discretionary,Tobacco,United States,1244436589.0,False,False,True,Proxy (Market-Cap-Rang 1001-3000),2026-09-29
TPC,Tutor Perini Corporation,NYSE,Consumer Discretionary,General Bldg Contractors - Nonresidential Bldgs,United States,4414228754.0,False,False,True,Proxy (Market-Cap-Rang 1001-3000),2026-09-29
TPCS,TechPrecision Corporation Common stock,NASDAQ,Industrials,Metal Fabrications,United States,53300953.0,False,True,False,Proxy (Market-Cap-Rang 1001-3000),2026-09-29
TPG,TPG Inc.,NASDAQ,Finance,Investment Managers,United States,16775814023.0,False,True,False,Proxy (Market-Cap-Rang 1001-3000),2026-09-29
TPL,Texas Pacific Land Corporation,NYSE,Energy,Oil & Gas Production,United States,23525195131.0,True,False,False,Proxy (Market-Cap-Rang 1001-3000),2026-09-29
TPR,Tapestry Inc.,NYSE,Consumer Discretionary,Apparel,United States,22706724291.0,True,False,False,Proxy (Market-Cap-Rang 1001-3000),2026-09-29
TPST,Tempest Therapeutics Inc.,NASDAQ,Health Care,Biotechnology: Pharmaceutical Preparations,United States,13711467.0,False,True,False,Proxy (Market-Cap-Rang 1001-3000),2026-09-29
TPVG,TriplePoint Venture Growth BDC Corp.,NYSE,Consumer Discretionary,Other Consumer Services,United States,196627962.0,False,False,True,Proxy (Market-Cap-Rang 1001-3000),2026-09-29
TR,Tootsie Roll Industries Inc.,NYSE,Consumer Staples,Specialty Foods,United States,2855725490.0,False,False,True,Proxy (Market-Cap-Rang 1001-3000),2026-09-29
TRAW,Traws Pharma Inc.,NASDAQ,Health Care,Biotechnology: Pharmaceutical Preparations,United States,8655414.0,False,True,False,Proxy (Market-Cap-Rang 1001-3000),2026-09-29
TRAX,First Tracks Biotherapeutics Inc. Ordinary Shares ,NASDAQ,Health Care,Biotechnology: Pharmaceutical Preparations,United States,1229855616.0,False,True,True,Proxy (Market-Cap-Rang 1001-3000),2026-09-29
TRBG,TurboGen Ltd.,NASDAQ,Utilities,Power Generation,Israel,95205403.0,False,True,False,Proxy (Market-Cap-Rang 1001-3000),2026-09-29
TRC,Tejon Ranch Co,NYSE,Finance,Real Estate,United States,444502754.0,False,False,True,Proxy (Market-Cap-Rang 1001-3000),2026-09-29
TRDA,Entrada Therapeutics Inc.,NASDAQ,Health Care,Biotechnology: Pharmaceutical Preparations,United States,239849881.0,False,True,True,Proxy (Market-Cap-Rang 1001-3000),2026-09-29
TREE,LendingTree Inc.,NASDAQ,Finance,Finance: Consumer Services,United States,345653992.0,False,True,True,Proxy (Market-Cap-Rang 1001-3000),2026-09-29
TREO,Tactical Resources Corp. Common Shares,NASDAQ,Basic Materials,Metal Mining,Canada,48322721.0,False,True,False,Proxy (Market-Cap-Rang 1001-3000),2026-09-29
TREX,Trex Company Inc.,NYSE,Basic Materials,Forest Products,United States,4562541860.0,False,False,True,Proxy (Market-Cap-Rang 1001-3000),2026-09-29
TRGP,Targa Resources Inc.,NYSE,Utilities,Natural Gas Distribution,United States,59577514875.0,True,False,False,Proxy (Market-Cap-Rang 1001-3000),2026-09-29
TRI,Thomson Reuters Corporation Common Shares,NASDAQ,Consumer Discretionary,Publishing,United States,42882468000.0,False,True,False,Proxy (Market-Cap-Rang 1001-3000),2026-09-29
TRIB,Trinity Biotech plc American Depositary Shares,NASDAQ,Health Care,Biotechnology: In Vitro & In Vivo Diagnostic Substances,Ireland,5496772.0,False,True,False,Proxy (Market-Cap-Rang 1001-3000),2026-09-29
TRIN,Trinity Capital Inc.,NYSE,Finance,Finance: Consumer Services,United States,1672288517.0,False,False,True,Proxy (Market-Cap-Rang 1001-3000),2026-09-29
TRIP,TripAdvisor Inc.,NASDAQ,Technology,Computer Software: Programming Data Processing,United States,985646466.0,False,True,True,Proxy (Market-Cap-Rang 1001-3000),2026-09-29
TRMB,Trimble Inc.,NASDAQ,Industrials,Industrial Machinery/Components,United States,13489454207.0,True,True,False,Proxy (Market-Cap-Rang 1001-3000),2026-09-29
TRMD,TORM plc,NASDAQ,Consumer Discretionary,Marine Transportation,United Kingdom,3483061090.0,False,True,False,Proxy (Market-Cap-Rang 1001-3000),2026-09-29
TRMK,Trustmark Corporation,NASDAQ,Finance,Major Banks,United States,2673569365.0,False,True,True,Proxy (Market-Cap-Rang 1001-3000),2026-09-29
TRN,Trinity Industries Inc.,NYSE,Industrials,Railroads,United States,2223575354.0,False,False,True,Proxy (Market-Cap-Rang 1001-3000),2026-09-29
TRNR,Interactive Strength Inc.,NASDAQ,Technology,Consumer Electronics/Appliances,United States,3903644.0,False,True,False,Proxy (Market-Cap-Rang 1001-3000),2026-09-29
TRNS,Transcat Inc.,NASDAQ,Industrials,Electrical Products,United States,823635033.0,False,True,True,Proxy (Market-Cap-Rang 1001-3000),2026-09-29
TRON,Tron Inc.,NASDAQ,Finance,Finance: Consumer Services,United States,683110172.0,False,True,True,Proxy (Market-Cap-Rang 1001-3000),2026-09-29
TROO,TROOPS Inc. Ordinary Shares ,NASDAQ,Finance,Diversified Financial Services,China,216223494.0,False,True,False,Proxy (Market-Cap-Rang 1001-3000),2026-09-29
TROW,T. Rowe Price Group Inc.,NASDAQ,Finance,Investment Managers,United States,22506955334.0,True,True,False,Proxy (Market-Cap-Rang 1001-3000),2026-09-29
TROX,Tronox Holdings plc Ordinary Shares (UK),NYSE,Basic Materials,Major Chemicals,United States,643591117.0,False,False,True,Proxy (Market-Cap-Rang 1001-3000),2026-09-29
TRS,TriMas Corporation,NASDAQ,Industrials,Industrial Specialties,United States,1404462128.0,False,True,True,Proxy (Market-Cap-Rang 1001-3000),2026-09-29
TRSG,Tungray Technologies Inc Class A,NASDAQ,Industrials,Industrial Machinery/Components,Singapore,22597246.0,False,True,False,Proxy (Market-Cap-Rang 1001-3000),2026-09-29
TRST,TrustCo Bank Corp NY,NASDAQ,Finance,Major Banks,United States,956958988.0,False,True,True,Proxy (Market-Cap-Rang 1001-3000),2026-09-29
TRT,Trio-Tech International,NASDAQ,Technology,Industrial Machinery/Components,Singapore,64540898.0,False,True,False,Proxy (Market-Cap-Rang 1001-3000),2026-09-29
TRTX,TPG RE Finance Trust Inc.,NYSE,Real Estate,Real Estate Investment Trusts,United States,503604699.0,False,False,True,Proxy (Market-Cap-Rang 1001-3000),2026-09-29
TRUG,TruGolf Holdings Inc.,NASDAQ,Consumer Discretionary,Recreational Games/Products/Toys,United States,1311322.0,False,True,False,Proxy (Market-Cap-Rang 1001-3000),2026-09-29
TRUP,Trupanion Inc.,NASDAQ,Health Care,Medical Specialities,United States,1016089671.0,False,True,True,Proxy (Market-Cap-Rang 1001-3000),2026-09-29
TRV,The Travelers Companies Inc.,NYSE,Finance,Property-Casualty Insurers,United States,75721075987.0,True,False,False,Proxy (Market-Cap-Rang 1001-3000),2026-09-29
TRVG,trivago N.V. American Depositary Shares,NASDAQ,Technology,EDP Services,Germany,384171027.0,False,True,False,Proxy (Market-Cap-Rang 1001-3000),2026-09-29
TRVI,Trevi Therapeutics Inc.,NASDAQ,Health Care,Biotechnology: Pharmaceutical Preparations,United States,2053076869.0,False,True,True,Proxy (Market-Cap-Rang 1001-3000),2026-09-29
TSAT,Telesat Corporation Class A Common Shares and Class B Variable Voting Shares ,NASDAQ,Industrials,Metal Fabrications,Canada,1743177566.0,False,True,False,Proxy (Market-Cap-Rang 1001-3000),2026-09-29
TSBK,Timberland Bancorp Inc.,NASDAQ,Finance,Banks,United States,353093084.0,False,True,True,Proxy (Market-Cap-Rang 1001-3000),2026-09-29
TSCO,Tractor Supply Company,NASDAQ,Consumer Discretionary,RETAIL: Building Materials,United States,16813965221.0,True,True,False,Proxy (Market-Cap-Rang 1001-3000),2026-09-29
TSEM,Tower Semiconductor Ltd.,NASDAQ,Technology,Semiconductors,Israel,26050254570.0,False,True,False,Proxy (Market-Cap-Rang 1001-3000),2026-09-29
TSHA,Taysha Gene Therapies Inc.,NASDAQ,Health Care,Biotechnology: Biological Products (No Diagnostic Substances),United States,1521642655.0,False,True,True,Proxy (Market-Cap-Rang 1001-3000),2026-09-29
TSLA,Tesla Inc.,NASDAQ,Industrials,Auto Manufacturing,United States,1469666080781.0,True,True,False,Proxy (Market-Cap-Rang 1001-3000),2026-09-29
TSN,Tyson Foods Inc.,NYSE,Consumer Staples,Meat/Poultry/Fish,United States,17913732991.0,True,False,False,Proxy (Market-Cap-Rang 1001-3000),2026-09-29
TSSI,TSS Inc.,NASDAQ,Consumer Discretionary,Professional Services,United States,278522221.0,False,True,True,Proxy (Market-Cap-Rang 1001-3000),2026-09-29
TT,Trane Technologies plc,NYSE,Industrials,Auto Parts:O.E.M.,Ireland,99987332556.0,True,False,False,Proxy (Market-Cap-Rang 1001-3000),2026-09-29
TTAM,Titan America SA Common Shares,NYSE,Industrials,Mining & Quarrying of Nonmetallic Minerals (No Fuels),United States,2553420140.0,False,False,True,Proxy (Market-Cap-Rang 1001-3000),2026-09-29
TTAN,ServiceTitan Inc.,NASDAQ,Technology,Computer Software: Prepackaged Software,United States,5599961769.0,False,True,False,Proxy (Market-Cap-Rang 1001-3000),2026-09-29
TTD,The Trade Desk Inc.,NASDAQ,Technology,Computer Software: Programming Data Processing,United States,5957218310.0,False,True,False,Proxy (Market-Cap-Rang 1001-3000),2026-09-29
TTEC,TTEC Holdings Inc.,NASDAQ,Consumer Discretionary,Professional Services,United States,60634006.0,False,True,False,Proxy (Market-Cap-Rang 1001-3000),2026-09-29
TTEK,Tetra Tech Inc.,NASDAQ,Consumer Discretionary,Military/Government/Technical,United States,8682466553.0,False,True,False,Proxy (Market-Cap-Rang 1001-3000),2026-09-29
TTGT,TechTarget Inc.,NASDAQ,Telecommunications,Telecommunications Equipment,United States,277034088.0,False,True,True,Proxy (Market-Cap-Rang 1001-3000),2026-09-29
TTI,Tetra Technologies Inc.,NYSE,Energy,Oil & Gas Production,United States,900282496.0,False,False,True,Proxy (Market-Cap-Rang 1001-3000),2026-09-29
TTMI,TTM Technologies Inc.,NASDAQ,Technology,Electrical Products,United States,13607912763.0,False,True,False,Proxy (Market-Cap-Rang 1001-3000),2026-09-29
TTRX,Turn Therapeutics Inc.,NASDAQ,Health Care,Biotechnology: Pharmaceutical Preparations,United States,372052620.0,False,True,True,Proxy (Market-Cap-Rang 1001-3000),2026-09-29
TTWO,Take-Two Interactive Software Inc.,NASDAQ,Technology,Computer Software: Prepackaged Software,United States,37665340438.0,True,True,False,Proxy (Market-Cap-Rang 1001-3000),2026-09-29
TULP,Bloomia Holdings Inc.,NASDAQ,Consumer Staples,Farming/Seeds/Milling,United States,14492895.0,False,True,False,Proxy (Market-Cap-Rang 1001-3000),2026-09-29
TURB,Turbo Energy S.A. American Depositary Shares,NASDAQ,Miscellaneous,Industrial Machinery/Components,Spain,12497826.0,False,True,False,Proxy (Market-Cap-Rang 1001-3000),2026-09-29
TUSK,Mammoth Energy Services Inc.,NASDAQ,Energy,Oilfield Services/Equipment,United States,143420203.0,False,True,False,Proxy (Market-Cap-Rang 1001-3000),2026-09-29
TVA,Texas Ventures Acquisition III Corp Class A Ordinary Share,NASDAQ,Unknown,Unknown,United States,0.0,False,True,False,Proxy (Market-Cap-Rang 1001-3000),2026-09-29
TVAI,Thayer Ventures Acquisition Corporation II Class A,NASDAQ,Unknown,Unknown,United States,0.0,False,True,False,Proxy (Market-Cap-Rang 1001-3000),2026-09-29
TVGN,Tevogen Inc.,NASDAQ,Health Care,Biotechnology: Biological Products (No Diagnostic Substances),United States,47208665.0,False,True,False,Proxy (Market-Cap-Rang 1001-3000),2026-09-29
TVIV,Texas Ventures Acquisition IV Corp Class A,NASDAQ,Unknown,Unknown,United States,0.0,False,True,False,Proxy (Market-Cap-Rang 1001-3000),2026-09-29
TVRD,Tvardi Therapeutics Inc.,NASDAQ,Health Care,Biotechnology: Pharmaceutical Preparations,United States,16940458.0,False,True,False,Proxy (Market-Cap-Rang 1001-3000),2026-09-29
TVTX,Travere Therapeutics Inc.,NASDAQ,Health Care,Biotechnology: Pharmaceutical Preparations,United States,5602878714.0,False,True,False,Proxy (Market-Cap-Rang 1001-3000),2026-09-29
TW,Tradeweb Markets Inc.,NASDAQ,Finance,Investment Bankers/Brokers/Service,United States,23681319832.0,False,True,False,Proxy (Market-Cap-Rang 1001-3000),2026-09-29
TWAV,TaoWeave Inc.,NASDAQ,Technology,Computer Software: Programming Data Processing,United States,6087234.0,False,True,False,Proxy (Market-Cap-Rang 1001-3000),2026-09-29
TWFG,TWFG Inc.,NASDAQ,Finance,Specialty Insurers,United States,1305350825.0,False,True,True,Proxy (Market-Cap-Rang 1001-3000),2026-09-29
TWG,Top Wealth Group Holding Limited Class A,NASDAQ,Consumer Staples,Packaged Foods,France,10290434.0,False,True,False,Proxy (Market-Cap-Rang 1001-3000),2026-09-29
TWI,Titan International Inc. (DE),NYSE,Industrials,Steel/Iron Ore,United States,456314429.0,False,False,True,Proxy (Market-Cap-Rang 1001-3000),2026-09-29
TWIN,Twin Disc Incorporated,NASDAQ,Industrials,Industrial Machinery/Components,United States,379901875.0,False,True,True,Proxy (Market-Cap-Rang 1001-3000),2026-09-29
TWST,Twist Bioscience Corporation,NASDAQ,Health Care,Biotechnology: Biological Products (No Diagnostic Substances),United States,12121843642.0,False,True,False,Proxy (Market-Cap-Rang 1001-3000),2026-09-29
TXG,10x Genomics Inc.,NASDAQ,Industrials,Biotechnology: Laboratory Analytical Instruments,United States,11167256009.0,False,True,False,Proxy (Market-Cap-Rang 1001-3000),2026-09-29
TXMD,TherapeuticsMD Inc.,NASDAQ,Health Care,Biotechnology: Pharmaceutical Preparations,United States,23727442.0,False,True,False,Proxy (Market-Cap-Rang 1001-3000),2026-09-29
TXN,Texas Instruments Incorporated,NASDAQ,Technology,Semiconductors,United States,253946784046.0,True,True,False,Proxy (Market-Cap-Rang 1001-3000),2026-09-29
TXRH,Texas Roadhouse Inc.,NASDAQ,Consumer Discretionary,Restaurants,United States,10486137929.0,False,True,False,Proxy (Market-Cap-Rang 1001-3000),2026-09-29
TXT,Textron Inc.,NYSE,Industrials,Aerospace,United States,13172477973.0,True,False,False,Proxy (Market-Cap-Rang 1001-3000),2026-09-29
TY,Tri Continental Corporation,NYSE,Finance,Finance Companies,United States,1881629370.0,False,False,True,Proxy (Market-Cap-Rang 1001-3000),2026-09-29
TYG,Tortoise Energy Infrastructure Corporation,NYSE,Finance,Investment Managers,United States,477354678.0,False,False,True,Proxy (Market-Cap-Rang 1001-3000),2026-09-29
TYGO,Tigo Energy Inc.,NASDAQ,Technology,Semiconductors,United States,66010037.0,False,True,False,Proxy (Market-Cap-Rang 1001-3000),2026-09-29
TYL,Tyler Technologies Inc.,NYSE,Technology,Computer Software: Prepackaged Software,United States,13332831846.0,True,False,False,Proxy (Market-Cap-Rang 1001-3000),2026-09-29
TYRA,Tyra Biosciences Inc.,NASDAQ,Health Care,Biotechnology: Pharmaceutical Preparations,United States,1496129233.0,False,True,True,Proxy (Market-Cap-Rang 1001-3000),2026-09-29
TZOO,Travelzoo,NASDAQ,Consumer Discretionary,Advertising,United States,56929040.0,False,True,False,Proxy (Market-Cap-Rang 1001-3000),2026-09-29
UA,Under Armour Inc.,NYSE,Consumer Discretionary,Apparel,United States,1877114014.0,False,False,True,Proxy (Market-Cap-Rang 1001-3000),2026-09-29
UAA,Under Armour Inc.,NYSE,Consumer Discretionary,Apparel,United States,1902886747.0,False,False,True,Proxy (Market-Cap-Rang 1001-3000),2026-09-29
UAL,United Airlines Holdings Inc.,NASDAQ,Consumer Discretionary,Air Freight/Delivery Services,United States,36999304170.0,True,True,False,Proxy (Market-Cap-Rang 1001-3000),2026-09-29
UAMY,United States Antimony Corporation,NYSE,Industrials,Metal Fabrications,United States,673512228.0,False,False,True,Proxy (Market-Cap-Rang 1001-3000),2026-09-29
UBCP,United Bancorp Inc.,NASDAQ,Finance,Major Banks,United States,84971699.0,False,True,False,Proxy (Market-Cap-Rang 1001-3000),2026-09-29
UBER,Uber Technologies Inc.,NYSE,Consumer Discretionary,Business Services,United States,142203035624.0,True,False,False,Proxy (Market-Cap-Rang 1001-3000),2026-09-29
UBSI,United Bankshares Inc.,NASDAQ,Finance,Major Banks,United States,6382921077.0,False,True,False,Proxy (Market-Cap-Rang 1001-3000),2026-09-29
UCAR,U Power Limited Class A,NASDAQ,Miscellaneous,Industrial Machinery/Components,China,7880725.0,False,True,False,Proxy (Market-Cap-Rang 1001-3000),2026-09-29
UCB,United Community Banks Inc.,NYSE,Finance,Major Banks,United States,4127299468.0,False,False,True,Proxy (Market-Cap-Rang 1001-3000),2026-09-29
UCL,uCloudlink Group Inc. American Depositary Shares,NASDAQ,Consumer Discretionary,Telecommunications Equipment,Hong Kong,13675118.0,False,True,False,Proxy (Market-Cap-Rang 1001-3000),2026-09-29
UCTT,Ultra Clean Holdings Inc.,NASDAQ,Technology,Semiconductors,United States,3517572383.0,False,True,True,Proxy (Market-Cap-Rang 1001-3000),2026-09-29
UDR,UDR Inc.,NYSE,Real Estate,Real Estate Investment Trusts,United States,10871581272.0,True,False,False,Proxy (Market-Cap-Rang 1001-3000),2026-09-29
UE,Urban Edge Properties Common Shares of Beneficial Interest,NYSE,Finance,Real Estate,United States,2512264873.0,False,False,True,Proxy (Market-Cap-Rang 1001-3000),2026-09-29
UEIC,Universal Electronics Inc.,NASDAQ,Consumer Staples,Consumer Electronics/Appliances,United States,65971517.0,False,True,False,Proxy (Market-Cap-Rang 1001-3000),2026-09-29
UFCS,United Fire Group Inc.,NASDAQ,Finance,Property-Casualty Insurers,United States,1370871062.0,False,True,True,Proxy (Market-Cap-Rang 1001-3000),2026-09-29
UFG,Uni-Fuels Holdings Limited Class A,NASDAQ,Energy,Oil Refining/Marketing,Singapore,16235747.0,False,True,False,Proxy (Market-Cap-Rang 1001-3000),2026-09-29
UFPI,UFP Industries Inc.,NASDAQ,Basic Materials,Forest Products,United States,4384786920.0,False,True,True,Proxy (Market-Cap-Rang 1001-3000),2026-09-29
UFPT,UFP Technologies Inc.,NASDAQ,Health Care,Medical/Dental Instruments,United States,2290042814.0,False,True,True,Proxy (Market-Cap-Rang 1001-3000),2026-09-29
UG,United-Guardian Inc.,NASDAQ,Consumer Discretionary,Package Goods/Cosmetics,United States,32527779.0,False,True,False,Proxy (Market-Cap-Rang 1001-3000),2026-09-29
UHS,Universal Health Services Inc.,NYSE,Health Care,Hospital/Nursing Management,United States,10541385073.0,True,False,False,Proxy (Market-Cap-Rang 1001-3000),2026-09-29
UHT,Universal Health Realty Income Trust,NYSE,Real Estate,Real Estate Investment Trusts,United States,537184137.0,False,False,True,Proxy (Market-Cap-Rang 1001-3000),2026-09-29
UIS,Unisys Corporation New,NYSE,Technology,EDP Services,United States,169165016.0,False,False,True,Proxy (Market-Cap-Rang 1001-3000),2026-09-29
UK,Ucommune International Ltd Class A,NASDAQ,Consumer Discretionary,Business Services,United States,1423697.0,False,True,False,Proxy (Market-Cap-Rang 1001-3000),2026-09-29
ULBI,Ultralife Corporation,NASDAQ,Miscellaneous,Industrial Machinery/Components,United States,102645737.0,False,True,False,Proxy (Market-Cap-Rang 1001-3000),2026-09-29
ULCC,Frontier Group Holdings Inc.,NASDAQ,Consumer Discretionary,Air Freight/Delivery Services,United States,1425035622.0,False,True,True,Proxy (Market-Cap-Rang 1001-3000),2026-09-29
ULH,Universal Logistics Holdings Inc.,NASDAQ,Industrials,Trucking Freight/Courier Services,United States,440078665.0,False,True,True,Proxy (Market-Cap-Rang 1001-3000),2026-09-29
ULTA,Ulta Beauty Inc.,NASDAQ,Consumer Discretionary,Other Specialty Stores,United States,23311373189.0,True,True,False,Proxy (Market-Cap-Rang 1001-3000),2026-09-29
UMAC,Unusual Machines Inc.,AMEX,Technology,Radio And Television Broadcasting And Communications Equipment,United States,1201453945.0,False,False,True,Proxy (Market-Cap-Rang 1001-3000),2026-09-29
UMBF,UMB Financial Corporation,NASDAQ,Finance,Major Banks,United States,10315533075.0,False,True,False,Proxy (Market-Cap-Rang 1001-3000),2026-09-29
UMH,UMH Properties Inc.,NYSE,Real Estate,Real Estate Investment Trusts,United States,1314938240.0,False,False,True,Proxy (Market-Cap-Rang 1001-3000),2026-09-29
UNB,Union Bankshares Inc.,NASDAQ,Finance,Major Banks,United States,116722485.0,False,True,False,Proxy (Market-Cap-Rang 1001-3000),2026-09-29
UNCY,Unicycive Therapeutics Inc.,NASDAQ,Health Care,Biotechnology: Pharmaceutical Preparations,United States,130780432.0,False,True,False,Proxy (Market-Cap-Rang 1001-3000),2026-09-29
UNF,Unifirst Corporation,NYSE,Consumer Discretionary,Other Consumer Services,United States,4685428383.0,False,False,True,Proxy (Market-Cap-Rang 1001-3000),2026-09-29
UNFI,United Natural Foods Inc.,NYSE,Consumer Discretionary,Food Distributors,United States,2765538301.0,False,False,True,Proxy (Market-Cap-Rang 1001-3000),2026-09-29
UNH,UnitedHealth Group Incorporated Common Stock (DE),NYSE,Health Care,Medical Specialities,United States,338025243432.0,True,False,False,Proxy (Market-Cap-Rang 1001-3000),2026-09-29
UNIT,Uniti Group Inc.,NASDAQ,Real Estate,Real Estate Investment Trusts,United States,2162680953.0,False,True,True,Proxy (Market-Cap-Rang 1001-3000),2026-09-29
UNP,Union Pacific Corporation,NYSE,Industrials,Railroads,United States,162651930597.0,True,False,False,Proxy (Market-Cap-Rang 1001-3000),2026-09-29
UNTY,Unity Bancorp Inc.,NASDAQ,Finance,Major Banks,United States,562886497.0,False,True,True,Proxy (Market-Cap-Rang 1001-3000),2026-09-29
UONE,Urban One Inc.,NASDAQ,Consumer Discretionary,Broadcasting,United States,19521298.0,False,True,False,Proxy (Market-Cap-Rang 1001-3000),2026-09-29
UONEK,Urban One Inc. Class D,NASDAQ,Consumer Discretionary,Broadcasting,United States,17075367.0,False,True,False,Proxy (Market-Cap-Rang 1001-3000),2026-09-29
UPB,Upstream Bio Inc.,NASDAQ,Health Care,Biotechnology: Pharmaceutical Preparations,United States,293572780.0,False,True,True,Proxy (Market-Cap-Rang 1001-3000),2026-09-29
UPBD,Upbound Group Inc.,NASDAQ,Consumer Discretionary,Diversified Commercial Services,United States,938037426.0,False,True,True,Proxy (Market-Cap-Rang 1001-3000),2026-09-29
UPC,Universe Pharmaceuticals Inc. Class A,NASDAQ,Health Care,Biotechnology: Pharmaceutical Preparations,China,23865853.0,False,True,False,Proxy (Market-Cap-Rang 1001-3000),2026-09-29
UPLD,Upland Software Inc.,NASDAQ,Technology,Computer Software: Prepackaged Software,United States,9965734.0,False,True,False,Proxy (Market-Cap-Rang 1001-3000),2026-09-29
UPS,United Parcel Service Inc.,NYSE,Industrials,Trucking Freight/Courier Services,United States,79939437445.0,True,False,False,Proxy (Market-Cap-Rang 1001-3000),2026-09-29
UPST,Upstart Holdings Inc. Common stock,NASDAQ,Finance,Finance: Consumer Services,United States,2317023625.0,False,True,True,Proxy (Market-Cap-Rang 1001-3000),2026-09-29
UPWK,Upwork Inc.,NASDAQ,Technology,EDP Services,United States,1017962425.0,False,True,True,Proxy (Market-Cap-Rang 1001-3000),2026-09-29
UPXI,Upexi Inc.,NASDAQ,Finance,Finance: Consumer Services,United States,100986043.0,False,True,False,Proxy (Market-Cap-Rang 1001-3000),2026-09-29
URBN,Urban Outfitters Inc.,NASDAQ,Consumer Discretionary,Clothing/Shoe/Accessory Stores,United States,6454494638.0,False,True,False,Proxy (Market-Cap-Rang 1001-3000),2026-09-29
URGN,UroGen Pharma Ltd.,NASDAQ,Health Care,Biotechnology: Pharmaceutical Preparations,Israel,2021211321.0,False,True,False,Proxy (Market-Cap-Rang 1001-3000),2026-09-29
URI,United Rentals Inc.,NYSE,Consumer Discretionary,Diversified Commercial Services,United States,65171620532.0,True,False,False,Proxy (Market-Cap-Rang 1001-3000),2026-09-29
UROY,Uranium Royalty Corp.,NASDAQ,Finance,Investment Bankers/Brokers/Service,Canada,1561651979.0,False,True,False,Proxy (Market-Cap-Rang 1001-3000),2026-09-29
USAR,USA Rare Earth Inc.,NASDAQ,Basic Materials,Metal Mining,United States,5693662287.0,False,True,False,Proxy (Market-Cap-Rang 1001-3000),2026-09-29
USAU,U.S. Gold Corp.,NASDAQ,Basic Materials,Metal Mining,United States,257681856.0,False,True,True,Proxy (Market-Cap-Rang 1001-3000),2026-09-29
USB,U.S. Bancorp,NYSE,Finance,Major Banks,United States,92439192291.0,True,False,False,Proxy (Market-Cap-Rang 1001-3000),2026-09-29
USBC,USBC Inc.,AMEX,Finance,Finance: Consumer Services,United States,198768762.0,False,False,True,Proxy (Market-Cap-Rang 1001-3000),2026-09-29
USCB,USCB Financial Holdings Inc.,NASDAQ,Finance,Major Banks,United States,418077256.0,False,True,True,Proxy (Market-Cap-Rang 1001-3000),2026-09-29
USDE,StablecoinX Inc.,NASDAQ,Finance,Finance: Consumer Services,United States,468977975.0,False,True,True,Proxy (Market-Cap-Rang 1001-3000),2026-09-29
USEA,United Maritime Corporation,NASDAQ,Consumer Discretionary,Marine Transportation,Greece,25943738.0,False,True,False,Proxy (Market-Cap-Rang 1001-3000),2026-09-29
USGO,U.S. GoldMining Inc. Common stock,NASDAQ,Basic Materials,Precious Metals,United States,100916942.0,False,True,False,Proxy (Market-Cap-Rang 1001-3000),2026-09-29
USIO,Usio Inc.,NASDAQ,Finance,Investment Bankers/Brokers/Service,United States,66394315.0,False,True,False,Proxy (Market-Cap-Rang 1001-3000),2026-09-29
USLM,United States Lime & Minerals Inc.,NASDAQ,Industrials,Mining & Quarrying of Nonmetallic Minerals (No Fuels),United States,3195883638.0,False,True,True,Proxy (Market-Cap-Rang 1001-3000),2026-09-29
USNA,USANA Health Sciences Inc.,NYSE,Health Care, Medicinal Chemicals and Botanical Products ,United States,267909743.0,False,False,True,Proxy (Market-Cap-Rang 1001-3000),2026-09-29
USPH,U.S. Physical Therapy Inc.,NYSE,Health Care,Medical/Nursing Services,United States,1266041698.0,False,False,True,Proxy (Market-Cap-Rang 1001-3000),2026-09-29
UTHR,United Therapeutics Corporation,NASDAQ,Health Care,Biotechnology: Pharmaceutical Preparations,United States,20392379511.0,False,True,False,Proxy (Market-Cap-Rang 1001-3000),2026-09-29
UTI,Universal Technical Institute Inc,NYSE,Real Estate,Other Consumer Services,United States,1118433189.0,False,False,True,Proxy (Market-Cap-Rang 1001-3000),2026-09-29
UTL,UNITIL Corporation,NYSE,Utilities,Power Generation,United States,929705641.0,False,False,True,Proxy (Market-Cap-Rang 1001-3000),2026-09-29
UTMD,Utah Medical Products Inc.,NASDAQ,Health Care,Medical/Dental Instruments,United States,236175619.0,False,True,True,Proxy (Market-Cap-Rang 1001-3000),2026-09-29
UTSI,UTStarcom Holdings Corp.,NASDAQ,Telecommunications,Telecommunications Equipment,China,22026335.0,False,True,False,Proxy (Market-Cap-Rang 1001-3000),2026-09-29
UTZ,Utz Brands Inc Class A Common Stock ,NYSE,Consumer Staples,Packaged Foods,United States,2050021913.0,False,False,True,Proxy (Market-Cap-Rang 1001-3000),2026-09-29
UVE,UNIVERSAL INSURANCE HOLDINGS INC,NYSE,Finance,Property-Casualty Insurers,United States,1172771160.0,False,False,True,Proxy (Market-Cap-Rang 1001-3000),2026-09-29
UVSP,Univest Financial Corporation,NASDAQ,Finance,Major Banks,United States,1162805179.0,False,True,True,Proxy (Market-Cap-Rang 1001-3000),2026-09-29
UVV,Universal Corporation,NYSE,Industrials,Farming/Seeds/Milling,United States,1057471445.0,False,False,True,Proxy (Market-Cap-Rang 1001-3000),2026-09-29
UWMC,UWM Holdings Corporation,NYSE,Finance,Finance: Consumer Services,United States,1959949099.0,False,False,True,Proxy (Market-Cap-Rang 1001-3000),2026-09-29
UXIN,Uxin Limited ADS,NASDAQ,Consumer Discretionary,Business Services,China,288174142.0,False,True,False,Proxy (Market-Cap-Rang 1001-3000),2026-09-29
UZX,Linkage Global Inc. Class A,NASDAQ,Consumer Discretionary,Catalog/Specialty Distribution,Japan,4241470.0,False,True,False,Proxy (Market-Cap-Rang 1001-3000),2026-09-29
V,Visa Inc.,NYSE,Consumer Discretionary,Business Services,United States,656418134561.0,True,False,False,Proxy (Market-Cap-Rang 1001-3000),2026-09-29
VABK,Virginia National Bankshares Corporation,NASDAQ,Finance,Major Banks,United States,262203879.0,False,True,True,Proxy (Market-Cap-Rang 1001-3000),2026-09-29
VAC,Marriott Vacations Worldwide Corporation,NYSE,Finance,Real Estate,United States,3536526802.0,False,False,True,Proxy (Market-Cap-Rang 1001-3000),2026-09-29
VAI,Valor Energy Incorporated,NASDAQ,Consumer Discretionary,Rental/Leasing Companies,China,32644869.0,False,True,False,Proxy (Market-Cap-Rang 1001-3000),2026-09-29
VALN,Valneva SE American Depositary Shares,NASDAQ,Health Care,Biotechnology: Biological Products (No Diagnostic Substances),France,582597701.0,False,True,False,Proxy (Market-Cap-Rang 1001-3000),2026-09-29
VALU,Value Line Inc.,NASDAQ,Finance,Investment Managers,United States,376785056.0,False,True,True,Proxy (Market-Cap-Rang 1001-3000),2026-09-29
VANI,Vivani Medical Inc. Common Stock (DE),NASDAQ,Health Care,Biotechnology: Electromedical & Electrotherapeutic Apparatus,United States,111852161.0,False,True,False,Proxy (Market-Cap-Rang 1001-3000),2026-09-29
VBIO,Valion Bio Inc.,NASDAQ,Health Care,Biotechnology: Electromedical & Electrotherapeutic Apparatus,United States,3895444.0,False,True,False,Proxy (Market-Cap-Rang 1001-3000),2026-09-29
VBNK,VersaBank Common Shares,NASDAQ,Finance,Commercial Banks,Canada,758930639.0,False,True,False,Proxy (Market-Cap-Rang 1001-3000),2026-09-29
VC,Visteon Corporation,NASDAQ,Consumer Discretionary,Auto Parts:O.E.M.,United States,2414868507.0,False,True,True,Proxy (Market-Cap-Rang 1001-3000),2026-09-29
VCEL,Vericel Corporation,NASDAQ,Health Care,Biotechnology: Biological Products (No Diagnostic Substances),United States,2033414642.0,False,True,True,Proxy (Market-Cap-Rang 1001-3000),2026-09-29
VCIG,VCI Global Limited Ordinary Share,NASDAQ,Consumer Discretionary,Diversified Commercial Services,Malaysia,2153043.0,False,True,False,Proxy (Market-Cap-Rang 1001-3000),2026-09-29
VCRE,Vicore Pharma Holding AB American Depositary Shares,NASDAQ,Health Care,Biotechnology: Pharmaceutical Preparations,Sweden,2716721972.0,False,True,False,Proxy (Market-Cap-Rang 1001-3000),2026-09-29
VCTR,Victory Capital Holdings Inc.,NASDAQ,Finance,Investment Managers,United States,6689165955.0,False,True,False,Proxy (Market-Cap-Rang 1001-3000),2026-09-29
VCV,Invesco California Value Municipal Income Trust,NYSE,Finance,Trusts Except Educational Religious and Charitable,United States,437719399.0,False,False,True,Proxy (Market-Cap-Rang 1001-3000),2026-09-29
VCYT,Veracyte Inc.,NASDAQ,Health Care,Medical Specialities,United States,3652150909.0,False,True,True,Proxy (Market-Cap-Rang 1001-3000),2026-09-29
VECO,Veeco Instruments Inc.,NASDAQ,Technology,Industrial Machinery/Components,United States,3036309219.0,False,True,True,Proxy (Market-Cap-Rang 1001-3000),2026-09-29
VEEA,Veea Inc.,NASDAQ,Technology,EDP Services,United States,9580981.0,False,True,False,Proxy (Market-Cap-Rang 1001-3000),2026-09-29
VEEE,Twin Vee PowerCats Co.,NASDAQ,Industrials,Marine Transportation,United States,8151278.0,False,True,False,Proxy (Market-Cap-Rang 1001-3000),2026-09-29
VEEV,Veeva Systems Inc.,NYSE,Technology,Computer Software: Prepackaged Software,United States,45444576018.0,True,False,False,Proxy (Market-Cap-Rang 1001-3000),2026-09-29
VEL,Velocity Financial Inc.,NYSE,Finance,Finance: Consumer Services,United States,606040365.0,False,False,True,Proxy (Market-Cap-Rang 1001-3000),2026-09-29
VELO,Velo3D Inc. Common stock,NASDAQ,Technology,Industrial Machinery/Components,United States,362963542.0,False,True,True,Proxy (Market-Cap-Rang 1001-3000),2026-09-29
VEON,VEON Ltd. ADS,NASDAQ,Telecommunications,Telecommunications Equipment,Netherlands,5062675056.0,False,True,False,Proxy (Market-Cap-Rang 1001-3000),2026-09-29
VERA,Vera Therapeutics Inc.,NASDAQ,Health Care,Biotechnology: Pharmaceutical Preparations,United States,2344940921.0,False,True,True,Proxy (Market-Cap-Rang 1001-3000),2026-09-29
VERI,Veritone Inc.,NASDAQ,Technology,EDP Services,United States,131598759.0,False,True,False,Proxy (Market-Cap-Rang 1001-3000),2026-09-29
VERU,Veru Inc.,NASDAQ,Health Care,Biotechnology: Pharmaceutical Preparations,United States,43307813.0,False,True,False,Proxy (Market-Cap-Rang 1001-3000),2026-09-29
VERX,Vertex Inc.,NASDAQ,Technology,Computer Software: Prepackaged Software,United States,1844418433.0,False,True,True,Proxy (Market-Cap-Rang 1001-3000),2026-09-29
VFF,Village Farms International Inc. Common Shares,NASDAQ,Consumer Staples,Farming/Seeds/Milling,Canada,387647561.0,False,True,False,Proxy (Market-Cap-Rang 1001-3000),2026-09-29
VFS,VinFast Auto Ltd.,NASDAQ,Industrials,Auto Manufacturing,Singapore,7439724512.0,False,True,False,Proxy (Market-Cap-Rang 1001-3000),2026-09-29
VGAS,Verde Clean Fuels Inc.,NASDAQ,Industrials,Major Chemicals,United States,51677560.0,False,True,False,Proxy (Market-Cap-Rang 1001-3000),2026-09-29
VGM,Invesco Trust for Investment Grade Municipals Common Stock (DE),NYSE,Finance,Trusts Except Educational Religious and Charitable,United States,494595548.0,False,False,True,Proxy (Market-Cap-Rang 1001-3000),2026-09-29
VGZ,Vista Gold Corp,AMEX,Basic Materials,Precious Metals,United States,401421202.0,False,False,True,Proxy (Market-Cap-Rang 1001-3000),2026-09-29
VHC,VirnetX Holding Corp,NASDAQ,Miscellaneous,Multi-Sector Companies,United States,43684318.0,False,True,False,Proxy (Market-Cap-Rang 1001-3000),2026-09-29
VHCP,Vine Hill Capital Investment Corp. II Class A,NASDAQ,Unknown,Unknown,United States,0.0,False,True,False,Proxy (Market-Cap-Rang 1001-3000),2026-09-29
VHI,Valhi Inc.,NYSE,Basic Materials,Major Chemicals,United States,452855876.0,False,False,True,Proxy (Market-Cap-Rang 1001-3000),2026-09-29
VHUB,VenHub Global Inc.,NASDAQ,Technology,Industrial Machinery/Components,United States,52455158.0,False,True,False,Proxy (Market-Cap-Rang 1001-3000),2026-09-29
VIA,Via Transportation Inc.,NYSE,Technology,Computer Software: Prepackaged Software,United States,2397080078.0,False,False,True,Proxy (Market-Cap-Rang 1001-3000),2026-09-29
VIAV,Viavi Solutions Inc.,NASDAQ,Technology,Semiconductors,United States,10037783003.0,False,True,False,Proxy (Market-Cap-Rang 1001-3000),2026-09-29
VICI,VICI Properties Inc.,NYSE,Real Estate,Real Estate Investment Trusts,United States,25886333483.0,True,False,False,Proxy (Market-Cap-Rang 1001-3000),2026-09-29
VICR,Vicor Corporation,NASDAQ,Technology,Industrial Machinery/Components,United States,13000254155.0,False,True,False,Proxy (Market-Cap-Rang 1001-3000),2026-09-29
VINP,Vinci Compass Investments Ltd. Class A Common Shares,NASDAQ,Finance,Investment Managers,Brazil,611696616.0,False,True,False,Proxy (Market-Cap-Rang 1001-3000),2026-09-29
VIOT,Viomi Technology Co. Ltd American Depositary Shares,NASDAQ,Consumer Discretionary,Consumer Electronics/Appliances,China,90884336.0,False,True,False,Proxy (Market-Cap-Rang 1001-3000),2026-09-29
VIP,Vulcan Infrastructure and Power Inc.,NASDAQ,Finance,Finance: Consumer Services,United States,30040740.0,False,True,False,Proxy (Market-Cap-Rang 1001-3000),2026-09-29
VIR,Vir Biotechnology Inc.,NASDAQ,Health Care,Biotechnology: Biological Products (No Diagnostic Substances),United States,1803842112.0,False,True,True,Proxy (Market-Cap-Rang 1001-3000),2026-09-29
VIRC,Virco Manufacturing Corporation,NASDAQ,Consumer Discretionary,Industrial Specialties,United States,102464798.0,False,True,False,Proxy (Market-Cap-Rang 1001-3000),2026-09-29
VISN,Vistance Networks Inc.,NASDAQ,Technology,Radio And Television Broadcasting And Communications Equipment,United States,1434496283.0,False,True,True,Proxy (Market-Cap-Rang 1001-3000),2026-09-29
VITL,Vital Farms Inc.,NASDAQ,Consumer Staples,Packaged Foods,United States,427168644.0,False,True,True,Proxy (Market-Cap-Rang 1001-3000),2026-09-29
VIVK,Vivakor Inc.,NASDAQ,Utilities,Environmental Services,United States,4379058.0,False,True,False,Proxy (Market-Cap-Rang 1001-3000),2026-09-29
VIVO,VivoPower PLC Class A,NASDAQ,Utilities,Power Generation,United Kingdom,131813447.0,False,True,False,Proxy (Market-Cap-Rang 1001-3000),2026-09-29
VIVS,VivoSim Labs Inc.,NASDAQ,Health Care,Biotechnology: Biological Products (No Diagnostic Substances),United States,3715375.0,False,True,False,Proxy (Market-Cap-Rang 1001-3000),2026-09-29
VKI,Invesco Advantage Municipal Income Trust II Common Shares of Beneficial Interest (DE),AMEX,Finance,Finance Companies,United States,353471919.0,False,False,True,Proxy (Market-Cap-Rang 1001-3000),2026-09-29
VKQ,Invesco Municipal Trust,NYSE,Finance,Trusts Except Educational Religious and Charitable,United States,481972336.0,False,False,True,Proxy (Market-Cap-Rang 1001-3000),2026-09-29
VKTX,Viking Therapeutics Inc.,NASDAQ,Health Care,Biotechnology: Pharmaceutical Preparations,United States,4148178440.0,False,True,True,Proxy (Market-Cap-Rang 1001-3000),2026-09-29
VLGEA,Village Super Market Inc.,NASDAQ,Consumer Staples,Food Chains,United States,671906607.0,False,True,True,Proxy (Market-Cap-Rang 1001-3000),2026-09-29
VLO,Valero Energy Corporation,NYSE,Energy,Integrated oil Companies,United States,111479754350.0,True,False,False,Proxy (Market-Cap-Rang 1001-3000),2026-09-29
VLOS,Velos Acquisition I Corp. Class A Ordinary shares,NASDAQ,Unknown,Unknown,United States,0.0,False,True,False,Proxy (Market-Cap-Rang 1001-3000),2026-09-29
VLTO,Veralto Corp Common Stock ,NYSE,Industrials,Electrical Products,United States,23682085436.0,True,False,False,Proxy (Market-Cap-Rang 1001-3000),2026-09-29
VLY,Valley National Bancorp,NASDAQ,Finance,Major Banks,United States,7228076356.0,False,True,False,Proxy (Market-Cap-Rang 1001-3000),2026-09-29
VMAR,Vision Marine Technologies Inc. Common Shares,NASDAQ,Industrials,Marine Transportation,Canada,5113350.0,False,True,False,Proxy (Market-Cap-Rang 1001-3000),2026-09-29
VMC,Vulcan Materials Company (Holding Company),NYSE,Industrials,Mining & Quarrying of Nonmetallic Minerals (No Fuels),United States,31746791055.0,True,False,False,Proxy (Market-Cap-Rang 1001-3000),2026-09-29
VMD,Viemed Healthcare Inc. Common Shares,NASDAQ,Health Care,Misc Health and Biotechnology Services,United States,339366111.0,False,True,True,Proxy (Market-Cap-Rang 1001-3000),2026-09-29
VMET,Versamet Royalties Corporation,NASDAQ,Industrials,Precious Metals,Canada,995789989.0,False,True,False,Proxy (Market-Cap-Rang 1001-3000),2026-09-29
VMO,Invesco Municipal Opportunity Trust,NYSE,Finance,Trusts Except Educational Religious and Charitable,United States,582013112.0,False,False,True,Proxy (Market-Cap-Rang 1001-3000),2026-09-29
VMRK,Vivmark Residential Common Shares of Beneficial Interest,NYSE,Real Estate,Real Estate Investment Trusts,United States,48439125000.0,True,False,False,Proxy (Market-Cap-Rang 1001-3000),2026-09-29
VNCE,Vince Holding Corp.,NASDAQ,Consumer Discretionary,Clothing/Shoe/Accessory Stores,United States,148864614.0,False,True,False,Proxy (Market-Cap-Rang 1001-3000),2026-09-29
VNDA,Vanda Pharmaceuticals Inc.,NASDAQ,Health Care,Biotechnology: Pharmaceutical Preparations,United States,305336569.0,False,True,True,Proxy (Market-Cap-Rang 1001-3000),2026-09-29
VNET,VNET Group Inc. American Depositary Shares,NASDAQ,Technology,Computer Software: Programming Data Processing,China,1891260974.0,False,True,False,Proxy (Market-Cap-Rang 1001-3000),2026-09-29
VNOM,Viper Energy Inc.,NASDAQ,Energy,Oil & Gas Production,United States,14701846970.0,False,True,False,Proxy (Market-Cap-Rang 1001-3000),2026-09-29
VNT,Vontier Corporation Common Stock ,NYSE,Industrials,Industrial Machinery/Components,United States,4256096000.0,False,False,True,Proxy (Market-Cap-Rang 1001-3000),2026-09-29
VOD,Vodafone Group Plc American Depositary Shares,NASDAQ,Telecommunications,Telecommunications Equipment,United Kingdom,38463601431.0,False,True,False,Proxy (Market-Cap-Rang 1001-3000),2026-09-29
VOGX,Vogenx Inc,NASDAQ,Health Care,Biotechnology: Pharmaceutical Preparations,United States,337656128.0,False,True,True,Proxy (Market-Cap-Rang 1001-3000),2026-09-29
VOR,Vor Biopharma Inc.,NASDAQ,Health Care,Biotechnology: Biological Products (No Diagnostic Substances),United States,1095685685.0,False,True,True,Proxy (Market-Cap-Rang 1001-3000),2026-09-29
VOXR,Vox Royalty Corp.,NASDAQ,Basic Materials,Precious Metals,Canada,378054345.0,False,True,False,Proxy (Market-Cap-Rang 1001-3000),2026-09-29
VOYG,Voyager Technologies Inc.,NYSE,Industrials,Military/Government/Technical,United States,1942689213.0,False,False,True,Proxy (Market-Cap-Rang 1001-3000),2026-09-29
VPG,Vishay Precision Group Inc.,NYSE,Technology,Electrical Products,United States,954142401.0,False,False,True,Proxy (Market-Cap-Rang 1001-3000),2026-09-29
VPV,Invesco Pennsylvania Value Municipal Income Trust Common Stock (DE),NYSE,Finance,Trusts Except Educational Religious and Charitable,United States,252831462.0,False,False,True,Proxy (Market-Cap-Rang 1001-3000),2026-09-29
VRA,Vera Bradley Inc.,NASDAQ,Consumer Discretionary,Apparel,United States,115471873.0,False,True,False,Proxy (Market-Cap-Rang 1001-3000),2026-09-29
VRAX,Virax Biolabs Group Limited,NASDAQ,Health Care,Biotechnology: In Vitro & In Vivo Diagnostic Substances,United Kingdom,3221246.0,False,True,False,Proxy (Market-Cap-Rang 1001-3000),2026-09-29
VRCA,Verrica Pharmaceuticals Inc.,NASDAQ,Health Care,Biotechnology: Pharmaceutical Preparations,United States,75071295.0,False,True,False,Proxy (Market-Cap-Rang 1001-3000),2026-09-29
VRDN,Viridian Therapeutics Inc.,NASDAQ,Health Care,Biotechnology: Pharmaceutical Preparations,United States,2319092746.0,False,True,True,Proxy (Market-Cap-Rang 1001-3000),2026-09-29
VREX,Varex Imaging Corporation,NASDAQ,Technology,Industrial Machinery/Components,United States,776745000.0,False,True,True,Proxy (Market-Cap-Rang 1001-3000),2026-09-29
VRM,Vroom Inc.,NASDAQ,Consumer Discretionary,Retail-Auto Dealers and Gas Stations,United States,50563850.0,False,True,False,Proxy (Market-Cap-Rang 1001-3000),2026-09-29
VRME,VerifyMe Inc.,NASDAQ,Technology,EDP Services,United States,12637272.0,False,True,False,Proxy (Market-Cap-Rang 1001-3000),2026-09-29
VRNS,Varonis Systems Inc.,NASDAQ,Technology,Computer Software: Prepackaged Software,United States,5312297431.0,False,True,True,Proxy (Market-Cap-Rang 1001-3000),2026-09-29
VRRM,Verra Mobility Corporation,NASDAQ,Consumer Discretionary,Transportation Services,United States,492424285.0,False,True,True,Proxy (Market-Cap-Rang 1001-3000),2026-09-29
VRSK,Verisk Analytics Inc.,NASDAQ,Technology,EDP Services,United States,22023698791.0,True,True,False,Proxy (Market-Cap-Rang 1001-3000),2026-09-29
VRSN,VeriSign Inc.,NASDAQ,Technology,EDP Services,United States,25938675000.0,True,True,False,Proxy (Market-Cap-Rang 1001-3000),2026-09-29
VRT,Vertiv Holdings LLC,NYSE,Technology,Industrial Machinery/Components,United States,97509804457.0,True,False,False,Proxy (Market-Cap-Rang 1001-3000),2026-09-29
VRTS,Virtus Investment Partners Inc.,NYSE,Finance,Investment Managers,United States,864790860.0,False,False,True,Proxy (Market-Cap-Rang 1001-3000),2026-09-29
VRTX,Vertex Pharmaceuticals Incorporated,NASDAQ,Health Care,Biotechnology: Pharmaceutical Preparations,United States,133368603600.0,True,True,False,Proxy (Market-Cap-Rang 1001-3000),2026-09-29
VRXA,Veraxa Biotech AG,NASDAQ,Health Care,Biotechnology: Pharmaceutical Preparations,Switzerland,199385016.0,False,True,False,Proxy (Market-Cap-Rang 1001-3000),2026-09-29
VS,Versus Systems Inc.,NASDAQ,Technology,EDP Services,Canada,6647531.0,False,True,False,Proxy (Market-Cap-Rang 1001-3000),2026-09-29
VSA,VisionSys AI Inc. American Depositary Shares,NASDAQ,Real Estate,Other Consumer Services,China,7652645.0,False,True,False,Proxy (Market-Cap-Rang 1001-3000),2026-09-29
VSAT,ViaSat Inc.,NASDAQ,Consumer Discretionary,Telecommunications Equipment,United States,10058929246.0,False,True,False,Proxy (Market-Cap-Rang 1001-3000),2026-09-29
VSEC,VSE Corporation,NASDAQ,Consumer Discretionary,Military/Government/Technical,United States,5073304988.0,False,True,True,Proxy (Market-Cap-Rang 1001-3000),2026-09-29
VSH,Vishay Intertechnology Inc.,NYSE,Technology,Electrical Products,United States,4992491886.0,False,False,True,Proxy (Market-Cap-Rang 1001-3000),2026-09-29
VSME,VS Media Holdings Limited Class A,NASDAQ,Consumer Discretionary,Advertising,Singapore,2750784.0,False,True,False,Proxy (Market-Cap-Rang 1001-3000),2026-09-29
VSNT,Versant Media Group Inc. Class A Common Stock ,NASDAQ,Industrials,Broadcasting,United States,4552387538.0,False,True,True,Proxy (Market-Cap-Rang 1001-3000),2026-09-29
VST,Vistra Corp.,NYSE,Utilities,Electric Utilities: Central,United States,46472049100.0,True,False,False,Proxy (Market-Cap-Rang 1001-3000),2026-09-29
VSTM,Verastem Inc.,NASDAQ,Health Care,Biotechnology: Pharmaceutical Preparations,United States,700961033.0,False,True,True,Proxy (Market-Cap-Rang 1001-3000),2026-09-29
VSTS,Vestis Corporation,NYSE,Consumer Discretionary,Consumer Specialties,United States,1803985433.0,False,False,True,Proxy (Market-Cap-Rang 1001-3000),2026-09-29
VTGN,Vistagen Therapeutics Inc.,NASDAQ,Health Care,Biotechnology: Pharmaceutical Preparations,United States,12114897.0,False,True,False,Proxy (Market-Cap-Rang 1001-3000),2026-09-29
VTIX,Virtuix Holdings Inc.,NASDAQ,Technology,Computer peripheral equipment,United States,39746478.0,False,True,False,Proxy (Market-Cap-Rang 1001-3000),2026-09-29
VTN,Invesco Trust for Investment Grade New York Municipals,NYSE,Finance,Finance Companies,United States,183168203.0,False,False,True,Proxy (Market-Cap-Rang 1001-3000),2026-09-29
VTOL,Bristow Group Inc.,NYSE,Consumer Discretionary,Transportation Services,United States,1263342040.0,False,False,True,Proxy (Market-Cap-Rang 1001-3000),2026-09-29
VTR,Ventas Inc.,NYSE,Real Estate,Real Estate Investment Trusts,United States,44416025226.0,True,False,False,Proxy (Market-Cap-Rang 1001-3000),2026-09-29
VTRS,Viatris Inc.,NASDAQ,Health Care,Biotechnology: Pharmaceutical Preparations,United States,20479375105.0,True,True,False,Proxy (Market-Cap-Rang 1001-3000),2026-09-29
VTS,Vitesse Energy Inc.,NYSE,Energy,Oil & Gas Production,United States,705247310.0,False,False,True,Proxy (Market-Cap-Rang 1001-3000),2026-09-29
VTSI,VirTra Inc.,NASDAQ,Consumer Discretionary,Miscellaneous manufacturing industries,United States,32374125.0,False,True,False,Proxy (Market-Cap-Rang 1001-3000),2026-09-29
VTVT,vTv Therapeutics Inc.,NASDAQ,Health Care,Biotechnology: Pharmaceutical Preparations,United States,119448165.0,False,True,False,Proxy (Market-Cap-Rang 1001-3000),2026-09-29
VUZI,Vuzix Corporation,NASDAQ,Technology,Radio And Television Broadcasting And Communications Equipment,United States,248177836.0,False,True,True,Proxy (Market-Cap-Rang 1001-3000),2026-09-29
VVOS,Vivos Therapeutics Inc.,NASDAQ,Health Care,Medical/Dental Instruments,United States,2830606.0,False,True,False,Proxy (Market-Cap-Rang 1001-3000),2026-09-29
VVV,Valvoline Inc.,NYSE,Industrials,Major Chemicals,United States,3689799209.0,False,False,True,Proxy (Market-Cap-Rang 1001-3000),2026-09-29
VVX,V2X Inc.,NYSE,Consumer Discretionary,Diversified Commercial Services,United States,2371276333.0,False,False,True,Proxy (Market-Cap-Rang 1001-3000),2026-09-29
VWAV,VisionWave Holdings Inc.,NASDAQ,Technology,Computer Software: Prepackaged Software,United States,11560265.0,False,True,False,Proxy (Market-Cap-Rang 1001-3000),2026-09-29
VYGR,Voyager Therapeutics Inc.,NASDAQ,Health Care,Biotechnology: Biological Products (No Diagnostic Substances),United States,165136101.0,False,True,True,Proxy (Market-Cap-Rang 1001-3000),2026-09-29
VYX,NCR Voyix Corporation,NYSE,Miscellaneous,Office Equipment/Supplies/Services,United States,976154179.0,False,False,True,Proxy (Market-Cap-Rang 1001-3000),2026-09-29
VZ,Verizon Communications Inc.,NYSE,Telecommunications,Telecommunications Equipment,United States,195606816510.0,True,False,False,Proxy (Market-Cap-Rang 1001-3000),2026-09-29
WAB,Westinghouse Air Brake Technologies Corporation,NYSE,Industrials,Railroads,United States,48646325088.0,True,False,False,Proxy (Market-Cap-Rang 1001-3000),2026-09-29
WABC,Westamerica Bancorporation,NASDAQ,Finance,Major Banks,United States,1402153653.0,False,True,True,Proxy (Market-Cap-Rang 1001-3000),2026-09-29
WAFD,WaFd Inc.,NASDAQ,Finance,Major Banks,United States,2319750711.0,False,True,True,Proxy (Market-Cap-Rang 1001-3000),2026-09-29
WAFDP,WaFd Inc. Depositary Shares,NASDAQ,Finance,Major Banks,United States,1190583379.0,False,True,True,Proxy (Market-Cap-Rang 1001-3000),2026-09-29
WAFU,Wah Fu Education Group Limited,NASDAQ,Real Estate,Other Consumer Services,China,6571733.0,False,True,False,Proxy (Market-Cap-Rang 1001-3000),2026-09-29
WALD,Waldencast plc Class A Ordinary Share,NASDAQ,Consumer Discretionary,Package Goods/Cosmetics,United States,132458940.0,False,True,False,Proxy (Market-Cap-Rang 1001-3000),2026-09-29
WASH,Washington Trust Bancorp Inc.,NASDAQ,Finance,Major Banks,United States,741228114.0,False,True,True,Proxy (Market-Cap-Rang 1001-3000),2026-09-29
WAT,Waters Corporation,NYSE,Industrials,Biotechnology: Laboratory Analytical Instruments,United States,42594486043.0,True,False,False,Proxy (Market-Cap-Rang 1001-3000),2026-09-29
WATR,Air Water Ventures Limited,NASDAQ,Consumer Staples,Beverages (Production/Distribution),United Arab Emirates,59482174.0,False,True,False,Proxy (Market-Cap-Rang 1001-3000),2026-09-29
WATT,Energous Corporation,NASDAQ,Technology,Radio And Television Broadcasting And Communications Equipment,United States,77102640.0,False,True,False,Proxy (Market-Cap-Rang 1001-3000),2026-09-29
WAVE,Eco Wave Power Global AB (publ) American Depositary Shares,NASDAQ,Utilities,Electric Utilities: Central,Israel,37749967.0,False,True,False,Proxy (Market-Cap-Rang 1001-3000),2026-09-29
WAY,Waystar Holding Corp.,NASDAQ,Technology,EDP Services,United States,4736185875.0,False,True,True,Proxy (Market-Cap-Rang 1001-3000),2026-09-29
WB,Weibo Corporation American Depositary Share,NASDAQ,Technology,Computer Software: Programming Data Processing,China,1594414992.0,False,True,False,Proxy (Market-Cap-Rang 1001-3000),2026-09-29
WBD,Warner Bros. Discovery Inc. Series A Common Stock ,NASDAQ,Telecommunications,Cable & Other Pay Television Services,United States,77480304270.0,True,True,False,Proxy (Market-Cap-Rang 1001-3000),2026-09-29
WBTN,WEBTOON Entertainment Inc. Common stock,NASDAQ,Consumer Discretionary,Publishing,United States,1498250213.0,False,True,True,Proxy (Market-Cap-Rang 1001-3000),2026-09-29
WBUY,WEBUY GLOBAL LTD. Class A,NASDAQ,Consumer Discretionary,Other Specialty Stores,Singapore,4560827.0,False,True,False,Proxy (Market-Cap-Rang 1001-3000),2026-09-29
WCCB,West Coast Community Bancorp,NASDAQ,Finance,Major Banks,United States,638917079.0,False,True,True,Proxy (Market-Cap-Rang 1001-3000),2026-09-29
WCT,Wellchange Holdings Company Limited Class A Ordinary shares,NASDAQ,Technology,Computer Software: Prepackaged Software,Hong Kong,85176653.0,False,True,False,Proxy (Market-Cap-Rang 1001-3000),2026-09-29
WD,Walker & Dunlop Inc,NYSE,Finance,Finance: Consumer Services,United States,1303691795.0,False,False,True,Proxy (Market-Cap-Rang 1001-3000),2026-09-29
WDAY,Workday Inc.,NASDAQ,Technology,EDP Services,United States,45657450000.0,True,True,False,Proxy (Market-Cap-Rang 1001-3000),2026-09-29
WDC,Western Digital Corporation,NASDAQ,Technology,Electronic Components,United States,164698708629.0,True,True,False,Proxy (Market-Cap-Rang 1001-3000),2026-09-29
WDFC,WD-40 Company,NASDAQ,Industrials,Major Chemicals,United States,2673079690.0,False,True,True,Proxy (Market-Cap-Rang 1001-3000),2026-09-29
WEAV,Weave Communications Inc.,NYSE,Technology,Computer Software: Prepackaged Software,United States,587993525.0,False,False,True,Proxy (Market-Cap-Rang 1001-3000),2026-09-29
WEC,WEC Energy Group Inc.,NYSE,Utilities,Power Generation,United States,33057419905.0,True,False,False,Proxy (Market-Cap-Rang 1001-3000),2026-09-29
WELL,Welltower Inc.,NYSE,Real Estate,Real Estate Investment Trusts,United States,166758759313.0,True,False,False,Proxy (Market-Cap-Rang 1001-3000),2026-09-29
WEN,Wendy's Company (The),NASDAQ,Consumer Discretionary,Restaurants,United States,1248888042.0,False,True,True,Proxy (Market-Cap-Rang 1001-3000),2026-09-29
WENN,Wen Acquisition Corp Class A,NASDAQ,Unknown,Unknown,United States,0.0,False,True,False,Proxy (Market-Cap-Rang 1001-3000),2026-09-29
WERN,Werner Enterprises Inc.,NASDAQ,Industrials,Trucking Freight/Courier Services,United States,1972648661.0,False,True,True,Proxy (Market-Cap-Rang 1001-3000),2026-09-29
WEST,Westrock Coffee Company,NASDAQ,Consumer Staples,Beverages (Production/Distribution),United States,789805561.0,False,True,True,Proxy (Market-Cap-Rang 1001-3000),2026-09-29
WETH,Wetouch Technology Inc.,NASDAQ,Technology,Computer peripheral equipment,China,13916795.0,False,True,False,Proxy (Market-Cap-Rang 1001-3000),2026-09-29
WETO,Wetour Robotics Limited,NASDAQ,Industrials,Other Transportation,China,1843040.0,False,True,False,Proxy (Market-Cap-Rang 1001-3000),2026-09-29
WEYS,Weyco Group Inc.,NASDAQ,Consumer Staples,Apparel,United States,453098634.0,False,True,True,Proxy (Market-Cap-Rang 1001-3000),2026-09-29
WFC,Wells Fargo & Company,NYSE,Finance,Major Banks,United States,250901224908.0,True,False,False,Proxy (Market-Cap-Rang 1001-3000),2026-09-29
WFCF,Where Food Comes From Inc.,NASDAQ,Technology,Computer Software: Prepackaged Software,United States,53740025.0,False,True,False,Proxy (Market-Cap-Rang 1001-3000),2026-09-29
WFF,WF Holding Limited,NASDAQ,Consumer Discretionary,Miscellaneous manufacturing industries,Malaysia,100607842.0,False,True,False,Proxy (Market-Cap-Rang 1001-3000),2026-09-29
WFRD,Weatherford International plc,NASDAQ,Consumer Discretionary,Oil and Gas Field Machinery,United States,6084249808.0,False,True,False,Proxy (Market-Cap-Rang 1001-3000),2026-09-29
WGO,Winnebago Industries Inc.,NYSE,Industrials,Homebuilding,United States,767500445.0,False,False,True,Proxy (Market-Cap-Rang 1001-3000),2026-09-29
WGS,GeneDx Holdings Corp.,NASDAQ,Health Care,Medical/Nursing Services,United States,2636312624.0,False,True,True,Proxy (Market-Cap-Rang 1001-3000),2026-09-29
WH,Wyndham Hotels & Resorts Inc. Common Stock ,NYSE,Consumer Discretionary,Hotels/Resorts,United States,5194036429.0,False,False,True,Proxy (Market-Cap-Rang 1001-3000),2026-09-29
WHD,Cactus Inc.,NYSE,Consumer Discretionary,Oil and Gas Field Machinery,United States,5155536513.0,False,False,True,Proxy (Market-Cap-Rang 1001-3000),2026-09-29
WHF,WhiteHorse Finance Inc.,NASDAQ,Finance,Finance Companies,United States,151194356.0,False,True,False,Proxy (Market-Cap-Rang 1001-3000),2026-09-29
WHG,Westwood Holdings Group Inc,NYSE,Finance,Investment Managers,United States,181606183.0,False,False,True,Proxy (Market-Cap-Rang 1001-3000),2026-09-29
WHLR,Wheeler Real Estate Investment Trust Inc.,NASDAQ,Real Estate,Real Estate Investment Trusts,United States,2954697.0,False,True,False,Proxy (Market-Cap-Rang 1001-3000),2026-09-29
WHR,Whirlpool Corporation,NYSE,Consumer Discretionary,Consumer Electronics/Appliances,United States,2067472276.0,False,False,True,Proxy (Market-Cap-Rang 1001-3000),2026-09-29
WHWK,Whitehawk Therapeutics Inc.,NASDAQ,Health Care,Biotechnology: Pharmaceutical Preparations,United States,213213697.0,False,True,True,Proxy (Market-Cap-Rang 1001-3000),2026-09-29
WIMI,WiMi Hologram Cloud Inc. Class B,NASDAQ,Technology,Computer Software: Prepackaged Software,China,14524193.0,False,True,False,Proxy (Market-Cap-Rang 1001-3000),2026-09-29
WINA,Winmark Corporation,NASDAQ,Consumer Discretionary,Other Specialty Stores,United States,1064539283.0,False,True,True,Proxy (Market-Cap-Rang 1001-3000),2026-09-29
WING,Wingstop Inc.,NASDAQ,Consumer Discretionary,Restaurants,United States,2698919032.0,False,True,True,Proxy (Market-Cap-Rang 1001-3000),2026-09-29
WIX,Wix.com Ltd.,NASDAQ,Technology,Computer Software: Programming Data Processing,Israel,3088075417.0,False,True,False,Proxy (Market-Cap-Rang 1001-3000),2026-09-29
WK,Workiva Inc.,NYSE,Technology,Computer Software: Prepackaged Software,United States,3789564224.0,False,False,True,Proxy (Market-Cap-Rang 1001-3000),2026-09-29
WKC,World Kinect Corporation,NYSE,Energy,Oil Refining/Marketing,United States,1823555253.0,False,False,True,Proxy (Market-Cap-Rang 1001-3000),2026-09-29
WKEY,WISeKey International Holding Ltd American Depositary Shares,NASDAQ,Technology,EDP Services,Switzerland,68156221.0,False,True,False,Proxy (Market-Cap-Rang 1001-3000),2026-09-29
WKHS,Workhorse Group Inc.,NASDAQ,Industrials,Auto Manufacturing,United States,31365039.0,False,True,False,Proxy (Market-Cap-Rang 1001-3000),2026-09-29
WKSP,Worksport Ltd.,NASDAQ,Consumer Discretionary,Auto Parts:O.E.M.,Canada,6754214.0,False,True,False,Proxy (Market-Cap-Rang 1001-3000),2026-09-29
WLDN,Willdan Group Inc.,NASDAQ,Consumer Discretionary,Military/Government/Technical,United States,1201811980.0,False,True,True,Proxy (Market-Cap-Rang 1001-3000),2026-09-29
WLDS,Wearable Devices Ltd. Ordinary Share,NASDAQ,Telecommunications,Computer Communications Equipment,Israel,3640417.0,False,True,False,Proxy (Market-Cap-Rang 1001-3000),2026-09-29
WLFC,Willis Lease Finance Corporation,NASDAQ,Consumer Discretionary,Industrial Specialties,United States,1148759551.0,False,True,True,Proxy (Market-Cap-Rang 1001-3000),2026-09-29
WLTH,Wealthfront Corporation,NASDAQ,Finance,Finance: Consumer Services,United States,1589876159.0,False,True,True,Proxy (Market-Cap-Rang 1001-3000),2026-09-29
WLY,John Wiley & Sons Inc.,NYSE,Consumer Discretionary,Books,United States,2410020872.0,False,False,True,Proxy (Market-Cap-Rang 1001-3000),2026-09-29
WLYB,John Wiley & Sons Inc.,NYSE,Consumer Discretionary,Books,United States,2421171336.0,False,False,True,Proxy (Market-Cap-Rang 1001-3000),2026-09-29
WM,Waste Management Inc.,NYSE,Utilities,Environmental Services,United States,82673091507.0,True,False,False,Proxy (Market-Cap-Rang 1001-3000),2026-09-29
WMB,Williams Companies Inc. (The),NYSE,Utilities,Natural Gas Distribution,United States,84716579111.0,True,False,False,Proxy (Market-Cap-Rang 1001-3000),2026-09-29
WMG,Warner Music Group Corp.,NASDAQ,Consumer Discretionary,Services-Misc. Amusement & Recreation,United States,14197199131.0,False,True,False,Proxy (Market-Cap-Rang 1001-3000),2026-09-29
WMK,Weis Markets Inc.,NYSE,Consumer Staples,Food Chains,United States,1782105876.0,False,False,True,Proxy (Market-Cap-Rang 1001-3000),2026-09-29
WMT,Walmart Inc.,NASDAQ,Consumer Discretionary,Department/Specialty Retail Stores,United States,856685919103.0,True,True,False,Proxy (Market-Cap-Rang 1001-3000),2026-09-29
WNC,Wabash National Corporation,NYSE,Industrials,Construction/Ag Equipment/Trucks,United States,530805364.0,False,False,True,Proxy (Market-Cap-Rang 1001-3000),2026-09-29
WNEB,Western New England Bancorp Inc.,NASDAQ,Finance,Savings Institutions,United States,280040832.0,False,True,True,Proxy (Market-Cap-Rang 1001-3000),2026-09-29
WNW,Meiwu Technology Company Limited,NASDAQ,Consumer Discretionary,Package Goods/Cosmetics,China,66352787.0,False,True,False,Proxy (Market-Cap-Rang 1001-3000),2026-09-29
WOK,WORK Medical Technology Group LTD Class A,NASDAQ,Health Care,Medical/Dental Instruments,China,8533074.0,False,True,False,Proxy (Market-Cap-Rang 1001-3000),2026-09-29
WOLF,Wolfspeed Inc. Common Stock New,NYSE,Technology,Semiconductors,United States,1459295787.0,False,False,True,Proxy (Market-Cap-Rang 1001-3000),2026-09-29
WOOF,Petco Health and Wellness Company Inc.,NASDAQ,Consumer Discretionary,Other Specialty Stores,United States,650171940.0,False,True,True,Proxy (Market-Cap-Rang 1001-3000),2026-09-29
WOR,Worthington Enterprises Inc. Common Shares,NYSE,Industrials,Steel/Iron Ore,United States,3045203036.0,False,False,True,Proxy (Market-Cap-Rang 1001-3000),2026-09-29
WPRT,Westport Fuel Systems Inc Common Shares,NASDAQ,Industrials,Industrial Machinery/Components,Canada,38561340.0,False,True,False,Proxy (Market-Cap-Rang 1001-3000),2026-09-29
WRAP,Wrap Technologies Inc.,NASDAQ,Industrials,Ordnance And Accessories,United States,93636029.0,False,True,False,Proxy (Market-Cap-Rang 1001-3000),2026-09-29
WRB,W.R. Berkley Corporation,NYSE,Finance,Property-Casualty Insurers,United States,24805423488.0,True,False,False,Proxy (Market-Cap-Rang 1001-3000),2026-09-29
WRBY,Warby Parker Inc.,NYSE,Health Care,Ophthalmic Goods,United States,3301571122.0,False,False,True,Proxy (Market-Cap-Rang 1001-3000),2026-09-29
WRD,WeRide Inc. American Depositary Shares,NASDAQ,Technology,EDP Services,China,1853968307.0,False,True,False,Proxy (Market-Cap-Rang 1001-3000),2026-09-29
WRLD,World Acceptance Corporation,NASDAQ,Finance,Finance: Consumer Services,United States,802020328.0,False,True,True,Proxy (Market-Cap-Rang 1001-3000),2026-09-29
WS,Worthington Steel Inc. Common Shares,NYSE,Industrials,Steel/Iron Ore,United States,1847324405.0,False,False,True,Proxy (Market-Cap-Rang 1001-3000),2026-09-29
WSBC,WesBanco Inc.,NASDAQ,Finance,Major Banks,United States,3707721669.0,False,True,True,Proxy (Market-Cap-Rang 1001-3000),2026-09-29
WSBF,Waterstone Financial Inc. Common Stock (MD),NASDAQ,Finance,Savings Institutions,United States,366551601.0,False,True,True,Proxy (Market-Cap-Rang 1001-3000),2026-09-29
WSBK,Winchester Bancorp Inc.,NASDAQ,Finance,Banks,United States,118423090.0,False,True,False,Proxy (Market-Cap-Rang 1001-3000),2026-09-29
WSC,WillScot Holdings Corporation,NASDAQ,Industrials,Misc Corporate Leasing Services,United States,3292239707.0,False,True,True,Proxy (Market-Cap-Rang 1001-3000),2026-09-29
WSE,Wise Group plc Class A,NASDAQ,Industrials,Diversified Commercial Services,United Kingdom,14200763242.0,False,True,False,Proxy (Market-Cap-Rang 1001-3000),2026-09-29
WSFS,WSFS Financial Corporation,NASDAQ,Finance,Major Banks,United States,3972805445.0,False,True,True,Proxy (Market-Cap-Rang 1001-3000),2026-09-29
WSHP,WeShop Holdings Limited Class A,NASDAQ,Consumer Discretionary,Other Specialty Stores,Jersey,146755826.0,False,True,False,Proxy (Market-Cap-Rang 1001-3000),2026-09-29
WSM,Williams-Sonoma Inc. Common Stock (DE),NYSE,Consumer Discretionary,Home Furnishings,United States,27312990219.0,True,False,False,Proxy (Market-Cap-Rang 1001-3000),2026-09-29
WST,West Pharmaceutical Services Inc.,NYSE,Health Care,Medical/Dental Instruments,United States,26069997275.0,True,False,False,Proxy (Market-Cap-Rang 1001-3000),2026-09-29
WSTN,Westin Acquisition Corp Class A Ordinary Share,NASDAQ,Technology,EDP Services,Singapore,82040175.0,False,True,False,Proxy (Market-Cap-Rang 1001-3000),2026-09-29
WT,WisdomTree Inc.,NYSE,Finance,Investment Bankers/Brokers/Service,United States,3686289661.0,False,False,True,Proxy (Market-Cap-Rang 1001-3000),2026-09-29
WTBA,West Bancorporation,NASDAQ,Finance,Major Banks,United States,497506858.0,False,True,True,Proxy (Market-Cap-Rang 1001-3000),2026-09-29
WTF,Waton Financial Limited,NASDAQ,Finance,Investment Bankers/Brokers/Service,Hong Kong,118664181.0,False,True,False,Proxy (Market-Cap-Rang 1001-3000),2026-09-29
WTFC,Wintrust Financial Corporation,NASDAQ,Finance,Major Banks,United States,9857452438.0,False,True,False,Proxy (Market-Cap-Rang 1001-3000),2026-09-29
WTI,W&T Offshore Inc.,NYSE,Energy,Oil & Gas Production,United States,550941775.0,False,False,True,Proxy (Market-Cap-Rang 1001-3000),2026-09-29
WTM,White Mountains Insurance Group Ltd.,NYSE,Finance,Property-Casualty Insurers,United States,4841749955.0,False,False,True,Proxy (Market-Cap-Rang 1001-3000),2026-09-29
WTTR,Select Water Solutions Inc. Class A common stock,NYSE,Energy,Oilfield Services/Equipment,United States,2747459727.0,False,False,True,Proxy (Market-Cap-Rang 1001-3000),2026-09-29
WTW,Willis Towers Watson Public Limited Company,NASDAQ,Finance,Specialty Insurers,United Kingdom,27303420759.0,True,True,False,Proxy (Market-Cap-Rang 1001-3000),2026-09-29
WU,Western Union Company (The),NYSE,Consumer Discretionary,Business Services,United States,1927412103.0,False,False,True,Proxy (Market-Cap-Rang 1001-3000),2026-09-29
WULF,TeraWulf Inc.,NASDAQ,Finance,Finance: Consumer Services,United States,7853766976.0,False,True,False,Proxy (Market-Cap-Rang 1001-3000),2026-09-29
WVE,Wave Life Sciences Inc.,NASDAQ,Health Care,Biotechnology: Pharmaceutical Preparations,Singapore,744842102.0,False,True,False,Proxy (Market-Cap-Rang 1001-3000),2026-09-29
WVVI,Willamette Valley Vineyards Inc.,NASDAQ,Consumer Staples,Beverages (Production/Distribution),United States,9660286.0,False,True,False,Proxy (Market-Cap-Rang 1001-3000),2026-09-29
WW,WW International Inc.,NASDAQ,Consumer Discretionary,Other Consumer Services,United States,143532200.0,False,True,False,Proxy (Market-Cap-Rang 1001-3000),2026-09-29
WWD,Woodward Inc.,NASDAQ,Energy,Industrial Machinery/Components,United States,19503424804.0,False,True,False,Proxy (Market-Cap-Rang 1001-3000),2026-09-29
WWW,Wolverine World Wide Inc.,NYSE,Consumer Discretionary,Shoe Manufacturing,United States,1565005085.0,False,False,True,Proxy (Market-Cap-Rang 1001-3000),2026-09-29
WXM,WF International Limited,NASDAQ,Consumer Discretionary,Engineering & Construction,China,12470348.0,False,True,False,Proxy (Market-Cap-Rang 1001-3000),2026-09-29
WY,Weyerhaeuser Company,NYSE,Real Estate,Real Estate Investment Trusts,United States,14421927360.0,True,False,False,Proxy (Market-Cap-Rang 1001-3000),2026-09-29
WYFI,WhiteFiber Inc.,NASDAQ,Finance,Finance: Consumer Services,United States,762200075.0,False,True,True,Proxy (Market-Cap-Rang 1001-3000),2026-09-29
WYHG,Wing Yip Food Holdings Group Limited American Depositary Shares,NASDAQ,Consumer Staples,Specialty Foods,China,146956683.0,False,True,False,Proxy (Market-Cap-Rang 1001-3000),2026-09-29
WYNN,Wynn Resorts Limited Common stock,NASDAQ,Consumer Discretionary,Hotels/Resorts,United States,8353242038.0,True,True,False,Proxy (Market-Cap-Rang 1001-3000),2026-09-29
XAIR,Beyond Air Inc.,NASDAQ,Health Care,Medical/Dental Instruments,United States,2729248.0,False,True,False,Proxy (Market-Cap-Rang 1001-3000),2026-09-29
XBIO,Xenetic Biosciences Inc.,NASDAQ,Health Care,Biotechnology: Pharmaceutical Preparations,United States,5600203.0,False,True,False,Proxy (Market-Cap-Rang 1001-3000),2026-09-29
XBIT,XBiotech Inc.,NASDAQ,Health Care,Biotechnology: Pharmaceutical Preparations,United States,66158376.0,False,True,False,Proxy (Market-Cap-Rang 1001-3000),2026-09-29
XBP,XBP Global Holdings Inc.,NASDAQ,Technology,EDP Services,United States,47141425.0,False,True,False,Proxy (Market-Cap-Rang 1001-3000),2026-09-29
XCBE,X3 Acquisition Corp. Ltd. Class A,NASDAQ,Unknown,Unknown,United States,0.0,False,True,False,Proxy (Market-Cap-Rang 1001-3000),2026-09-29
XCH,XCHG Limited American Depositary Share,NASDAQ,Miscellaneous,Industrial Machinery/Components,Germany,14297382.0,False,True,False,Proxy (Market-Cap-Rang 1001-3000),2026-09-29
XCUR,Exicure Inc.,NASDAQ,Health Care,Biotechnology: Pharmaceutical Preparations,United States,7986114.0,False,True,False,Proxy (Market-Cap-Rang 1001-3000),2026-09-29
XE,X-Energy Inc.,NASDAQ,Industrials,Metal Fabrications,United States,6128000909.0,False,True,False,Proxy (Market-Cap-Rang 1001-3000),2026-09-29
XEL,Xcel Energy Inc.,NASDAQ,Utilities,Power Generation,United States,43599474559.0,True,True,False,Proxy (Market-Cap-Rang 1001-3000),2026-09-29
XELB,Xcel Brands Inc.,NASDAQ,Miscellaneous,Multi-Sector Companies,United States,5182616.0,False,True,False,Proxy (Market-Cap-Rang 1001-3000),2026-09-29
XENE,Xenon Pharmaceuticals Inc. Common Shares,NASDAQ,Health Care,Biotechnology: Pharmaceutical Preparations,Canada,3577285558.0,False,True,False,Proxy (Market-Cap-Rang 1001-3000),2026-09-29
XERS,Xeris Biopharma Holdings Inc.,NASDAQ,Health Care,Biotechnology: Pharmaceutical Preparations,United States,1659114785.0,False,True,True,Proxy (Market-Cap-Rang 1001-3000),2026-09-29
XFLT,XAI Floating Rate & Alternative Income Trust Common Shares of Beneficial Interest,NYSE,Finance,Investment Managers,United States,683478612.0,False,False,True,Proxy (Market-Cap-Rang 1001-3000),2026-09-29
XFOR,X4 Pharmaceuticals Inc.,NASDAQ,Health Care,Biotechnology: Biological Products (No Diagnostic Substances),United States,298431696.0,False,True,True,Proxy (Market-Cap-Rang 1001-3000),2026-09-29
XGN,Exagen Inc.,NASDAQ,Health Care,Medical Specialities,United States,211244956.0,False,True,True,Proxy (Market-Cap-Rang 1001-3000),2026-09-29
XHG,XChange TEC.INC American Depositary Shares ,NASDAQ,Finance,Specialty Insurers,China,121137626.0,False,True,False,Proxy (Market-Cap-Rang 1001-3000),2026-09-29
XHLD,TEN Holdings Inc.,NASDAQ,Consumer Discretionary,Business Services,United States,155140262.0,False,True,True,Proxy (Market-Cap-Rang 1001-3000),2026-09-29
XHR,Xenia Hotels & Resorts Inc.,NYSE,Consumer Discretionary,Hotels/Resorts,United States,1676106822.0,False,False,True,Proxy (Market-Cap-Rang 1001-3000),2026-09-29
XIII,Churchill Capital Corp XIII Class A,NASDAQ,Unknown,Unknown,United States,0.0,False,True,False,Proxy (Market-Cap-Rang 1001-3000),2026-09-29
XLAB,Exascale Labs Holdings Inc.,NASDAQ,Technology,Computer Software: Prepackaged Software,United States,221616000.0,False,True,True,Proxy (Market-Cap-Rang 1001-3000),2026-09-29
XLO,Xilio Therapeutics Inc.,NASDAQ,Health Care,Biotechnology: Pharmaceutical Preparations,United States,59484547.0,False,True,False,Proxy (Market-Cap-Rang 1001-3000),2026-09-29
XMAX,XMAX Inc.,NASDAQ,Consumer Discretionary,Home Furnishings,United States,565066702.0,False,True,True,Proxy (Market-Cap-Rang 1001-3000),2026-09-29
XMTR,Xometry Inc.,NASDAQ,Consumer Discretionary,Business Services,United States,5765031737.0,False,True,False,Proxy (Market-Cap-Rang 1001-3000),2026-09-29
XNCR,Xencor Inc.,NASDAQ,Health Care,Biotechnology: Pharmaceutical Preparations,United States,1769610849.0,False,True,True,Proxy (Market-Cap-Rang 1001-3000),2026-09-29
XNDU,Xanadu Quantum Technologies Limited Class B Subordinate Voting Shares,NASDAQ,Technology,Computer Manufacturing,Canada,1515035640.0,False,True,False,Proxy (Market-Cap-Rang 1001-3000),2026-09-29
XNET,Xunlei Limited American Depositary Shares,NASDAQ,Technology,Computer Software: Prepackaged Software,China,1594527294.0,False,True,False,Proxy (Market-Cap-Rang 1001-3000),2026-09-29
XOM,ExxonMobil Holdings Corporation,NYSE,Energy,Integrated oil Companies,United States,660331941656.0,True,False,False,Proxy (Market-Cap-Rang 1001-3000),2026-09-29
XOS,Xos Inc.,NASDAQ,Consumer Discretionary,Auto Parts:O.E.M.,United States,37250772.0,False,True,False,Proxy (Market-Cap-Rang 1001-3000),2026-09-29
XP,XP Inc.,NASDAQ,Finance,Investment Bankers/Brokers/Service,Brazil,10630577869.0,False,True,False,Proxy (Market-Cap-Rang 1001-3000),2026-09-29
XPEL,XPEL Inc.,NASDAQ,Industrials,Industrial Specialties,United States,1198776123.0,False,True,True,Proxy (Market-Cap-Rang 1001-3000),2026-09-29
XPER,Xperi Inc. Common Stock ,NYSE,Technology,Computer Software: Prepackaged Software,United States,271171330.0,False,False,True,Proxy (Market-Cap-Rang 1001-3000),2026-09-29
XPOF,Xponential Fitness Inc.,NYSE,Consumer Discretionary,Services-Misc. Amusement & Recreation,United States,193350080.0,False,False,True,Proxy (Market-Cap-Rang 1001-3000),2026-09-29
XPON,Expion Energy Inc.,NASDAQ,Miscellaneous,Industrial Machinery/Components,United States,4718241.0,False,True,False,Proxy (Market-Cap-Rang 1001-3000),2026-09-29
XRAY,DENTSPLY SIRONA Inc.,NASDAQ,Health Care,Medical/Dental Instruments,United States,1873926434.0,False,True,True,Proxy (Market-Cap-Rang 1001-3000),2026-09-29
XRN,Chiron Real Estate Inc.,NYSE,Real Estate,Real Estate Investment Trusts,United States,474576206.0,False,False,True,Proxy (Market-Cap-Rang 1001-3000),2026-09-29
XRTX,XORTX Therapeutics Inc. Common Shares,NASDAQ,Health Care,Biotechnology: Pharmaceutical Preparations,Canada,3069995.0,False,True,False,Proxy (Market-Cap-Rang 1001-3000),2026-09-29
XRX,Xerox Holdings Corporation,NASDAQ,Technology,Computer peripheral equipment,United States,435964177.0,False,True,True,Proxy (Market-Cap-Rang 1001-3000),2026-09-29
XTIA,XTI Aerospace Inc.,NASDAQ,Technology,EDP Services,United States,37750559.0,False,True,False,Proxy (Market-Cap-Rang 1001-3000),2026-09-29
XTLB,XTL Biopharmaceuticals Ltd. American Depositary Shares,NASDAQ,Health Care,Biotechnology: Pharmaceutical Preparations,Israel,5406664.0,False,True,False,Proxy (Market-Cap-Rang 1001-3000),2026-09-29
XWEL,XWELL Inc.,NASDAQ,Consumer Discretionary,Other Consumer Services,United States,7678804.0,False,True,False,Proxy (Market-Cap-Rang 1001-3000),2026-09-29
XXII,22nd Century Group Inc.,NASDAQ,Health Care, Medicinal Chemicals and Botanical Products ,United States,949612.0,False,True,False,Proxy (Market-Cap-Rang 1001-3000),2026-09-29
XYL,Xylem Inc. Common Stock New,NYSE,Industrials,Fluid Controls,United States,23962751516.0,True,False,False,Proxy (Market-Cap-Rang 1001-3000),2026-09-29
XYZ,Block Inc.,NYSE,Technology,Computer Software: Prepackaged Software,United States,45912753900.0,True,False,False,Proxy (Market-Cap-Rang 1001-3000),2026-09-29
YAAS,Youxin Technology Ltd Class A Ordinary shares,NASDAQ,Technology,Computer Software: Prepackaged Software,China,19486150.0,False,True,False,Proxy (Market-Cap-Rang 1001-3000),2026-09-29
YARW,Yarrow Bioscience Inc.,NASDAQ,Health Care,Biotechnology: Pharmaceutical Preparations,United States,237633380.0,False,True,True,Proxy (Market-Cap-Rang 1001-3000),2026-09-29
YB,Yuanbao Inc. American Depositary Shares,NASDAQ,Finance,Specialty Insurers,China,562869655.0,False,True,False,Proxy (Market-Cap-Rang 1001-3000),2026-09-29
YDDL,One and One Green Technologies. Inc Class A,NASDAQ,Consumer Discretionary,Industrial Specialties,Philippines,81808666.0,False,True,False,Proxy (Market-Cap-Rang 1001-3000),2026-09-29
YDES,YD Bio Limited,NASDAQ,Health Care,Medical Specialities,United States,405863613.0,False,True,True,Proxy (Market-Cap-Rang 1001-3000),2026-09-29
YDKG,Yueda Digital Holding Class A Ordinary Share,NASDAQ,Consumer Discretionary,Advertising,China,4921529.0,False,True,False,Proxy (Market-Cap-Rang 1001-3000),2026-09-29
YELP,Yelp Inc.,NYSE,Consumer Discretionary,Other Consumer Services,United States,978373087.0,False,False,True,Proxy (Market-Cap-Rang 1001-3000),2026-09-29
YETI,YETI Holdings Inc.,NYSE,Consumer Discretionary,Recreational Games/Products/Toys,United States,3085966295.0,False,False,True,Proxy (Market-Cap-Rang 1001-3000),2026-09-29
YEXT,Yext Inc.,NYSE,Technology,EDP Services,United States,640392215.0,False,False,True,Proxy (Market-Cap-Rang 1001-3000),2026-09-29
YFOR,YYForce Inc. Class A,NASDAQ,Consumer Discretionary,Professional Services,Singapore,18870949.0,False,True,False,Proxy (Market-Cap-Rang 1001-3000),2026-09-29
YHC,LQR House Inc.,NASDAQ,Consumer Staples,Beverages (Production/Distribution),United States,1695014.0,False,True,False,Proxy (Market-Cap-Rang 1001-3000),2026-09-29
YHGJ,Yunhong Green CTI Ltd.,NASDAQ,Industrials,Specialty Chemicals,United States,6366555.0,False,True,False,Proxy (Market-Cap-Rang 1001-3000),2026-09-29
YHNA,YHN Acquisition I Limited,NASDAQ,Unknown,Unknown,Hong Kong,0.0,False,True,False,Proxy (Market-Cap-Rang 1001-3000),2026-09-29
YI,111 Inc. American Depositary Shares,NASDAQ,Consumer Staples,Retail-Drug Stores and Proprietary Stores,China,31669070.0,False,True,False,Proxy (Market-Cap-Rang 1001-3000),2026-09-29
YIBO,Planet Image International Limited Class A,NASDAQ,Technology,Computer peripheral equipment,China,65749985.0,False,True,False,Proxy (Market-Cap-Rang 1001-3000),2026-09-29
YJ,Yunji Inc. American Depository Shares,NASDAQ,Consumer Discretionary,Other Specialty Stores,China,8964483.0,False,True,False,Proxy (Market-Cap-Rang 1001-3000),2026-09-29
YMAT,J-Star Holding Co. Ltd. Class A,NASDAQ,Consumer Discretionary,Recreational Games/Products/Toys,Taiwan,6255761.0,False,True,False,Proxy (Market-Cap-Rang 1001-3000),2026-09-29
YMT,Yimutian Inc. American Depositary Shares,NASDAQ,Technology,EDP Services,China,45952407.0,False,True,False,Proxy (Market-Cap-Rang 1001-3000),2026-09-29
YORW,York Water Company (The),NASDAQ,Utilities,Water Supply,United States,502761439.0,False,True,True,Proxy (Market-Cap-Rang 1001-3000),2026-09-29
YOUL,Youlife Group Inc. American Depositary Shares,NASDAQ,Real Estate,Other Consumer Services,China,68248825.0,False,True,False,Proxy (Market-Cap-Rang 1001-3000),2026-09-29
YQ,17 Education & Technology Group Inc. American Depositary Shares,NASDAQ,Real Estate,Other Consumer Services,China,40057489.0,False,True,False,Proxy (Market-Cap-Rang 1001-3000),2026-09-29
YSWY,Yesway Inc.,NASDAQ,Consumer Staples,Food Chains,United States,1220922493.0,False,True,True,Proxy (Market-Cap-Rang 1001-3000),2026-09-29
YSXT,YSX Tech. Co. Ltd Class A,NASDAQ,Consumer Discretionary,Automotive Aftermarket,China,41447250.0,False,True,False,Proxy (Market-Cap-Rang 1001-3000),2026-09-29
YTRA,Yatra Online Inc.,NASDAQ,Consumer Discretionary,Transportation Services,India,63331573.0,False,True,False,Proxy (Market-Cap-Rang 1001-3000),2026-09-29
YUM,Yum! Brands Inc.,NYSE,Consumer Discretionary,Restaurants,United States,37832277414.0,True,False,False,Proxy (Market-Cap-Rang 1001-3000),2026-09-29
YXT,YXT.COM GROUP HOLDING LIMITED American Depository Shares,NASDAQ,Technology,Computer Software: Prepackaged Software,China,15930741.0,False,True,False,Proxy (Market-Cap-Rang 1001-3000),2026-09-29
YYAI,AiRWA Inc.,NASDAQ,Technology,Computer Software: Programming Data Processing,United States,3635751.0,False,True,False,Proxy (Market-Cap-Rang 1001-3000),2026-09-29
Z,Zillow Group Inc. Class C Capital Stock,NASDAQ,Consumer Discretionary,Business Services,United States,6393194942.0,False,True,False,Proxy (Market-Cap-Rang 1001-3000),2026-09-29
ZBAO,Zhibao Technology Inc. Class A,NASDAQ,Finance,Specialty Insurers,China,42786265.0,False,True,False,Proxy (Market-Cap-Rang 1001-3000),2026-09-29
ZBH,Zimmer Biomet Holdings Inc.,NYSE,Health Care,Industrial Specialties,United States,17364759207.0,True,False,False,Proxy (Market-Cap-Rang 1001-3000),2026-09-29
ZBIO,Zenas BioPharma Inc.,NASDAQ,Health Care,Biotechnology: Pharmaceutical Preparations,United States,1756512685.0,False,True,True,Proxy (Market-Cap-Rang 1001-3000),2026-09-29
ZBRA,Zebra Technologies Corporation,NASDAQ,Industrials,Industrial Machinery/Components,United States,17506836626.0,True,True,False,Proxy (Market-Cap-Rang 1001-3000),2026-09-29
ZCMD,Zhongchao Inc. Class A,NASDAQ,Real Estate,Other Consumer Services,China,8167147.0,False,True,False,Proxy (Market-Cap-Rang 1001-3000),2026-09-29
ZD,Ziff Davis Inc.,NASDAQ,Telecommunications,Telecommunications Equipment,United States,1937570124.0,False,True,True,Proxy (Market-Cap-Rang 1001-3000),2026-09-29
ZDAI,DirectBooking Technology Co. Ltd. Class A,NASDAQ,Consumer Discretionary,General Bldg Contractors - Nonresidential Bldgs,Hong Kong,13505442.0,False,True,False,Proxy (Market-Cap-Rang 1001-3000),2026-09-29
ZENA,ZenaTech Inc.,NASDAQ,Technology,Computer Software: Prepackaged Software,Canada,121997923.0,False,True,False,Proxy (Market-Cap-Rang 1001-3000),2026-09-29
ZEO,Zeo Energy Corporation,NASDAQ,Miscellaneous,Industrial Machinery/Components,United States,23704346.0,False,True,False,Proxy (Market-Cap-Rang 1001-3000),2026-09-29
ZG,Zillow Group Inc.,NASDAQ,Consumer Discretionary,Business Services,United States,6588836152.0,False,True,False,Proxy (Market-Cap-Rang 1001-3000),2026-09-29
ZION,Zions Bancorporation N.A.,NASDAQ,Finance,Major Banks,United States,9316202650.0,False,True,False,Proxy (Market-Cap-Rang 1001-3000),2026-09-29
ZIP,ZipRecruiter Inc.,NYSE,Technology,Computer Software: Programming Data Processing,United States,288613832.0,False,False,True,Proxy (Market-Cap-Rang 1001-3000),2026-09-29
ZJK,ZJK Industrial Co. Ltd. Class A,NASDAQ,Industrials,Metal Fabrications,China,135076723.0,False,True,False,Proxy (Market-Cap-Rang 1001-3000),2026-09-29
ZJYL,JIN MEDICAL INTERNATIONAL LTD. Class A,NASDAQ,Health Care,Industrial Specialties,China,149806046.0,False,True,False,Proxy (Market-Cap-Rang 1001-3000),2026-09-29
ZKIN,ZK International Group Co. Ltd Ordinary Share,NASDAQ,Industrials,Metal Fabrications,China,134683924.0,False,True,False,Proxy (Market-Cap-Rang 1001-3000),2026-09-29
ZLAB,Zai Lab Limited American Depositary Shares,NASDAQ,Health Care,Biotechnology: Pharmaceutical Preparations,China,2804410375.0,False,True,False,Proxy (Market-Cap-Rang 1001-3000),2026-09-29
ZM,Zoom Communications Inc.,NASDAQ,Technology,Computer Software: Programming Data Processing,United States,26175916714.0,False,True,False,Proxy (Market-Cap-Rang 1001-3000),2026-09-29
ZNB,Zeta Network Group Class A,NASDAQ,Real Estate,Other Consumer Services,United States,4961320.0,False,True,False,Proxy (Market-Cap-Rang 1001-3000),2026-09-29
ZNTL,Zentalis Pharmaceuticals Inc.,NASDAQ,Health Care,Biotechnology: Pharmaceutical Preparations,United States,255605134.0,False,True,True,Proxy (Market-Cap-Rang 1001-3000),2026-09-29
ZOOZ,ZOOZ Strategy Ltd.,NASDAQ,Technology,Industrial Machinery/Components,Israel,61754078.0,False,True,False,Proxy (Market-Cap-Rang 1001-3000),2026-09-29
ZS,Zscaler Inc.,NASDAQ,Technology,EDP Services,United States,31477709449.0,False,True,False,Proxy (Market-Cap-Rang 1001-3000),2026-09-29
ZSQR,Z Squared Inc.,NASDAQ,Finance,Finance: Consumer Services,United States,200341501.0,False,True,True,Proxy (Market-Cap-Rang 1001-3000),2026-09-29
ZSTK,ZeroStack Corp.,NASDAQ,Health Care,Other Pharmaceuticals,Canada,88809545.0,False,True,False,Proxy (Market-Cap-Rang 1001-3000),2026-09-29
ZTG,Zenta Group Company Limited Class A,NASDAQ,Consumer Discretionary,Professional Services,Macau,32276820.0,False,True,False,Proxy (Market-Cap-Rang 1001-3000),2026-09-29
ZTS,Zoetis Inc.,NYSE,Health Care,Biotechnology: Pharmaceutical Preparations,United States,29359536922.0,True,False,False,Proxy (Market-Cap-Rang 1001-3000),2026-09-29
ZUMZ,Zumiez Inc.,NASDAQ,Consumer Discretionary,Clothing/Shoe/Accessory Stores,United States,204050459.0,False,True,True,Proxy (Market-Cap-Rang 1001-3000),2026-09-29
ZURA,Zura Bio Limited Class A,NASDAQ,Health Care,Biotechnology: Biological Products (No Diagnostic Substances),Cayman Islands,387149713.0,False,True,False,Proxy (Market-Cap-Rang 1001-3000),2026-09-29
ZVRA,Zevra Therapeutics Inc.,NASDAQ,Health Care,Biotechnology: Pharmaceutical Preparations,United States,655596942.0,False,True,True,Proxy (Market-Cap-Rang 1001-3000),2026-09-29
ZYBT,Zhengye Biotechnology Holding Limited Class A,NASDAQ,Health Care,Biotechnology: Pharmaceutical Preparations,China,61845746.0,False,True,False,Proxy (Market-Cap-Rang 1001-3000),2026-09-29
ZYME,Zymeworks Inc.,NASDAQ,Health Care,Biotechnology: Pharmaceutical Preparations,United States,1881839071.0,False,True,True,Proxy (Market-Cap-Rang 1001-3000),2026-09-29
